2025-05-24 19:22:09 [main] INFO  c.a.fitrack.FitrackApplicationTests - Starting FitrackApplicationTests using Java 19.0.1 with PID 21020 (started by Charlene C. Dilig in C:\Users\Charlene C. Dilig\OneDrive\Documents\Github\Fitrack\fitrack)
2025-05-24 19:22:09 [main] DEBUG c.a.fitrack.FitrackApplicationTests - Running with Spring Boot v3.4.3, Spring v6.2.3
2025-05-24 19:22:09 [main] INFO  c.a.fitrack.FitrackApplicationTests - No active profile set, falling back to 1 default profile: "default"
2025-05-24 19:22:09 [main] DEBUG o.s.w.c.s.GenericWebApplicationContext - Refreshing org.springframework.web.context.support.GenericWebApplicationContext@6c000e0c
2025-05-24 19:22:10 [main] INFO  o.s.d.r.c.RepositoryConfigurationDelegate - Bootstrapping Spring Data JPA repositories in DEFAULT mode.
2025-05-24 19:22:10 [main] INFO  o.s.d.r.c.RepositoryConfigurationDelegate - Finished Spring Data repository scanning in 63 ms. Found 7 JPA repository interfaces.
2025-05-24 19:22:11 [main] DEBUG o.s.o.j.LocalContainerEntityManagerFactoryBean - Building JPA container EntityManagerFactory for persistence unit 'default'
2025-05-24 19:22:11 [main] INFO  o.h.jpa.internal.util.LogHelper - HHH000204: Processing PersistenceUnitInfo [name: default]
2025-05-24 19:22:11 [main] INFO  org.hibernate.Version - HHH000412: Hibernate ORM core version 6.6.8.Final
2025-05-24 19:22:11 [main] INFO  o.h.c.i.RegionFactoryInitiator - HHH000026: Second-level cache disabled
2025-05-24 19:22:11 [main] INFO  o.s.o.j.p.SpringPersistenceUnitInfo - No LoadTimeWeaver setup: ignoring JPA class transformer
2025-05-24 19:22:11 [main] INFO  com.zaxxer.hikari.HikariDataSource - HikariPool-1 - Starting...
2025-05-24 19:22:11 [main] INFO  com.zaxxer.hikari.pool.HikariPool - HikariPool-1 - Added connection com.mysql.cj.jdbc.ConnectionImpl@780c0
2025-05-24 19:22:11 [main] INFO  com.zaxxer.hikari.HikariDataSource - HikariPool-1 - Start completed.
2025-05-24 19:22:11 [main] WARN  org.hibernate.orm.deprecation - HHH90000025: MySQL8Dialect does not need to be specified explicitly using 'hibernate.dialect' (remove the property setting and it will be selected by default)
2025-05-24 19:22:11 [main] WARN  org.hibernate.orm.deprecation - HHH90000026: MySQL8Dialect has been deprecated; use org.hibernate.dialect.MySQLDialect instead
2025-05-24 19:22:12 [main] INFO  o.hibernate.orm.connections.pooling - HHH10001005: Database info:
	Database JDBC URL [Connecting through datasource 'HikariDataSource (HikariPool-1)']
	Database driver: undefined/unknown
	Database version: 8.0
	Autocommit mode: undefined/unknown
	Isolation level: undefined/unknown
	Minimum pool size: undefined/unknown
	Maximum pool size: undefined/unknown
2025-05-24 19:22:12 [main] DEBUG o.h.t.d.sql.spi.DdlTypeRegistry - addDescriptor(12, org.hibernate.type.descriptor.sql.internal.CapacityDependentDdlType@66716959) replaced previous registration(org.hibernate.type.descriptor.sql.internal.CapacityDependentDdlType@34e07e65)
2025-05-24 19:22:12 [main] DEBUG o.h.t.d.sql.spi.DdlTypeRegistry - addDescriptor(-9, org.hibernate.type.descriptor.sql.internal.CapacityDependentDdlType@7ca0166c) replaced previous registration(org.hibernate.type.descriptor.sql.internal.CapacityDependentDdlType@1dcad16f)
2025-05-24 19:22:12 [main] DEBUG o.h.t.d.sql.spi.DdlTypeRegistry - addDescriptor(-3, org.hibernate.type.descriptor.sql.internal.CapacityDependentDdlType@701c482e) replaced previous registration(org.hibernate.type.descriptor.sql.internal.CapacityDependentDdlType@4738131e)
2025-05-24 19:22:12 [main] DEBUG o.h.t.d.sql.spi.DdlTypeRegistry - addDescriptor(4003, org.hibernate.type.descriptor.sql.internal.DdlTypeImpl@3b576ee3) replaced previous registration(org.hibernate.type.descriptor.sql.internal.DdlTypeImpl@705d914f)
2025-05-24 19:22:12 [main] DEBUG o.h.t.d.sql.spi.DdlTypeRegistry - addDescriptor(4001, org.hibernate.type.descriptor.sql.internal.DdlTypeImpl@6212ea52) replaced previous registration(org.hibernate.type.descriptor.sql.internal.DdlTypeImpl@65b5b5ed)
2025-05-24 19:22:12 [main] DEBUG o.h.t.d.sql.spi.DdlTypeRegistry - addDescriptor(4002, org.hibernate.type.descriptor.sql.internal.DdlTypeImpl@6595ffce) replaced previous registration(org.hibernate.type.descriptor.sql.internal.DdlTypeImpl@795eddda)
2025-05-24 19:22:12 [main] DEBUG o.h.t.d.sql.spi.DdlTypeRegistry - addDescriptor(2004, org.hibernate.type.descriptor.sql.internal.CapacityDependentDdlType@c6bf8d9) replaced previous registration(org.hibernate.type.descriptor.sql.internal.DdlTypeImpl@44392e64)
2025-05-24 19:22:12 [main] DEBUG o.h.t.d.sql.spi.DdlTypeRegistry - addDescriptor(2005, org.hibernate.type.descriptor.sql.internal.CapacityDependentDdlType@e18d2a2) replaced previous registration(org.hibernate.type.descriptor.sql.internal.DdlTypeImpl@1a77eb6)
2025-05-24 19:22:12 [main] DEBUG o.h.t.d.sql.spi.DdlTypeRegistry - addDescriptor(2011, org.hibernate.type.descriptor.sql.internal.CapacityDependentDdlType@52d9f36b) replaced previous registration(org.hibernate.type.descriptor.sql.internal.DdlTypeImpl@5f9ebd5a)
2025-05-24 19:22:13 [main] INFO  o.h.e.t.j.p.i.JtaPlatformInitiator - HHH000489: No JTA platform available (set 'hibernate.transaction.jta.platform' to enable JTA platform integration)
2025-05-24 19:22:13 [main] INFO  o.s.o.j.LocalContainerEntityManagerFactoryBean - Initialized JPA EntityManagerFactory for persistence unit 'default'
2025-05-24 19:22:16 [main] DEBUG o.s.o.j.SharedEntityManagerCreator$SharedEntityManagerInvocationHandler - Creating new EntityManager for shared EntityManager invocation
2025-05-24 19:22:16 [main] DEBUG o.s.o.j.SharedEntityManagerCreator$SharedEntityManagerInvocationHandler - Creating new EntityManager for shared EntityManager invocation
2025-05-24 19:22:16 [main] DEBUG o.s.o.j.SharedEntityManagerCreator$SharedEntityManagerInvocationHandler - Creating new EntityManager for shared EntityManager invocation
2025-05-24 19:22:16 [main] DEBUG o.s.o.j.SharedEntityManagerCreator$SharedEntityManagerInvocationHandler - Creating new EntityManager for shared EntityManager invocation
2025-05-24 19:22:16 [main] INFO  o.s.d.j.r.query.QueryEnhancerFactory - Hibernate is in classpath; If applicable, HQL parser will be used.
2025-05-24 19:22:16 [main] DEBUG o.s.o.j.SharedEntityManagerCreator$SharedEntityManagerInvocationHandler - Creating new EntityManager for shared EntityManager invocation
2025-05-24 19:22:16 [main] DEBUG o.s.o.j.SharedEntityManagerCreator$SharedEntityManagerInvocationHandler - Creating new EntityManager for shared EntityManager invocation
2025-05-24 19:22:16 [main] DEBUG o.s.o.j.SharedEntityManagerCreator$SharedEntityManagerInvocationHandler - Creating new EntityManager for shared EntityManager invocation
2025-05-24 19:22:16 [main] DEBUG o.s.o.j.SharedEntityManagerCreator$SharedEntityManagerInvocationHandler - Creating new EntityManager for shared EntityManager invocation
2025-05-24 19:22:16 [main] DEBUG o.s.o.j.SharedEntityManagerCreator$SharedEntityManagerInvocationHandler - Creating new EntityManager for shared EntityManager invocation
2025-05-24 19:22:16 [main] TRACE o.s.t.a.AnnotationTransactionAttributeSource - Adding transactional method 'com.app.fitrack.service.EmailService.sendVerificationEmail' with attribute: PROPAGATION_REQUIRED,ISOLATION_DEFAULT
2025-05-24 19:22:16 [main] TRACE o.s.t.a.AnnotationTransactionAttributeSource - Adding transactional method 'com.app.fitrack.service.EmailService.sendPasswordResetEmail' with attribute: PROPAGATION_REQUIRED,ISOLATION_DEFAULT
2025-05-24 19:22:16 [main] DEBUG o.s.o.j.SharedEntityManagerCreator$SharedEntityManagerInvocationHandler - Creating new EntityManager for shared EntityManager invocation
2025-05-24 19:22:16 [main] DEBUG o.s.o.j.SharedEntityManagerCreator$SharedEntityManagerInvocationHandler - Creating new EntityManager for shared EntityManager invocation
2025-05-24 19:22:16 [main] DEBUG o.s.o.j.SharedEntityManagerCreator$SharedEntityManagerInvocationHandler - Creating new EntityManager for shared EntityManager invocation
2025-05-24 19:22:16 [main] DEBUG o.s.o.j.SharedEntityManagerCreator$SharedEntityManagerInvocationHandler - Creating new EntityManager for shared EntityManager invocation
2025-05-24 19:22:16 [main] DEBUG o.s.o.j.SharedEntityManagerCreator$SharedEntityManagerInvocationHandler - Creating new EntityManager for shared EntityManager invocation
2025-05-24 19:22:16 [main] DEBUG o.s.o.j.SharedEntityManagerCreator$SharedEntityManagerInvocationHandler - Creating new EntityManager for shared EntityManager invocation
2025-05-24 19:22:16 [main] DEBUG o.s.o.j.SharedEntityManagerCreator$SharedEntityManagerInvocationHandler - Creating new EntityManager for shared EntityManager invocation
2025-05-24 19:22:16 [main] DEBUG o.s.o.j.SharedEntityManagerCreator$SharedEntityManagerInvocationHandler - Creating new EntityManager for shared EntityManager invocation
2025-05-24 19:22:16 [main] DEBUG o.s.o.j.SharedEntityManagerCreator$SharedEntityManagerInvocationHandler - Creating new EntityManager for shared EntityManager invocation
2025-05-24 19:22:16 [main] DEBUG o.s.o.j.SharedEntityManagerCreator$SharedEntityManagerInvocationHandler - Creating new EntityManager for shared EntityManager invocation
2025-05-24 19:22:16 [main] DEBUG o.s.o.j.SharedEntityManagerCreator$SharedEntityManagerInvocationHandler - Creating new EntityManager for shared EntityManager invocation
2025-05-24 19:22:16 [main] TRACE o.s.t.a.AnnotationTransactionAttributeSource - Adding transactional method 'com.app.fitrack.service.UserService.generatePasswordResetToken' with attribute: PROPAGATION_REQUIRED,ISOLATION_DEFAULT
2025-05-24 19:22:16 [main] TRACE o.s.t.a.AnnotationTransactionAttributeSource - Adding transactional method 'com.app.fitrack.service.UserService.requestEmailChangeVerification' with attribute: PROPAGATION_REQUIRED,ISOLATION_DEFAULT
2025-05-24 19:22:16 [main] TRACE o.s.t.a.AnnotationTransactionAttributeSource - Adding transactional method 'com.app.fitrack.service.UserService.resendVerificationCode' with attribute: PROPAGATION_REQUIRED,ISOLATION_DEFAULT
2025-05-24 19:22:16 [main] TRACE o.s.t.a.AnnotationTransactionAttributeSource - Adding transactional method 'com.app.fitrack.service.UserService.calculateDynamicActivityFactor' with attribute: PROPAGATION_REQUIRED,ISOLATION_DEFAULT
2025-05-24 19:22:16 [main] TRACE o.s.t.a.AnnotationTransactionAttributeSource - Adding transactional method 'com.app.fitrack.service.UserService.getAuthenticatedUser' with attribute: PROPAGATION_REQUIRED,ISOLATION_DEFAULT
2025-05-24 19:22:16 [main] TRACE o.s.t.a.AnnotationTransactionAttributeSource - Adding transactional method 'com.app.fitrack.service.UserService.calculateTDEE' with attribute: PROPAGATION_REQUIRED,ISOLATION_DEFAULT
2025-05-24 19:22:16 [main] TRACE o.s.t.a.AnnotationTransactionAttributeSource - Adding transactional method 'com.app.fitrack.service.UserService.calculateBMR' with attribute: PROPAGATION_REQUIRED,ISOLATION_DEFAULT
2025-05-24 19:22:16 [main] TRACE o.s.t.a.AnnotationTransactionAttributeSource - Adding transactional method 'com.app.fitrack.service.UserService.findByEmail' with attribute: PROPAGATION_REQUIRED,ISOLATION_DEFAULT
2025-05-24 19:22:16 [main] TRACE o.s.t.a.AnnotationTransactionAttributeSource - Adding transactional method 'com.app.fitrack.service.UserService.registerUser' with attribute: PROPAGATION_REQUIRED,ISOLATION_DEFAULT
2025-05-24 19:22:16 [main] TRACE o.s.t.a.AnnotationTransactionAttributeSource - Adding transactional method 'com.app.fitrack.service.UserService.verifyUser' with attribute: PROPAGATION_REQUIRED,ISOLATION_DEFAULT
2025-05-24 19:22:16 [main] TRACE o.s.t.a.AnnotationTransactionAttributeSource - Adding transactional method 'com.app.fitrack.service.UserService.resetPassword' with attribute: PROPAGATION_REQUIRED,ISOLATION_DEFAULT
2025-05-24 19:22:16 [main] TRACE o.s.t.a.AnnotationTransactionAttributeSource - Adding transactional method 'com.app.fitrack.service.UserService.createUserProfile' with attribute: PROPAGATION_REQUIRED,ISOLATION_DEFAULT
2025-05-24 19:22:16 [main] TRACE o.s.t.a.AnnotationTransactionAttributeSource - Adding transactional method 'com.app.fitrack.service.UserService.updateUserProfile' with attribute: PROPAGATION_REQUIRED,ISOLATION_DEFAULT
2025-05-24 19:22:16 [main] TRACE o.s.t.a.AnnotationTransactionAttributeSource - Adding transactional method 'com.app.fitrack.service.UserService.verifyEmailChange' with attribute: PROPAGATION_REQUIRED,ISOLATION_DEFAULT
2025-05-24 19:22:16 [main] TRACE o.s.t.a.AnnotationTransactionAttributeSource - Adding transactional method 'com.app.fitrack.service.UserService.saveUser' with attribute: PROPAGATION_REQUIRED,ISOLATION_DEFAULT
2025-05-24 19:22:16 [main] DEBUG o.s.o.j.SharedEntityManagerCreator$SharedEntityManagerInvocationHandler - Creating new EntityManager for shared EntityManager invocation
2025-05-24 19:22:16 [main] DEBUG o.s.o.j.SharedEntityManagerCreator$SharedEntityManagerInvocationHandler - Creating new EntityManager for shared EntityManager invocation
2025-05-24 19:22:16 [main] DEBUG o.s.o.j.SharedEntityManagerCreator$SharedEntityManagerInvocationHandler - Creating new EntityManager for shared EntityManager invocation
2025-05-24 19:22:16 [main] DEBUG o.s.o.j.SharedEntityManagerCreator$SharedEntityManagerInvocationHandler - Creating new EntityManager for shared EntityManager invocation
2025-05-24 19:22:16 [main] DEBUG o.s.o.j.SharedEntityManagerCreator$SharedEntityManagerInvocationHandler - Creating new EntityManager for shared EntityManager invocation
2025-05-24 19:22:17 [main] DEBUG o.s.o.j.SharedEntityManagerCreator$SharedEntityManagerInvocationHandler - Creating new EntityManager for shared EntityManager invocation
2025-05-24 19:22:17 [main] DEBUG o.s.o.j.SharedEntityManagerCreator$SharedEntityManagerInvocationHandler - Creating new EntityManager for shared EntityManager invocation
2025-05-24 19:22:17 [main] DEBUG o.s.o.j.SharedEntityManagerCreator$SharedEntityManagerInvocationHandler - Creating new EntityManager for shared EntityManager invocation
2025-05-24 19:22:17 [main] DEBUG o.s.o.j.SharedEntityManagerCreator$SharedEntityManagerInvocationHandler - Creating new EntityManager for shared EntityManager invocation
2025-05-24 19:22:17 [main] DEBUG o.s.o.j.SharedEntityManagerCreator$SharedEntityManagerInvocationHandler - Creating new EntityManager for shared EntityManager invocation
2025-05-24 19:22:17 [main] DEBUG o.s.o.j.SharedEntityManagerCreator$SharedEntityManagerInvocationHandler - Creating new EntityManager for shared EntityManager invocation
2025-05-24 19:22:17 [main] DEBUG o.s.o.j.SharedEntityManagerCreator$SharedEntityManagerInvocationHandler - Creating new EntityManager for shared EntityManager invocation
2025-05-24 19:22:17 [main] INFO  c.a.f.service.NutritionixService - NutritionixService initialized. App ID loaded: true, API Key loaded: true
2025-05-24 19:22:17 [main] DEBUG o.s.o.j.SharedEntityManagerCreator$SharedEntityManagerInvocationHandler - Creating new EntityManager for shared EntityManager invocation
2025-05-24 19:22:17 [main] DEBUG o.s.o.j.SharedEntityManagerCreator$SharedEntityManagerInvocationHandler - Creating new EntityManager for shared EntityManager invocation
2025-05-24 19:22:17 [main] DEBUG o.s.o.j.SharedEntityManagerCreator$SharedEntityManagerInvocationHandler - Creating new EntityManager for shared EntityManager invocation
2025-05-24 19:22:17 [main] DEBUG o.s.o.j.SharedEntityManagerCreator$SharedEntityManagerInvocationHandler - Creating new EntityManager for shared EntityManager invocation
2025-05-24 19:22:17 [main] DEBUG o.s.o.j.SharedEntityManagerCreator$SharedEntityManagerInvocationHandler - Creating new EntityManager for shared EntityManager invocation
2025-05-24 19:22:17 [main] DEBUG o.s.o.j.SharedEntityManagerCreator$SharedEntityManagerInvocationHandler - Creating new EntityManager for shared EntityManager invocation
2025-05-24 19:22:17 [main] DEBUG o.s.o.j.SharedEntityManagerCreator$SharedEntityManagerInvocationHandler - Creating new EntityManager for shared EntityManager invocation
2025-05-24 19:22:17 [main] DEBUG o.s.o.j.SharedEntityManagerCreator$SharedEntityManagerInvocationHandler - Creating new EntityManager for shared EntityManager invocation
2025-05-24 19:22:17 [main] TRACE o.s.t.a.AnnotationTransactionAttributeSource - Adding transactional method 'com.app.fitrack.service.GoalService.updateGoalsBasedOnActivity' with attribute: PROPAGATION_REQUIRED,ISOLATION_DEFAULT
2025-05-24 19:22:17 [main] TRACE o.s.t.a.AnnotationTransactionAttributeSource - Adding transactional method 'com.app.fitrack.service.GoalService.updateGoalProgress' with attribute: PROPAGATION_REQUIRED,ISOLATION_DEFAULT
2025-05-24 19:22:17 [main] TRACE o.s.t.a.AnnotationTransactionAttributeSource - Adding transactional method 'com.app.fitrack.service.GoalService.deleteGoal' with attribute: PROPAGATION_REQUIRED,ISOLATION_DEFAULT
2025-05-24 19:22:17 [main] TRACE o.s.t.a.AnnotationTransactionAttributeSource - Adding transactional method 'com.app.fitrack.service.GoalService.createGoal' with attribute: PROPAGATION_REQUIRED,ISOLATION_DEFAULT
2025-05-24 19:22:17 [main] TRACE o.s.t.a.AnnotationTransactionAttributeSource - Adding transactional method 'com.app.fitrack.service.GoalService.archiveGoal' with attribute: PROPAGATION_REQUIRED,ISOLATION_DEFAULT
2025-05-24 19:22:17 [main] WARN  o.s.b.a.o.j.JpaBaseConfiguration$JpaWebConfiguration - spring.jpa.open-in-view is enabled by default. Therefore, database queries may be performed during view rendering. Explicitly configure spring.jpa.open-in-view to disable this warning
2025-05-24 19:22:17 [main] TRACE o.s.s.c.a.a.c.AuthenticationConfiguration$EnableGlobalAuthenticationAutowiredConfigurer - Eagerly initializing {securityConfig=com.app.fitrack.config.SecurityConfig$$SpringCGLIB$$0@7f8589b1}
2025-05-24 19:22:17 [main] INFO  o.s.s.c.a.a.c.InitializeUserDetailsBeanManagerConfigurer$InitializeUserDetailsManagerConfigurer - Global AuthenticationManager configured with UserDetailsService bean with name customUserDetailsService
2025-05-24 19:22:17 [main] DEBUG o.s.w.s.m.m.a.RequestMappingHandlerMapping - 50 mappings in 'requestMappingHandlerMapping'
2025-05-24 19:22:17 [main] DEBUG o.s.w.s.h.SimpleUrlHandlerMapping - Patterns [/webjars/**, /**] in 'resourceHandlerMapping'
2025-05-24 19:22:17 [main] INFO  o.s.b.a.e.web.EndpointLinksResolver - Exposing 1 endpoint beneath base path '/actuator'
2025-05-24 19:22:17 [main] DEBUG o.s.s.web.DefaultSecurityFilterChain - Will secure any request with filters: DisableEncodeUrlFilter, WebAsyncManagerIntegrationFilter, SecurityContextHolderFilter, HeaderWriterFilter, CsrfFilter, LogoutFilter, UsernamePasswordAuthenticationFilter, RequestCacheAwareFilter, SecurityContextHolderAwareRequestFilter, AnonymousAuthenticationFilter, ExceptionTranslationFilter, AuthorizationFilter
2025-05-24 19:22:18 [main] DEBUG o.s.w.s.m.m.a.RequestMappingHandlerAdapter - ControllerAdvice beans: 0 @ModelAttribute, 0 @InitBinder, 1 RequestBodyAdvice, 1 ResponseBodyAdvice
2025-05-24 19:22:18 [main] DEBUG o.s.w.s.m.m.a.ExceptionHandlerExceptionResolver - ControllerAdvice beans: 0 @ExceptionHandler, 1 ResponseBodyAdvice
2025-05-24 19:22:18 [main] INFO  c.a.fitrack.FitrackApplicationTests - Started FitrackApplicationTests in 9.389 seconds (process running for 14.406)
2025-05-24 19:22:19 [SpringApplicationShutdownHook] DEBUG o.s.w.c.s.GenericWebApplicationContext - Closing org.springframework.web.context.support.GenericWebApplicationContext@6c000e0c, started on Sat May 24 19:22:09 PST 2025
2025-05-24 19:22:19 [SpringApplicationShutdownHook] INFO  o.s.o.j.LocalContainerEntityManagerFactoryBean - Closing JPA EntityManagerFactory for persistence unit 'default'
2025-05-24 19:22:19 [SpringApplicationShutdownHook] INFO  com.zaxxer.hikari.HikariDataSource - HikariPool-1 - Shutdown initiated...
2025-05-24 19:22:19 [SpringApplicationShutdownHook] INFO  com.zaxxer.hikari.HikariDataSource - HikariPool-1 - Shutdown completed.
2025-05-24 19:26:09 [main] INFO  c.a.fitrack.FitrackApplicationTests - Starting FitrackApplicationTests using Java 19.0.1 with PID 18416 (started by Charlene C. Dilig in C:\Users\Charlene C. Dilig\OneDrive\Documents\Github\Fitrack\fitrack)
2025-05-24 19:26:09 [main] DEBUG c.a.fitrack.FitrackApplicationTests - Running with Spring Boot v3.4.3, Spring v6.2.3
2025-05-24 19:26:09 [main] INFO  c.a.fitrack.FitrackApplicationTests - No active profile set, falling back to 1 default profile: "default"
2025-05-24 19:26:09 [main] DEBUG o.s.w.c.s.GenericWebApplicationContext - Refreshing org.springframework.web.context.support.GenericWebApplicationContext@6c000e0c
2025-05-24 19:26:10 [main] INFO  o.s.d.r.c.RepositoryConfigurationDelegate - Bootstrapping Spring Data JPA repositories in DEFAULT mode.
2025-05-24 19:26:11 [main] INFO  o.s.d.r.c.RepositoryConfigurationDelegate - Finished Spring Data repository scanning in 72 ms. Found 7 JPA repository interfaces.
2025-05-24 19:26:11 [main] DEBUG o.s.o.j.LocalContainerEntityManagerFactoryBean - Building JPA container EntityManagerFactory for persistence unit 'default'
2025-05-24 19:26:11 [main] INFO  o.h.jpa.internal.util.LogHelper - HHH000204: Processing PersistenceUnitInfo [name: default]
2025-05-24 19:26:11 [main] INFO  org.hibernate.Version - HHH000412: Hibernate ORM core version 6.6.8.Final
2025-05-24 19:26:11 [main] INFO  o.h.c.i.RegionFactoryInitiator - HHH000026: Second-level cache disabled
2025-05-24 19:26:12 [main] INFO  o.s.o.j.p.SpringPersistenceUnitInfo - No LoadTimeWeaver setup: ignoring JPA class transformer
2025-05-24 19:26:12 [main] INFO  com.zaxxer.hikari.HikariDataSource - HikariPool-1 - Starting...
2025-05-24 19:26:12 [main] INFO  com.zaxxer.hikari.pool.HikariPool - HikariPool-1 - Added connection com.mysql.cj.jdbc.ConnectionImpl@d229912
2025-05-24 19:26:12 [main] INFO  com.zaxxer.hikari.HikariDataSource - HikariPool-1 - Start completed.
2025-05-24 19:26:12 [main] WARN  org.hibernate.orm.deprecation - HHH90000025: MySQL8Dialect does not need to be specified explicitly using 'hibernate.dialect' (remove the property setting and it will be selected by default)
2025-05-24 19:26:12 [main] WARN  org.hibernate.orm.deprecation - HHH90000026: MySQL8Dialect has been deprecated; use org.hibernate.dialect.MySQLDialect instead
2025-05-24 19:26:12 [main] INFO  o.hibernate.orm.connections.pooling - HHH10001005: Database info:
	Database JDBC URL [Connecting through datasource 'HikariDataSource (HikariPool-1)']
	Database driver: undefined/unknown
	Database version: 8.0
	Autocommit mode: undefined/unknown
	Isolation level: undefined/unknown
	Minimum pool size: undefined/unknown
	Maximum pool size: undefined/unknown
2025-05-24 19:26:12 [main] DEBUG o.h.t.d.sql.spi.DdlTypeRegistry - addDescriptor(12, org.hibernate.type.descriptor.sql.internal.CapacityDependentDdlType@7aa63f50) replaced previous registration(org.hibernate.type.descriptor.sql.internal.CapacityDependentDdlType@142918a0)
2025-05-24 19:26:12 [main] DEBUG o.h.t.d.sql.spi.DdlTypeRegistry - addDescriptor(-9, org.hibernate.type.descriptor.sql.internal.CapacityDependentDdlType@745cf754) replaced previous registration(org.hibernate.type.descriptor.sql.internal.CapacityDependentDdlType@25bc65ab)
2025-05-24 19:26:12 [main] DEBUG o.h.t.d.sql.spi.DdlTypeRegistry - addDescriptor(-3, org.hibernate.type.descriptor.sql.internal.CapacityDependentDdlType@6eab92f3) replaced previous registration(org.hibernate.type.descriptor.sql.internal.CapacityDependentDdlType@321b7b9e)
2025-05-24 19:26:12 [main] DEBUG o.h.t.d.sql.spi.DdlTypeRegistry - addDescriptor(4003, org.hibernate.type.descriptor.sql.internal.DdlTypeImpl@21eedcde) replaced previous registration(org.hibernate.type.descriptor.sql.internal.DdlTypeImpl@67396475)
2025-05-24 19:26:12 [main] DEBUG o.h.t.d.sql.spi.DdlTypeRegistry - addDescriptor(4001, org.hibernate.type.descriptor.sql.internal.DdlTypeImpl@55b74e6b) replaced previous registration(org.hibernate.type.descriptor.sql.internal.DdlTypeImpl@3c1908c8)
2025-05-24 19:26:12 [main] DEBUG o.h.t.d.sql.spi.DdlTypeRegistry - addDescriptor(4002, org.hibernate.type.descriptor.sql.internal.DdlTypeImpl@6bc62bb9) replaced previous registration(org.hibernate.type.descriptor.sql.internal.DdlTypeImpl@47f0e078)
2025-05-24 19:26:12 [main] DEBUG o.h.t.d.sql.spi.DdlTypeRegistry - addDescriptor(2004, org.hibernate.type.descriptor.sql.internal.CapacityDependentDdlType@28db2afb) replaced previous registration(org.hibernate.type.descriptor.sql.internal.DdlTypeImpl@5c703860)
2025-05-24 19:26:12 [main] DEBUG o.h.t.d.sql.spi.DdlTypeRegistry - addDescriptor(2005, org.hibernate.type.descriptor.sql.internal.CapacityDependentDdlType@6315bb4) replaced previous registration(org.hibernate.type.descriptor.sql.internal.DdlTypeImpl@4682882a)
2025-05-24 19:26:12 [main] DEBUG o.h.t.d.sql.spi.DdlTypeRegistry - addDescriptor(2011, org.hibernate.type.descriptor.sql.internal.CapacityDependentDdlType@37fffef3) replaced previous registration(org.hibernate.type.descriptor.sql.internal.DdlTypeImpl@6a116354)
2025-05-24 19:26:13 [main] INFO  o.h.e.t.j.p.i.JtaPlatformInitiator - HHH000489: No JTA platform available (set 'hibernate.transaction.jta.platform' to enable JTA platform integration)
2025-05-24 19:26:13 [main] INFO  o.s.o.j.LocalContainerEntityManagerFactoryBean - Initialized JPA EntityManagerFactory for persistence unit 'default'
2025-05-24 19:26:16 [main] DEBUG o.s.o.j.SharedEntityManagerCreator$SharedEntityManagerInvocationHandler - Creating new EntityManager for shared EntityManager invocation
2025-05-24 19:26:16 [main] DEBUG o.s.o.j.SharedEntityManagerCreator$SharedEntityManagerInvocationHandler - Creating new EntityManager for shared EntityManager invocation
2025-05-24 19:26:16 [main] DEBUG o.s.o.j.SharedEntityManagerCreator$SharedEntityManagerInvocationHandler - Creating new EntityManager for shared EntityManager invocation
2025-05-24 19:26:16 [main] DEBUG o.s.o.j.SharedEntityManagerCreator$SharedEntityManagerInvocationHandler - Creating new EntityManager for shared EntityManager invocation
2025-05-24 19:26:16 [main] INFO  o.s.d.j.r.query.QueryEnhancerFactory - Hibernate is in classpath; If applicable, HQL parser will be used.
2025-05-24 19:26:16 [main] DEBUG o.s.o.j.SharedEntityManagerCreator$SharedEntityManagerInvocationHandler - Creating new EntityManager for shared EntityManager invocation
2025-05-24 19:26:16 [main] DEBUG o.s.o.j.SharedEntityManagerCreator$SharedEntityManagerInvocationHandler - Creating new EntityManager for shared EntityManager invocation
2025-05-24 19:26:16 [main] DEBUG o.s.o.j.SharedEntityManagerCreator$SharedEntityManagerInvocationHandler - Creating new EntityManager for shared EntityManager invocation
2025-05-24 19:26:16 [main] DEBUG o.s.o.j.SharedEntityManagerCreator$SharedEntityManagerInvocationHandler - Creating new EntityManager for shared EntityManager invocation
2025-05-24 19:26:16 [main] DEBUG o.s.o.j.SharedEntityManagerCreator$SharedEntityManagerInvocationHandler - Creating new EntityManager for shared EntityManager invocation
2025-05-24 19:26:17 [main] TRACE o.s.t.a.AnnotationTransactionAttributeSource - Adding transactional method 'com.app.fitrack.service.EmailService.sendVerificationEmail' with attribute: PROPAGATION_REQUIRED,ISOLATION_DEFAULT
2025-05-24 19:26:17 [main] TRACE o.s.t.a.AnnotationTransactionAttributeSource - Adding transactional method 'com.app.fitrack.service.EmailService.sendPasswordResetEmail' with attribute: PROPAGATION_REQUIRED,ISOLATION_DEFAULT
2025-05-24 19:26:17 [main] DEBUG o.s.o.j.SharedEntityManagerCreator$SharedEntityManagerInvocationHandler - Creating new EntityManager for shared EntityManager invocation
2025-05-24 19:26:17 [main] DEBUG o.s.o.j.SharedEntityManagerCreator$SharedEntityManagerInvocationHandler - Creating new EntityManager for shared EntityManager invocation
2025-05-24 19:26:17 [main] DEBUG o.s.o.j.SharedEntityManagerCreator$SharedEntityManagerInvocationHandler - Creating new EntityManager for shared EntityManager invocation
2025-05-24 19:26:17 [main] DEBUG o.s.o.j.SharedEntityManagerCreator$SharedEntityManagerInvocationHandler - Creating new EntityManager for shared EntityManager invocation
2025-05-24 19:26:17 [main] DEBUG o.s.o.j.SharedEntityManagerCreator$SharedEntityManagerInvocationHandler - Creating new EntityManager for shared EntityManager invocation
2025-05-24 19:26:17 [main] DEBUG o.s.o.j.SharedEntityManagerCreator$SharedEntityManagerInvocationHandler - Creating new EntityManager for shared EntityManager invocation
2025-05-24 19:26:17 [main] DEBUG o.s.o.j.SharedEntityManagerCreator$SharedEntityManagerInvocationHandler - Creating new EntityManager for shared EntityManager invocation
2025-05-24 19:26:17 [main] DEBUG o.s.o.j.SharedEntityManagerCreator$SharedEntityManagerInvocationHandler - Creating new EntityManager for shared EntityManager invocation
2025-05-24 19:26:17 [main] DEBUG o.s.o.j.SharedEntityManagerCreator$SharedEntityManagerInvocationHandler - Creating new EntityManager for shared EntityManager invocation
2025-05-24 19:26:17 [main] DEBUG o.s.o.j.SharedEntityManagerCreator$SharedEntityManagerInvocationHandler - Creating new EntityManager for shared EntityManager invocation
2025-05-24 19:26:17 [main] DEBUG o.s.o.j.SharedEntityManagerCreator$SharedEntityManagerInvocationHandler - Creating new EntityManager for shared EntityManager invocation
2025-05-24 19:26:17 [main] TRACE o.s.t.a.AnnotationTransactionAttributeSource - Adding transactional method 'com.app.fitrack.service.UserService.findByEmail' with attribute: PROPAGATION_REQUIRED,ISOLATION_DEFAULT
2025-05-24 19:26:17 [main] TRACE o.s.t.a.AnnotationTransactionAttributeSource - Adding transactional method 'com.app.fitrack.service.UserService.registerUser' with attribute: PROPAGATION_REQUIRED,ISOLATION_DEFAULT
2025-05-24 19:26:17 [main] TRACE o.s.t.a.AnnotationTransactionAttributeSource - Adding transactional method 'com.app.fitrack.service.UserService.verifyUser' with attribute: PROPAGATION_REQUIRED,ISOLATION_DEFAULT
2025-05-24 19:26:17 [main] TRACE o.s.t.a.AnnotationTransactionAttributeSource - Adding transactional method 'com.app.fitrack.service.UserService.resetPassword' with attribute: PROPAGATION_REQUIRED,ISOLATION_DEFAULT
2025-05-24 19:26:17 [main] TRACE o.s.t.a.AnnotationTransactionAttributeSource - Adding transactional method 'com.app.fitrack.service.UserService.createUserProfile' with attribute: PROPAGATION_REQUIRED,ISOLATION_DEFAULT
2025-05-24 19:26:17 [main] TRACE o.s.t.a.AnnotationTransactionAttributeSource - Adding transactional method 'com.app.fitrack.service.UserService.verifyEmailChange' with attribute: PROPAGATION_REQUIRED,ISOLATION_DEFAULT
2025-05-24 19:26:17 [main] TRACE o.s.t.a.AnnotationTransactionAttributeSource - Adding transactional method 'com.app.fitrack.service.UserService.updateUserProfile' with attribute: PROPAGATION_REQUIRED,ISOLATION_DEFAULT
2025-05-24 19:26:17 [main] TRACE o.s.t.a.AnnotationTransactionAttributeSource - Adding transactional method 'com.app.fitrack.service.UserService.saveUser' with attribute: PROPAGATION_REQUIRED,ISOLATION_DEFAULT
2025-05-24 19:26:17 [main] TRACE o.s.t.a.AnnotationTransactionAttributeSource - Adding transactional method 'com.app.fitrack.service.UserService.calculateTDEE' with attribute: PROPAGATION_REQUIRED,ISOLATION_DEFAULT
2025-05-24 19:26:17 [main] TRACE o.s.t.a.AnnotationTransactionAttributeSource - Adding transactional method 'com.app.fitrack.service.UserService.resendVerificationCode' with attribute: PROPAGATION_REQUIRED,ISOLATION_DEFAULT
2025-05-24 19:26:17 [main] TRACE o.s.t.a.AnnotationTransactionAttributeSource - Adding transactional method 'com.app.fitrack.service.UserService.requestEmailChangeVerification' with attribute: PROPAGATION_REQUIRED,ISOLATION_DEFAULT
2025-05-24 19:26:17 [main] TRACE o.s.t.a.AnnotationTransactionAttributeSource - Adding transactional method 'com.app.fitrack.service.UserService.generatePasswordResetToken' with attribute: PROPAGATION_REQUIRED,ISOLATION_DEFAULT
2025-05-24 19:26:17 [main] TRACE o.s.t.a.AnnotationTransactionAttributeSource - Adding transactional method 'com.app.fitrack.service.UserService.calculateDynamicActivityFactor' with attribute: PROPAGATION_REQUIRED,ISOLATION_DEFAULT
2025-05-24 19:26:17 [main] TRACE o.s.t.a.AnnotationTransactionAttributeSource - Adding transactional method 'com.app.fitrack.service.UserService.getAuthenticatedUser' with attribute: PROPAGATION_REQUIRED,ISOLATION_DEFAULT
2025-05-24 19:26:17 [main] TRACE o.s.t.a.AnnotationTransactionAttributeSource - Adding transactional method 'com.app.fitrack.service.UserService.calculateBMR' with attribute: PROPAGATION_REQUIRED,ISOLATION_DEFAULT
2025-05-24 19:26:17 [main] DEBUG o.s.o.j.SharedEntityManagerCreator$SharedEntityManagerInvocationHandler - Creating new EntityManager for shared EntityManager invocation
2025-05-24 19:26:17 [main] DEBUG o.s.o.j.SharedEntityManagerCreator$SharedEntityManagerInvocationHandler - Creating new EntityManager for shared EntityManager invocation
2025-05-24 19:26:17 [main] DEBUG o.s.o.j.SharedEntityManagerCreator$SharedEntityManagerInvocationHandler - Creating new EntityManager for shared EntityManager invocation
2025-05-24 19:26:17 [main] DEBUG o.s.o.j.SharedEntityManagerCreator$SharedEntityManagerInvocationHandler - Creating new EntityManager for shared EntityManager invocation
2025-05-24 19:26:17 [main] DEBUG o.s.o.j.SharedEntityManagerCreator$SharedEntityManagerInvocationHandler - Creating new EntityManager for shared EntityManager invocation
2025-05-24 19:26:17 [main] DEBUG o.s.o.j.SharedEntityManagerCreator$SharedEntityManagerInvocationHandler - Creating new EntityManager for shared EntityManager invocation
2025-05-24 19:26:17 [main] DEBUG o.s.o.j.SharedEntityManagerCreator$SharedEntityManagerInvocationHandler - Creating new EntityManager for shared EntityManager invocation
2025-05-24 19:26:17 [main] DEBUG o.s.o.j.SharedEntityManagerCreator$SharedEntityManagerInvocationHandler - Creating new EntityManager for shared EntityManager invocation
2025-05-24 19:26:17 [main] DEBUG o.s.o.j.SharedEntityManagerCreator$SharedEntityManagerInvocationHandler - Creating new EntityManager for shared EntityManager invocation
2025-05-24 19:26:17 [main] DEBUG o.s.o.j.SharedEntityManagerCreator$SharedEntityManagerInvocationHandler - Creating new EntityManager for shared EntityManager invocation
2025-05-24 19:26:17 [main] DEBUG o.s.o.j.SharedEntityManagerCreator$SharedEntityManagerInvocationHandler - Creating new EntityManager for shared EntityManager invocation
2025-05-24 19:26:17 [main] DEBUG o.s.o.j.SharedEntityManagerCreator$SharedEntityManagerInvocationHandler - Creating new EntityManager for shared EntityManager invocation
2025-05-24 19:26:17 [main] INFO  c.a.f.service.NutritionixService - NutritionixService initialized. App ID loaded: true, API Key loaded: true
2025-05-24 19:26:17 [main] DEBUG o.s.o.j.SharedEntityManagerCreator$SharedEntityManagerInvocationHandler - Creating new EntityManager for shared EntityManager invocation
2025-05-24 19:26:17 [main] DEBUG o.s.o.j.SharedEntityManagerCreator$SharedEntityManagerInvocationHandler - Creating new EntityManager for shared EntityManager invocation
2025-05-24 19:26:17 [main] DEBUG o.s.o.j.SharedEntityManagerCreator$SharedEntityManagerInvocationHandler - Creating new EntityManager for shared EntityManager invocation
2025-05-24 19:26:17 [main] DEBUG o.s.o.j.SharedEntityManagerCreator$SharedEntityManagerInvocationHandler - Creating new EntityManager for shared EntityManager invocation
2025-05-24 19:26:17 [main] DEBUG o.s.o.j.SharedEntityManagerCreator$SharedEntityManagerInvocationHandler - Creating new EntityManager for shared EntityManager invocation
2025-05-24 19:26:17 [main] DEBUG o.s.o.j.SharedEntityManagerCreator$SharedEntityManagerInvocationHandler - Creating new EntityManager for shared EntityManager invocation
2025-05-24 19:26:17 [main] DEBUG o.s.o.j.SharedEntityManagerCreator$SharedEntityManagerInvocationHandler - Creating new EntityManager for shared EntityManager invocation
2025-05-24 19:26:17 [main] DEBUG o.s.o.j.SharedEntityManagerCreator$SharedEntityManagerInvocationHandler - Creating new EntityManager for shared EntityManager invocation
2025-05-24 19:26:17 [main] TRACE o.s.t.a.AnnotationTransactionAttributeSource - Adding transactional method 'com.app.fitrack.service.GoalService.createGoal' with attribute: PROPAGATION_REQUIRED,ISOLATION_DEFAULT
2025-05-24 19:26:17 [main] TRACE o.s.t.a.AnnotationTransactionAttributeSource - Adding transactional method 'com.app.fitrack.service.GoalService.deleteGoal' with attribute: PROPAGATION_REQUIRED,ISOLATION_DEFAULT
2025-05-24 19:26:17 [main] TRACE o.s.t.a.AnnotationTransactionAttributeSource - Adding transactional method 'com.app.fitrack.service.GoalService.updateGoalProgress' with attribute: PROPAGATION_REQUIRED,ISOLATION_DEFAULT
2025-05-24 19:26:17 [main] TRACE o.s.t.a.AnnotationTransactionAttributeSource - Adding transactional method 'com.app.fitrack.service.GoalService.archiveGoal' with attribute: PROPAGATION_REQUIRED,ISOLATION_DEFAULT
2025-05-24 19:26:17 [main] TRACE o.s.t.a.AnnotationTransactionAttributeSource - Adding transactional method 'com.app.fitrack.service.GoalService.updateGoalsBasedOnActivity' with attribute: PROPAGATION_REQUIRED,ISOLATION_DEFAULT
2025-05-24 19:26:17 [main] WARN  o.s.b.a.o.j.JpaBaseConfiguration$JpaWebConfiguration - spring.jpa.open-in-view is enabled by default. Therefore, database queries may be performed during view rendering. Explicitly configure spring.jpa.open-in-view to disable this warning
2025-05-24 19:26:17 [main] TRACE o.s.s.c.a.a.c.AuthenticationConfiguration$EnableGlobalAuthenticationAutowiredConfigurer - Eagerly initializing {securityConfig=com.app.fitrack.config.SecurityConfig$$SpringCGLIB$$0@c083cec}
2025-05-24 19:26:17 [main] INFO  o.s.s.c.a.a.c.InitializeUserDetailsBeanManagerConfigurer$InitializeUserDetailsManagerConfigurer - Global AuthenticationManager configured with UserDetailsService bean with name customUserDetailsService
2025-05-24 19:26:17 [main] DEBUG o.s.w.s.m.m.a.RequestMappingHandlerMapping - 50 mappings in 'requestMappingHandlerMapping'
2025-05-24 19:26:17 [main] DEBUG o.s.w.s.h.SimpleUrlHandlerMapping - Patterns [/webjars/**, /**] in 'resourceHandlerMapping'
2025-05-24 19:26:18 [main] INFO  o.s.b.a.e.web.EndpointLinksResolver - Exposing 1 endpoint beneath base path '/actuator'
2025-05-24 19:26:18 [main] DEBUG o.s.s.web.DefaultSecurityFilterChain - Will secure any request with filters: DisableEncodeUrlFilter, WebAsyncManagerIntegrationFilter, SecurityContextHolderFilter, HeaderWriterFilter, CsrfFilter, LogoutFilter, UsernamePasswordAuthenticationFilter, RequestCacheAwareFilter, SecurityContextHolderAwareRequestFilter, AnonymousAuthenticationFilter, ExceptionTranslationFilter, AuthorizationFilter
2025-05-24 19:26:18 [main] DEBUG o.s.w.s.m.m.a.RequestMappingHandlerAdapter - ControllerAdvice beans: 0 @ModelAttribute, 0 @InitBinder, 1 RequestBodyAdvice, 1 ResponseBodyAdvice
2025-05-24 19:26:18 [main] DEBUG o.s.w.s.m.m.a.ExceptionHandlerExceptionResolver - ControllerAdvice beans: 0 @ExceptionHandler, 1 ResponseBodyAdvice
2025-05-24 19:26:18 [main] INFO  c.a.fitrack.FitrackApplicationTests - Started FitrackApplicationTests in 9.142 seconds (process running for 10.057)
2025-05-24 19:26:19 [SpringApplicationShutdownHook] DEBUG o.s.w.c.s.GenericWebApplicationContext - Closing org.springframework.web.context.support.GenericWebApplicationContext@6c000e0c, started on Sat May 24 19:26:09 PST 2025
2025-05-24 19:26:19 [SpringApplicationShutdownHook] INFO  o.s.o.j.LocalContainerEntityManagerFactoryBean - Closing JPA EntityManagerFactory for persistence unit 'default'
2025-05-24 19:26:19 [SpringApplicationShutdownHook] INFO  com.zaxxer.hikari.HikariDataSource - HikariPool-1 - Shutdown initiated...
2025-05-24 19:26:19 [SpringApplicationShutdownHook] INFO  com.zaxxer.hikari.HikariDataSource - HikariPool-1 - Shutdown completed.
2025-05-24 19:38:20 [main] INFO  c.a.fitrack.FitrackApplicationTests - Starting FitrackApplicationTests using Java 19.0.1 with PID 17376 (started by Charlene C. Dilig in C:\Users\Charlene C. Dilig\OneDrive\Documents\Github\Fitrack\fitrack)
2025-05-24 19:38:20 [main] DEBUG c.a.fitrack.FitrackApplicationTests - Running with Spring Boot v3.4.3, Spring v6.2.3
2025-05-24 19:38:20 [main] INFO  c.a.fitrack.FitrackApplicationTests - No active profile set, falling back to 1 default profile: "default"
2025-05-24 19:38:20 [main] DEBUG o.s.w.c.s.GenericWebApplicationContext - Refreshing org.springframework.web.context.support.GenericWebApplicationContext@6c000e0c
2025-05-24 19:38:21 [main] INFO  o.s.d.r.c.RepositoryConfigurationDelegate - Bootstrapping Spring Data JPA repositories in DEFAULT mode.
2025-05-24 19:38:21 [main] INFO  o.s.d.r.c.RepositoryConfigurationDelegate - Finished Spring Data repository scanning in 65 ms. Found 7 JPA repository interfaces.
2025-05-24 19:38:22 [main] DEBUG o.s.o.j.LocalContainerEntityManagerFactoryBean - Building JPA container EntityManagerFactory for persistence unit 'default'
2025-05-24 19:38:22 [main] INFO  o.h.jpa.internal.util.LogHelper - HHH000204: Processing PersistenceUnitInfo [name: default]
2025-05-24 19:38:22 [main] INFO  org.hibernate.Version - HHH000412: Hibernate ORM core version 6.6.8.Final
2025-05-24 19:38:22 [main] INFO  o.h.c.i.RegionFactoryInitiator - HHH000026: Second-level cache disabled
2025-05-24 19:38:23 [main] INFO  o.s.o.j.p.SpringPersistenceUnitInfo - No LoadTimeWeaver setup: ignoring JPA class transformer
2025-05-24 19:38:23 [main] INFO  com.zaxxer.hikari.HikariDataSource - HikariPool-1 - Starting...
2025-05-24 19:38:23 [main] INFO  com.zaxxer.hikari.pool.HikariPool - HikariPool-1 - Added connection com.mysql.cj.jdbc.ConnectionImpl@68360fb9
2025-05-24 19:38:23 [main] INFO  com.zaxxer.hikari.HikariDataSource - HikariPool-1 - Start completed.
2025-05-24 19:38:23 [main] WARN  org.hibernate.orm.deprecation - HHH90000025: MySQL8Dialect does not need to be specified explicitly using 'hibernate.dialect' (remove the property setting and it will be selected by default)
2025-05-24 19:38:23 [main] WARN  org.hibernate.orm.deprecation - HHH90000026: MySQL8Dialect has been deprecated; use org.hibernate.dialect.MySQLDialect instead
2025-05-24 19:38:23 [main] INFO  o.hibernate.orm.connections.pooling - HHH10001005: Database info:
	Database JDBC URL [Connecting through datasource 'HikariDataSource (HikariPool-1)']
	Database driver: undefined/unknown
	Database version: 8.0
	Autocommit mode: undefined/unknown
	Isolation level: undefined/unknown
	Minimum pool size: undefined/unknown
	Maximum pool size: undefined/unknown
2025-05-24 19:38:23 [main] DEBUG o.h.t.d.sql.spi.DdlTypeRegistry - addDescriptor(12, org.hibernate.type.descriptor.sql.internal.CapacityDependentDdlType@58b03029) replaced previous registration(org.hibernate.type.descriptor.sql.internal.CapacityDependentDdlType@539dd2d0)
2025-05-24 19:38:23 [main] DEBUG o.h.t.d.sql.spi.DdlTypeRegistry - addDescriptor(-9, org.hibernate.type.descriptor.sql.internal.CapacityDependentDdlType@3428420d) replaced previous registration(org.hibernate.type.descriptor.sql.internal.CapacityDependentDdlType@523ade68)
2025-05-24 19:38:23 [main] DEBUG o.h.t.d.sql.spi.DdlTypeRegistry - addDescriptor(-3, org.hibernate.type.descriptor.sql.internal.CapacityDependentDdlType@b529d7e) replaced previous registration(org.hibernate.type.descriptor.sql.internal.CapacityDependentDdlType@3664c596)
2025-05-24 19:38:23 [main] DEBUG o.h.t.d.sql.spi.DdlTypeRegistry - addDescriptor(4003, org.hibernate.type.descriptor.sql.internal.DdlTypeImpl@40aad17d) replaced previous registration(org.hibernate.type.descriptor.sql.internal.DdlTypeImpl@44e79e9e)
2025-05-24 19:38:23 [main] DEBUG o.h.t.d.sql.spi.DdlTypeRegistry - addDescriptor(4001, org.hibernate.type.descriptor.sql.internal.DdlTypeImpl@5bc14211) replaced previous registration(org.hibernate.type.descriptor.sql.internal.DdlTypeImpl@4b99648a)
2025-05-24 19:38:23 [main] DEBUG o.h.t.d.sql.spi.DdlTypeRegistry - addDescriptor(4002, org.hibernate.type.descriptor.sql.internal.DdlTypeImpl@5d2e65bd) replaced previous registration(org.hibernate.type.descriptor.sql.internal.DdlTypeImpl@254513e8)
2025-05-24 19:38:23 [main] DEBUG o.h.t.d.sql.spi.DdlTypeRegistry - addDescriptor(2004, org.hibernate.type.descriptor.sql.internal.CapacityDependentDdlType@74450c9b) replaced previous registration(org.hibernate.type.descriptor.sql.internal.DdlTypeImpl@74f89bad)
2025-05-24 19:38:23 [main] DEBUG o.h.t.d.sql.spi.DdlTypeRegistry - addDescriptor(2005, org.hibernate.type.descriptor.sql.internal.CapacityDependentDdlType@5ad50b02) replaced previous registration(org.hibernate.type.descriptor.sql.internal.DdlTypeImpl@570299e3)
2025-05-24 19:38:23 [main] DEBUG o.h.t.d.sql.spi.DdlTypeRegistry - addDescriptor(2011, org.hibernate.type.descriptor.sql.internal.CapacityDependentDdlType@bff764c) replaced previous registration(org.hibernate.type.descriptor.sql.internal.DdlTypeImpl@3beaa16d)
2025-05-24 19:38:24 [main] INFO  o.h.e.t.j.p.i.JtaPlatformInitiator - HHH000489: No JTA platform available (set 'hibernate.transaction.jta.platform' to enable JTA platform integration)
2025-05-24 19:38:24 [main] INFO  o.s.o.j.LocalContainerEntityManagerFactoryBean - Initialized JPA EntityManagerFactory for persistence unit 'default'
2025-05-24 19:38:27 [main] DEBUG o.s.o.j.SharedEntityManagerCreator$SharedEntityManagerInvocationHandler - Creating new EntityManager for shared EntityManager invocation
2025-05-24 19:38:27 [main] DEBUG o.s.o.j.SharedEntityManagerCreator$SharedEntityManagerInvocationHandler - Creating new EntityManager for shared EntityManager invocation
2025-05-24 19:38:27 [main] DEBUG o.s.o.j.SharedEntityManagerCreator$SharedEntityManagerInvocationHandler - Creating new EntityManager for shared EntityManager invocation
2025-05-24 19:38:27 [main] DEBUG o.s.o.j.SharedEntityManagerCreator$SharedEntityManagerInvocationHandler - Creating new EntityManager for shared EntityManager invocation
2025-05-24 19:38:27 [main] INFO  o.s.d.j.r.query.QueryEnhancerFactory - Hibernate is in classpath; If applicable, HQL parser will be used.
2025-05-24 19:38:28 [main] DEBUG o.s.o.j.SharedEntityManagerCreator$SharedEntityManagerInvocationHandler - Creating new EntityManager for shared EntityManager invocation
2025-05-24 19:38:28 [main] DEBUG o.s.o.j.SharedEntityManagerCreator$SharedEntityManagerInvocationHandler - Creating new EntityManager for shared EntityManager invocation
2025-05-24 19:38:28 [main] DEBUG o.s.o.j.SharedEntityManagerCreator$SharedEntityManagerInvocationHandler - Creating new EntityManager for shared EntityManager invocation
2025-05-24 19:38:28 [main] DEBUG o.s.o.j.SharedEntityManagerCreator$SharedEntityManagerInvocationHandler - Creating new EntityManager for shared EntityManager invocation
2025-05-24 19:38:28 [main] DEBUG o.s.o.j.SharedEntityManagerCreator$SharedEntityManagerInvocationHandler - Creating new EntityManager for shared EntityManager invocation
2025-05-24 19:38:28 [main] TRACE o.s.t.a.AnnotationTransactionAttributeSource - Adding transactional method 'com.app.fitrack.service.EmailService.sendPasswordResetEmail' with attribute: PROPAGATION_REQUIRED,ISOLATION_DEFAULT
2025-05-24 19:38:28 [main] TRACE o.s.t.a.AnnotationTransactionAttributeSource - Adding transactional method 'com.app.fitrack.service.EmailService.sendVerificationEmail' with attribute: PROPAGATION_REQUIRED,ISOLATION_DEFAULT
2025-05-24 19:38:28 [main] DEBUG o.s.o.j.SharedEntityManagerCreator$SharedEntityManagerInvocationHandler - Creating new EntityManager for shared EntityManager invocation
2025-05-24 19:38:28 [main] DEBUG o.s.o.j.SharedEntityManagerCreator$SharedEntityManagerInvocationHandler - Creating new EntityManager for shared EntityManager invocation
2025-05-24 19:38:28 [main] DEBUG o.s.o.j.SharedEntityManagerCreator$SharedEntityManagerInvocationHandler - Creating new EntityManager for shared EntityManager invocation
2025-05-24 19:38:28 [main] DEBUG o.s.o.j.SharedEntityManagerCreator$SharedEntityManagerInvocationHandler - Creating new EntityManager for shared EntityManager invocation
2025-05-24 19:38:28 [main] DEBUG o.s.o.j.SharedEntityManagerCreator$SharedEntityManagerInvocationHandler - Creating new EntityManager for shared EntityManager invocation
2025-05-24 19:38:28 [main] DEBUG o.s.o.j.SharedEntityManagerCreator$SharedEntityManagerInvocationHandler - Creating new EntityManager for shared EntityManager invocation
2025-05-24 19:38:28 [main] DEBUG o.s.o.j.SharedEntityManagerCreator$SharedEntityManagerInvocationHandler - Creating new EntityManager for shared EntityManager invocation
2025-05-24 19:38:28 [main] DEBUG o.s.o.j.SharedEntityManagerCreator$SharedEntityManagerInvocationHandler - Creating new EntityManager for shared EntityManager invocation
2025-05-24 19:38:28 [main] DEBUG o.s.o.j.SharedEntityManagerCreator$SharedEntityManagerInvocationHandler - Creating new EntityManager for shared EntityManager invocation
2025-05-24 19:38:28 [main] DEBUG o.s.o.j.SharedEntityManagerCreator$SharedEntityManagerInvocationHandler - Creating new EntityManager for shared EntityManager invocation
2025-05-24 19:38:28 [main] DEBUG o.s.o.j.SharedEntityManagerCreator$SharedEntityManagerInvocationHandler - Creating new EntityManager for shared EntityManager invocation
2025-05-24 19:38:28 [main] TRACE o.s.t.a.AnnotationTransactionAttributeSource - Adding transactional method 'com.app.fitrack.service.UserService.getAuthenticatedUser' with attribute: PROPAGATION_REQUIRED,ISOLATION_DEFAULT
2025-05-24 19:38:28 [main] TRACE o.s.t.a.AnnotationTransactionAttributeSource - Adding transactional method 'com.app.fitrack.service.UserService.calculateDynamicActivityFactor' with attribute: PROPAGATION_REQUIRED,ISOLATION_DEFAULT
2025-05-24 19:38:28 [main] TRACE o.s.t.a.AnnotationTransactionAttributeSource - Adding transactional method 'com.app.fitrack.service.UserService.generatePasswordResetToken' with attribute: PROPAGATION_REQUIRED,ISOLATION_DEFAULT
2025-05-24 19:38:28 [main] TRACE o.s.t.a.AnnotationTransactionAttributeSource - Adding transactional method 'com.app.fitrack.service.UserService.requestEmailChangeVerification' with attribute: PROPAGATION_REQUIRED,ISOLATION_DEFAULT
2025-05-24 19:38:28 [main] TRACE o.s.t.a.AnnotationTransactionAttributeSource - Adding transactional method 'com.app.fitrack.service.UserService.resendVerificationCode' with attribute: PROPAGATION_REQUIRED,ISOLATION_DEFAULT
2025-05-24 19:38:28 [main] TRACE o.s.t.a.AnnotationTransactionAttributeSource - Adding transactional method 'com.app.fitrack.service.UserService.findByEmail' with attribute: PROPAGATION_REQUIRED,ISOLATION_DEFAULT
2025-05-24 19:38:28 [main] TRACE o.s.t.a.AnnotationTransactionAttributeSource - Adding transactional method 'com.app.fitrack.service.UserService.verifyUser' with attribute: PROPAGATION_REQUIRED,ISOLATION_DEFAULT
2025-05-24 19:38:28 [main] TRACE o.s.t.a.AnnotationTransactionAttributeSource - Adding transactional method 'com.app.fitrack.service.UserService.registerUser' with attribute: PROPAGATION_REQUIRED,ISOLATION_DEFAULT
2025-05-24 19:38:28 [main] TRACE o.s.t.a.AnnotationTransactionAttributeSource - Adding transactional method 'com.app.fitrack.service.UserService.createUserProfile' with attribute: PROPAGATION_REQUIRED,ISOLATION_DEFAULT
2025-05-24 19:38:28 [main] TRACE o.s.t.a.AnnotationTransactionAttributeSource - Adding transactional method 'com.app.fitrack.service.UserService.resetPassword' with attribute: PROPAGATION_REQUIRED,ISOLATION_DEFAULT
2025-05-24 19:38:28 [main] TRACE o.s.t.a.AnnotationTransactionAttributeSource - Adding transactional method 'com.app.fitrack.service.UserService.updateUserProfile' with attribute: PROPAGATION_REQUIRED,ISOLATION_DEFAULT
2025-05-24 19:38:28 [main] TRACE o.s.t.a.AnnotationTransactionAttributeSource - Adding transactional method 'com.app.fitrack.service.UserService.verifyEmailChange' with attribute: PROPAGATION_REQUIRED,ISOLATION_DEFAULT
2025-05-24 19:38:28 [main] TRACE o.s.t.a.AnnotationTransactionAttributeSource - Adding transactional method 'com.app.fitrack.service.UserService.saveUser' with attribute: PROPAGATION_REQUIRED,ISOLATION_DEFAULT
2025-05-24 19:38:28 [main] TRACE o.s.t.a.AnnotationTransactionAttributeSource - Adding transactional method 'com.app.fitrack.service.UserService.calculateTDEE' with attribute: PROPAGATION_REQUIRED,ISOLATION_DEFAULT
2025-05-24 19:38:28 [main] TRACE o.s.t.a.AnnotationTransactionAttributeSource - Adding transactional method 'com.app.fitrack.service.UserService.calculateBMR' with attribute: PROPAGATION_REQUIRED,ISOLATION_DEFAULT
2025-05-24 19:38:28 [main] DEBUG o.s.o.j.SharedEntityManagerCreator$SharedEntityManagerInvocationHandler - Creating new EntityManager for shared EntityManager invocation
2025-05-24 19:38:28 [main] DEBUG o.s.o.j.SharedEntityManagerCreator$SharedEntityManagerInvocationHandler - Creating new EntityManager for shared EntityManager invocation
2025-05-24 19:38:28 [main] DEBUG o.s.o.j.SharedEntityManagerCreator$SharedEntityManagerInvocationHandler - Creating new EntityManager for shared EntityManager invocation
2025-05-24 19:38:28 [main] DEBUG o.s.o.j.SharedEntityManagerCreator$SharedEntityManagerInvocationHandler - Creating new EntityManager for shared EntityManager invocation
2025-05-24 19:38:28 [main] DEBUG o.s.o.j.SharedEntityManagerCreator$SharedEntityManagerInvocationHandler - Creating new EntityManager for shared EntityManager invocation
2025-05-24 19:38:28 [main] DEBUG o.s.o.j.SharedEntityManagerCreator$SharedEntityManagerInvocationHandler - Creating new EntityManager for shared EntityManager invocation
2025-05-24 19:38:28 [main] DEBUG o.s.o.j.SharedEntityManagerCreator$SharedEntityManagerInvocationHandler - Creating new EntityManager for shared EntityManager invocation
2025-05-24 19:38:28 [main] DEBUG o.s.o.j.SharedEntityManagerCreator$SharedEntityManagerInvocationHandler - Creating new EntityManager for shared EntityManager invocation
2025-05-24 19:38:28 [main] DEBUG o.s.o.j.SharedEntityManagerCreator$SharedEntityManagerInvocationHandler - Creating new EntityManager for shared EntityManager invocation
2025-05-24 19:38:28 [main] DEBUG o.s.o.j.SharedEntityManagerCreator$SharedEntityManagerInvocationHandler - Creating new EntityManager for shared EntityManager invocation
2025-05-24 19:38:28 [main] DEBUG o.s.o.j.SharedEntityManagerCreator$SharedEntityManagerInvocationHandler - Creating new EntityManager for shared EntityManager invocation
2025-05-24 19:38:28 [main] DEBUG o.s.o.j.SharedEntityManagerCreator$SharedEntityManagerInvocationHandler - Creating new EntityManager for shared EntityManager invocation
2025-05-24 19:38:28 [main] INFO  c.a.f.service.NutritionixService - NutritionixService initialized. App ID loaded: true, API Key loaded: true
2025-05-24 19:38:28 [main] DEBUG o.s.o.j.SharedEntityManagerCreator$SharedEntityManagerInvocationHandler - Creating new EntityManager for shared EntityManager invocation
2025-05-24 19:38:28 [main] DEBUG o.s.o.j.SharedEntityManagerCreator$SharedEntityManagerInvocationHandler - Creating new EntityManager for shared EntityManager invocation
2025-05-24 19:38:28 [main] DEBUG o.s.o.j.SharedEntityManagerCreator$SharedEntityManagerInvocationHandler - Creating new EntityManager for shared EntityManager invocation
2025-05-24 19:38:28 [main] DEBUG o.s.o.j.SharedEntityManagerCreator$SharedEntityManagerInvocationHandler - Creating new EntityManager for shared EntityManager invocation
2025-05-24 19:38:28 [main] DEBUG o.s.o.j.SharedEntityManagerCreator$SharedEntityManagerInvocationHandler - Creating new EntityManager for shared EntityManager invocation
2025-05-24 19:38:28 [main] DEBUG o.s.o.j.SharedEntityManagerCreator$SharedEntityManagerInvocationHandler - Creating new EntityManager for shared EntityManager invocation
2025-05-24 19:38:28 [main] DEBUG o.s.o.j.SharedEntityManagerCreator$SharedEntityManagerInvocationHandler - Creating new EntityManager for shared EntityManager invocation
2025-05-24 19:38:28 [main] DEBUG o.s.o.j.SharedEntityManagerCreator$SharedEntityManagerInvocationHandler - Creating new EntityManager for shared EntityManager invocation
2025-05-24 19:38:28 [main] TRACE o.s.t.a.AnnotationTransactionAttributeSource - Adding transactional method 'com.app.fitrack.service.GoalService.updateGoalsBasedOnActivity' with attribute: PROPAGATION_REQUIRED,ISOLATION_DEFAULT
2025-05-24 19:38:28 [main] TRACE o.s.t.a.AnnotationTransactionAttributeSource - Adding transactional method 'com.app.fitrack.service.GoalService.updateGoalProgress' with attribute: PROPAGATION_REQUIRED,ISOLATION_DEFAULT
2025-05-24 19:38:28 [main] TRACE o.s.t.a.AnnotationTransactionAttributeSource - Adding transactional method 'com.app.fitrack.service.GoalService.deleteGoal' with attribute: PROPAGATION_REQUIRED,ISOLATION_DEFAULT
2025-05-24 19:38:28 [main] TRACE o.s.t.a.AnnotationTransactionAttributeSource - Adding transactional method 'com.app.fitrack.service.GoalService.archiveGoal' with attribute: PROPAGATION_REQUIRED,ISOLATION_DEFAULT
2025-05-24 19:38:28 [main] TRACE o.s.t.a.AnnotationTransactionAttributeSource - Adding transactional method 'com.app.fitrack.service.GoalService.createGoal' with attribute: PROPAGATION_REQUIRED,ISOLATION_DEFAULT
2025-05-24 19:38:29 [main] WARN  o.s.b.a.o.j.JpaBaseConfiguration$JpaWebConfiguration - spring.jpa.open-in-view is enabled by default. Therefore, database queries may be performed during view rendering. Explicitly configure spring.jpa.open-in-view to disable this warning
2025-05-24 19:38:29 [main] TRACE o.s.s.c.a.a.c.AuthenticationConfiguration$EnableGlobalAuthenticationAutowiredConfigurer - Eagerly initializing {securityConfig=com.app.fitrack.config.SecurityConfig$$SpringCGLIB$$0@cbbc0ac}
2025-05-24 19:38:29 [main] INFO  o.s.s.c.a.a.c.InitializeUserDetailsBeanManagerConfigurer$InitializeUserDetailsManagerConfigurer - Global AuthenticationManager configured with UserDetailsService bean with name customUserDetailsService
2025-05-24 19:38:29 [main] DEBUG o.s.w.s.m.m.a.RequestMappingHandlerMapping - 50 mappings in 'requestMappingHandlerMapping'
2025-05-24 19:38:29 [main] DEBUG o.s.w.s.h.SimpleUrlHandlerMapping - Patterns [/webjars/**, /**] in 'resourceHandlerMapping'
2025-05-24 19:38:29 [main] INFO  o.s.b.a.e.web.EndpointLinksResolver - Exposing 1 endpoint beneath base path '/actuator'
2025-05-24 19:38:29 [main] DEBUG o.s.s.web.DefaultSecurityFilterChain - Will secure any request with filters: DisableEncodeUrlFilter, WebAsyncManagerIntegrationFilter, SecurityContextHolderFilter, HeaderWriterFilter, CsrfFilter, LogoutFilter, UsernamePasswordAuthenticationFilter, RequestCacheAwareFilter, SecurityContextHolderAwareRequestFilter, AnonymousAuthenticationFilter, ExceptionTranslationFilter, AuthorizationFilter
2025-05-24 19:38:29 [main] DEBUG o.s.w.s.m.m.a.RequestMappingHandlerAdapter - ControllerAdvice beans: 0 @ModelAttribute, 0 @InitBinder, 1 RequestBodyAdvice, 1 ResponseBodyAdvice
2025-05-24 19:38:29 [main] DEBUG o.s.w.s.m.m.a.ExceptionHandlerExceptionResolver - ControllerAdvice beans: 0 @ExceptionHandler, 1 ResponseBodyAdvice
2025-05-24 19:38:30 [main] INFO  c.a.fitrack.FitrackApplicationTests - Started FitrackApplicationTests in 9.974 seconds (process running for 11.005)
2025-05-24 19:38:30 [SpringApplicationShutdownHook] DEBUG o.s.w.c.s.GenericWebApplicationContext - Closing org.springframework.web.context.support.GenericWebApplicationContext@6c000e0c, started on Sat May 24 19:38:20 PST 2025
2025-05-24 19:38:30 [SpringApplicationShutdownHook] INFO  o.s.o.j.LocalContainerEntityManagerFactoryBean - Closing JPA EntityManagerFactory for persistence unit 'default'
2025-05-24 19:38:30 [SpringApplicationShutdownHook] INFO  com.zaxxer.hikari.HikariDataSource - HikariPool-1 - Shutdown initiated...
2025-05-24 19:38:30 [SpringApplicationShutdownHook] INFO  com.zaxxer.hikari.HikariDataSource - HikariPool-1 - Shutdown completed.
2025-05-24 19:48:37 [main] INFO  c.a.fitrack.FitrackApplicationTests - Starting FitrackApplicationTests using Java 19.0.1 with PID 5300 (started by Charlene C. Dilig in C:\Users\Charlene C. Dilig\OneDrive\Documents\Github\Fitrack\fitrack)
2025-05-24 19:48:37 [main] DEBUG c.a.fitrack.FitrackApplicationTests - Running with Spring Boot v3.4.3, Spring v6.2.3
2025-05-24 19:48:37 [main] INFO  c.a.fitrack.FitrackApplicationTests - No active profile set, falling back to 1 default profile: "default"
2025-05-24 19:48:37 [main] DEBUG o.s.w.c.s.GenericWebApplicationContext - Refreshing org.springframework.web.context.support.GenericWebApplicationContext@6c000e0c
2025-05-24 19:48:38 [main] INFO  o.s.d.r.c.RepositoryConfigurationDelegate - Bootstrapping Spring Data JPA repositories in DEFAULT mode.
2025-05-24 19:48:38 [main] INFO  o.s.d.r.c.RepositoryConfigurationDelegate - Finished Spring Data repository scanning in 59 ms. Found 7 JPA repository interfaces.
2025-05-24 19:48:39 [main] DEBUG o.s.o.j.LocalContainerEntityManagerFactoryBean - Building JPA container EntityManagerFactory for persistence unit 'default'
2025-05-24 19:48:39 [main] INFO  o.h.jpa.internal.util.LogHelper - HHH000204: Processing PersistenceUnitInfo [name: default]
2025-05-24 19:48:39 [main] INFO  org.hibernate.Version - HHH000412: Hibernate ORM core version 6.6.8.Final
2025-05-24 19:48:39 [main] INFO  o.h.c.i.RegionFactoryInitiator - HHH000026: Second-level cache disabled
2025-05-24 19:48:40 [main] INFO  o.s.o.j.p.SpringPersistenceUnitInfo - No LoadTimeWeaver setup: ignoring JPA class transformer
2025-05-24 19:48:40 [main] INFO  com.zaxxer.hikari.HikariDataSource - HikariPool-1 - Starting...
2025-05-24 19:48:40 [main] INFO  com.zaxxer.hikari.pool.HikariPool - HikariPool-1 - Added connection com.mysql.cj.jdbc.ConnectionImpl@67b3960b
2025-05-24 19:48:40 [main] INFO  com.zaxxer.hikari.HikariDataSource - HikariPool-1 - Start completed.
2025-05-24 19:48:40 [main] WARN  org.hibernate.orm.deprecation - HHH90000025: MySQL8Dialect does not need to be specified explicitly using 'hibernate.dialect' (remove the property setting and it will be selected by default)
2025-05-24 19:48:40 [main] WARN  org.hibernate.orm.deprecation - HHH90000026: MySQL8Dialect has been deprecated; use org.hibernate.dialect.MySQLDialect instead
2025-05-24 19:48:40 [main] INFO  o.hibernate.orm.connections.pooling - HHH10001005: Database info:
	Database JDBC URL [Connecting through datasource 'HikariDataSource (HikariPool-1)']
	Database driver: undefined/unknown
	Database version: 8.0
	Autocommit mode: undefined/unknown
	Isolation level: undefined/unknown
	Minimum pool size: undefined/unknown
	Maximum pool size: undefined/unknown
2025-05-24 19:48:40 [main] DEBUG o.h.t.d.sql.spi.DdlTypeRegistry - addDescriptor(12, org.hibernate.type.descriptor.sql.internal.CapacityDependentDdlType@3428420d) replaced previous registration(org.hibernate.type.descriptor.sql.internal.CapacityDependentDdlType@523ade68)
2025-05-24 19:48:40 [main] DEBUG o.h.t.d.sql.spi.DdlTypeRegistry - addDescriptor(-9, org.hibernate.type.descriptor.sql.internal.CapacityDependentDdlType@b529d7e) replaced previous registration(org.hibernate.type.descriptor.sql.internal.CapacityDependentDdlType@3664c596)
2025-05-24 19:48:40 [main] DEBUG o.h.t.d.sql.spi.DdlTypeRegistry - addDescriptor(-3, org.hibernate.type.descriptor.sql.internal.CapacityDependentDdlType@40aad17d) replaced previous registration(org.hibernate.type.descriptor.sql.internal.CapacityDependentDdlType@44e79e9e)
2025-05-24 19:48:40 [main] DEBUG o.h.t.d.sql.spi.DdlTypeRegistry - addDescriptor(4003, org.hibernate.type.descriptor.sql.internal.DdlTypeImpl@5bc14211) replaced previous registration(org.hibernate.type.descriptor.sql.internal.DdlTypeImpl@4b99648a)
2025-05-24 19:48:40 [main] DEBUG o.h.t.d.sql.spi.DdlTypeRegistry - addDescriptor(4001, org.hibernate.type.descriptor.sql.internal.DdlTypeImpl@5d2e65bd) replaced previous registration(org.hibernate.type.descriptor.sql.internal.DdlTypeImpl@254513e8)
2025-05-24 19:48:40 [main] DEBUG o.h.t.d.sql.spi.DdlTypeRegistry - addDescriptor(4002, org.hibernate.type.descriptor.sql.internal.DdlTypeImpl@74450c9b) replaced previous registration(org.hibernate.type.descriptor.sql.internal.DdlTypeImpl@74f89bad)
2025-05-24 19:48:40 [main] DEBUG o.h.t.d.sql.spi.DdlTypeRegistry - addDescriptor(2004, org.hibernate.type.descriptor.sql.internal.CapacityDependentDdlType@5ad50b02) replaced previous registration(org.hibernate.type.descriptor.sql.internal.DdlTypeImpl@570299e3)
2025-05-24 19:48:40 [main] DEBUG o.h.t.d.sql.spi.DdlTypeRegistry - addDescriptor(2005, org.hibernate.type.descriptor.sql.internal.CapacityDependentDdlType@bff764c) replaced previous registration(org.hibernate.type.descriptor.sql.internal.DdlTypeImpl@3beaa16d)
2025-05-24 19:48:40 [main] DEBUG o.h.t.d.sql.spi.DdlTypeRegistry - addDescriptor(2011, org.hibernate.type.descriptor.sql.internal.CapacityDependentDdlType@49153009) replaced previous registration(org.hibernate.type.descriptor.sql.internal.DdlTypeImpl@a1b7549)
2025-05-24 19:48:41 [main] INFO  o.h.e.t.j.p.i.JtaPlatformInitiator - HHH000489: No JTA platform available (set 'hibernate.transaction.jta.platform' to enable JTA platform integration)
2025-05-24 19:48:41 [main] INFO  o.s.o.j.LocalContainerEntityManagerFactoryBean - Initialized JPA EntityManagerFactory for persistence unit 'default'
2025-05-24 19:48:44 [main] DEBUG o.s.o.j.SharedEntityManagerCreator$SharedEntityManagerInvocationHandler - Creating new EntityManager for shared EntityManager invocation
2025-05-24 19:48:44 [main] DEBUG o.s.o.j.SharedEntityManagerCreator$SharedEntityManagerInvocationHandler - Creating new EntityManager for shared EntityManager invocation
2025-05-24 19:48:44 [main] DEBUG o.s.o.j.SharedEntityManagerCreator$SharedEntityManagerInvocationHandler - Creating new EntityManager for shared EntityManager invocation
2025-05-24 19:48:44 [main] DEBUG o.s.o.j.SharedEntityManagerCreator$SharedEntityManagerInvocationHandler - Creating new EntityManager for shared EntityManager invocation
2025-05-24 19:48:45 [main] INFO  o.s.d.j.r.query.QueryEnhancerFactory - Hibernate is in classpath; If applicable, HQL parser will be used.
2025-05-24 19:48:45 [main] DEBUG o.s.o.j.SharedEntityManagerCreator$SharedEntityManagerInvocationHandler - Creating new EntityManager for shared EntityManager invocation
2025-05-24 19:48:45 [main] DEBUG o.s.o.j.SharedEntityManagerCreator$SharedEntityManagerInvocationHandler - Creating new EntityManager for shared EntityManager invocation
2025-05-24 19:48:45 [main] DEBUG o.s.o.j.SharedEntityManagerCreator$SharedEntityManagerInvocationHandler - Creating new EntityManager for shared EntityManager invocation
2025-05-24 19:48:45 [main] DEBUG o.s.o.j.SharedEntityManagerCreator$SharedEntityManagerInvocationHandler - Creating new EntityManager for shared EntityManager invocation
2025-05-24 19:48:45 [main] DEBUG o.s.o.j.SharedEntityManagerCreator$SharedEntityManagerInvocationHandler - Creating new EntityManager for shared EntityManager invocation
2025-05-24 19:48:45 [main] TRACE o.s.t.a.AnnotationTransactionAttributeSource - Adding transactional method 'com.app.fitrack.service.EmailService.sendVerificationEmail' with attribute: PROPAGATION_REQUIRED,ISOLATION_DEFAULT
2025-05-24 19:48:45 [main] TRACE o.s.t.a.AnnotationTransactionAttributeSource - Adding transactional method 'com.app.fitrack.service.EmailService.sendPasswordResetEmail' with attribute: PROPAGATION_REQUIRED,ISOLATION_DEFAULT
2025-05-24 19:48:45 [main] DEBUG o.s.o.j.SharedEntityManagerCreator$SharedEntityManagerInvocationHandler - Creating new EntityManager for shared EntityManager invocation
2025-05-24 19:48:45 [main] DEBUG o.s.o.j.SharedEntityManagerCreator$SharedEntityManagerInvocationHandler - Creating new EntityManager for shared EntityManager invocation
2025-05-24 19:48:45 [main] DEBUG o.s.o.j.SharedEntityManagerCreator$SharedEntityManagerInvocationHandler - Creating new EntityManager for shared EntityManager invocation
2025-05-24 19:48:45 [main] DEBUG o.s.o.j.SharedEntityManagerCreator$SharedEntityManagerInvocationHandler - Creating new EntityManager for shared EntityManager invocation
2025-05-24 19:48:45 [main] DEBUG o.s.o.j.SharedEntityManagerCreator$SharedEntityManagerInvocationHandler - Creating new EntityManager for shared EntityManager invocation
2025-05-24 19:48:45 [main] DEBUG o.s.o.j.SharedEntityManagerCreator$SharedEntityManagerInvocationHandler - Creating new EntityManager for shared EntityManager invocation
2025-05-24 19:48:45 [main] DEBUG o.s.o.j.SharedEntityManagerCreator$SharedEntityManagerInvocationHandler - Creating new EntityManager for shared EntityManager invocation
2025-05-24 19:48:45 [main] DEBUG o.s.o.j.SharedEntityManagerCreator$SharedEntityManagerInvocationHandler - Creating new EntityManager for shared EntityManager invocation
2025-05-24 19:48:45 [main] DEBUG o.s.o.j.SharedEntityManagerCreator$SharedEntityManagerInvocationHandler - Creating new EntityManager for shared EntityManager invocation
2025-05-24 19:48:45 [main] DEBUG o.s.o.j.SharedEntityManagerCreator$SharedEntityManagerInvocationHandler - Creating new EntityManager for shared EntityManager invocation
2025-05-24 19:48:45 [main] DEBUG o.s.o.j.SharedEntityManagerCreator$SharedEntityManagerInvocationHandler - Creating new EntityManager for shared EntityManager invocation
2025-05-24 19:48:45 [main] TRACE o.s.t.a.AnnotationTransactionAttributeSource - Adding transactional method 'com.app.fitrack.service.UserService.findByEmail' with attribute: PROPAGATION_REQUIRED,ISOLATION_DEFAULT
2025-05-24 19:48:45 [main] TRACE o.s.t.a.AnnotationTransactionAttributeSource - Adding transactional method 'com.app.fitrack.service.UserService.verifyUser' with attribute: PROPAGATION_REQUIRED,ISOLATION_DEFAULT
2025-05-24 19:48:45 [main] TRACE o.s.t.a.AnnotationTransactionAttributeSource - Adding transactional method 'com.app.fitrack.service.UserService.resetPassword' with attribute: PROPAGATION_REQUIRED,ISOLATION_DEFAULT
2025-05-24 19:48:45 [main] TRACE o.s.t.a.AnnotationTransactionAttributeSource - Adding transactional method 'com.app.fitrack.service.UserService.registerUser' with attribute: PROPAGATION_REQUIRED,ISOLATION_DEFAULT
2025-05-24 19:48:45 [main] TRACE o.s.t.a.AnnotationTransactionAttributeSource - Adding transactional method 'com.app.fitrack.service.UserService.updateUserProfile' with attribute: PROPAGATION_REQUIRED,ISOLATION_DEFAULT
2025-05-24 19:48:45 [main] TRACE o.s.t.a.AnnotationTransactionAttributeSource - Adding transactional method 'com.app.fitrack.service.UserService.verifyEmailChange' with attribute: PROPAGATION_REQUIRED,ISOLATION_DEFAULT
2025-05-24 19:48:45 [main] TRACE o.s.t.a.AnnotationTransactionAttributeSource - Adding transactional method 'com.app.fitrack.service.UserService.createUserProfile' with attribute: PROPAGATION_REQUIRED,ISOLATION_DEFAULT
2025-05-24 19:48:45 [main] TRACE o.s.t.a.AnnotationTransactionAttributeSource - Adding transactional method 'com.app.fitrack.service.UserService.saveUser' with attribute: PROPAGATION_REQUIRED,ISOLATION_DEFAULT
2025-05-24 19:48:45 [main] TRACE o.s.t.a.AnnotationTransactionAttributeSource - Adding transactional method 'com.app.fitrack.service.UserService.calculateTDEE' with attribute: PROPAGATION_REQUIRED,ISOLATION_DEFAULT
2025-05-24 19:48:45 [main] TRACE o.s.t.a.AnnotationTransactionAttributeSource - Adding transactional method 'com.app.fitrack.service.UserService.calculateBMR' with attribute: PROPAGATION_REQUIRED,ISOLATION_DEFAULT
2025-05-24 19:48:45 [main] TRACE o.s.t.a.AnnotationTransactionAttributeSource - Adding transactional method 'com.app.fitrack.service.UserService.resendVerificationCode' with attribute: PROPAGATION_REQUIRED,ISOLATION_DEFAULT
2025-05-24 19:48:45 [main] TRACE o.s.t.a.AnnotationTransactionAttributeSource - Adding transactional method 'com.app.fitrack.service.UserService.generatePasswordResetToken' with attribute: PROPAGATION_REQUIRED,ISOLATION_DEFAULT
2025-05-24 19:48:45 [main] TRACE o.s.t.a.AnnotationTransactionAttributeSource - Adding transactional method 'com.app.fitrack.service.UserService.requestEmailChangeVerification' with attribute: PROPAGATION_REQUIRED,ISOLATION_DEFAULT
2025-05-24 19:48:45 [main] TRACE o.s.t.a.AnnotationTransactionAttributeSource - Adding transactional method 'com.app.fitrack.service.UserService.getAuthenticatedUser' with attribute: PROPAGATION_REQUIRED,ISOLATION_DEFAULT
2025-05-24 19:48:45 [main] TRACE o.s.t.a.AnnotationTransactionAttributeSource - Adding transactional method 'com.app.fitrack.service.UserService.calculateDynamicActivityFactor' with attribute: PROPAGATION_REQUIRED,ISOLATION_DEFAULT
2025-05-24 19:48:45 [main] DEBUG o.s.o.j.SharedEntityManagerCreator$SharedEntityManagerInvocationHandler - Creating new EntityManager for shared EntityManager invocation
2025-05-24 19:48:45 [main] DEBUG o.s.o.j.SharedEntityManagerCreator$SharedEntityManagerInvocationHandler - Creating new EntityManager for shared EntityManager invocation
2025-05-24 19:48:45 [main] DEBUG o.s.o.j.SharedEntityManagerCreator$SharedEntityManagerInvocationHandler - Creating new EntityManager for shared EntityManager invocation
2025-05-24 19:48:45 [main] DEBUG o.s.o.j.SharedEntityManagerCreator$SharedEntityManagerInvocationHandler - Creating new EntityManager for shared EntityManager invocation
2025-05-24 19:48:45 [main] DEBUG o.s.o.j.SharedEntityManagerCreator$SharedEntityManagerInvocationHandler - Creating new EntityManager for shared EntityManager invocation
2025-05-24 19:48:45 [main] DEBUG o.s.o.j.SharedEntityManagerCreator$SharedEntityManagerInvocationHandler - Creating new EntityManager for shared EntityManager invocation
2025-05-24 19:48:45 [main] DEBUG o.s.o.j.SharedEntityManagerCreator$SharedEntityManagerInvocationHandler - Creating new EntityManager for shared EntityManager invocation
2025-05-24 19:48:45 [main] DEBUG o.s.o.j.SharedEntityManagerCreator$SharedEntityManagerInvocationHandler - Creating new EntityManager for shared EntityManager invocation
2025-05-24 19:48:45 [main] DEBUG o.s.o.j.SharedEntityManagerCreator$SharedEntityManagerInvocationHandler - Creating new EntityManager for shared EntityManager invocation
2025-05-24 19:48:45 [main] DEBUG o.s.o.j.SharedEntityManagerCreator$SharedEntityManagerInvocationHandler - Creating new EntityManager for shared EntityManager invocation
2025-05-24 19:48:45 [main] DEBUG o.s.o.j.SharedEntityManagerCreator$SharedEntityManagerInvocationHandler - Creating new EntityManager for shared EntityManager invocation
2025-05-24 19:48:45 [main] DEBUG o.s.o.j.SharedEntityManagerCreator$SharedEntityManagerInvocationHandler - Creating new EntityManager for shared EntityManager invocation
2025-05-24 19:48:46 [main] INFO  c.a.f.service.NutritionixService - NutritionixService initialized. App ID loaded: true, API Key loaded: true
2025-05-24 19:48:46 [main] DEBUG o.s.o.j.SharedEntityManagerCreator$SharedEntityManagerInvocationHandler - Creating new EntityManager for shared EntityManager invocation
2025-05-24 19:48:46 [main] DEBUG o.s.o.j.SharedEntityManagerCreator$SharedEntityManagerInvocationHandler - Creating new EntityManager for shared EntityManager invocation
2025-05-24 19:48:46 [main] DEBUG o.s.o.j.SharedEntityManagerCreator$SharedEntityManagerInvocationHandler - Creating new EntityManager for shared EntityManager invocation
2025-05-24 19:48:46 [main] DEBUG o.s.o.j.SharedEntityManagerCreator$SharedEntityManagerInvocationHandler - Creating new EntityManager for shared EntityManager invocation
2025-05-24 19:48:46 [main] DEBUG o.s.o.j.SharedEntityManagerCreator$SharedEntityManagerInvocationHandler - Creating new EntityManager for shared EntityManager invocation
2025-05-24 19:48:46 [main] DEBUG o.s.o.j.SharedEntityManagerCreator$SharedEntityManagerInvocationHandler - Creating new EntityManager for shared EntityManager invocation
2025-05-24 19:48:46 [main] DEBUG o.s.o.j.SharedEntityManagerCreator$SharedEntityManagerInvocationHandler - Creating new EntityManager for shared EntityManager invocation
2025-05-24 19:48:46 [main] DEBUG o.s.o.j.SharedEntityManagerCreator$SharedEntityManagerInvocationHandler - Creating new EntityManager for shared EntityManager invocation
2025-05-24 19:48:46 [main] TRACE o.s.t.a.AnnotationTransactionAttributeSource - Adding transactional method 'com.app.fitrack.service.GoalService.createGoal' with attribute: PROPAGATION_REQUIRED,ISOLATION_DEFAULT
2025-05-24 19:48:46 [main] TRACE o.s.t.a.AnnotationTransactionAttributeSource - Adding transactional method 'com.app.fitrack.service.GoalService.updateGoalProgress' with attribute: PROPAGATION_REQUIRED,ISOLATION_DEFAULT
2025-05-24 19:48:46 [main] TRACE o.s.t.a.AnnotationTransactionAttributeSource - Adding transactional method 'com.app.fitrack.service.GoalService.deleteGoal' with attribute: PROPAGATION_REQUIRED,ISOLATION_DEFAULT
2025-05-24 19:48:46 [main] TRACE o.s.t.a.AnnotationTransactionAttributeSource - Adding transactional method 'com.app.fitrack.service.GoalService.archiveGoal' with attribute: PROPAGATION_REQUIRED,ISOLATION_DEFAULT
2025-05-24 19:48:46 [main] TRACE o.s.t.a.AnnotationTransactionAttributeSource - Adding transactional method 'com.app.fitrack.service.GoalService.updateGoalsBasedOnActivity' with attribute: PROPAGATION_REQUIRED,ISOLATION_DEFAULT
2025-05-24 19:48:46 [main] WARN  o.s.b.a.o.j.JpaBaseConfiguration$JpaWebConfiguration - spring.jpa.open-in-view is enabled by default. Therefore, database queries may be performed during view rendering. Explicitly configure spring.jpa.open-in-view to disable this warning
2025-05-24 19:48:46 [main] TRACE o.s.s.c.a.a.c.AuthenticationConfiguration$EnableGlobalAuthenticationAutowiredConfigurer - Eagerly initializing {securityConfig=com.app.fitrack.config.SecurityConfig$$SpringCGLIB$$0@4a115c4c}
2025-05-24 19:48:46 [main] INFO  o.s.s.c.a.a.c.InitializeUserDetailsBeanManagerConfigurer$InitializeUserDetailsManagerConfigurer - Global AuthenticationManager configured with UserDetailsService bean with name customUserDetailsService
2025-05-24 19:48:46 [main] DEBUG o.s.w.s.m.m.a.RequestMappingHandlerMapping - 50 mappings in 'requestMappingHandlerMapping'
2025-05-24 19:48:46 [main] DEBUG o.s.w.s.h.SimpleUrlHandlerMapping - Patterns [/webjars/**, /**] in 'resourceHandlerMapping'
2025-05-24 19:48:46 [main] INFO  o.s.b.a.e.web.EndpointLinksResolver - Exposing 1 endpoint beneath base path '/actuator'
2025-05-24 19:48:46 [main] DEBUG o.s.s.web.DefaultSecurityFilterChain - Will secure any request with filters: DisableEncodeUrlFilter, WebAsyncManagerIntegrationFilter, SecurityContextHolderFilter, HeaderWriterFilter, CsrfFilter, LogoutFilter, UsernamePasswordAuthenticationFilter, RequestCacheAwareFilter, SecurityContextHolderAwareRequestFilter, AnonymousAuthenticationFilter, ExceptionTranslationFilter, AuthorizationFilter
2025-05-24 19:48:46 [main] DEBUG o.s.w.s.m.m.a.RequestMappingHandlerAdapter - ControllerAdvice beans: 0 @ModelAttribute, 0 @InitBinder, 1 RequestBodyAdvice, 1 ResponseBodyAdvice
2025-05-24 19:48:47 [main] DEBUG o.s.w.s.m.m.a.ExceptionHandlerExceptionResolver - ControllerAdvice beans: 0 @ExceptionHandler, 1 ResponseBodyAdvice
2025-05-24 19:48:47 [main] INFO  c.a.fitrack.FitrackApplicationTests - Started FitrackApplicationTests in 10.501 seconds (process running for 11.576)
2025-05-24 19:48:47 [SpringApplicationShutdownHook] DEBUG o.s.w.c.s.GenericWebApplicationContext - Closing org.springframework.web.context.support.GenericWebApplicationContext@6c000e0c, started on Sat May 24 19:48:37 PST 2025
2025-05-24 19:48:47 [SpringApplicationShutdownHook] INFO  o.s.o.j.LocalContainerEntityManagerFactoryBean - Closing JPA EntityManagerFactory for persistence unit 'default'
2025-05-24 19:48:47 [SpringApplicationShutdownHook] INFO  com.zaxxer.hikari.HikariDataSource - HikariPool-1 - Shutdown initiated...
2025-05-24 19:48:47 [SpringApplicationShutdownHook] INFO  com.zaxxer.hikari.HikariDataSource - HikariPool-1 - Shutdown completed.
2025-05-24 19:52:53 [main] INFO  c.a.fitrack.FitrackApplicationTests - Starting FitrackApplicationTests using Java 19.0.1 with PID 20872 (started by Charlene C. Dilig in C:\Users\Charlene C. Dilig\OneDrive\Documents\Github\Fitrack\fitrack)
2025-05-24 19:52:53 [main] DEBUG c.a.fitrack.FitrackApplicationTests - Running with Spring Boot v3.4.3, Spring v6.2.3
2025-05-24 19:52:53 [main] INFO  c.a.fitrack.FitrackApplicationTests - No active profile set, falling back to 1 default profile: "default"
2025-05-24 19:52:53 [main] DEBUG o.s.w.c.s.GenericWebApplicationContext - Refreshing org.springframework.web.context.support.GenericWebApplicationContext@6c000e0c
2025-05-24 19:52:54 [main] INFO  o.s.d.r.c.RepositoryConfigurationDelegate - Bootstrapping Spring Data JPA repositories in DEFAULT mode.
2025-05-24 19:52:54 [main] INFO  o.s.d.r.c.RepositoryConfigurationDelegate - Finished Spring Data repository scanning in 65 ms. Found 7 JPA repository interfaces.
2025-05-24 19:52:55 [main] DEBUG o.s.o.j.LocalContainerEntityManagerFactoryBean - Building JPA container EntityManagerFactory for persistence unit 'default'
2025-05-24 19:52:55 [main] INFO  o.h.jpa.internal.util.LogHelper - HHH000204: Processing PersistenceUnitInfo [name: default]
2025-05-24 19:52:55 [main] INFO  org.hibernate.Version - HHH000412: Hibernate ORM core version 6.6.8.Final
2025-05-24 19:52:55 [main] INFO  o.h.c.i.RegionFactoryInitiator - HHH000026: Second-level cache disabled
2025-05-24 19:52:56 [main] INFO  o.s.o.j.p.SpringPersistenceUnitInfo - No LoadTimeWeaver setup: ignoring JPA class transformer
2025-05-24 19:52:56 [main] INFO  com.zaxxer.hikari.HikariDataSource - HikariPool-1 - Starting...
2025-05-24 19:52:56 [main] INFO  com.zaxxer.hikari.pool.HikariPool - HikariPool-1 - Added connection com.mysql.cj.jdbc.ConnectionImpl@6ec98ccc
2025-05-24 19:52:56 [main] INFO  com.zaxxer.hikari.HikariDataSource - HikariPool-1 - Start completed.
2025-05-24 19:52:56 [main] WARN  org.hibernate.orm.deprecation - HHH90000025: MySQL8Dialect does not need to be specified explicitly using 'hibernate.dialect' (remove the property setting and it will be selected by default)
2025-05-24 19:52:56 [main] WARN  org.hibernate.orm.deprecation - HHH90000026: MySQL8Dialect has been deprecated; use org.hibernate.dialect.MySQLDialect instead
2025-05-24 19:52:56 [main] INFO  o.hibernate.orm.connections.pooling - HHH10001005: Database info:
	Database JDBC URL [Connecting through datasource 'HikariDataSource (HikariPool-1)']
	Database driver: undefined/unknown
	Database version: 8.0
	Autocommit mode: undefined/unknown
	Isolation level: undefined/unknown
	Minimum pool size: undefined/unknown
	Maximum pool size: undefined/unknown
2025-05-24 19:52:56 [main] DEBUG o.h.t.d.sql.spi.DdlTypeRegistry - addDescriptor(12, org.hibernate.type.descriptor.sql.internal.CapacityDependentDdlType@4b99648a) replaced previous registration(org.hibernate.type.descriptor.sql.internal.CapacityDependentDdlType@5d2e65bd)
2025-05-24 19:52:56 [main] DEBUG o.h.t.d.sql.spi.DdlTypeRegistry - addDescriptor(-9, org.hibernate.type.descriptor.sql.internal.CapacityDependentDdlType@254513e8) replaced previous registration(org.hibernate.type.descriptor.sql.internal.CapacityDependentDdlType@74450c9b)
2025-05-24 19:52:56 [main] DEBUG o.h.t.d.sql.spi.DdlTypeRegistry - addDescriptor(-3, org.hibernate.type.descriptor.sql.internal.CapacityDependentDdlType@74f89bad) replaced previous registration(org.hibernate.type.descriptor.sql.internal.CapacityDependentDdlType@5ad50b02)
2025-05-24 19:52:56 [main] DEBUG o.h.t.d.sql.spi.DdlTypeRegistry - addDescriptor(4003, org.hibernate.type.descriptor.sql.internal.DdlTypeImpl@570299e3) replaced previous registration(org.hibernate.type.descriptor.sql.internal.DdlTypeImpl@bff764c)
2025-05-24 19:52:56 [main] DEBUG o.h.t.d.sql.spi.DdlTypeRegistry - addDescriptor(4001, org.hibernate.type.descriptor.sql.internal.DdlTypeImpl@3beaa16d) replaced previous registration(org.hibernate.type.descriptor.sql.internal.DdlTypeImpl@49153009)
2025-05-24 19:52:56 [main] DEBUG o.h.t.d.sql.spi.DdlTypeRegistry - addDescriptor(4002, org.hibernate.type.descriptor.sql.internal.DdlTypeImpl@a1b7549) replaced previous registration(org.hibernate.type.descriptor.sql.internal.DdlTypeImpl@7aa63f50)
2025-05-24 19:52:56 [main] DEBUG o.h.t.d.sql.spi.DdlTypeRegistry - addDescriptor(2004, org.hibernate.type.descriptor.sql.internal.CapacityDependentDdlType@142918a0) replaced previous registration(org.hibernate.type.descriptor.sql.internal.DdlTypeImpl@745cf754)
2025-05-24 19:52:56 [main] DEBUG o.h.t.d.sql.spi.DdlTypeRegistry - addDescriptor(2005, org.hibernate.type.descriptor.sql.internal.CapacityDependentDdlType@25bc65ab) replaced previous registration(org.hibernate.type.descriptor.sql.internal.DdlTypeImpl@6eab92f3)
2025-05-24 19:52:56 [main] DEBUG o.h.t.d.sql.spi.DdlTypeRegistry - addDescriptor(2011, org.hibernate.type.descriptor.sql.internal.CapacityDependentDdlType@321b7b9e) replaced previous registration(org.hibernate.type.descriptor.sql.internal.DdlTypeImpl@21eedcde)
2025-05-24 19:52:57 [main] INFO  o.h.e.t.j.p.i.JtaPlatformInitiator - HHH000489: No JTA platform available (set 'hibernate.transaction.jta.platform' to enable JTA platform integration)
2025-05-24 19:52:57 [main] INFO  o.s.o.j.LocalContainerEntityManagerFactoryBean - Initialized JPA EntityManagerFactory for persistence unit 'default'
2025-05-24 19:53:01 [main] DEBUG o.s.o.j.SharedEntityManagerCreator$SharedEntityManagerInvocationHandler - Creating new EntityManager for shared EntityManager invocation
2025-05-24 19:53:01 [main] DEBUG o.s.o.j.SharedEntityManagerCreator$SharedEntityManagerInvocationHandler - Creating new EntityManager for shared EntityManager invocation
2025-05-24 19:53:01 [main] DEBUG o.s.o.j.SharedEntityManagerCreator$SharedEntityManagerInvocationHandler - Creating new EntityManager for shared EntityManager invocation
2025-05-24 19:53:01 [main] DEBUG o.s.o.j.SharedEntityManagerCreator$SharedEntityManagerInvocationHandler - Creating new EntityManager for shared EntityManager invocation
2025-05-24 19:53:01 [main] INFO  o.s.d.j.r.query.QueryEnhancerFactory - Hibernate is in classpath; If applicable, HQL parser will be used.
2025-05-24 19:53:01 [main] DEBUG o.s.o.j.SharedEntityManagerCreator$SharedEntityManagerInvocationHandler - Creating new EntityManager for shared EntityManager invocation
2025-05-24 19:53:01 [main] DEBUG o.s.o.j.SharedEntityManagerCreator$SharedEntityManagerInvocationHandler - Creating new EntityManager for shared EntityManager invocation
2025-05-24 19:53:01 [main] DEBUG o.s.o.j.SharedEntityManagerCreator$SharedEntityManagerInvocationHandler - Creating new EntityManager for shared EntityManager invocation
2025-05-24 19:53:01 [main] DEBUG o.s.o.j.SharedEntityManagerCreator$SharedEntityManagerInvocationHandler - Creating new EntityManager for shared EntityManager invocation
2025-05-24 19:53:01 [main] DEBUG o.s.o.j.SharedEntityManagerCreator$SharedEntityManagerInvocationHandler - Creating new EntityManager for shared EntityManager invocation
2025-05-24 19:53:02 [main] TRACE o.s.t.a.AnnotationTransactionAttributeSource - Adding transactional method 'com.app.fitrack.service.EmailService.sendVerificationEmail' with attribute: PROPAGATION_REQUIRED,ISOLATION_DEFAULT
2025-05-24 19:53:02 [main] TRACE o.s.t.a.AnnotationTransactionAttributeSource - Adding transactional method 'com.app.fitrack.service.EmailService.sendPasswordResetEmail' with attribute: PROPAGATION_REQUIRED,ISOLATION_DEFAULT
2025-05-24 19:53:02 [main] DEBUG o.s.o.j.SharedEntityManagerCreator$SharedEntityManagerInvocationHandler - Creating new EntityManager for shared EntityManager invocation
2025-05-24 19:53:02 [main] DEBUG o.s.o.j.SharedEntityManagerCreator$SharedEntityManagerInvocationHandler - Creating new EntityManager for shared EntityManager invocation
2025-05-24 19:53:02 [main] DEBUG o.s.o.j.SharedEntityManagerCreator$SharedEntityManagerInvocationHandler - Creating new EntityManager for shared EntityManager invocation
2025-05-24 19:53:02 [main] DEBUG o.s.o.j.SharedEntityManagerCreator$SharedEntityManagerInvocationHandler - Creating new EntityManager for shared EntityManager invocation
2025-05-24 19:53:02 [main] DEBUG o.s.o.j.SharedEntityManagerCreator$SharedEntityManagerInvocationHandler - Creating new EntityManager for shared EntityManager invocation
2025-05-24 19:53:02 [main] DEBUG o.s.o.j.SharedEntityManagerCreator$SharedEntityManagerInvocationHandler - Creating new EntityManager for shared EntityManager invocation
2025-05-24 19:53:02 [main] DEBUG o.s.o.j.SharedEntityManagerCreator$SharedEntityManagerInvocationHandler - Creating new EntityManager for shared EntityManager invocation
2025-05-24 19:53:02 [main] DEBUG o.s.o.j.SharedEntityManagerCreator$SharedEntityManagerInvocationHandler - Creating new EntityManager for shared EntityManager invocation
2025-05-24 19:53:02 [main] DEBUG o.s.o.j.SharedEntityManagerCreator$SharedEntityManagerInvocationHandler - Creating new EntityManager for shared EntityManager invocation
2025-05-24 19:53:02 [main] DEBUG o.s.o.j.SharedEntityManagerCreator$SharedEntityManagerInvocationHandler - Creating new EntityManager for shared EntityManager invocation
2025-05-24 19:53:02 [main] DEBUG o.s.o.j.SharedEntityManagerCreator$SharedEntityManagerInvocationHandler - Creating new EntityManager for shared EntityManager invocation
2025-05-24 19:53:02 [main] TRACE o.s.t.a.AnnotationTransactionAttributeSource - Adding transactional method 'com.app.fitrack.service.UserService.requestEmailChangeVerification' with attribute: PROPAGATION_REQUIRED,ISOLATION_DEFAULT
2025-05-24 19:53:02 [main] TRACE o.s.t.a.AnnotationTransactionAttributeSource - Adding transactional method 'com.app.fitrack.service.UserService.resendVerificationCode' with attribute: PROPAGATION_REQUIRED,ISOLATION_DEFAULT
2025-05-24 19:53:02 [main] TRACE o.s.t.a.AnnotationTransactionAttributeSource - Adding transactional method 'com.app.fitrack.service.UserService.generatePasswordResetToken' with attribute: PROPAGATION_REQUIRED,ISOLATION_DEFAULT
2025-05-24 19:53:02 [main] TRACE o.s.t.a.AnnotationTransactionAttributeSource - Adding transactional method 'com.app.fitrack.service.UserService.calculateDynamicActivityFactor' with attribute: PROPAGATION_REQUIRED,ISOLATION_DEFAULT
2025-05-24 19:53:02 [main] TRACE o.s.t.a.AnnotationTransactionAttributeSource - Adding transactional method 'com.app.fitrack.service.UserService.getAuthenticatedUser' with attribute: PROPAGATION_REQUIRED,ISOLATION_DEFAULT
2025-05-24 19:53:02 [main] TRACE o.s.t.a.AnnotationTransactionAttributeSource - Adding transactional method 'com.app.fitrack.service.UserService.registerUser' with attribute: PROPAGATION_REQUIRED,ISOLATION_DEFAULT
2025-05-24 19:53:02 [main] TRACE o.s.t.a.AnnotationTransactionAttributeSource - Adding transactional method 'com.app.fitrack.service.UserService.verifyUser' with attribute: PROPAGATION_REQUIRED,ISOLATION_DEFAULT
2025-05-24 19:53:02 [main] TRACE o.s.t.a.AnnotationTransactionAttributeSource - Adding transactional method 'com.app.fitrack.service.UserService.resetPassword' with attribute: PROPAGATION_REQUIRED,ISOLATION_DEFAULT
2025-05-24 19:53:02 [main] TRACE o.s.t.a.AnnotationTransactionAttributeSource - Adding transactional method 'com.app.fitrack.service.UserService.createUserProfile' with attribute: PROPAGATION_REQUIRED,ISOLATION_DEFAULT
2025-05-24 19:53:02 [main] TRACE o.s.t.a.AnnotationTransactionAttributeSource - Adding transactional method 'com.app.fitrack.service.UserService.verifyEmailChange' with attribute: PROPAGATION_REQUIRED,ISOLATION_DEFAULT
2025-05-24 19:53:02 [main] TRACE o.s.t.a.AnnotationTransactionAttributeSource - Adding transactional method 'com.app.fitrack.service.UserService.saveUser' with attribute: PROPAGATION_REQUIRED,ISOLATION_DEFAULT
2025-05-24 19:53:02 [main] TRACE o.s.t.a.AnnotationTransactionAttributeSource - Adding transactional method 'com.app.fitrack.service.UserService.updateUserProfile' with attribute: PROPAGATION_REQUIRED,ISOLATION_DEFAULT
2025-05-24 19:53:02 [main] TRACE o.s.t.a.AnnotationTransactionAttributeSource - Adding transactional method 'com.app.fitrack.service.UserService.calculateTDEE' with attribute: PROPAGATION_REQUIRED,ISOLATION_DEFAULT
2025-05-24 19:53:02 [main] TRACE o.s.t.a.AnnotationTransactionAttributeSource - Adding transactional method 'com.app.fitrack.service.UserService.calculateBMR' with attribute: PROPAGATION_REQUIRED,ISOLATION_DEFAULT
2025-05-24 19:53:02 [main] TRACE o.s.t.a.AnnotationTransactionAttributeSource - Adding transactional method 'com.app.fitrack.service.UserService.findByEmail' with attribute: PROPAGATION_REQUIRED,ISOLATION_DEFAULT
2025-05-24 19:53:02 [main] DEBUG o.s.o.j.SharedEntityManagerCreator$SharedEntityManagerInvocationHandler - Creating new EntityManager for shared EntityManager invocation
2025-05-24 19:53:02 [main] DEBUG o.s.o.j.SharedEntityManagerCreator$SharedEntityManagerInvocationHandler - Creating new EntityManager for shared EntityManager invocation
2025-05-24 19:53:02 [main] DEBUG o.s.o.j.SharedEntityManagerCreator$SharedEntityManagerInvocationHandler - Creating new EntityManager for shared EntityManager invocation
2025-05-24 19:53:02 [main] DEBUG o.s.o.j.SharedEntityManagerCreator$SharedEntityManagerInvocationHandler - Creating new EntityManager for shared EntityManager invocation
2025-05-24 19:53:02 [main] DEBUG o.s.o.j.SharedEntityManagerCreator$SharedEntityManagerInvocationHandler - Creating new EntityManager for shared EntityManager invocation
2025-05-24 19:53:02 [main] DEBUG o.s.o.j.SharedEntityManagerCreator$SharedEntityManagerInvocationHandler - Creating new EntityManager for shared EntityManager invocation
2025-05-24 19:53:02 [main] DEBUG o.s.o.j.SharedEntityManagerCreator$SharedEntityManagerInvocationHandler - Creating new EntityManager for shared EntityManager invocation
2025-05-24 19:53:02 [main] DEBUG o.s.o.j.SharedEntityManagerCreator$SharedEntityManagerInvocationHandler - Creating new EntityManager for shared EntityManager invocation
2025-05-24 19:53:02 [main] DEBUG o.s.o.j.SharedEntityManagerCreator$SharedEntityManagerInvocationHandler - Creating new EntityManager for shared EntityManager invocation
2025-05-24 19:53:02 [main] DEBUG o.s.o.j.SharedEntityManagerCreator$SharedEntityManagerInvocationHandler - Creating new EntityManager for shared EntityManager invocation
2025-05-24 19:53:02 [main] DEBUG o.s.o.j.SharedEntityManagerCreator$SharedEntityManagerInvocationHandler - Creating new EntityManager for shared EntityManager invocation
2025-05-24 19:53:02 [main] DEBUG o.s.o.j.SharedEntityManagerCreator$SharedEntityManagerInvocationHandler - Creating new EntityManager for shared EntityManager invocation
2025-05-24 19:53:02 [main] INFO  c.a.f.service.NutritionixService - NutritionixService initialized. App ID loaded: true, API Key loaded: true
2025-05-24 19:53:02 [main] DEBUG o.s.o.j.SharedEntityManagerCreator$SharedEntityManagerInvocationHandler - Creating new EntityManager for shared EntityManager invocation
2025-05-24 19:53:02 [main] DEBUG o.s.o.j.SharedEntityManagerCreator$SharedEntityManagerInvocationHandler - Creating new EntityManager for shared EntityManager invocation
2025-05-24 19:53:02 [main] DEBUG o.s.o.j.SharedEntityManagerCreator$SharedEntityManagerInvocationHandler - Creating new EntityManager for shared EntityManager invocation
2025-05-24 19:53:02 [main] DEBUG o.s.o.j.SharedEntityManagerCreator$SharedEntityManagerInvocationHandler - Creating new EntityManager for shared EntityManager invocation
2025-05-24 19:53:02 [main] DEBUG o.s.o.j.SharedEntityManagerCreator$SharedEntityManagerInvocationHandler - Creating new EntityManager for shared EntityManager invocation
2025-05-24 19:53:02 [main] DEBUG o.s.o.j.SharedEntityManagerCreator$SharedEntityManagerInvocationHandler - Creating new EntityManager for shared EntityManager invocation
2025-05-24 19:53:02 [main] DEBUG o.s.o.j.SharedEntityManagerCreator$SharedEntityManagerInvocationHandler - Creating new EntityManager for shared EntityManager invocation
2025-05-24 19:53:02 [main] DEBUG o.s.o.j.SharedEntityManagerCreator$SharedEntityManagerInvocationHandler - Creating new EntityManager for shared EntityManager invocation
2025-05-24 19:53:02 [main] TRACE o.s.t.a.AnnotationTransactionAttributeSource - Adding transactional method 'com.app.fitrack.service.GoalService.updateGoalsBasedOnActivity' with attribute: PROPAGATION_REQUIRED,ISOLATION_DEFAULT
2025-05-24 19:53:02 [main] TRACE o.s.t.a.AnnotationTransactionAttributeSource - Adding transactional method 'com.app.fitrack.service.GoalService.updateGoalProgress' with attribute: PROPAGATION_REQUIRED,ISOLATION_DEFAULT
2025-05-24 19:53:02 [main] TRACE o.s.t.a.AnnotationTransactionAttributeSource - Adding transactional method 'com.app.fitrack.service.GoalService.createGoal' with attribute: PROPAGATION_REQUIRED,ISOLATION_DEFAULT
2025-05-24 19:53:02 [main] TRACE o.s.t.a.AnnotationTransactionAttributeSource - Adding transactional method 'com.app.fitrack.service.GoalService.archiveGoal' with attribute: PROPAGATION_REQUIRED,ISOLATION_DEFAULT
2025-05-24 19:53:02 [main] TRACE o.s.t.a.AnnotationTransactionAttributeSource - Adding transactional method 'com.app.fitrack.service.GoalService.deleteGoal' with attribute: PROPAGATION_REQUIRED,ISOLATION_DEFAULT
2025-05-24 19:53:02 [main] WARN  o.s.b.a.o.j.JpaBaseConfiguration$JpaWebConfiguration - spring.jpa.open-in-view is enabled by default. Therefore, database queries may be performed during view rendering. Explicitly configure spring.jpa.open-in-view to disable this warning
2025-05-24 19:53:02 [main] TRACE o.s.s.c.a.a.c.AuthenticationConfiguration$EnableGlobalAuthenticationAutowiredConfigurer - Eagerly initializing {securityConfig=com.app.fitrack.config.SecurityConfig$$SpringCGLIB$$0@545c3628}
2025-05-24 19:53:02 [main] INFO  o.s.s.c.a.a.c.InitializeUserDetailsBeanManagerConfigurer$InitializeUserDetailsManagerConfigurer - Global AuthenticationManager configured with UserDetailsService bean with name customUserDetailsService
2025-05-24 19:53:02 [main] DEBUG o.s.w.s.m.m.a.RequestMappingHandlerMapping - 50 mappings in 'requestMappingHandlerMapping'
2025-05-24 19:53:03 [main] DEBUG o.s.w.s.h.SimpleUrlHandlerMapping - Patterns [/webjars/**, /**] in 'resourceHandlerMapping'
2025-05-24 19:53:03 [main] INFO  o.s.b.a.e.web.EndpointLinksResolver - Exposing 1 endpoint beneath base path '/actuator'
2025-05-24 19:53:03 [main] DEBUG o.s.s.web.DefaultSecurityFilterChain - Will secure any request with filters: DisableEncodeUrlFilter, WebAsyncManagerIntegrationFilter, SecurityContextHolderFilter, HeaderWriterFilter, CsrfFilter, LogoutFilter, UsernamePasswordAuthenticationFilter, RequestCacheAwareFilter, SecurityContextHolderAwareRequestFilter, AnonymousAuthenticationFilter, ExceptionTranslationFilter, AuthorizationFilter
2025-05-24 19:53:03 [main] DEBUG o.s.w.s.m.m.a.RequestMappingHandlerAdapter - ControllerAdvice beans: 0 @ModelAttribute, 0 @InitBinder, 1 RequestBodyAdvice, 1 ResponseBodyAdvice
2025-05-24 19:53:03 [main] DEBUG o.s.w.s.m.m.a.ExceptionHandlerExceptionResolver - ControllerAdvice beans: 0 @ExceptionHandler, 1 ResponseBodyAdvice
2025-05-24 19:53:03 [main] INFO  c.a.fitrack.FitrackApplicationTests - Started FitrackApplicationTests in 10.44 seconds (process running for 11.431)
2025-05-24 19:53:04 [SpringApplicationShutdownHook] DEBUG o.s.w.c.s.GenericWebApplicationContext - Closing org.springframework.web.context.support.GenericWebApplicationContext@6c000e0c, started on Sat May 24 19:52:53 PST 2025
2025-05-24 19:53:04 [SpringApplicationShutdownHook] INFO  o.s.o.j.LocalContainerEntityManagerFactoryBean - Closing JPA EntityManagerFactory for persistence unit 'default'
2025-05-24 19:53:04 [SpringApplicationShutdownHook] INFO  com.zaxxer.hikari.HikariDataSource - HikariPool-1 - Shutdown initiated...
2025-05-24 19:53:04 [SpringApplicationShutdownHook] INFO  com.zaxxer.hikari.HikariDataSource - HikariPool-1 - Shutdown completed.
2025-05-24 19:55:41 [main] INFO  c.a.fitrack.FitrackApplicationTests - Starting FitrackApplicationTests using Java 19.0.1 with PID 12564 (started by Charlene C. Dilig in C:\Users\Charlene C. Dilig\OneDrive\Documents\Github\Fitrack\fitrack)
2025-05-24 19:55:41 [main] DEBUG c.a.fitrack.FitrackApplicationTests - Running with Spring Boot v3.4.3, Spring v6.2.3
2025-05-24 19:55:41 [main] INFO  c.a.fitrack.FitrackApplicationTests - No active profile set, falling back to 1 default profile: "default"
2025-05-24 19:55:41 [main] DEBUG o.s.w.c.s.GenericWebApplicationContext - Refreshing org.springframework.web.context.support.GenericWebApplicationContext@6c000e0c
2025-05-24 19:55:42 [main] INFO  o.s.d.r.c.RepositoryConfigurationDelegate - Bootstrapping Spring Data JPA repositories in DEFAULT mode.
2025-05-24 19:55:42 [main] INFO  o.s.d.r.c.RepositoryConfigurationDelegate - Finished Spring Data repository scanning in 58 ms. Found 7 JPA repository interfaces.
2025-05-24 19:55:42 [main] DEBUG o.s.o.j.LocalContainerEntityManagerFactoryBean - Building JPA container EntityManagerFactory for persistence unit 'default'
2025-05-24 19:55:42 [main] INFO  o.h.jpa.internal.util.LogHelper - HHH000204: Processing PersistenceUnitInfo [name: default]
2025-05-24 19:55:43 [main] INFO  org.hibernate.Version - HHH000412: Hibernate ORM core version 6.6.8.Final
2025-05-24 19:55:43 [main] INFO  o.h.c.i.RegionFactoryInitiator - HHH000026: Second-level cache disabled
2025-05-24 19:55:43 [main] INFO  o.s.o.j.p.SpringPersistenceUnitInfo - No LoadTimeWeaver setup: ignoring JPA class transformer
2025-05-24 19:55:43 [main] INFO  com.zaxxer.hikari.HikariDataSource - HikariPool-1 - Starting...
2025-05-24 19:55:43 [main] INFO  com.zaxxer.hikari.pool.HikariPool - HikariPool-1 - Added connection com.mysql.cj.jdbc.ConnectionImpl@68360fb9
2025-05-24 19:55:43 [main] INFO  com.zaxxer.hikari.HikariDataSource - HikariPool-1 - Start completed.
2025-05-24 19:55:43 [main] WARN  org.hibernate.orm.deprecation - HHH90000025: MySQL8Dialect does not need to be specified explicitly using 'hibernate.dialect' (remove the property setting and it will be selected by default)
2025-05-24 19:55:43 [main] WARN  org.hibernate.orm.deprecation - HHH90000026: MySQL8Dialect has been deprecated; use org.hibernate.dialect.MySQLDialect instead
2025-05-24 19:55:43 [main] INFO  o.hibernate.orm.connections.pooling - HHH10001005: Database info:
	Database JDBC URL [Connecting through datasource 'HikariDataSource (HikariPool-1)']
	Database driver: undefined/unknown
	Database version: 8.0
	Autocommit mode: undefined/unknown
	Isolation level: undefined/unknown
	Minimum pool size: undefined/unknown
	Maximum pool size: undefined/unknown
2025-05-24 19:55:43 [main] DEBUG o.h.t.d.sql.spi.DdlTypeRegistry - addDescriptor(12, org.hibernate.type.descriptor.sql.internal.CapacityDependentDdlType@58b03029) replaced previous registration(org.hibernate.type.descriptor.sql.internal.CapacityDependentDdlType@539dd2d0)
2025-05-24 19:55:43 [main] DEBUG o.h.t.d.sql.spi.DdlTypeRegistry - addDescriptor(-9, org.hibernate.type.descriptor.sql.internal.CapacityDependentDdlType@3428420d) replaced previous registration(org.hibernate.type.descriptor.sql.internal.CapacityDependentDdlType@523ade68)
2025-05-24 19:55:43 [main] DEBUG o.h.t.d.sql.spi.DdlTypeRegistry - addDescriptor(-3, org.hibernate.type.descriptor.sql.internal.CapacityDependentDdlType@b529d7e) replaced previous registration(org.hibernate.type.descriptor.sql.internal.CapacityDependentDdlType@3664c596)
2025-05-24 19:55:43 [main] DEBUG o.h.t.d.sql.spi.DdlTypeRegistry - addDescriptor(4003, org.hibernate.type.descriptor.sql.internal.DdlTypeImpl@40aad17d) replaced previous registration(org.hibernate.type.descriptor.sql.internal.DdlTypeImpl@44e79e9e)
2025-05-24 19:55:43 [main] DEBUG o.h.t.d.sql.spi.DdlTypeRegistry - addDescriptor(4001, org.hibernate.type.descriptor.sql.internal.DdlTypeImpl@5bc14211) replaced previous registration(org.hibernate.type.descriptor.sql.internal.DdlTypeImpl@4b99648a)
2025-05-24 19:55:43 [main] DEBUG o.h.t.d.sql.spi.DdlTypeRegistry - addDescriptor(4002, org.hibernate.type.descriptor.sql.internal.DdlTypeImpl@5d2e65bd) replaced previous registration(org.hibernate.type.descriptor.sql.internal.DdlTypeImpl@254513e8)
2025-05-24 19:55:43 [main] DEBUG o.h.t.d.sql.spi.DdlTypeRegistry - addDescriptor(2004, org.hibernate.type.descriptor.sql.internal.CapacityDependentDdlType@74450c9b) replaced previous registration(org.hibernate.type.descriptor.sql.internal.DdlTypeImpl@74f89bad)
2025-05-24 19:55:43 [main] DEBUG o.h.t.d.sql.spi.DdlTypeRegistry - addDescriptor(2005, org.hibernate.type.descriptor.sql.internal.CapacityDependentDdlType@5ad50b02) replaced previous registration(org.hibernate.type.descriptor.sql.internal.DdlTypeImpl@570299e3)
2025-05-24 19:55:43 [main] DEBUG o.h.t.d.sql.spi.DdlTypeRegistry - addDescriptor(2011, org.hibernate.type.descriptor.sql.internal.CapacityDependentDdlType@bff764c) replaced previous registration(org.hibernate.type.descriptor.sql.internal.DdlTypeImpl@3beaa16d)
2025-05-24 19:55:44 [main] INFO  o.h.e.t.j.p.i.JtaPlatformInitiator - HHH000489: No JTA platform available (set 'hibernate.transaction.jta.platform' to enable JTA platform integration)
2025-05-24 19:55:44 [main] INFO  o.s.o.j.LocalContainerEntityManagerFactoryBean - Initialized JPA EntityManagerFactory for persistence unit 'default'
2025-05-24 19:55:47 [main] DEBUG o.s.o.j.SharedEntityManagerCreator$SharedEntityManagerInvocationHandler - Creating new EntityManager for shared EntityManager invocation
2025-05-24 19:55:47 [main] DEBUG o.s.o.j.SharedEntityManagerCreator$SharedEntityManagerInvocationHandler - Creating new EntityManager for shared EntityManager invocation
2025-05-24 19:55:47 [main] DEBUG o.s.o.j.SharedEntityManagerCreator$SharedEntityManagerInvocationHandler - Creating new EntityManager for shared EntityManager invocation
2025-05-24 19:55:47 [main] DEBUG o.s.o.j.SharedEntityManagerCreator$SharedEntityManagerInvocationHandler - Creating new EntityManager for shared EntityManager invocation
2025-05-24 19:55:47 [main] INFO  o.s.d.j.r.query.QueryEnhancerFactory - Hibernate is in classpath; If applicable, HQL parser will be used.
2025-05-24 19:55:48 [main] DEBUG o.s.o.j.SharedEntityManagerCreator$SharedEntityManagerInvocationHandler - Creating new EntityManager for shared EntityManager invocation
2025-05-24 19:55:48 [main] DEBUG o.s.o.j.SharedEntityManagerCreator$SharedEntityManagerInvocationHandler - Creating new EntityManager for shared EntityManager invocation
2025-05-24 19:55:48 [main] DEBUG o.s.o.j.SharedEntityManagerCreator$SharedEntityManagerInvocationHandler - Creating new EntityManager for shared EntityManager invocation
2025-05-24 19:55:48 [main] DEBUG o.s.o.j.SharedEntityManagerCreator$SharedEntityManagerInvocationHandler - Creating new EntityManager for shared EntityManager invocation
2025-05-24 19:55:48 [main] DEBUG o.s.o.j.SharedEntityManagerCreator$SharedEntityManagerInvocationHandler - Creating new EntityManager for shared EntityManager invocation
2025-05-24 19:55:48 [main] TRACE o.s.t.a.AnnotationTransactionAttributeSource - Adding transactional method 'com.app.fitrack.service.EmailService.sendVerificationEmail' with attribute: PROPAGATION_REQUIRED,ISOLATION_DEFAULT
2025-05-24 19:55:48 [main] TRACE o.s.t.a.AnnotationTransactionAttributeSource - Adding transactional method 'com.app.fitrack.service.EmailService.sendPasswordResetEmail' with attribute: PROPAGATION_REQUIRED,ISOLATION_DEFAULT
2025-05-24 19:55:48 [main] DEBUG o.s.o.j.SharedEntityManagerCreator$SharedEntityManagerInvocationHandler - Creating new EntityManager for shared EntityManager invocation
2025-05-24 19:55:48 [main] DEBUG o.s.o.j.SharedEntityManagerCreator$SharedEntityManagerInvocationHandler - Creating new EntityManager for shared EntityManager invocation
2025-05-24 19:55:48 [main] DEBUG o.s.o.j.SharedEntityManagerCreator$SharedEntityManagerInvocationHandler - Creating new EntityManager for shared EntityManager invocation
2025-05-24 19:55:48 [main] DEBUG o.s.o.j.SharedEntityManagerCreator$SharedEntityManagerInvocationHandler - Creating new EntityManager for shared EntityManager invocation
2025-05-24 19:55:48 [main] DEBUG o.s.o.j.SharedEntityManagerCreator$SharedEntityManagerInvocationHandler - Creating new EntityManager for shared EntityManager invocation
2025-05-24 19:55:48 [main] DEBUG o.s.o.j.SharedEntityManagerCreator$SharedEntityManagerInvocationHandler - Creating new EntityManager for shared EntityManager invocation
2025-05-24 19:55:48 [main] DEBUG o.s.o.j.SharedEntityManagerCreator$SharedEntityManagerInvocationHandler - Creating new EntityManager for shared EntityManager invocation
2025-05-24 19:55:48 [main] DEBUG o.s.o.j.SharedEntityManagerCreator$SharedEntityManagerInvocationHandler - Creating new EntityManager for shared EntityManager invocation
2025-05-24 19:55:48 [main] DEBUG o.s.o.j.SharedEntityManagerCreator$SharedEntityManagerInvocationHandler - Creating new EntityManager for shared EntityManager invocation
2025-05-24 19:55:48 [main] DEBUG o.s.o.j.SharedEntityManagerCreator$SharedEntityManagerInvocationHandler - Creating new EntityManager for shared EntityManager invocation
2025-05-24 19:55:48 [main] DEBUG o.s.o.j.SharedEntityManagerCreator$SharedEntityManagerInvocationHandler - Creating new EntityManager for shared EntityManager invocation
2025-05-24 19:55:48 [main] TRACE o.s.t.a.AnnotationTransactionAttributeSource - Adding transactional method 'com.app.fitrack.service.UserService.getAuthenticatedUser' with attribute: PROPAGATION_REQUIRED,ISOLATION_DEFAULT
2025-05-24 19:55:48 [main] TRACE o.s.t.a.AnnotationTransactionAttributeSource - Adding transactional method 'com.app.fitrack.service.UserService.calculateBMR' with attribute: PROPAGATION_REQUIRED,ISOLATION_DEFAULT
2025-05-24 19:55:48 [main] TRACE o.s.t.a.AnnotationTransactionAttributeSource - Adding transactional method 'com.app.fitrack.service.UserService.findByEmail' with attribute: PROPAGATION_REQUIRED,ISOLATION_DEFAULT
2025-05-24 19:55:48 [main] TRACE o.s.t.a.AnnotationTransactionAttributeSource - Adding transactional method 'com.app.fitrack.service.UserService.registerUser' with attribute: PROPAGATION_REQUIRED,ISOLATION_DEFAULT
2025-05-24 19:55:48 [main] TRACE o.s.t.a.AnnotationTransactionAttributeSource - Adding transactional method 'com.app.fitrack.service.UserService.verifyUser' with attribute: PROPAGATION_REQUIRED,ISOLATION_DEFAULT
2025-05-24 19:55:48 [main] TRACE o.s.t.a.AnnotationTransactionAttributeSource - Adding transactional method 'com.app.fitrack.service.UserService.resetPassword' with attribute: PROPAGATION_REQUIRED,ISOLATION_DEFAULT
2025-05-24 19:55:48 [main] TRACE o.s.t.a.AnnotationTransactionAttributeSource - Adding transactional method 'com.app.fitrack.service.UserService.updateUserProfile' with attribute: PROPAGATION_REQUIRED,ISOLATION_DEFAULT
2025-05-24 19:55:48 [main] TRACE o.s.t.a.AnnotationTransactionAttributeSource - Adding transactional method 'com.app.fitrack.service.UserService.createUserProfile' with attribute: PROPAGATION_REQUIRED,ISOLATION_DEFAULT
2025-05-24 19:55:48 [main] TRACE o.s.t.a.AnnotationTransactionAttributeSource - Adding transactional method 'com.app.fitrack.service.UserService.saveUser' with attribute: PROPAGATION_REQUIRED,ISOLATION_DEFAULT
2025-05-24 19:55:48 [main] TRACE o.s.t.a.AnnotationTransactionAttributeSource - Adding transactional method 'com.app.fitrack.service.UserService.verifyEmailChange' with attribute: PROPAGATION_REQUIRED,ISOLATION_DEFAULT
2025-05-24 19:55:48 [main] TRACE o.s.t.a.AnnotationTransactionAttributeSource - Adding transactional method 'com.app.fitrack.service.UserService.resendVerificationCode' with attribute: PROPAGATION_REQUIRED,ISOLATION_DEFAULT
2025-05-24 19:55:48 [main] TRACE o.s.t.a.AnnotationTransactionAttributeSource - Adding transactional method 'com.app.fitrack.service.UserService.requestEmailChangeVerification' with attribute: PROPAGATION_REQUIRED,ISOLATION_DEFAULT
2025-05-24 19:55:48 [main] TRACE o.s.t.a.AnnotationTransactionAttributeSource - Adding transactional method 'com.app.fitrack.service.UserService.generatePasswordResetToken' with attribute: PROPAGATION_REQUIRED,ISOLATION_DEFAULT
2025-05-24 19:55:48 [main] TRACE o.s.t.a.AnnotationTransactionAttributeSource - Adding transactional method 'com.app.fitrack.service.UserService.calculateTDEE' with attribute: PROPAGATION_REQUIRED,ISOLATION_DEFAULT
2025-05-24 19:55:48 [main] TRACE o.s.t.a.AnnotationTransactionAttributeSource - Adding transactional method 'com.app.fitrack.service.UserService.calculateDynamicActivityFactor' with attribute: PROPAGATION_REQUIRED,ISOLATION_DEFAULT
2025-05-24 19:55:48 [main] DEBUG o.s.o.j.SharedEntityManagerCreator$SharedEntityManagerInvocationHandler - Creating new EntityManager for shared EntityManager invocation
2025-05-24 19:55:48 [main] DEBUG o.s.o.j.SharedEntityManagerCreator$SharedEntityManagerInvocationHandler - Creating new EntityManager for shared EntityManager invocation
2025-05-24 19:55:48 [main] DEBUG o.s.o.j.SharedEntityManagerCreator$SharedEntityManagerInvocationHandler - Creating new EntityManager for shared EntityManager invocation
2025-05-24 19:55:48 [main] DEBUG o.s.o.j.SharedEntityManagerCreator$SharedEntityManagerInvocationHandler - Creating new EntityManager for shared EntityManager invocation
2025-05-24 19:55:48 [main] DEBUG o.s.o.j.SharedEntityManagerCreator$SharedEntityManagerInvocationHandler - Creating new EntityManager for shared EntityManager invocation
2025-05-24 19:55:48 [main] DEBUG o.s.o.j.SharedEntityManagerCreator$SharedEntityManagerInvocationHandler - Creating new EntityManager for shared EntityManager invocation
2025-05-24 19:55:48 [main] DEBUG o.s.o.j.SharedEntityManagerCreator$SharedEntityManagerInvocationHandler - Creating new EntityManager for shared EntityManager invocation
2025-05-24 19:55:48 [main] DEBUG o.s.o.j.SharedEntityManagerCreator$SharedEntityManagerInvocationHandler - Creating new EntityManager for shared EntityManager invocation
2025-05-24 19:55:48 [main] DEBUG o.s.o.j.SharedEntityManagerCreator$SharedEntityManagerInvocationHandler - Creating new EntityManager for shared EntityManager invocation
2025-05-24 19:55:48 [main] DEBUG o.s.o.j.SharedEntityManagerCreator$SharedEntityManagerInvocationHandler - Creating new EntityManager for shared EntityManager invocation
2025-05-24 19:55:48 [main] DEBUG o.s.o.j.SharedEntityManagerCreator$SharedEntityManagerInvocationHandler - Creating new EntityManager for shared EntityManager invocation
2025-05-24 19:55:48 [main] DEBUG o.s.o.j.SharedEntityManagerCreator$SharedEntityManagerInvocationHandler - Creating new EntityManager for shared EntityManager invocation
2025-05-24 19:55:48 [main] INFO  c.a.f.service.NutritionixService - NutritionixService initialized. App ID loaded: true, API Key loaded: true
2025-05-24 19:55:48 [main] DEBUG o.s.o.j.SharedEntityManagerCreator$SharedEntityManagerInvocationHandler - Creating new EntityManager for shared EntityManager invocation
2025-05-24 19:55:48 [main] DEBUG o.s.o.j.SharedEntityManagerCreator$SharedEntityManagerInvocationHandler - Creating new EntityManager for shared EntityManager invocation
2025-05-24 19:55:48 [main] DEBUG o.s.o.j.SharedEntityManagerCreator$SharedEntityManagerInvocationHandler - Creating new EntityManager for shared EntityManager invocation
2025-05-24 19:55:48 [main] DEBUG o.s.o.j.SharedEntityManagerCreator$SharedEntityManagerInvocationHandler - Creating new EntityManager for shared EntityManager invocation
2025-05-24 19:55:48 [main] DEBUG o.s.o.j.SharedEntityManagerCreator$SharedEntityManagerInvocationHandler - Creating new EntityManager for shared EntityManager invocation
2025-05-24 19:55:48 [main] DEBUG o.s.o.j.SharedEntityManagerCreator$SharedEntityManagerInvocationHandler - Creating new EntityManager for shared EntityManager invocation
2025-05-24 19:55:48 [main] DEBUG o.s.o.j.SharedEntityManagerCreator$SharedEntityManagerInvocationHandler - Creating new EntityManager for shared EntityManager invocation
2025-05-24 19:55:48 [main] DEBUG o.s.o.j.SharedEntityManagerCreator$SharedEntityManagerInvocationHandler - Creating new EntityManager for shared EntityManager invocation
2025-05-24 19:55:48 [main] TRACE o.s.t.a.AnnotationTransactionAttributeSource - Adding transactional method 'com.app.fitrack.service.GoalService.createGoal' with attribute: PROPAGATION_REQUIRED,ISOLATION_DEFAULT
2025-05-24 19:55:48 [main] TRACE o.s.t.a.AnnotationTransactionAttributeSource - Adding transactional method 'com.app.fitrack.service.GoalService.deleteGoal' with attribute: PROPAGATION_REQUIRED,ISOLATION_DEFAULT
2025-05-24 19:55:48 [main] TRACE o.s.t.a.AnnotationTransactionAttributeSource - Adding transactional method 'com.app.fitrack.service.GoalService.updateGoalProgress' with attribute: PROPAGATION_REQUIRED,ISOLATION_DEFAULT
2025-05-24 19:55:48 [main] TRACE o.s.t.a.AnnotationTransactionAttributeSource - Adding transactional method 'com.app.fitrack.service.GoalService.archiveGoal' with attribute: PROPAGATION_REQUIRED,ISOLATION_DEFAULT
2025-05-24 19:55:48 [main] TRACE o.s.t.a.AnnotationTransactionAttributeSource - Adding transactional method 'com.app.fitrack.service.GoalService.updateGoalsBasedOnActivity' with attribute: PROPAGATION_REQUIRED,ISOLATION_DEFAULT
2025-05-24 19:55:49 [main] WARN  o.s.b.a.o.j.JpaBaseConfiguration$JpaWebConfiguration - spring.jpa.open-in-view is enabled by default. Therefore, database queries may be performed during view rendering. Explicitly configure spring.jpa.open-in-view to disable this warning
2025-05-24 19:55:49 [main] TRACE o.s.s.c.a.a.c.AuthenticationConfiguration$EnableGlobalAuthenticationAutowiredConfigurer - Eagerly initializing {securityConfig=com.app.fitrack.config.SecurityConfig$$SpringCGLIB$$0@cbbc0ac}
2025-05-24 19:55:49 [main] INFO  o.s.s.c.a.a.c.InitializeUserDetailsBeanManagerConfigurer$InitializeUserDetailsManagerConfigurer - Global AuthenticationManager configured with UserDetailsService bean with name customUserDetailsService
2025-05-24 19:55:49 [main] DEBUG o.s.w.s.m.m.a.RequestMappingHandlerMapping - 50 mappings in 'requestMappingHandlerMapping'
2025-05-24 19:55:49 [main] DEBUG o.s.w.s.h.SimpleUrlHandlerMapping - Patterns [/webjars/**, /**] in 'resourceHandlerMapping'
2025-05-24 19:55:49 [main] INFO  o.s.b.a.e.web.EndpointLinksResolver - Exposing 1 endpoint beneath base path '/actuator'
2025-05-24 19:55:49 [main] DEBUG o.s.s.web.DefaultSecurityFilterChain - Will secure any request with filters: DisableEncodeUrlFilter, WebAsyncManagerIntegrationFilter, SecurityContextHolderFilter, HeaderWriterFilter, CsrfFilter, LogoutFilter, UsernamePasswordAuthenticationFilter, RequestCacheAwareFilter, SecurityContextHolderAwareRequestFilter, AnonymousAuthenticationFilter, ExceptionTranslationFilter, AuthorizationFilter
2025-05-24 19:55:49 [main] DEBUG o.s.w.s.m.m.a.RequestMappingHandlerAdapter - ControllerAdvice beans: 0 @ModelAttribute, 0 @InitBinder, 1 RequestBodyAdvice, 1 ResponseBodyAdvice
2025-05-24 19:55:49 [main] DEBUG o.s.w.s.m.m.a.ExceptionHandlerExceptionResolver - ControllerAdvice beans: 0 @ExceptionHandler, 1 ResponseBodyAdvice
2025-05-24 19:55:50 [main] INFO  c.a.fitrack.FitrackApplicationTests - Started FitrackApplicationTests in 9.189 seconds (process running for 10.528)
2025-05-24 19:55:50 [SpringApplicationShutdownHook] DEBUG o.s.w.c.s.GenericWebApplicationContext - Closing org.springframework.web.context.support.GenericWebApplicationContext@6c000e0c, started on Sat May 24 19:55:41 PST 2025
2025-05-24 19:55:50 [SpringApplicationShutdownHook] INFO  o.s.o.j.LocalContainerEntityManagerFactoryBean - Closing JPA EntityManagerFactory for persistence unit 'default'
2025-05-24 19:55:50 [SpringApplicationShutdownHook] INFO  com.zaxxer.hikari.HikariDataSource - HikariPool-1 - Shutdown initiated...
2025-05-24 19:55:50 [SpringApplicationShutdownHook] INFO  com.zaxxer.hikari.HikariDataSource - HikariPool-1 - Shutdown completed.
2025-05-24 19:58:29 [main] INFO  c.a.fitrack.FitrackApplicationTests - Starting FitrackApplicationTests using Java 19.0.1 with PID 20128 (started by Charlene C. Dilig in C:\Users\Charlene C. Dilig\OneDrive\Documents\Github\Fitrack\fitrack)
2025-05-24 19:58:29 [main] DEBUG c.a.fitrack.FitrackApplicationTests - Running with Spring Boot v3.4.3, Spring v6.2.3
2025-05-24 19:58:29 [main] INFO  c.a.fitrack.FitrackApplicationTests - No active profile set, falling back to 1 default profile: "default"
2025-05-24 19:58:29 [main] DEBUG o.s.w.c.s.GenericWebApplicationContext - Refreshing org.springframework.web.context.support.GenericWebApplicationContext@6c000e0c
2025-05-24 19:58:30 [main] INFO  o.s.d.r.c.RepositoryConfigurationDelegate - Bootstrapping Spring Data JPA repositories in DEFAULT mode.
2025-05-24 19:58:30 [main] INFO  o.s.d.r.c.RepositoryConfigurationDelegate - Finished Spring Data repository scanning in 64 ms. Found 7 JPA repository interfaces.
2025-05-24 19:58:31 [main] DEBUG o.s.o.j.LocalContainerEntityManagerFactoryBean - Building JPA container EntityManagerFactory for persistence unit 'default'
2025-05-24 19:58:31 [main] INFO  o.h.jpa.internal.util.LogHelper - HHH000204: Processing PersistenceUnitInfo [name: default]
2025-05-24 19:58:31 [main] INFO  org.hibernate.Version - HHH000412: Hibernate ORM core version 6.6.8.Final
2025-05-24 19:58:31 [main] INFO  o.h.c.i.RegionFactoryInitiator - HHH000026: Second-level cache disabled
2025-05-24 19:58:31 [main] INFO  o.s.o.j.p.SpringPersistenceUnitInfo - No LoadTimeWeaver setup: ignoring JPA class transformer
2025-05-24 19:58:31 [main] INFO  com.zaxxer.hikari.HikariDataSource - HikariPool-1 - Starting...
2025-05-24 19:58:31 [main] INFO  com.zaxxer.hikari.pool.HikariPool - HikariPool-1 - Added connection com.mysql.cj.jdbc.ConnectionImpl@1534bdc6
2025-05-24 19:58:31 [main] INFO  com.zaxxer.hikari.HikariDataSource - HikariPool-1 - Start completed.
2025-05-24 19:58:31 [main] WARN  org.hibernate.orm.deprecation - HHH90000025: MySQL8Dialect does not need to be specified explicitly using 'hibernate.dialect' (remove the property setting and it will be selected by default)
2025-05-24 19:58:31 [main] WARN  org.hibernate.orm.deprecation - HHH90000026: MySQL8Dialect has been deprecated; use org.hibernate.dialect.MySQLDialect instead
2025-05-24 19:58:31 [main] INFO  o.hibernate.orm.connections.pooling - HHH10001005: Database info:
	Database JDBC URL [Connecting through datasource 'HikariDataSource (HikariPool-1)']
	Database driver: undefined/unknown
	Database version: 8.0
	Autocommit mode: undefined/unknown
	Isolation level: undefined/unknown
	Minimum pool size: undefined/unknown
	Maximum pool size: undefined/unknown
2025-05-24 19:58:31 [main] DEBUG o.h.t.d.sql.spi.DdlTypeRegistry - addDescriptor(12, org.hibernate.type.descriptor.sql.internal.CapacityDependentDdlType@254513e8) replaced previous registration(org.hibernate.type.descriptor.sql.internal.CapacityDependentDdlType@74450c9b)
2025-05-24 19:58:31 [main] DEBUG o.h.t.d.sql.spi.DdlTypeRegistry - addDescriptor(-9, org.hibernate.type.descriptor.sql.internal.CapacityDependentDdlType@74f89bad) replaced previous registration(org.hibernate.type.descriptor.sql.internal.CapacityDependentDdlType@5ad50b02)
2025-05-24 19:58:31 [main] DEBUG o.h.t.d.sql.spi.DdlTypeRegistry - addDescriptor(-3, org.hibernate.type.descriptor.sql.internal.CapacityDependentDdlType@570299e3) replaced previous registration(org.hibernate.type.descriptor.sql.internal.CapacityDependentDdlType@bff764c)
2025-05-24 19:58:31 [main] DEBUG o.h.t.d.sql.spi.DdlTypeRegistry - addDescriptor(4003, org.hibernate.type.descriptor.sql.internal.DdlTypeImpl@3beaa16d) replaced previous registration(org.hibernate.type.descriptor.sql.internal.DdlTypeImpl@49153009)
2025-05-24 19:58:31 [main] DEBUG o.h.t.d.sql.spi.DdlTypeRegistry - addDescriptor(4001, org.hibernate.type.descriptor.sql.internal.DdlTypeImpl@a1b7549) replaced previous registration(org.hibernate.type.descriptor.sql.internal.DdlTypeImpl@7aa63f50)
2025-05-24 19:58:31 [main] DEBUG o.h.t.d.sql.spi.DdlTypeRegistry - addDescriptor(4002, org.hibernate.type.descriptor.sql.internal.DdlTypeImpl@142918a0) replaced previous registration(org.hibernate.type.descriptor.sql.internal.DdlTypeImpl@745cf754)
2025-05-24 19:58:31 [main] DEBUG o.h.t.d.sql.spi.DdlTypeRegistry - addDescriptor(2004, org.hibernate.type.descriptor.sql.internal.CapacityDependentDdlType@25bc65ab) replaced previous registration(org.hibernate.type.descriptor.sql.internal.DdlTypeImpl@6eab92f3)
2025-05-24 19:58:31 [main] DEBUG o.h.t.d.sql.spi.DdlTypeRegistry - addDescriptor(2005, org.hibernate.type.descriptor.sql.internal.CapacityDependentDdlType@321b7b9e) replaced previous registration(org.hibernate.type.descriptor.sql.internal.DdlTypeImpl@21eedcde)
2025-05-24 19:58:31 [main] DEBUG o.h.t.d.sql.spi.DdlTypeRegistry - addDescriptor(2011, org.hibernate.type.descriptor.sql.internal.CapacityDependentDdlType@67396475) replaced previous registration(org.hibernate.type.descriptor.sql.internal.DdlTypeImpl@55b74e6b)
2025-05-24 19:58:32 [main] INFO  o.h.e.t.j.p.i.JtaPlatformInitiator - HHH000489: No JTA platform available (set 'hibernate.transaction.jta.platform' to enable JTA platform integration)
2025-05-24 19:58:32 [main] INFO  o.s.o.j.LocalContainerEntityManagerFactoryBean - Initialized JPA EntityManagerFactory for persistence unit 'default'
2025-05-24 19:58:35 [main] DEBUG o.s.o.j.SharedEntityManagerCreator$SharedEntityManagerInvocationHandler - Creating new EntityManager for shared EntityManager invocation
2025-05-24 19:58:35 [main] DEBUG o.s.o.j.SharedEntityManagerCreator$SharedEntityManagerInvocationHandler - Creating new EntityManager for shared EntityManager invocation
2025-05-24 19:58:35 [main] DEBUG o.s.o.j.SharedEntityManagerCreator$SharedEntityManagerInvocationHandler - Creating new EntityManager for shared EntityManager invocation
2025-05-24 19:58:35 [main] DEBUG o.s.o.j.SharedEntityManagerCreator$SharedEntityManagerInvocationHandler - Creating new EntityManager for shared EntityManager invocation
2025-05-24 19:58:35 [main] INFO  o.s.d.j.r.query.QueryEnhancerFactory - Hibernate is in classpath; If applicable, HQL parser will be used.
2025-05-24 19:58:36 [main] DEBUG o.s.o.j.SharedEntityManagerCreator$SharedEntityManagerInvocationHandler - Creating new EntityManager for shared EntityManager invocation
2025-05-24 19:58:36 [main] DEBUG o.s.o.j.SharedEntityManagerCreator$SharedEntityManagerInvocationHandler - Creating new EntityManager for shared EntityManager invocation
2025-05-24 19:58:36 [main] DEBUG o.s.o.j.SharedEntityManagerCreator$SharedEntityManagerInvocationHandler - Creating new EntityManager for shared EntityManager invocation
2025-05-24 19:58:36 [main] DEBUG o.s.o.j.SharedEntityManagerCreator$SharedEntityManagerInvocationHandler - Creating new EntityManager for shared EntityManager invocation
2025-05-24 19:58:36 [main] DEBUG o.s.o.j.SharedEntityManagerCreator$SharedEntityManagerInvocationHandler - Creating new EntityManager for shared EntityManager invocation
2025-05-24 19:58:36 [main] TRACE o.s.t.a.AnnotationTransactionAttributeSource - Adding transactional method 'com.app.fitrack.service.EmailService.sendPasswordResetEmail' with attribute: PROPAGATION_REQUIRED,ISOLATION_DEFAULT
2025-05-24 19:58:36 [main] TRACE o.s.t.a.AnnotationTransactionAttributeSource - Adding transactional method 'com.app.fitrack.service.EmailService.sendVerificationEmail' with attribute: PROPAGATION_REQUIRED,ISOLATION_DEFAULT
2025-05-24 19:58:36 [main] DEBUG o.s.o.j.SharedEntityManagerCreator$SharedEntityManagerInvocationHandler - Creating new EntityManager for shared EntityManager invocation
2025-05-24 19:58:36 [main] DEBUG o.s.o.j.SharedEntityManagerCreator$SharedEntityManagerInvocationHandler - Creating new EntityManager for shared EntityManager invocation
2025-05-24 19:58:36 [main] DEBUG o.s.o.j.SharedEntityManagerCreator$SharedEntityManagerInvocationHandler - Creating new EntityManager for shared EntityManager invocation
2025-05-24 19:58:36 [main] DEBUG o.s.o.j.SharedEntityManagerCreator$SharedEntityManagerInvocationHandler - Creating new EntityManager for shared EntityManager invocation
2025-05-24 19:58:36 [main] DEBUG o.s.o.j.SharedEntityManagerCreator$SharedEntityManagerInvocationHandler - Creating new EntityManager for shared EntityManager invocation
2025-05-24 19:58:36 [main] DEBUG o.s.o.j.SharedEntityManagerCreator$SharedEntityManagerInvocationHandler - Creating new EntityManager for shared EntityManager invocation
2025-05-24 19:58:36 [main] DEBUG o.s.o.j.SharedEntityManagerCreator$SharedEntityManagerInvocationHandler - Creating new EntityManager for shared EntityManager invocation
2025-05-24 19:58:36 [main] DEBUG o.s.o.j.SharedEntityManagerCreator$SharedEntityManagerInvocationHandler - Creating new EntityManager for shared EntityManager invocation
2025-05-24 19:58:36 [main] DEBUG o.s.o.j.SharedEntityManagerCreator$SharedEntityManagerInvocationHandler - Creating new EntityManager for shared EntityManager invocation
2025-05-24 19:58:36 [main] DEBUG o.s.o.j.SharedEntityManagerCreator$SharedEntityManagerInvocationHandler - Creating new EntityManager for shared EntityManager invocation
2025-05-24 19:58:36 [main] DEBUG o.s.o.j.SharedEntityManagerCreator$SharedEntityManagerInvocationHandler - Creating new EntityManager for shared EntityManager invocation
2025-05-24 19:58:36 [main] TRACE o.s.t.a.AnnotationTransactionAttributeSource - Adding transactional method 'com.app.fitrack.service.UserService.findByEmail' with attribute: PROPAGATION_REQUIRED,ISOLATION_DEFAULT
2025-05-24 19:58:36 [main] TRACE o.s.t.a.AnnotationTransactionAttributeSource - Adding transactional method 'com.app.fitrack.service.UserService.generatePasswordResetToken' with attribute: PROPAGATION_REQUIRED,ISOLATION_DEFAULT
2025-05-24 19:58:36 [main] TRACE o.s.t.a.AnnotationTransactionAttributeSource - Adding transactional method 'com.app.fitrack.service.UserService.resendVerificationCode' with attribute: PROPAGATION_REQUIRED,ISOLATION_DEFAULT
2025-05-24 19:58:36 [main] TRACE o.s.t.a.AnnotationTransactionAttributeSource - Adding transactional method 'com.app.fitrack.service.UserService.getAuthenticatedUser' with attribute: PROPAGATION_REQUIRED,ISOLATION_DEFAULT
2025-05-24 19:58:36 [main] TRACE o.s.t.a.AnnotationTransactionAttributeSource - Adding transactional method 'com.app.fitrack.service.UserService.requestEmailChangeVerification' with attribute: PROPAGATION_REQUIRED,ISOLATION_DEFAULT
2025-05-24 19:58:36 [main] TRACE o.s.t.a.AnnotationTransactionAttributeSource - Adding transactional method 'com.app.fitrack.service.UserService.calculateDynamicActivityFactor' with attribute: PROPAGATION_REQUIRED,ISOLATION_DEFAULT
2025-05-24 19:58:36 [main] TRACE o.s.t.a.AnnotationTransactionAttributeSource - Adding transactional method 'com.app.fitrack.service.UserService.verifyUser' with attribute: PROPAGATION_REQUIRED,ISOLATION_DEFAULT
2025-05-24 19:58:36 [main] TRACE o.s.t.a.AnnotationTransactionAttributeSource - Adding transactional method 'com.app.fitrack.service.UserService.registerUser' with attribute: PROPAGATION_REQUIRED,ISOLATION_DEFAULT
2025-05-24 19:58:36 [main] TRACE o.s.t.a.AnnotationTransactionAttributeSource - Adding transactional method 'com.app.fitrack.service.UserService.createUserProfile' with attribute: PROPAGATION_REQUIRED,ISOLATION_DEFAULT
2025-05-24 19:58:36 [main] TRACE o.s.t.a.AnnotationTransactionAttributeSource - Adding transactional method 'com.app.fitrack.service.UserService.resetPassword' with attribute: PROPAGATION_REQUIRED,ISOLATION_DEFAULT
2025-05-24 19:58:36 [main] TRACE o.s.t.a.AnnotationTransactionAttributeSource - Adding transactional method 'com.app.fitrack.service.UserService.updateUserProfile' with attribute: PROPAGATION_REQUIRED,ISOLATION_DEFAULT
2025-05-24 19:58:36 [main] TRACE o.s.t.a.AnnotationTransactionAttributeSource - Adding transactional method 'com.app.fitrack.service.UserService.saveUser' with attribute: PROPAGATION_REQUIRED,ISOLATION_DEFAULT
2025-05-24 19:58:36 [main] TRACE o.s.t.a.AnnotationTransactionAttributeSource - Adding transactional method 'com.app.fitrack.service.UserService.verifyEmailChange' with attribute: PROPAGATION_REQUIRED,ISOLATION_DEFAULT
2025-05-24 19:58:36 [main] TRACE o.s.t.a.AnnotationTransactionAttributeSource - Adding transactional method 'com.app.fitrack.service.UserService.calculateTDEE' with attribute: PROPAGATION_REQUIRED,ISOLATION_DEFAULT
2025-05-24 19:58:36 [main] TRACE o.s.t.a.AnnotationTransactionAttributeSource - Adding transactional method 'com.app.fitrack.service.UserService.calculateBMR' with attribute: PROPAGATION_REQUIRED,ISOLATION_DEFAULT
2025-05-24 19:58:36 [main] DEBUG o.s.o.j.SharedEntityManagerCreator$SharedEntityManagerInvocationHandler - Creating new EntityManager for shared EntityManager invocation
2025-05-24 19:58:36 [main] DEBUG o.s.o.j.SharedEntityManagerCreator$SharedEntityManagerInvocationHandler - Creating new EntityManager for shared EntityManager invocation
2025-05-24 19:58:36 [main] DEBUG o.s.o.j.SharedEntityManagerCreator$SharedEntityManagerInvocationHandler - Creating new EntityManager for shared EntityManager invocation
2025-05-24 19:58:36 [main] DEBUG o.s.o.j.SharedEntityManagerCreator$SharedEntityManagerInvocationHandler - Creating new EntityManager for shared EntityManager invocation
2025-05-24 19:58:36 [main] DEBUG o.s.o.j.SharedEntityManagerCreator$SharedEntityManagerInvocationHandler - Creating new EntityManager for shared EntityManager invocation
2025-05-24 19:58:36 [main] DEBUG o.s.o.j.SharedEntityManagerCreator$SharedEntityManagerInvocationHandler - Creating new EntityManager for shared EntityManager invocation
2025-05-24 19:58:36 [main] DEBUG o.s.o.j.SharedEntityManagerCreator$SharedEntityManagerInvocationHandler - Creating new EntityManager for shared EntityManager invocation
2025-05-24 19:58:36 [main] DEBUG o.s.o.j.SharedEntityManagerCreator$SharedEntityManagerInvocationHandler - Creating new EntityManager for shared EntityManager invocation
2025-05-24 19:58:36 [main] DEBUG o.s.o.j.SharedEntityManagerCreator$SharedEntityManagerInvocationHandler - Creating new EntityManager for shared EntityManager invocation
2025-05-24 19:58:36 [main] DEBUG o.s.o.j.SharedEntityManagerCreator$SharedEntityManagerInvocationHandler - Creating new EntityManager for shared EntityManager invocation
2025-05-24 19:58:36 [main] DEBUG o.s.o.j.SharedEntityManagerCreator$SharedEntityManagerInvocationHandler - Creating new EntityManager for shared EntityManager invocation
2025-05-24 19:58:36 [main] DEBUG o.s.o.j.SharedEntityManagerCreator$SharedEntityManagerInvocationHandler - Creating new EntityManager for shared EntityManager invocation
2025-05-24 19:58:36 [main] INFO  c.a.f.service.NutritionixService - NutritionixService initialized. App ID loaded: true, API Key loaded: true
2025-05-24 19:58:36 [main] DEBUG o.s.o.j.SharedEntityManagerCreator$SharedEntityManagerInvocationHandler - Creating new EntityManager for shared EntityManager invocation
2025-05-24 19:58:36 [main] DEBUG o.s.o.j.SharedEntityManagerCreator$SharedEntityManagerInvocationHandler - Creating new EntityManager for shared EntityManager invocation
2025-05-24 19:58:36 [main] DEBUG o.s.o.j.SharedEntityManagerCreator$SharedEntityManagerInvocationHandler - Creating new EntityManager for shared EntityManager invocation
2025-05-24 19:58:36 [main] DEBUG o.s.o.j.SharedEntityManagerCreator$SharedEntityManagerInvocationHandler - Creating new EntityManager for shared EntityManager invocation
2025-05-24 19:58:36 [main] DEBUG o.s.o.j.SharedEntityManagerCreator$SharedEntityManagerInvocationHandler - Creating new EntityManager for shared EntityManager invocation
2025-05-24 19:58:36 [main] DEBUG o.s.o.j.SharedEntityManagerCreator$SharedEntityManagerInvocationHandler - Creating new EntityManager for shared EntityManager invocation
2025-05-24 19:58:36 [main] DEBUG o.s.o.j.SharedEntityManagerCreator$SharedEntityManagerInvocationHandler - Creating new EntityManager for shared EntityManager invocation
2025-05-24 19:58:36 [main] DEBUG o.s.o.j.SharedEntityManagerCreator$SharedEntityManagerInvocationHandler - Creating new EntityManager for shared EntityManager invocation
2025-05-24 19:58:36 [main] TRACE o.s.t.a.AnnotationTransactionAttributeSource - Adding transactional method 'com.app.fitrack.service.GoalService.createGoal' with attribute: PROPAGATION_REQUIRED,ISOLATION_DEFAULT
2025-05-24 19:58:36 [main] TRACE o.s.t.a.AnnotationTransactionAttributeSource - Adding transactional method 'com.app.fitrack.service.GoalService.archiveGoal' with attribute: PROPAGATION_REQUIRED,ISOLATION_DEFAULT
2025-05-24 19:58:36 [main] TRACE o.s.t.a.AnnotationTransactionAttributeSource - Adding transactional method 'com.app.fitrack.service.GoalService.updateGoalProgress' with attribute: PROPAGATION_REQUIRED,ISOLATION_DEFAULT
2025-05-24 19:58:36 [main] TRACE o.s.t.a.AnnotationTransactionAttributeSource - Adding transactional method 'com.app.fitrack.service.GoalService.deleteGoal' with attribute: PROPAGATION_REQUIRED,ISOLATION_DEFAULT
2025-05-24 19:58:36 [main] TRACE o.s.t.a.AnnotationTransactionAttributeSource - Adding transactional method 'com.app.fitrack.service.GoalService.updateGoalsBasedOnActivity' with attribute: PROPAGATION_REQUIRED,ISOLATION_DEFAULT
2025-05-24 19:58:36 [main] WARN  o.s.b.a.o.j.JpaBaseConfiguration$JpaWebConfiguration - spring.jpa.open-in-view is enabled by default. Therefore, database queries may be performed during view rendering. Explicitly configure spring.jpa.open-in-view to disable this warning
2025-05-24 19:58:37 [main] TRACE o.s.s.c.a.a.c.AuthenticationConfiguration$EnableGlobalAuthenticationAutowiredConfigurer - Eagerly initializing {securityConfig=com.app.fitrack.config.SecurityConfig$$SpringCGLIB$$0@787073b3}
2025-05-24 19:58:37 [main] INFO  o.s.s.c.a.a.c.InitializeUserDetailsBeanManagerConfigurer$InitializeUserDetailsManagerConfigurer - Global AuthenticationManager configured with UserDetailsService bean with name customUserDetailsService
2025-05-24 19:58:37 [main] DEBUG o.s.w.s.m.m.a.RequestMappingHandlerMapping - 50 mappings in 'requestMappingHandlerMapping'
2025-05-24 19:58:37 [main] DEBUG o.s.w.s.h.SimpleUrlHandlerMapping - Patterns [/webjars/**, /**] in 'resourceHandlerMapping'
2025-05-24 19:58:37 [main] INFO  o.s.b.a.e.web.EndpointLinksResolver - Exposing 1 endpoint beneath base path '/actuator'
2025-05-24 19:58:37 [main] DEBUG o.s.s.web.DefaultSecurityFilterChain - Will secure any request with filters: DisableEncodeUrlFilter, WebAsyncManagerIntegrationFilter, SecurityContextHolderFilter, HeaderWriterFilter, CsrfFilter, LogoutFilter, UsernamePasswordAuthenticationFilter, RequestCacheAwareFilter, SecurityContextHolderAwareRequestFilter, AnonymousAuthenticationFilter, ExceptionTranslationFilter, AuthorizationFilter
2025-05-24 19:58:37 [main] DEBUG o.s.w.s.m.m.a.RequestMappingHandlerAdapter - ControllerAdvice beans: 0 @ModelAttribute, 0 @InitBinder, 1 RequestBodyAdvice, 1 ResponseBodyAdvice
2025-05-24 19:58:37 [main] DEBUG o.s.w.s.m.m.a.ExceptionHandlerExceptionResolver - ControllerAdvice beans: 0 @ExceptionHandler, 1 ResponseBodyAdvice
2025-05-24 19:58:38 [main] INFO  c.a.fitrack.FitrackApplicationTests - Started FitrackApplicationTests in 8.853 seconds (process running for 9.799)
2025-05-24 19:58:38 [SpringApplicationShutdownHook] DEBUG o.s.w.c.s.GenericWebApplicationContext - Closing org.springframework.web.context.support.GenericWebApplicationContext@6c000e0c, started on Sat May 24 19:58:29 PST 2025
2025-05-24 19:58:38 [SpringApplicationShutdownHook] INFO  o.s.o.j.LocalContainerEntityManagerFactoryBean - Closing JPA EntityManagerFactory for persistence unit 'default'
2025-05-24 19:58:38 [SpringApplicationShutdownHook] INFO  com.zaxxer.hikari.HikariDataSource - HikariPool-1 - Shutdown initiated...
2025-05-24 19:58:38 [SpringApplicationShutdownHook] INFO  com.zaxxer.hikari.HikariDataSource - HikariPool-1 - Shutdown completed.
2025-05-24 20:01:01 [main] INFO  c.a.fitrack.FitrackApplicationTests - Starting FitrackApplicationTests using Java 19.0.1 with PID 25824 (started by Charlene C. Dilig in C:\Users\Charlene C. Dilig\OneDrive\Documents\Github\Fitrack\fitrack)
2025-05-24 20:01:01 [main] DEBUG c.a.fitrack.FitrackApplicationTests - Running with Spring Boot v3.4.3, Spring v6.2.3
2025-05-24 20:01:01 [main] INFO  c.a.fitrack.FitrackApplicationTests - No active profile set, falling back to 1 default profile: "default"
2025-05-24 20:01:01 [main] DEBUG o.s.w.c.s.GenericWebApplicationContext - Refreshing org.springframework.web.context.support.GenericWebApplicationContext@6c000e0c
2025-05-24 20:01:02 [main] INFO  o.s.d.r.c.RepositoryConfigurationDelegate - Bootstrapping Spring Data JPA repositories in DEFAULT mode.
2025-05-24 20:01:02 [main] INFO  o.s.d.r.c.RepositoryConfigurationDelegate - Finished Spring Data repository scanning in 63 ms. Found 7 JPA repository interfaces.
2025-05-24 20:01:02 [main] DEBUG o.s.o.j.LocalContainerEntityManagerFactoryBean - Building JPA container EntityManagerFactory for persistence unit 'default'
2025-05-24 20:01:02 [main] INFO  o.h.jpa.internal.util.LogHelper - HHH000204: Processing PersistenceUnitInfo [name: default]
2025-05-24 20:01:02 [main] INFO  org.hibernate.Version - HHH000412: Hibernate ORM core version 6.6.8.Final
2025-05-24 20:01:03 [main] INFO  o.h.c.i.RegionFactoryInitiator - HHH000026: Second-level cache disabled
2025-05-24 20:01:03 [main] INFO  o.s.o.j.p.SpringPersistenceUnitInfo - No LoadTimeWeaver setup: ignoring JPA class transformer
2025-05-24 20:01:03 [main] INFO  com.zaxxer.hikari.HikariDataSource - HikariPool-1 - Starting...
2025-05-24 20:01:03 [main] INFO  com.zaxxer.hikari.pool.HikariPool - HikariPool-1 - Added connection com.mysql.cj.jdbc.ConnectionImpl@190bf8e4
2025-05-24 20:01:03 [main] INFO  com.zaxxer.hikari.HikariDataSource - HikariPool-1 - Start completed.
2025-05-24 20:01:03 [main] WARN  org.hibernate.orm.deprecation - HHH90000025: MySQL8Dialect does not need to be specified explicitly using 'hibernate.dialect' (remove the property setting and it will be selected by default)
2025-05-24 20:01:03 [main] WARN  org.hibernate.orm.deprecation - HHH90000026: MySQL8Dialect has been deprecated; use org.hibernate.dialect.MySQLDialect instead
2025-05-24 20:01:03 [main] INFO  o.hibernate.orm.connections.pooling - HHH10001005: Database info:
	Database JDBC URL [Connecting through datasource 'HikariDataSource (HikariPool-1)']
	Database driver: undefined/unknown
	Database version: 8.0
	Autocommit mode: undefined/unknown
	Isolation level: undefined/unknown
	Minimum pool size: undefined/unknown
	Maximum pool size: undefined/unknown
2025-05-24 20:01:03 [main] DEBUG o.h.t.d.sql.spi.DdlTypeRegistry - addDescriptor(12, org.hibernate.type.descriptor.sql.internal.CapacityDependentDdlType@49153009) replaced previous registration(org.hibernate.type.descriptor.sql.internal.CapacityDependentDdlType@a1b7549)
2025-05-24 20:01:03 [main] DEBUG o.h.t.d.sql.spi.DdlTypeRegistry - addDescriptor(-9, org.hibernate.type.descriptor.sql.internal.CapacityDependentDdlType@7aa63f50) replaced previous registration(org.hibernate.type.descriptor.sql.internal.CapacityDependentDdlType@142918a0)
2025-05-24 20:01:03 [main] DEBUG o.h.t.d.sql.spi.DdlTypeRegistry - addDescriptor(-3, org.hibernate.type.descriptor.sql.internal.CapacityDependentDdlType@745cf754) replaced previous registration(org.hibernate.type.descriptor.sql.internal.CapacityDependentDdlType@25bc65ab)
2025-05-24 20:01:03 [main] DEBUG o.h.t.d.sql.spi.DdlTypeRegistry - addDescriptor(4003, org.hibernate.type.descriptor.sql.internal.DdlTypeImpl@6eab92f3) replaced previous registration(org.hibernate.type.descriptor.sql.internal.DdlTypeImpl@321b7b9e)
2025-05-24 20:01:03 [main] DEBUG o.h.t.d.sql.spi.DdlTypeRegistry - addDescriptor(4001, org.hibernate.type.descriptor.sql.internal.DdlTypeImpl@21eedcde) replaced previous registration(org.hibernate.type.descriptor.sql.internal.DdlTypeImpl@67396475)
2025-05-24 20:01:03 [main] DEBUG o.h.t.d.sql.spi.DdlTypeRegistry - addDescriptor(4002, org.hibernate.type.descriptor.sql.internal.DdlTypeImpl@55b74e6b) replaced previous registration(org.hibernate.type.descriptor.sql.internal.DdlTypeImpl@3c1908c8)
2025-05-24 20:01:03 [main] DEBUG o.h.t.d.sql.spi.DdlTypeRegistry - addDescriptor(2004, org.hibernate.type.descriptor.sql.internal.CapacityDependentDdlType@6bc62bb9) replaced previous registration(org.hibernate.type.descriptor.sql.internal.DdlTypeImpl@47f0e078)
2025-05-24 20:01:03 [main] DEBUG o.h.t.d.sql.spi.DdlTypeRegistry - addDescriptor(2005, org.hibernate.type.descriptor.sql.internal.CapacityDependentDdlType@28db2afb) replaced previous registration(org.hibernate.type.descriptor.sql.internal.DdlTypeImpl@5c703860)
2025-05-24 20:01:03 [main] DEBUG o.h.t.d.sql.spi.DdlTypeRegistry - addDescriptor(2011, org.hibernate.type.descriptor.sql.internal.CapacityDependentDdlType@6315bb4) replaced previous registration(org.hibernate.type.descriptor.sql.internal.DdlTypeImpl@4682882a)
2025-05-24 20:01:04 [main] INFO  o.h.e.t.j.p.i.JtaPlatformInitiator - HHH000489: No JTA platform available (set 'hibernate.transaction.jta.platform' to enable JTA platform integration)
2025-05-24 20:01:04 [main] INFO  o.s.o.j.LocalContainerEntityManagerFactoryBean - Initialized JPA EntityManagerFactory for persistence unit 'default'
2025-05-24 20:01:07 [main] DEBUG o.s.o.j.SharedEntityManagerCreator$SharedEntityManagerInvocationHandler - Creating new EntityManager for shared EntityManager invocation
2025-05-24 20:01:07 [main] DEBUG o.s.o.j.SharedEntityManagerCreator$SharedEntityManagerInvocationHandler - Creating new EntityManager for shared EntityManager invocation
2025-05-24 20:01:07 [main] DEBUG o.s.o.j.SharedEntityManagerCreator$SharedEntityManagerInvocationHandler - Creating new EntityManager for shared EntityManager invocation
2025-05-24 20:01:07 [main] DEBUG o.s.o.j.SharedEntityManagerCreator$SharedEntityManagerInvocationHandler - Creating new EntityManager for shared EntityManager invocation
2025-05-24 20:01:07 [main] INFO  o.s.d.j.r.query.QueryEnhancerFactory - Hibernate is in classpath; If applicable, HQL parser will be used.
2025-05-24 20:01:08 [main] DEBUG o.s.o.j.SharedEntityManagerCreator$SharedEntityManagerInvocationHandler - Creating new EntityManager for shared EntityManager invocation
2025-05-24 20:01:08 [main] DEBUG o.s.o.j.SharedEntityManagerCreator$SharedEntityManagerInvocationHandler - Creating new EntityManager for shared EntityManager invocation
2025-05-24 20:01:08 [main] DEBUG o.s.o.j.SharedEntityManagerCreator$SharedEntityManagerInvocationHandler - Creating new EntityManager for shared EntityManager invocation
2025-05-24 20:01:08 [main] DEBUG o.s.o.j.SharedEntityManagerCreator$SharedEntityManagerInvocationHandler - Creating new EntityManager for shared EntityManager invocation
2025-05-24 20:01:08 [main] DEBUG o.s.o.j.SharedEntityManagerCreator$SharedEntityManagerInvocationHandler - Creating new EntityManager for shared EntityManager invocation
2025-05-24 20:01:08 [main] TRACE o.s.t.a.AnnotationTransactionAttributeSource - Adding transactional method 'com.app.fitrack.service.EmailService.sendVerificationEmail' with attribute: PROPAGATION_REQUIRED,ISOLATION_DEFAULT
2025-05-24 20:01:08 [main] TRACE o.s.t.a.AnnotationTransactionAttributeSource - Adding transactional method 'com.app.fitrack.service.EmailService.sendPasswordResetEmail' with attribute: PROPAGATION_REQUIRED,ISOLATION_DEFAULT
2025-05-24 20:01:08 [main] DEBUG o.s.o.j.SharedEntityManagerCreator$SharedEntityManagerInvocationHandler - Creating new EntityManager for shared EntityManager invocation
2025-05-24 20:01:08 [main] DEBUG o.s.o.j.SharedEntityManagerCreator$SharedEntityManagerInvocationHandler - Creating new EntityManager for shared EntityManager invocation
2025-05-24 20:01:08 [main] DEBUG o.s.o.j.SharedEntityManagerCreator$SharedEntityManagerInvocationHandler - Creating new EntityManager for shared EntityManager invocation
2025-05-24 20:01:08 [main] DEBUG o.s.o.j.SharedEntityManagerCreator$SharedEntityManagerInvocationHandler - Creating new EntityManager for shared EntityManager invocation
2025-05-24 20:01:08 [main] DEBUG o.s.o.j.SharedEntityManagerCreator$SharedEntityManagerInvocationHandler - Creating new EntityManager for shared EntityManager invocation
2025-05-24 20:01:08 [main] DEBUG o.s.o.j.SharedEntityManagerCreator$SharedEntityManagerInvocationHandler - Creating new EntityManager for shared EntityManager invocation
2025-05-24 20:01:08 [main] DEBUG o.s.o.j.SharedEntityManagerCreator$SharedEntityManagerInvocationHandler - Creating new EntityManager for shared EntityManager invocation
2025-05-24 20:01:08 [main] DEBUG o.s.o.j.SharedEntityManagerCreator$SharedEntityManagerInvocationHandler - Creating new EntityManager for shared EntityManager invocation
2025-05-24 20:01:08 [main] DEBUG o.s.o.j.SharedEntityManagerCreator$SharedEntityManagerInvocationHandler - Creating new EntityManager for shared EntityManager invocation
2025-05-24 20:01:08 [main] DEBUG o.s.o.j.SharedEntityManagerCreator$SharedEntityManagerInvocationHandler - Creating new EntityManager for shared EntityManager invocation
2025-05-24 20:01:08 [main] DEBUG o.s.o.j.SharedEntityManagerCreator$SharedEntityManagerInvocationHandler - Creating new EntityManager for shared EntityManager invocation
2025-05-24 20:01:08 [main] TRACE o.s.t.a.AnnotationTransactionAttributeSource - Adding transactional method 'com.app.fitrack.service.UserService.findByEmail' with attribute: PROPAGATION_REQUIRED,ISOLATION_DEFAULT
2025-05-24 20:01:08 [main] TRACE o.s.t.a.AnnotationTransactionAttributeSource - Adding transactional method 'com.app.fitrack.service.UserService.resetPassword' with attribute: PROPAGATION_REQUIRED,ISOLATION_DEFAULT
2025-05-24 20:01:08 [main] TRACE o.s.t.a.AnnotationTransactionAttributeSource - Adding transactional method 'com.app.fitrack.service.UserService.createUserProfile' with attribute: PROPAGATION_REQUIRED,ISOLATION_DEFAULT
2025-05-24 20:01:08 [main] TRACE o.s.t.a.AnnotationTransactionAttributeSource - Adding transactional method 'com.app.fitrack.service.UserService.registerUser' with attribute: PROPAGATION_REQUIRED,ISOLATION_DEFAULT
2025-05-24 20:01:08 [main] TRACE o.s.t.a.AnnotationTransactionAttributeSource - Adding transactional method 'com.app.fitrack.service.UserService.verifyUser' with attribute: PROPAGATION_REQUIRED,ISOLATION_DEFAULT
2025-05-24 20:01:08 [main] TRACE o.s.t.a.AnnotationTransactionAttributeSource - Adding transactional method 'com.app.fitrack.service.UserService.saveUser' with attribute: PROPAGATION_REQUIRED,ISOLATION_DEFAULT
2025-05-24 20:01:08 [main] TRACE o.s.t.a.AnnotationTransactionAttributeSource - Adding transactional method 'com.app.fitrack.service.UserService.updateUserProfile' with attribute: PROPAGATION_REQUIRED,ISOLATION_DEFAULT
2025-05-24 20:01:08 [main] TRACE o.s.t.a.AnnotationTransactionAttributeSource - Adding transactional method 'com.app.fitrack.service.UserService.verifyEmailChange' with attribute: PROPAGATION_REQUIRED,ISOLATION_DEFAULT
2025-05-24 20:01:08 [main] TRACE o.s.t.a.AnnotationTransactionAttributeSource - Adding transactional method 'com.app.fitrack.service.UserService.requestEmailChangeVerification' with attribute: PROPAGATION_REQUIRED,ISOLATION_DEFAULT
2025-05-24 20:01:08 [main] TRACE o.s.t.a.AnnotationTransactionAttributeSource - Adding transactional method 'com.app.fitrack.service.UserService.generatePasswordResetToken' with attribute: PROPAGATION_REQUIRED,ISOLATION_DEFAULT
2025-05-24 20:01:08 [main] TRACE o.s.t.a.AnnotationTransactionAttributeSource - Adding transactional method 'com.app.fitrack.service.UserService.resendVerificationCode' with attribute: PROPAGATION_REQUIRED,ISOLATION_DEFAULT
2025-05-24 20:01:08 [main] TRACE o.s.t.a.AnnotationTransactionAttributeSource - Adding transactional method 'com.app.fitrack.service.UserService.getAuthenticatedUser' with attribute: PROPAGATION_REQUIRED,ISOLATION_DEFAULT
2025-05-24 20:01:08 [main] TRACE o.s.t.a.AnnotationTransactionAttributeSource - Adding transactional method 'com.app.fitrack.service.UserService.calculateDynamicActivityFactor' with attribute: PROPAGATION_REQUIRED,ISOLATION_DEFAULT
2025-05-24 20:01:08 [main] TRACE o.s.t.a.AnnotationTransactionAttributeSource - Adding transactional method 'com.app.fitrack.service.UserService.calculateTDEE' with attribute: PROPAGATION_REQUIRED,ISOLATION_DEFAULT
2025-05-24 20:01:08 [main] TRACE o.s.t.a.AnnotationTransactionAttributeSource - Adding transactional method 'com.app.fitrack.service.UserService.calculateBMR' with attribute: PROPAGATION_REQUIRED,ISOLATION_DEFAULT
2025-05-24 20:01:08 [main] DEBUG o.s.o.j.SharedEntityManagerCreator$SharedEntityManagerInvocationHandler - Creating new EntityManager for shared EntityManager invocation
2025-05-24 20:01:08 [main] DEBUG o.s.o.j.SharedEntityManagerCreator$SharedEntityManagerInvocationHandler - Creating new EntityManager for shared EntityManager invocation
2025-05-24 20:01:08 [main] DEBUG o.s.o.j.SharedEntityManagerCreator$SharedEntityManagerInvocationHandler - Creating new EntityManager for shared EntityManager invocation
2025-05-24 20:01:08 [main] DEBUG o.s.o.j.SharedEntityManagerCreator$SharedEntityManagerInvocationHandler - Creating new EntityManager for shared EntityManager invocation
2025-05-24 20:01:08 [main] DEBUG o.s.o.j.SharedEntityManagerCreator$SharedEntityManagerInvocationHandler - Creating new EntityManager for shared EntityManager invocation
2025-05-24 20:01:08 [main] DEBUG o.s.o.j.SharedEntityManagerCreator$SharedEntityManagerInvocationHandler - Creating new EntityManager for shared EntityManager invocation
2025-05-24 20:01:08 [main] DEBUG o.s.o.j.SharedEntityManagerCreator$SharedEntityManagerInvocationHandler - Creating new EntityManager for shared EntityManager invocation
2025-05-24 20:01:08 [main] DEBUG o.s.o.j.SharedEntityManagerCreator$SharedEntityManagerInvocationHandler - Creating new EntityManager for shared EntityManager invocation
2025-05-24 20:01:08 [main] DEBUG o.s.o.j.SharedEntityManagerCreator$SharedEntityManagerInvocationHandler - Creating new EntityManager for shared EntityManager invocation
2025-05-24 20:01:08 [main] DEBUG o.s.o.j.SharedEntityManagerCreator$SharedEntityManagerInvocationHandler - Creating new EntityManager for shared EntityManager invocation
2025-05-24 20:01:08 [main] DEBUG o.s.o.j.SharedEntityManagerCreator$SharedEntityManagerInvocationHandler - Creating new EntityManager for shared EntityManager invocation
2025-05-24 20:01:08 [main] DEBUG o.s.o.j.SharedEntityManagerCreator$SharedEntityManagerInvocationHandler - Creating new EntityManager for shared EntityManager invocation
2025-05-24 20:01:08 [main] INFO  c.a.f.service.NutritionixService - NutritionixService initialized. App ID loaded: true, API Key loaded: true
2025-05-24 20:01:08 [main] DEBUG o.s.o.j.SharedEntityManagerCreator$SharedEntityManagerInvocationHandler - Creating new EntityManager for shared EntityManager invocation
2025-05-24 20:01:08 [main] DEBUG o.s.o.j.SharedEntityManagerCreator$SharedEntityManagerInvocationHandler - Creating new EntityManager for shared EntityManager invocation
2025-05-24 20:01:08 [main] DEBUG o.s.o.j.SharedEntityManagerCreator$SharedEntityManagerInvocationHandler - Creating new EntityManager for shared EntityManager invocation
2025-05-24 20:01:08 [main] DEBUG o.s.o.j.SharedEntityManagerCreator$SharedEntityManagerInvocationHandler - Creating new EntityManager for shared EntityManager invocation
2025-05-24 20:01:08 [main] DEBUG o.s.o.j.SharedEntityManagerCreator$SharedEntityManagerInvocationHandler - Creating new EntityManager for shared EntityManager invocation
2025-05-24 20:01:08 [main] DEBUG o.s.o.j.SharedEntityManagerCreator$SharedEntityManagerInvocationHandler - Creating new EntityManager for shared EntityManager invocation
2025-05-24 20:01:08 [main] DEBUG o.s.o.j.SharedEntityManagerCreator$SharedEntityManagerInvocationHandler - Creating new EntityManager for shared EntityManager invocation
2025-05-24 20:01:08 [main] DEBUG o.s.o.j.SharedEntityManagerCreator$SharedEntityManagerInvocationHandler - Creating new EntityManager for shared EntityManager invocation
2025-05-24 20:01:08 [main] TRACE o.s.t.a.AnnotationTransactionAttributeSource - Adding transactional method 'com.app.fitrack.service.GoalService.createGoal' with attribute: PROPAGATION_REQUIRED,ISOLATION_DEFAULT
2025-05-24 20:01:08 [main] TRACE o.s.t.a.AnnotationTransactionAttributeSource - Adding transactional method 'com.app.fitrack.service.GoalService.updateGoalProgress' with attribute: PROPAGATION_REQUIRED,ISOLATION_DEFAULT
2025-05-24 20:01:08 [main] TRACE o.s.t.a.AnnotationTransactionAttributeSource - Adding transactional method 'com.app.fitrack.service.GoalService.deleteGoal' with attribute: PROPAGATION_REQUIRED,ISOLATION_DEFAULT
2025-05-24 20:01:08 [main] TRACE o.s.t.a.AnnotationTransactionAttributeSource - Adding transactional method 'com.app.fitrack.service.GoalService.archiveGoal' with attribute: PROPAGATION_REQUIRED,ISOLATION_DEFAULT
2025-05-24 20:01:08 [main] TRACE o.s.t.a.AnnotationTransactionAttributeSource - Adding transactional method 'com.app.fitrack.service.GoalService.updateGoalsBasedOnActivity' with attribute: PROPAGATION_REQUIRED,ISOLATION_DEFAULT
2025-05-24 20:01:08 [main] WARN  o.s.b.a.o.j.JpaBaseConfiguration$JpaWebConfiguration - spring.jpa.open-in-view is enabled by default. Therefore, database queries may be performed during view rendering. Explicitly configure spring.jpa.open-in-view to disable this warning
2025-05-24 20:01:08 [main] TRACE o.s.s.c.a.a.c.AuthenticationConfiguration$EnableGlobalAuthenticationAutowiredConfigurer - Eagerly initializing {securityConfig=com.app.fitrack.config.SecurityConfig$$SpringCGLIB$$0@5816fd13}
2025-05-24 20:01:08 [main] INFO  o.s.s.c.a.a.c.InitializeUserDetailsBeanManagerConfigurer$InitializeUserDetailsManagerConfigurer - Global AuthenticationManager configured with UserDetailsService bean with name customUserDetailsService
2025-05-24 20:01:09 [main] DEBUG o.s.w.s.m.m.a.RequestMappingHandlerMapping - 50 mappings in 'requestMappingHandlerMapping'
2025-05-24 20:01:09 [main] DEBUG o.s.w.s.h.SimpleUrlHandlerMapping - Patterns [/webjars/**, /**] in 'resourceHandlerMapping'
2025-05-24 20:01:09 [main] INFO  o.s.b.a.e.web.EndpointLinksResolver - Exposing 1 endpoint beneath base path '/actuator'
2025-05-24 20:01:09 [main] DEBUG o.s.s.web.DefaultSecurityFilterChain - Will secure any request with filters: DisableEncodeUrlFilter, WebAsyncManagerIntegrationFilter, SecurityContextHolderFilter, HeaderWriterFilter, CsrfFilter, LogoutFilter, UsernamePasswordAuthenticationFilter, RequestCacheAwareFilter, SecurityContextHolderAwareRequestFilter, AnonymousAuthenticationFilter, ExceptionTranslationFilter, AuthorizationFilter
2025-05-24 20:01:09 [main] DEBUG o.s.w.s.m.m.a.RequestMappingHandlerAdapter - ControllerAdvice beans: 0 @ModelAttribute, 0 @InitBinder, 1 RequestBodyAdvice, 1 ResponseBodyAdvice
2025-05-24 20:01:09 [main] DEBUG o.s.w.s.m.m.a.ExceptionHandlerExceptionResolver - ControllerAdvice beans: 0 @ExceptionHandler, 1 ResponseBodyAdvice
2025-05-24 20:01:10 [main] INFO  c.a.fitrack.FitrackApplicationTests - Started FitrackApplicationTests in 9.355 seconds (process running for 10.305)
2025-05-24 20:01:10 [SpringApplicationShutdownHook] DEBUG o.s.w.c.s.GenericWebApplicationContext - Closing org.springframework.web.context.support.GenericWebApplicationContext@6c000e0c, started on Sat May 24 20:01:01 PST 2025
2025-05-24 20:01:10 [SpringApplicationShutdownHook] INFO  o.s.o.j.LocalContainerEntityManagerFactoryBean - Closing JPA EntityManagerFactory for persistence unit 'default'
2025-05-24 20:01:10 [SpringApplicationShutdownHook] INFO  com.zaxxer.hikari.HikariDataSource - HikariPool-1 - Shutdown initiated...
2025-05-24 20:01:10 [SpringApplicationShutdownHook] INFO  com.zaxxer.hikari.HikariDataSource - HikariPool-1 - Shutdown completed.
2025-05-24 20:03:30 [main] INFO  c.a.fitrack.FitrackApplicationTests - Starting FitrackApplicationTests using Java 19.0.1 with PID 20656 (started by Charlene C. Dilig in C:\Users\Charlene C. Dilig\OneDrive\Documents\Github\Fitrack\fitrack)
2025-05-24 20:03:30 [main] DEBUG c.a.fitrack.FitrackApplicationTests - Running with Spring Boot v3.4.3, Spring v6.2.3
2025-05-24 20:03:30 [main] INFO  c.a.fitrack.FitrackApplicationTests - No active profile set, falling back to 1 default profile: "default"
2025-05-24 20:03:30 [main] DEBUG o.s.w.c.s.GenericWebApplicationContext - Refreshing org.springframework.web.context.support.GenericWebApplicationContext@6c000e0c
2025-05-24 20:03:31 [main] INFO  o.s.d.r.c.RepositoryConfigurationDelegate - Bootstrapping Spring Data JPA repositories in DEFAULT mode.
2025-05-24 20:03:31 [main] INFO  o.s.d.r.c.RepositoryConfigurationDelegate - Finished Spring Data repository scanning in 56 ms. Found 7 JPA repository interfaces.
2025-05-24 20:03:31 [main] DEBUG o.s.o.j.LocalContainerEntityManagerFactoryBean - Building JPA container EntityManagerFactory for persistence unit 'default'
2025-05-24 20:03:31 [main] INFO  o.h.jpa.internal.util.LogHelper - HHH000204: Processing PersistenceUnitInfo [name: default]
2025-05-24 20:03:31 [main] INFO  org.hibernate.Version - HHH000412: Hibernate ORM core version 6.6.8.Final
2025-05-24 20:03:31 [main] INFO  o.h.c.i.RegionFactoryInitiator - HHH000026: Second-level cache disabled
2025-05-24 20:03:32 [main] INFO  o.s.o.j.p.SpringPersistenceUnitInfo - No LoadTimeWeaver setup: ignoring JPA class transformer
2025-05-24 20:03:32 [main] INFO  com.zaxxer.hikari.HikariDataSource - HikariPool-1 - Starting...
2025-05-24 20:03:32 [main] INFO  com.zaxxer.hikari.pool.HikariPool - HikariPool-1 - Added connection com.mysql.cj.jdbc.ConnectionImpl@d229912
2025-05-24 20:03:32 [main] INFO  com.zaxxer.hikari.HikariDataSource - HikariPool-1 - Start completed.
2025-05-24 20:03:32 [main] WARN  org.hibernate.orm.deprecation - HHH90000025: MySQL8Dialect does not need to be specified explicitly using 'hibernate.dialect' (remove the property setting and it will be selected by default)
2025-05-24 20:03:32 [main] WARN  org.hibernate.orm.deprecation - HHH90000026: MySQL8Dialect has been deprecated; use org.hibernate.dialect.MySQLDialect instead
2025-05-24 20:03:32 [main] INFO  o.hibernate.orm.connections.pooling - HHH10001005: Database info:
	Database JDBC URL [Connecting through datasource 'HikariDataSource (HikariPool-1)']
	Database driver: undefined/unknown
	Database version: 8.0
	Autocommit mode: undefined/unknown
	Isolation level: undefined/unknown
	Minimum pool size: undefined/unknown
	Maximum pool size: undefined/unknown
2025-05-24 20:03:32 [main] DEBUG o.h.t.d.sql.spi.DdlTypeRegistry - addDescriptor(12, org.hibernate.type.descriptor.sql.internal.CapacityDependentDdlType@7aa63f50) replaced previous registration(org.hibernate.type.descriptor.sql.internal.CapacityDependentDdlType@142918a0)
2025-05-24 20:03:32 [main] DEBUG o.h.t.d.sql.spi.DdlTypeRegistry - addDescriptor(-9, org.hibernate.type.descriptor.sql.internal.CapacityDependentDdlType@745cf754) replaced previous registration(org.hibernate.type.descriptor.sql.internal.CapacityDependentDdlType@25bc65ab)
2025-05-24 20:03:32 [main] DEBUG o.h.t.d.sql.spi.DdlTypeRegistry - addDescriptor(-3, org.hibernate.type.descriptor.sql.internal.CapacityDependentDdlType@6eab92f3) replaced previous registration(org.hibernate.type.descriptor.sql.internal.CapacityDependentDdlType@321b7b9e)
2025-05-24 20:03:32 [main] DEBUG o.h.t.d.sql.spi.DdlTypeRegistry - addDescriptor(4003, org.hibernate.type.descriptor.sql.internal.DdlTypeImpl@21eedcde) replaced previous registration(org.hibernate.type.descriptor.sql.internal.DdlTypeImpl@67396475)
2025-05-24 20:03:32 [main] DEBUG o.h.t.d.sql.spi.DdlTypeRegistry - addDescriptor(4001, org.hibernate.type.descriptor.sql.internal.DdlTypeImpl@55b74e6b) replaced previous registration(org.hibernate.type.descriptor.sql.internal.DdlTypeImpl@3c1908c8)
2025-05-24 20:03:32 [main] DEBUG o.h.t.d.sql.spi.DdlTypeRegistry - addDescriptor(4002, org.hibernate.type.descriptor.sql.internal.DdlTypeImpl@6bc62bb9) replaced previous registration(org.hibernate.type.descriptor.sql.internal.DdlTypeImpl@47f0e078)
2025-05-24 20:03:32 [main] DEBUG o.h.t.d.sql.spi.DdlTypeRegistry - addDescriptor(2004, org.hibernate.type.descriptor.sql.internal.CapacityDependentDdlType@28db2afb) replaced previous registration(org.hibernate.type.descriptor.sql.internal.DdlTypeImpl@5c703860)
2025-05-24 20:03:32 [main] DEBUG o.h.t.d.sql.spi.DdlTypeRegistry - addDescriptor(2005, org.hibernate.type.descriptor.sql.internal.CapacityDependentDdlType@6315bb4) replaced previous registration(org.hibernate.type.descriptor.sql.internal.DdlTypeImpl@4682882a)
2025-05-24 20:03:32 [main] DEBUG o.h.t.d.sql.spi.DdlTypeRegistry - addDescriptor(2011, org.hibernate.type.descriptor.sql.internal.CapacityDependentDdlType@37fffef3) replaced previous registration(org.hibernate.type.descriptor.sql.internal.DdlTypeImpl@6a116354)
2025-05-24 20:03:33 [main] INFO  o.h.e.t.j.p.i.JtaPlatformInitiator - HHH000489: No JTA platform available (set 'hibernate.transaction.jta.platform' to enable JTA platform integration)
2025-05-24 20:03:33 [main] INFO  o.s.o.j.LocalContainerEntityManagerFactoryBean - Initialized JPA EntityManagerFactory for persistence unit 'default'
2025-05-24 20:03:36 [main] DEBUG o.s.o.j.SharedEntityManagerCreator$SharedEntityManagerInvocationHandler - Creating new EntityManager for shared EntityManager invocation
2025-05-24 20:03:36 [main] DEBUG o.s.o.j.SharedEntityManagerCreator$SharedEntityManagerInvocationHandler - Creating new EntityManager for shared EntityManager invocation
2025-05-24 20:03:36 [main] DEBUG o.s.o.j.SharedEntityManagerCreator$SharedEntityManagerInvocationHandler - Creating new EntityManager for shared EntityManager invocation
2025-05-24 20:03:36 [main] DEBUG o.s.o.j.SharedEntityManagerCreator$SharedEntityManagerInvocationHandler - Creating new EntityManager for shared EntityManager invocation
2025-05-24 20:03:36 [main] INFO  o.s.d.j.r.query.QueryEnhancerFactory - Hibernate is in classpath; If applicable, HQL parser will be used.
2025-05-24 20:03:36 [main] DEBUG o.s.o.j.SharedEntityManagerCreator$SharedEntityManagerInvocationHandler - Creating new EntityManager for shared EntityManager invocation
2025-05-24 20:03:36 [main] DEBUG o.s.o.j.SharedEntityManagerCreator$SharedEntityManagerInvocationHandler - Creating new EntityManager for shared EntityManager invocation
2025-05-24 20:03:36 [main] DEBUG o.s.o.j.SharedEntityManagerCreator$SharedEntityManagerInvocationHandler - Creating new EntityManager for shared EntityManager invocation
2025-05-24 20:03:36 [main] DEBUG o.s.o.j.SharedEntityManagerCreator$SharedEntityManagerInvocationHandler - Creating new EntityManager for shared EntityManager invocation
2025-05-24 20:03:36 [main] DEBUG o.s.o.j.SharedEntityManagerCreator$SharedEntityManagerInvocationHandler - Creating new EntityManager for shared EntityManager invocation
2025-05-24 20:03:36 [main] TRACE o.s.t.a.AnnotationTransactionAttributeSource - Adding transactional method 'com.app.fitrack.service.EmailService.sendVerificationEmail' with attribute: PROPAGATION_REQUIRED,ISOLATION_DEFAULT
2025-05-24 20:03:36 [main] TRACE o.s.t.a.AnnotationTransactionAttributeSource - Adding transactional method 'com.app.fitrack.service.EmailService.sendPasswordResetEmail' with attribute: PROPAGATION_REQUIRED,ISOLATION_DEFAULT
2025-05-24 20:03:36 [main] DEBUG o.s.o.j.SharedEntityManagerCreator$SharedEntityManagerInvocationHandler - Creating new EntityManager for shared EntityManager invocation
2025-05-24 20:03:36 [main] DEBUG o.s.o.j.SharedEntityManagerCreator$SharedEntityManagerInvocationHandler - Creating new EntityManager for shared EntityManager invocation
2025-05-24 20:03:36 [main] DEBUG o.s.o.j.SharedEntityManagerCreator$SharedEntityManagerInvocationHandler - Creating new EntityManager for shared EntityManager invocation
2025-05-24 20:03:36 [main] DEBUG o.s.o.j.SharedEntityManagerCreator$SharedEntityManagerInvocationHandler - Creating new EntityManager for shared EntityManager invocation
2025-05-24 20:03:37 [main] DEBUG o.s.o.j.SharedEntityManagerCreator$SharedEntityManagerInvocationHandler - Creating new EntityManager for shared EntityManager invocation
2025-05-24 20:03:37 [main] DEBUG o.s.o.j.SharedEntityManagerCreator$SharedEntityManagerInvocationHandler - Creating new EntityManager for shared EntityManager invocation
2025-05-24 20:03:37 [main] DEBUG o.s.o.j.SharedEntityManagerCreator$SharedEntityManagerInvocationHandler - Creating new EntityManager for shared EntityManager invocation
2025-05-24 20:03:37 [main] DEBUG o.s.o.j.SharedEntityManagerCreator$SharedEntityManagerInvocationHandler - Creating new EntityManager for shared EntityManager invocation
2025-05-24 20:03:37 [main] DEBUG o.s.o.j.SharedEntityManagerCreator$SharedEntityManagerInvocationHandler - Creating new EntityManager for shared EntityManager invocation
2025-05-24 20:03:37 [main] DEBUG o.s.o.j.SharedEntityManagerCreator$SharedEntityManagerInvocationHandler - Creating new EntityManager for shared EntityManager invocation
2025-05-24 20:03:37 [main] DEBUG o.s.o.j.SharedEntityManagerCreator$SharedEntityManagerInvocationHandler - Creating new EntityManager for shared EntityManager invocation
2025-05-24 20:03:37 [main] TRACE o.s.t.a.AnnotationTransactionAttributeSource - Adding transactional method 'com.app.fitrack.service.UserService.generatePasswordResetToken' with attribute: PROPAGATION_REQUIRED,ISOLATION_DEFAULT
2025-05-24 20:03:37 [main] TRACE o.s.t.a.AnnotationTransactionAttributeSource - Adding transactional method 'com.app.fitrack.service.UserService.resendVerificationCode' with attribute: PROPAGATION_REQUIRED,ISOLATION_DEFAULT
2025-05-24 20:03:37 [main] TRACE o.s.t.a.AnnotationTransactionAttributeSource - Adding transactional method 'com.app.fitrack.service.UserService.getAuthenticatedUser' with attribute: PROPAGATION_REQUIRED,ISOLATION_DEFAULT
2025-05-24 20:03:37 [main] TRACE o.s.t.a.AnnotationTransactionAttributeSource - Adding transactional method 'com.app.fitrack.service.UserService.requestEmailChangeVerification' with attribute: PROPAGATION_REQUIRED,ISOLATION_DEFAULT
2025-05-24 20:03:37 [main] TRACE o.s.t.a.AnnotationTransactionAttributeSource - Adding transactional method 'com.app.fitrack.service.UserService.calculateDynamicActivityFactor' with attribute: PROPAGATION_REQUIRED,ISOLATION_DEFAULT
2025-05-24 20:03:37 [main] TRACE o.s.t.a.AnnotationTransactionAttributeSource - Adding transactional method 'com.app.fitrack.service.UserService.calculateBMR' with attribute: PROPAGATION_REQUIRED,ISOLATION_DEFAULT
2025-05-24 20:03:37 [main] TRACE o.s.t.a.AnnotationTransactionAttributeSource - Adding transactional method 'com.app.fitrack.service.UserService.findByEmail' with attribute: PROPAGATION_REQUIRED,ISOLATION_DEFAULT
2025-05-24 20:03:37 [main] TRACE o.s.t.a.AnnotationTransactionAttributeSource - Adding transactional method 'com.app.fitrack.service.UserService.registerUser' with attribute: PROPAGATION_REQUIRED,ISOLATION_DEFAULT
2025-05-24 20:03:37 [main] TRACE o.s.t.a.AnnotationTransactionAttributeSource - Adding transactional method 'com.app.fitrack.service.UserService.verifyUser' with attribute: PROPAGATION_REQUIRED,ISOLATION_DEFAULT
2025-05-24 20:03:37 [main] TRACE o.s.t.a.AnnotationTransactionAttributeSource - Adding transactional method 'com.app.fitrack.service.UserService.resetPassword' with attribute: PROPAGATION_REQUIRED,ISOLATION_DEFAULT
2025-05-24 20:03:37 [main] TRACE o.s.t.a.AnnotationTransactionAttributeSource - Adding transactional method 'com.app.fitrack.service.UserService.createUserProfile' with attribute: PROPAGATION_REQUIRED,ISOLATION_DEFAULT
2025-05-24 20:03:37 [main] TRACE o.s.t.a.AnnotationTransactionAttributeSource - Adding transactional method 'com.app.fitrack.service.UserService.verifyEmailChange' with attribute: PROPAGATION_REQUIRED,ISOLATION_DEFAULT
2025-05-24 20:03:37 [main] TRACE o.s.t.a.AnnotationTransactionAttributeSource - Adding transactional method 'com.app.fitrack.service.UserService.saveUser' with attribute: PROPAGATION_REQUIRED,ISOLATION_DEFAULT
2025-05-24 20:03:37 [main] TRACE o.s.t.a.AnnotationTransactionAttributeSource - Adding transactional method 'com.app.fitrack.service.UserService.updateUserProfile' with attribute: PROPAGATION_REQUIRED,ISOLATION_DEFAULT
2025-05-24 20:03:37 [main] TRACE o.s.t.a.AnnotationTransactionAttributeSource - Adding transactional method 'com.app.fitrack.service.UserService.calculateTDEE' with attribute: PROPAGATION_REQUIRED,ISOLATION_DEFAULT
2025-05-24 20:03:37 [main] DEBUG o.s.o.j.SharedEntityManagerCreator$SharedEntityManagerInvocationHandler - Creating new EntityManager for shared EntityManager invocation
2025-05-24 20:03:37 [main] DEBUG o.s.o.j.SharedEntityManagerCreator$SharedEntityManagerInvocationHandler - Creating new EntityManager for shared EntityManager invocation
2025-05-24 20:03:37 [main] DEBUG o.s.o.j.SharedEntityManagerCreator$SharedEntityManagerInvocationHandler - Creating new EntityManager for shared EntityManager invocation
2025-05-24 20:03:37 [main] DEBUG o.s.o.j.SharedEntityManagerCreator$SharedEntityManagerInvocationHandler - Creating new EntityManager for shared EntityManager invocation
2025-05-24 20:03:37 [main] DEBUG o.s.o.j.SharedEntityManagerCreator$SharedEntityManagerInvocationHandler - Creating new EntityManager for shared EntityManager invocation
2025-05-24 20:03:37 [main] DEBUG o.s.o.j.SharedEntityManagerCreator$SharedEntityManagerInvocationHandler - Creating new EntityManager for shared EntityManager invocation
2025-05-24 20:03:37 [main] DEBUG o.s.o.j.SharedEntityManagerCreator$SharedEntityManagerInvocationHandler - Creating new EntityManager for shared EntityManager invocation
2025-05-24 20:03:37 [main] DEBUG o.s.o.j.SharedEntityManagerCreator$SharedEntityManagerInvocationHandler - Creating new EntityManager for shared EntityManager invocation
2025-05-24 20:03:37 [main] DEBUG o.s.o.j.SharedEntityManagerCreator$SharedEntityManagerInvocationHandler - Creating new EntityManager for shared EntityManager invocation
2025-05-24 20:03:37 [main] DEBUG o.s.o.j.SharedEntityManagerCreator$SharedEntityManagerInvocationHandler - Creating new EntityManager for shared EntityManager invocation
2025-05-24 20:03:37 [main] DEBUG o.s.o.j.SharedEntityManagerCreator$SharedEntityManagerInvocationHandler - Creating new EntityManager for shared EntityManager invocation
2025-05-24 20:03:37 [main] DEBUG o.s.o.j.SharedEntityManagerCreator$SharedEntityManagerInvocationHandler - Creating new EntityManager for shared EntityManager invocation
2025-05-24 20:03:37 [main] INFO  c.a.f.service.NutritionixService - NutritionixService initialized. App ID loaded: true, API Key loaded: true
2025-05-24 20:03:37 [main] DEBUG o.s.o.j.SharedEntityManagerCreator$SharedEntityManagerInvocationHandler - Creating new EntityManager for shared EntityManager invocation
2025-05-24 20:03:37 [main] DEBUG o.s.o.j.SharedEntityManagerCreator$SharedEntityManagerInvocationHandler - Creating new EntityManager for shared EntityManager invocation
2025-05-24 20:03:37 [main] DEBUG o.s.o.j.SharedEntityManagerCreator$SharedEntityManagerInvocationHandler - Creating new EntityManager for shared EntityManager invocation
2025-05-24 20:03:37 [main] DEBUG o.s.o.j.SharedEntityManagerCreator$SharedEntityManagerInvocationHandler - Creating new EntityManager for shared EntityManager invocation
2025-05-24 20:03:37 [main] DEBUG o.s.o.j.SharedEntityManagerCreator$SharedEntityManagerInvocationHandler - Creating new EntityManager for shared EntityManager invocation
2025-05-24 20:03:37 [main] DEBUG o.s.o.j.SharedEntityManagerCreator$SharedEntityManagerInvocationHandler - Creating new EntityManager for shared EntityManager invocation
2025-05-24 20:03:37 [main] DEBUG o.s.o.j.SharedEntityManagerCreator$SharedEntityManagerInvocationHandler - Creating new EntityManager for shared EntityManager invocation
2025-05-24 20:03:37 [main] DEBUG o.s.o.j.SharedEntityManagerCreator$SharedEntityManagerInvocationHandler - Creating new EntityManager for shared EntityManager invocation
2025-05-24 20:03:37 [main] TRACE o.s.t.a.AnnotationTransactionAttributeSource - Adding transactional method 'com.app.fitrack.service.GoalService.updateGoalsBasedOnActivity' with attribute: PROPAGATION_REQUIRED,ISOLATION_DEFAULT
2025-05-24 20:03:37 [main] TRACE o.s.t.a.AnnotationTransactionAttributeSource - Adding transactional method 'com.app.fitrack.service.GoalService.updateGoalProgress' with attribute: PROPAGATION_REQUIRED,ISOLATION_DEFAULT
2025-05-24 20:03:37 [main] TRACE o.s.t.a.AnnotationTransactionAttributeSource - Adding transactional method 'com.app.fitrack.service.GoalService.createGoal' with attribute: PROPAGATION_REQUIRED,ISOLATION_DEFAULT
2025-05-24 20:03:37 [main] TRACE o.s.t.a.AnnotationTransactionAttributeSource - Adding transactional method 'com.app.fitrack.service.GoalService.archiveGoal' with attribute: PROPAGATION_REQUIRED,ISOLATION_DEFAULT
2025-05-24 20:03:37 [main] TRACE o.s.t.a.AnnotationTransactionAttributeSource - Adding transactional method 'com.app.fitrack.service.GoalService.deleteGoal' with attribute: PROPAGATION_REQUIRED,ISOLATION_DEFAULT
2025-05-24 20:03:37 [main] WARN  o.s.b.a.o.j.JpaBaseConfiguration$JpaWebConfiguration - spring.jpa.open-in-view is enabled by default. Therefore, database queries may be performed during view rendering. Explicitly configure spring.jpa.open-in-view to disable this warning
2025-05-24 20:03:37 [main] TRACE o.s.s.c.a.a.c.AuthenticationConfiguration$EnableGlobalAuthenticationAutowiredConfigurer - Eagerly initializing {securityConfig=com.app.fitrack.config.SecurityConfig$$SpringCGLIB$$0@81da6a3}
2025-05-24 20:03:37 [main] INFO  o.s.s.c.a.a.c.InitializeUserDetailsBeanManagerConfigurer$InitializeUserDetailsManagerConfigurer - Global AuthenticationManager configured with UserDetailsService bean with name customUserDetailsService
2025-05-24 20:03:37 [main] DEBUG o.s.w.s.m.m.a.RequestMappingHandlerMapping - 50 mappings in 'requestMappingHandlerMapping'
2025-05-24 20:03:37 [main] DEBUG o.s.w.s.h.SimpleUrlHandlerMapping - Patterns [/webjars/**, /**] in 'resourceHandlerMapping'
2025-05-24 20:03:37 [main] INFO  o.s.b.a.e.web.EndpointLinksResolver - Exposing 1 endpoint beneath base path '/actuator'
2025-05-24 20:03:38 [main] DEBUG o.s.s.web.DefaultSecurityFilterChain - Will secure any request with filters: DisableEncodeUrlFilter, WebAsyncManagerIntegrationFilter, SecurityContextHolderFilter, HeaderWriterFilter, CsrfFilter, LogoutFilter, UsernamePasswordAuthenticationFilter, RequestCacheAwareFilter, SecurityContextHolderAwareRequestFilter, AnonymousAuthenticationFilter, ExceptionTranslationFilter, AuthorizationFilter
2025-05-24 20:03:38 [main] DEBUG o.s.w.s.m.m.a.RequestMappingHandlerAdapter - ControllerAdvice beans: 0 @ModelAttribute, 0 @InitBinder, 1 RequestBodyAdvice, 1 ResponseBodyAdvice
2025-05-24 20:03:38 [main] DEBUG o.s.w.s.m.m.a.ExceptionHandlerExceptionResolver - ControllerAdvice beans: 0 @ExceptionHandler, 1 ResponseBodyAdvice
2025-05-24 20:03:38 [main] INFO  c.a.fitrack.FitrackApplicationTests - Started FitrackApplicationTests in 8.868 seconds (process running for 9.855)
2025-05-24 20:03:39 [SpringApplicationShutdownHook] DEBUG o.s.w.c.s.GenericWebApplicationContext - Closing org.springframework.web.context.support.GenericWebApplicationContext@6c000e0c, started on Sat May 24 20:03:30 PST 2025
2025-05-24 20:03:39 [SpringApplicationShutdownHook] INFO  o.s.o.j.LocalContainerEntityManagerFactoryBean - Closing JPA EntityManagerFactory for persistence unit 'default'
2025-05-24 20:03:39 [SpringApplicationShutdownHook] INFO  com.zaxxer.hikari.HikariDataSource - HikariPool-1 - Shutdown initiated...
2025-05-24 20:03:39 [SpringApplicationShutdownHook] INFO  com.zaxxer.hikari.HikariDataSource - HikariPool-1 - Shutdown completed.
2025-05-24 20:06:50 [main] INFO  c.a.fitrack.FitrackApplicationTests - Starting FitrackApplicationTests using Java 19.0.1 with PID 17640 (started by Charlene C. Dilig in C:\Users\Charlene C. Dilig\OneDrive\Documents\Github\Fitrack\fitrack)
2025-05-24 20:06:50 [main] DEBUG c.a.fitrack.FitrackApplicationTests - Running with Spring Boot v3.4.3, Spring v6.2.3
2025-05-24 20:06:50 [main] INFO  c.a.fitrack.FitrackApplicationTests - No active profile set, falling back to 1 default profile: "default"
2025-05-24 20:06:50 [main] DEBUG o.s.w.c.s.GenericWebApplicationContext - Refreshing org.springframework.web.context.support.GenericWebApplicationContext@6c000e0c
2025-05-24 20:06:51 [main] INFO  o.s.d.r.c.RepositoryConfigurationDelegate - Bootstrapping Spring Data JPA repositories in DEFAULT mode.
2025-05-24 20:06:51 [main] INFO  o.s.d.r.c.RepositoryConfigurationDelegate - Finished Spring Data repository scanning in 59 ms. Found 7 JPA repository interfaces.
2025-05-24 20:06:52 [main] DEBUG o.s.o.j.LocalContainerEntityManagerFactoryBean - Building JPA container EntityManagerFactory for persistence unit 'default'
2025-05-24 20:06:52 [main] INFO  o.h.jpa.internal.util.LogHelper - HHH000204: Processing PersistenceUnitInfo [name: default]
2025-05-24 20:06:52 [main] INFO  org.hibernate.Version - HHH000412: Hibernate ORM core version 6.6.8.Final
2025-05-24 20:06:52 [main] INFO  o.h.c.i.RegionFactoryInitiator - HHH000026: Second-level cache disabled
2025-05-24 20:06:52 [main] INFO  o.s.o.j.p.SpringPersistenceUnitInfo - No LoadTimeWeaver setup: ignoring JPA class transformer
2025-05-24 20:06:52 [main] INFO  com.zaxxer.hikari.HikariDataSource - HikariPool-1 - Starting...
2025-05-24 20:06:52 [main] INFO  com.zaxxer.hikari.pool.HikariPool - HikariPool-1 - Added connection com.mysql.cj.jdbc.ConnectionImpl@46fa2a7e
2025-05-24 20:06:52 [main] INFO  com.zaxxer.hikari.HikariDataSource - HikariPool-1 - Start completed.
2025-05-24 20:06:52 [main] WARN  org.hibernate.orm.deprecation - HHH90000025: MySQL8Dialect does not need to be specified explicitly using 'hibernate.dialect' (remove the property setting and it will be selected by default)
2025-05-24 20:06:52 [main] WARN  org.hibernate.orm.deprecation - HHH90000026: MySQL8Dialect has been deprecated; use org.hibernate.dialect.MySQLDialect instead
2025-05-24 20:06:52 [main] INFO  o.hibernate.orm.connections.pooling - HHH10001005: Database info:
	Database JDBC URL [Connecting through datasource 'HikariDataSource (HikariPool-1)']
	Database driver: undefined/unknown
	Database version: 8.0
	Autocommit mode: undefined/unknown
	Isolation level: undefined/unknown
	Minimum pool size: undefined/unknown
	Maximum pool size: undefined/unknown
2025-05-24 20:06:52 [main] DEBUG o.h.t.d.sql.spi.DdlTypeRegistry - addDescriptor(12, org.hibernate.type.descriptor.sql.internal.CapacityDependentDdlType@3664c596) replaced previous registration(org.hibernate.type.descriptor.sql.internal.CapacityDependentDdlType@40aad17d)
2025-05-24 20:06:52 [main] DEBUG o.h.t.d.sql.spi.DdlTypeRegistry - addDescriptor(-9, org.hibernate.type.descriptor.sql.internal.CapacityDependentDdlType@44e79e9e) replaced previous registration(org.hibernate.type.descriptor.sql.internal.CapacityDependentDdlType@5bc14211)
2025-05-24 20:06:52 [main] DEBUG o.h.t.d.sql.spi.DdlTypeRegistry - addDescriptor(-3, org.hibernate.type.descriptor.sql.internal.CapacityDependentDdlType@4b99648a) replaced previous registration(org.hibernate.type.descriptor.sql.internal.CapacityDependentDdlType@5d2e65bd)
2025-05-24 20:06:52 [main] DEBUG o.h.t.d.sql.spi.DdlTypeRegistry - addDescriptor(4003, org.hibernate.type.descriptor.sql.internal.DdlTypeImpl@254513e8) replaced previous registration(org.hibernate.type.descriptor.sql.internal.DdlTypeImpl@74450c9b)
2025-05-24 20:06:52 [main] DEBUG o.h.t.d.sql.spi.DdlTypeRegistry - addDescriptor(4001, org.hibernate.type.descriptor.sql.internal.DdlTypeImpl@74f89bad) replaced previous registration(org.hibernate.type.descriptor.sql.internal.DdlTypeImpl@5ad50b02)
2025-05-24 20:06:52 [main] DEBUG o.h.t.d.sql.spi.DdlTypeRegistry - addDescriptor(4002, org.hibernate.type.descriptor.sql.internal.DdlTypeImpl@570299e3) replaced previous registration(org.hibernate.type.descriptor.sql.internal.DdlTypeImpl@bff764c)
2025-05-24 20:06:52 [main] DEBUG o.h.t.d.sql.spi.DdlTypeRegistry - addDescriptor(2004, org.hibernate.type.descriptor.sql.internal.CapacityDependentDdlType@3beaa16d) replaced previous registration(org.hibernate.type.descriptor.sql.internal.DdlTypeImpl@49153009)
2025-05-24 20:06:52 [main] DEBUG o.h.t.d.sql.spi.DdlTypeRegistry - addDescriptor(2005, org.hibernate.type.descriptor.sql.internal.CapacityDependentDdlType@a1b7549) replaced previous registration(org.hibernate.type.descriptor.sql.internal.DdlTypeImpl@7aa63f50)
2025-05-24 20:06:52 [main] DEBUG o.h.t.d.sql.spi.DdlTypeRegistry - addDescriptor(2011, org.hibernate.type.descriptor.sql.internal.CapacityDependentDdlType@142918a0) replaced previous registration(org.hibernate.type.descriptor.sql.internal.DdlTypeImpl@745cf754)
2025-05-24 20:06:53 [main] INFO  o.h.e.t.j.p.i.JtaPlatformInitiator - HHH000489: No JTA platform available (set 'hibernate.transaction.jta.platform' to enable JTA platform integration)
2025-05-24 20:06:53 [main] INFO  o.s.o.j.LocalContainerEntityManagerFactoryBean - Initialized JPA EntityManagerFactory for persistence unit 'default'
2025-05-24 20:06:57 [main] DEBUG o.s.o.j.SharedEntityManagerCreator$SharedEntityManagerInvocationHandler - Creating new EntityManager for shared EntityManager invocation
2025-05-24 20:06:57 [main] DEBUG o.s.o.j.SharedEntityManagerCreator$SharedEntityManagerInvocationHandler - Creating new EntityManager for shared EntityManager invocation
2025-05-24 20:06:57 [main] DEBUG o.s.o.j.SharedEntityManagerCreator$SharedEntityManagerInvocationHandler - Creating new EntityManager for shared EntityManager invocation
2025-05-24 20:06:58 [main] DEBUG o.s.o.j.SharedEntityManagerCreator$SharedEntityManagerInvocationHandler - Creating new EntityManager for shared EntityManager invocation
2025-05-24 20:06:58 [main] INFO  o.s.d.j.r.query.QueryEnhancerFactory - Hibernate is in classpath; If applicable, HQL parser will be used.
2025-05-24 20:06:58 [main] DEBUG o.s.o.j.SharedEntityManagerCreator$SharedEntityManagerInvocationHandler - Creating new EntityManager for shared EntityManager invocation
2025-05-24 20:06:58 [main] DEBUG o.s.o.j.SharedEntityManagerCreator$SharedEntityManagerInvocationHandler - Creating new EntityManager for shared EntityManager invocation
2025-05-24 20:06:58 [main] DEBUG o.s.o.j.SharedEntityManagerCreator$SharedEntityManagerInvocationHandler - Creating new EntityManager for shared EntityManager invocation
2025-05-24 20:06:58 [main] DEBUG o.s.o.j.SharedEntityManagerCreator$SharedEntityManagerInvocationHandler - Creating new EntityManager for shared EntityManager invocation
2025-05-24 20:06:58 [main] DEBUG o.s.o.j.SharedEntityManagerCreator$SharedEntityManagerInvocationHandler - Creating new EntityManager for shared EntityManager invocation
2025-05-24 20:06:58 [main] TRACE o.s.t.a.AnnotationTransactionAttributeSource - Adding transactional method 'com.app.fitrack.service.EmailService.sendVerificationEmail' with attribute: PROPAGATION_REQUIRED,ISOLATION_DEFAULT
2025-05-24 20:06:58 [main] TRACE o.s.t.a.AnnotationTransactionAttributeSource - Adding transactional method 'com.app.fitrack.service.EmailService.sendPasswordResetEmail' with attribute: PROPAGATION_REQUIRED,ISOLATION_DEFAULT
2025-05-24 20:06:58 [main] DEBUG o.s.o.j.SharedEntityManagerCreator$SharedEntityManagerInvocationHandler - Creating new EntityManager for shared EntityManager invocation
2025-05-24 20:06:58 [main] DEBUG o.s.o.j.SharedEntityManagerCreator$SharedEntityManagerInvocationHandler - Creating new EntityManager for shared EntityManager invocation
2025-05-24 20:06:58 [main] DEBUG o.s.o.j.SharedEntityManagerCreator$SharedEntityManagerInvocationHandler - Creating new EntityManager for shared EntityManager invocation
2025-05-24 20:06:58 [main] DEBUG o.s.o.j.SharedEntityManagerCreator$SharedEntityManagerInvocationHandler - Creating new EntityManager for shared EntityManager invocation
2025-05-24 20:06:58 [main] DEBUG o.s.o.j.SharedEntityManagerCreator$SharedEntityManagerInvocationHandler - Creating new EntityManager for shared EntityManager invocation
2025-05-24 20:06:58 [main] DEBUG o.s.o.j.SharedEntityManagerCreator$SharedEntityManagerInvocationHandler - Creating new EntityManager for shared EntityManager invocation
2025-05-24 20:06:58 [main] DEBUG o.s.o.j.SharedEntityManagerCreator$SharedEntityManagerInvocationHandler - Creating new EntityManager for shared EntityManager invocation
2025-05-24 20:06:58 [main] DEBUG o.s.o.j.SharedEntityManagerCreator$SharedEntityManagerInvocationHandler - Creating new EntityManager for shared EntityManager invocation
2025-05-24 20:06:58 [main] DEBUG o.s.o.j.SharedEntityManagerCreator$SharedEntityManagerInvocationHandler - Creating new EntityManager for shared EntityManager invocation
2025-05-24 20:06:58 [main] DEBUG o.s.o.j.SharedEntityManagerCreator$SharedEntityManagerInvocationHandler - Creating new EntityManager for shared EntityManager invocation
2025-05-24 20:06:58 [main] DEBUG o.s.o.j.SharedEntityManagerCreator$SharedEntityManagerInvocationHandler - Creating new EntityManager for shared EntityManager invocation
2025-05-24 20:06:58 [main] TRACE o.s.t.a.AnnotationTransactionAttributeSource - Adding transactional method 'com.app.fitrack.service.UserService.findByEmail' with attribute: PROPAGATION_REQUIRED,ISOLATION_DEFAULT
2025-05-24 20:06:58 [main] TRACE o.s.t.a.AnnotationTransactionAttributeSource - Adding transactional method 'com.app.fitrack.service.UserService.requestEmailChangeVerification' with attribute: PROPAGATION_REQUIRED,ISOLATION_DEFAULT
2025-05-24 20:06:58 [main] TRACE o.s.t.a.AnnotationTransactionAttributeSource - Adding transactional method 'com.app.fitrack.service.UserService.generatePasswordResetToken' with attribute: PROPAGATION_REQUIRED,ISOLATION_DEFAULT
2025-05-24 20:06:58 [main] TRACE o.s.t.a.AnnotationTransactionAttributeSource - Adding transactional method 'com.app.fitrack.service.UserService.resendVerificationCode' with attribute: PROPAGATION_REQUIRED,ISOLATION_DEFAULT
2025-05-24 20:06:58 [main] TRACE o.s.t.a.AnnotationTransactionAttributeSource - Adding transactional method 'com.app.fitrack.service.UserService.getAuthenticatedUser' with attribute: PROPAGATION_REQUIRED,ISOLATION_DEFAULT
2025-05-24 20:06:58 [main] TRACE o.s.t.a.AnnotationTransactionAttributeSource - Adding transactional method 'com.app.fitrack.service.UserService.calculateDynamicActivityFactor' with attribute: PROPAGATION_REQUIRED,ISOLATION_DEFAULT
2025-05-24 20:06:58 [main] TRACE o.s.t.a.AnnotationTransactionAttributeSource - Adding transactional method 'com.app.fitrack.service.UserService.registerUser' with attribute: PROPAGATION_REQUIRED,ISOLATION_DEFAULT
2025-05-24 20:06:58 [main] TRACE o.s.t.a.AnnotationTransactionAttributeSource - Adding transactional method 'com.app.fitrack.service.UserService.resetPassword' with attribute: PROPAGATION_REQUIRED,ISOLATION_DEFAULT
2025-05-24 20:06:58 [main] TRACE o.s.t.a.AnnotationTransactionAttributeSource - Adding transactional method 'com.app.fitrack.service.UserService.createUserProfile' with attribute: PROPAGATION_REQUIRED,ISOLATION_DEFAULT
2025-05-24 20:06:58 [main] TRACE o.s.t.a.AnnotationTransactionAttributeSource - Adding transactional method 'com.app.fitrack.service.UserService.verifyUser' with attribute: PROPAGATION_REQUIRED,ISOLATION_DEFAULT
2025-05-24 20:06:58 [main] TRACE o.s.t.a.AnnotationTransactionAttributeSource - Adding transactional method 'com.app.fitrack.service.UserService.saveUser' with attribute: PROPAGATION_REQUIRED,ISOLATION_DEFAULT
2025-05-24 20:06:58 [main] TRACE o.s.t.a.AnnotationTransactionAttributeSource - Adding transactional method 'com.app.fitrack.service.UserService.verifyEmailChange' with attribute: PROPAGATION_REQUIRED,ISOLATION_DEFAULT
2025-05-24 20:06:58 [main] TRACE o.s.t.a.AnnotationTransactionAttributeSource - Adding transactional method 'com.app.fitrack.service.UserService.updateUserProfile' with attribute: PROPAGATION_REQUIRED,ISOLATION_DEFAULT
2025-05-24 20:06:58 [main] TRACE o.s.t.a.AnnotationTransactionAttributeSource - Adding transactional method 'com.app.fitrack.service.UserService.calculateTDEE' with attribute: PROPAGATION_REQUIRED,ISOLATION_DEFAULT
2025-05-24 20:06:58 [main] TRACE o.s.t.a.AnnotationTransactionAttributeSource - Adding transactional method 'com.app.fitrack.service.UserService.calculateBMR' with attribute: PROPAGATION_REQUIRED,ISOLATION_DEFAULT
2025-05-24 20:06:58 [main] DEBUG o.s.o.j.SharedEntityManagerCreator$SharedEntityManagerInvocationHandler - Creating new EntityManager for shared EntityManager invocation
2025-05-24 20:06:58 [main] DEBUG o.s.o.j.SharedEntityManagerCreator$SharedEntityManagerInvocationHandler - Creating new EntityManager for shared EntityManager invocation
2025-05-24 20:06:58 [main] DEBUG o.s.o.j.SharedEntityManagerCreator$SharedEntityManagerInvocationHandler - Creating new EntityManager for shared EntityManager invocation
2025-05-24 20:06:58 [main] DEBUG o.s.o.j.SharedEntityManagerCreator$SharedEntityManagerInvocationHandler - Creating new EntityManager for shared EntityManager invocation
2025-05-24 20:06:58 [main] DEBUG o.s.o.j.SharedEntityManagerCreator$SharedEntityManagerInvocationHandler - Creating new EntityManager for shared EntityManager invocation
2025-05-24 20:06:58 [main] DEBUG o.s.o.j.SharedEntityManagerCreator$SharedEntityManagerInvocationHandler - Creating new EntityManager for shared EntityManager invocation
2025-05-24 20:06:58 [main] DEBUG o.s.o.j.SharedEntityManagerCreator$SharedEntityManagerInvocationHandler - Creating new EntityManager for shared EntityManager invocation
2025-05-24 20:06:58 [main] DEBUG o.s.o.j.SharedEntityManagerCreator$SharedEntityManagerInvocationHandler - Creating new EntityManager for shared EntityManager invocation
2025-05-24 20:06:58 [main] DEBUG o.s.o.j.SharedEntityManagerCreator$SharedEntityManagerInvocationHandler - Creating new EntityManager for shared EntityManager invocation
2025-05-24 20:06:58 [main] DEBUG o.s.o.j.SharedEntityManagerCreator$SharedEntityManagerInvocationHandler - Creating new EntityManager for shared EntityManager invocation
2025-05-24 20:06:58 [main] DEBUG o.s.o.j.SharedEntityManagerCreator$SharedEntityManagerInvocationHandler - Creating new EntityManager for shared EntityManager invocation
2025-05-24 20:06:58 [main] DEBUG o.s.o.j.SharedEntityManagerCreator$SharedEntityManagerInvocationHandler - Creating new EntityManager for shared EntityManager invocation
2025-05-24 20:06:59 [main] INFO  c.a.f.service.NutritionixService - NutritionixService initialized. App ID loaded: true, API Key loaded: true
2025-05-24 20:06:59 [main] DEBUG o.s.o.j.SharedEntityManagerCreator$SharedEntityManagerInvocationHandler - Creating new EntityManager for shared EntityManager invocation
2025-05-24 20:06:59 [main] DEBUG o.s.o.j.SharedEntityManagerCreator$SharedEntityManagerInvocationHandler - Creating new EntityManager for shared EntityManager invocation
2025-05-24 20:06:59 [main] DEBUG o.s.o.j.SharedEntityManagerCreator$SharedEntityManagerInvocationHandler - Creating new EntityManager for shared EntityManager invocation
2025-05-24 20:06:59 [main] DEBUG o.s.o.j.SharedEntityManagerCreator$SharedEntityManagerInvocationHandler - Creating new EntityManager for shared EntityManager invocation
2025-05-24 20:06:59 [main] DEBUG o.s.o.j.SharedEntityManagerCreator$SharedEntityManagerInvocationHandler - Creating new EntityManager for shared EntityManager invocation
2025-05-24 20:06:59 [main] DEBUG o.s.o.j.SharedEntityManagerCreator$SharedEntityManagerInvocationHandler - Creating new EntityManager for shared EntityManager invocation
2025-05-24 20:06:59 [main] DEBUG o.s.o.j.SharedEntityManagerCreator$SharedEntityManagerInvocationHandler - Creating new EntityManager for shared EntityManager invocation
2025-05-24 20:06:59 [main] DEBUG o.s.o.j.SharedEntityManagerCreator$SharedEntityManagerInvocationHandler - Creating new EntityManager for shared EntityManager invocation
2025-05-24 20:06:59 [main] TRACE o.s.t.a.AnnotationTransactionAttributeSource - Adding transactional method 'com.app.fitrack.service.GoalService.updateGoalsBasedOnActivity' with attribute: PROPAGATION_REQUIRED,ISOLATION_DEFAULT
2025-05-24 20:06:59 [main] TRACE o.s.t.a.AnnotationTransactionAttributeSource - Adding transactional method 'com.app.fitrack.service.GoalService.deleteGoal' with attribute: PROPAGATION_REQUIRED,ISOLATION_DEFAULT
2025-05-24 20:06:59 [main] TRACE o.s.t.a.AnnotationTransactionAttributeSource - Adding transactional method 'com.app.fitrack.service.GoalService.updateGoalProgress' with attribute: PROPAGATION_REQUIRED,ISOLATION_DEFAULT
2025-05-24 20:06:59 [main] TRACE o.s.t.a.AnnotationTransactionAttributeSource - Adding transactional method 'com.app.fitrack.service.GoalService.createGoal' with attribute: PROPAGATION_REQUIRED,ISOLATION_DEFAULT
2025-05-24 20:06:59 [main] TRACE o.s.t.a.AnnotationTransactionAttributeSource - Adding transactional method 'com.app.fitrack.service.GoalService.archiveGoal' with attribute: PROPAGATION_REQUIRED,ISOLATION_DEFAULT
2025-05-24 20:06:59 [main] WARN  o.s.b.a.o.j.JpaBaseConfiguration$JpaWebConfiguration - spring.jpa.open-in-view is enabled by default. Therefore, database queries may be performed during view rendering. Explicitly configure spring.jpa.open-in-view to disable this warning
2025-05-24 20:06:59 [main] TRACE o.s.s.c.a.a.c.AuthenticationConfiguration$EnableGlobalAuthenticationAutowiredConfigurer - Eagerly initializing {securityConfig=com.app.fitrack.config.SecurityConfig$$SpringCGLIB$$0@1396ee3b}
2025-05-24 20:06:59 [main] INFO  o.s.s.c.a.a.c.InitializeUserDetailsBeanManagerConfigurer$InitializeUserDetailsManagerConfigurer - Global AuthenticationManager configured with UserDetailsService bean with name customUserDetailsService
2025-05-24 20:06:59 [main] DEBUG o.s.w.s.m.m.a.RequestMappingHandlerMapping - 50 mappings in 'requestMappingHandlerMapping'
2025-05-24 20:06:59 [main] DEBUG o.s.w.s.h.SimpleUrlHandlerMapping - Patterns [/webjars/**, /**] in 'resourceHandlerMapping'
2025-05-24 20:06:59 [main] INFO  o.s.b.a.e.web.EndpointLinksResolver - Exposing 1 endpoint beneath base path '/actuator'
2025-05-24 20:06:59 [main] DEBUG o.s.s.web.DefaultSecurityFilterChain - Will secure any request with filters: DisableEncodeUrlFilter, WebAsyncManagerIntegrationFilter, SecurityContextHolderFilter, HeaderWriterFilter, CsrfFilter, LogoutFilter, UsernamePasswordAuthenticationFilter, RequestCacheAwareFilter, SecurityContextHolderAwareRequestFilter, AnonymousAuthenticationFilter, ExceptionTranslationFilter, AuthorizationFilter
2025-05-24 20:06:59 [main] DEBUG o.s.w.s.m.m.a.RequestMappingHandlerAdapter - ControllerAdvice beans: 0 @ModelAttribute, 0 @InitBinder, 1 RequestBodyAdvice, 1 ResponseBodyAdvice
2025-05-24 20:06:59 [main] DEBUG o.s.w.s.m.m.a.ExceptionHandlerExceptionResolver - ControllerAdvice beans: 0 @ExceptionHandler, 1 ResponseBodyAdvice
2025-05-24 20:07:00 [main] INFO  c.a.fitrack.FitrackApplicationTests - Started FitrackApplicationTests in 10.252 seconds (process running for 11.242)
2025-05-24 20:07:00 [SpringApplicationShutdownHook] DEBUG o.s.w.c.s.GenericWebApplicationContext - Closing org.springframework.web.context.support.GenericWebApplicationContext@6c000e0c, started on Sat May 24 20:06:50 PST 2025
2025-05-24 20:07:00 [SpringApplicationShutdownHook] INFO  o.s.o.j.LocalContainerEntityManagerFactoryBean - Closing JPA EntityManagerFactory for persistence unit 'default'
2025-05-24 20:07:00 [SpringApplicationShutdownHook] INFO  com.zaxxer.hikari.HikariDataSource - HikariPool-1 - Shutdown initiated...
2025-05-24 20:07:00 [SpringApplicationShutdownHook] INFO  com.zaxxer.hikari.HikariDataSource - HikariPool-1 - Shutdown completed.
2025-05-24 20:16:06 [main] INFO  c.a.fitrack.FitrackApplicationTests - Starting FitrackApplicationTests using Java 19.0.1 with PID 22988 (started by Charlene C. Dilig in C:\Users\Charlene C. Dilig\OneDrive\Documents\Github\Fitrack\fitrack)
2025-05-24 20:16:06 [main] DEBUG c.a.fitrack.FitrackApplicationTests - Running with Spring Boot v3.4.3, Spring v6.2.3
2025-05-24 20:16:06 [main] INFO  c.a.fitrack.FitrackApplicationTests - No active profile set, falling back to 1 default profile: "default"
2025-05-24 20:16:06 [main] DEBUG o.s.w.c.s.GenericWebApplicationContext - Refreshing org.springframework.web.context.support.GenericWebApplicationContext@6c000e0c
2025-05-24 20:16:07 [main] INFO  o.s.d.r.c.RepositoryConfigurationDelegate - Bootstrapping Spring Data JPA repositories in DEFAULT mode.
2025-05-24 20:16:07 [main] INFO  o.s.d.r.c.RepositoryConfigurationDelegate - Finished Spring Data repository scanning in 70 ms. Found 7 JPA repository interfaces.
2025-05-24 20:16:08 [main] DEBUG o.s.o.j.LocalContainerEntityManagerFactoryBean - Building JPA container EntityManagerFactory for persistence unit 'default'
2025-05-24 20:16:08 [main] INFO  o.h.jpa.internal.util.LogHelper - HHH000204: Processing PersistenceUnitInfo [name: default]
2025-05-24 20:16:08 [main] INFO  org.hibernate.Version - HHH000412: Hibernate ORM core version 6.6.8.Final
2025-05-24 20:16:08 [main] INFO  o.h.c.i.RegionFactoryInitiator - HHH000026: Second-level cache disabled
2025-05-24 20:16:08 [main] INFO  o.s.o.j.p.SpringPersistenceUnitInfo - No LoadTimeWeaver setup: ignoring JPA class transformer
2025-05-24 20:16:08 [main] INFO  com.zaxxer.hikari.HikariDataSource - HikariPool-1 - Starting...
2025-05-24 20:16:08 [main] INFO  com.zaxxer.hikari.pool.HikariPool - HikariPool-1 - Added connection com.mysql.cj.jdbc.ConnectionImpl@68360fb9
2025-05-24 20:16:08 [main] INFO  com.zaxxer.hikari.HikariDataSource - HikariPool-1 - Start completed.
2025-05-24 20:16:08 [main] WARN  org.hibernate.orm.deprecation - HHH90000025: MySQL8Dialect does not need to be specified explicitly using 'hibernate.dialect' (remove the property setting and it will be selected by default)
2025-05-24 20:16:08 [main] WARN  org.hibernate.orm.deprecation - HHH90000026: MySQL8Dialect has been deprecated; use org.hibernate.dialect.MySQLDialect instead
2025-05-24 20:16:08 [main] INFO  o.hibernate.orm.connections.pooling - HHH10001005: Database info:
	Database JDBC URL [Connecting through datasource 'HikariDataSource (HikariPool-1)']
	Database driver: undefined/unknown
	Database version: 8.0
	Autocommit mode: undefined/unknown
	Isolation level: undefined/unknown
	Minimum pool size: undefined/unknown
	Maximum pool size: undefined/unknown
2025-05-24 20:16:08 [main] DEBUG o.h.t.d.sql.spi.DdlTypeRegistry - addDescriptor(12, org.hibernate.type.descriptor.sql.internal.CapacityDependentDdlType@58b03029) replaced previous registration(org.hibernate.type.descriptor.sql.internal.CapacityDependentDdlType@539dd2d0)
2025-05-24 20:16:08 [main] DEBUG o.h.t.d.sql.spi.DdlTypeRegistry - addDescriptor(-9, org.hibernate.type.descriptor.sql.internal.CapacityDependentDdlType@3428420d) replaced previous registration(org.hibernate.type.descriptor.sql.internal.CapacityDependentDdlType@523ade68)
2025-05-24 20:16:08 [main] DEBUG o.h.t.d.sql.spi.DdlTypeRegistry - addDescriptor(-3, org.hibernate.type.descriptor.sql.internal.CapacityDependentDdlType@b529d7e) replaced previous registration(org.hibernate.type.descriptor.sql.internal.CapacityDependentDdlType@3664c596)
2025-05-24 20:16:08 [main] DEBUG o.h.t.d.sql.spi.DdlTypeRegistry - addDescriptor(4003, org.hibernate.type.descriptor.sql.internal.DdlTypeImpl@40aad17d) replaced previous registration(org.hibernate.type.descriptor.sql.internal.DdlTypeImpl@44e79e9e)
2025-05-24 20:16:08 [main] DEBUG o.h.t.d.sql.spi.DdlTypeRegistry - addDescriptor(4001, org.hibernate.type.descriptor.sql.internal.DdlTypeImpl@5bc14211) replaced previous registration(org.hibernate.type.descriptor.sql.internal.DdlTypeImpl@4b99648a)
2025-05-24 20:16:08 [main] DEBUG o.h.t.d.sql.spi.DdlTypeRegistry - addDescriptor(4002, org.hibernate.type.descriptor.sql.internal.DdlTypeImpl@5d2e65bd) replaced previous registration(org.hibernate.type.descriptor.sql.internal.DdlTypeImpl@254513e8)
2025-05-24 20:16:08 [main] DEBUG o.h.t.d.sql.spi.DdlTypeRegistry - addDescriptor(2004, org.hibernate.type.descriptor.sql.internal.CapacityDependentDdlType@74450c9b) replaced previous registration(org.hibernate.type.descriptor.sql.internal.DdlTypeImpl@74f89bad)
2025-05-24 20:16:08 [main] DEBUG o.h.t.d.sql.spi.DdlTypeRegistry - addDescriptor(2005, org.hibernate.type.descriptor.sql.internal.CapacityDependentDdlType@5ad50b02) replaced previous registration(org.hibernate.type.descriptor.sql.internal.DdlTypeImpl@570299e3)
2025-05-24 20:16:08 [main] DEBUG o.h.t.d.sql.spi.DdlTypeRegistry - addDescriptor(2011, org.hibernate.type.descriptor.sql.internal.CapacityDependentDdlType@bff764c) replaced previous registration(org.hibernate.type.descriptor.sql.internal.DdlTypeImpl@3beaa16d)
2025-05-24 20:16:09 [main] INFO  o.h.e.t.j.p.i.JtaPlatformInitiator - HHH000489: No JTA platform available (set 'hibernate.transaction.jta.platform' to enable JTA platform integration)
2025-05-24 20:16:09 [main] INFO  o.s.o.j.LocalContainerEntityManagerFactoryBean - Initialized JPA EntityManagerFactory for persistence unit 'default'
2025-05-24 20:16:12 [main] DEBUG o.s.o.j.SharedEntityManagerCreator$SharedEntityManagerInvocationHandler - Creating new EntityManager for shared EntityManager invocation
2025-05-24 20:16:12 [main] DEBUG o.s.o.j.SharedEntityManagerCreator$SharedEntityManagerInvocationHandler - Creating new EntityManager for shared EntityManager invocation
2025-05-24 20:16:13 [main] DEBUG o.s.o.j.SharedEntityManagerCreator$SharedEntityManagerInvocationHandler - Creating new EntityManager for shared EntityManager invocation
2025-05-24 20:16:13 [main] DEBUG o.s.o.j.SharedEntityManagerCreator$SharedEntityManagerInvocationHandler - Creating new EntityManager for shared EntityManager invocation
2025-05-24 20:16:13 [main] INFO  o.s.d.j.r.query.QueryEnhancerFactory - Hibernate is in classpath; If applicable, HQL parser will be used.
2025-05-24 20:16:13 [main] DEBUG o.s.o.j.SharedEntityManagerCreator$SharedEntityManagerInvocationHandler - Creating new EntityManager for shared EntityManager invocation
2025-05-24 20:16:13 [main] DEBUG o.s.o.j.SharedEntityManagerCreator$SharedEntityManagerInvocationHandler - Creating new EntityManager for shared EntityManager invocation
2025-05-24 20:16:13 [main] DEBUG o.s.o.j.SharedEntityManagerCreator$SharedEntityManagerInvocationHandler - Creating new EntityManager for shared EntityManager invocation
2025-05-24 20:16:13 [main] DEBUG o.s.o.j.SharedEntityManagerCreator$SharedEntityManagerInvocationHandler - Creating new EntityManager for shared EntityManager invocation
2025-05-24 20:16:14 [main] DEBUG o.s.o.j.SharedEntityManagerCreator$SharedEntityManagerInvocationHandler - Creating new EntityManager for shared EntityManager invocation
2025-05-24 20:16:14 [main] TRACE o.s.t.a.AnnotationTransactionAttributeSource - Adding transactional method 'com.app.fitrack.service.EmailService.sendPasswordResetEmail' with attribute: PROPAGATION_REQUIRED,ISOLATION_DEFAULT
2025-05-24 20:16:14 [main] TRACE o.s.t.a.AnnotationTransactionAttributeSource - Adding transactional method 'com.app.fitrack.service.EmailService.sendVerificationEmail' with attribute: PROPAGATION_REQUIRED,ISOLATION_DEFAULT
2025-05-24 20:16:14 [main] DEBUG o.s.o.j.SharedEntityManagerCreator$SharedEntityManagerInvocationHandler - Creating new EntityManager for shared EntityManager invocation
2025-05-24 20:16:14 [main] DEBUG o.s.o.j.SharedEntityManagerCreator$SharedEntityManagerInvocationHandler - Creating new EntityManager for shared EntityManager invocation
2025-05-24 20:16:14 [main] DEBUG o.s.o.j.SharedEntityManagerCreator$SharedEntityManagerInvocationHandler - Creating new EntityManager for shared EntityManager invocation
2025-05-24 20:16:14 [main] DEBUG o.s.o.j.SharedEntityManagerCreator$SharedEntityManagerInvocationHandler - Creating new EntityManager for shared EntityManager invocation
2025-05-24 20:16:14 [main] DEBUG o.s.o.j.SharedEntityManagerCreator$SharedEntityManagerInvocationHandler - Creating new EntityManager for shared EntityManager invocation
2025-05-24 20:16:14 [main] DEBUG o.s.o.j.SharedEntityManagerCreator$SharedEntityManagerInvocationHandler - Creating new EntityManager for shared EntityManager invocation
2025-05-24 20:16:14 [main] DEBUG o.s.o.j.SharedEntityManagerCreator$SharedEntityManagerInvocationHandler - Creating new EntityManager for shared EntityManager invocation
2025-05-24 20:16:14 [main] DEBUG o.s.o.j.SharedEntityManagerCreator$SharedEntityManagerInvocationHandler - Creating new EntityManager for shared EntityManager invocation
2025-05-24 20:16:14 [main] DEBUG o.s.o.j.SharedEntityManagerCreator$SharedEntityManagerInvocationHandler - Creating new EntityManager for shared EntityManager invocation
2025-05-24 20:16:14 [main] DEBUG o.s.o.j.SharedEntityManagerCreator$SharedEntityManagerInvocationHandler - Creating new EntityManager for shared EntityManager invocation
2025-05-24 20:16:14 [main] DEBUG o.s.o.j.SharedEntityManagerCreator$SharedEntityManagerInvocationHandler - Creating new EntityManager for shared EntityManager invocation
2025-05-24 20:16:14 [main] TRACE o.s.t.a.AnnotationTransactionAttributeSource - Adding transactional method 'com.app.fitrack.service.UserService.findByEmail' with attribute: PROPAGATION_REQUIRED,ISOLATION_DEFAULT
2025-05-24 20:16:14 [main] TRACE o.s.t.a.AnnotationTransactionAttributeSource - Adding transactional method 'com.app.fitrack.service.UserService.registerUser' with attribute: PROPAGATION_REQUIRED,ISOLATION_DEFAULT
2025-05-24 20:16:14 [main] TRACE o.s.t.a.AnnotationTransactionAttributeSource - Adding transactional method 'com.app.fitrack.service.UserService.createUserProfile' with attribute: PROPAGATION_REQUIRED,ISOLATION_DEFAULT
2025-05-24 20:16:14 [main] TRACE o.s.t.a.AnnotationTransactionAttributeSource - Adding transactional method 'com.app.fitrack.service.UserService.resetPassword' with attribute: PROPAGATION_REQUIRED,ISOLATION_DEFAULT
2025-05-24 20:16:14 [main] TRACE o.s.t.a.AnnotationTransactionAttributeSource - Adding transactional method 'com.app.fitrack.service.UserService.verifyUser' with attribute: PROPAGATION_REQUIRED,ISOLATION_DEFAULT
2025-05-24 20:16:14 [main] TRACE o.s.t.a.AnnotationTransactionAttributeSource - Adding transactional method 'com.app.fitrack.service.UserService.updateUserProfile' with attribute: PROPAGATION_REQUIRED,ISOLATION_DEFAULT
2025-05-24 20:16:14 [main] TRACE o.s.t.a.AnnotationTransactionAttributeSource - Adding transactional method 'com.app.fitrack.service.UserService.verifyEmailChange' with attribute: PROPAGATION_REQUIRED,ISOLATION_DEFAULT
2025-05-24 20:16:14 [main] TRACE o.s.t.a.AnnotationTransactionAttributeSource - Adding transactional method 'com.app.fitrack.service.UserService.saveUser' with attribute: PROPAGATION_REQUIRED,ISOLATION_DEFAULT
2025-05-24 20:16:14 [main] TRACE o.s.t.a.AnnotationTransactionAttributeSource - Adding transactional method 'com.app.fitrack.service.UserService.calculateTDEE' with attribute: PROPAGATION_REQUIRED,ISOLATION_DEFAULT
2025-05-24 20:16:14 [main] TRACE o.s.t.a.AnnotationTransactionAttributeSource - Adding transactional method 'com.app.fitrack.service.UserService.calculateBMR' with attribute: PROPAGATION_REQUIRED,ISOLATION_DEFAULT
2025-05-24 20:16:14 [main] TRACE o.s.t.a.AnnotationTransactionAttributeSource - Adding transactional method 'com.app.fitrack.service.UserService.resendVerificationCode' with attribute: PROPAGATION_REQUIRED,ISOLATION_DEFAULT
2025-05-24 20:16:14 [main] TRACE o.s.t.a.AnnotationTransactionAttributeSource - Adding transactional method 'com.app.fitrack.service.UserService.generatePasswordResetToken' with attribute: PROPAGATION_REQUIRED,ISOLATION_DEFAULT
2025-05-24 20:16:14 [main] TRACE o.s.t.a.AnnotationTransactionAttributeSource - Adding transactional method 'com.app.fitrack.service.UserService.getAuthenticatedUser' with attribute: PROPAGATION_REQUIRED,ISOLATION_DEFAULT
2025-05-24 20:16:14 [main] TRACE o.s.t.a.AnnotationTransactionAttributeSource - Adding transactional method 'com.app.fitrack.service.UserService.requestEmailChangeVerification' with attribute: PROPAGATION_REQUIRED,ISOLATION_DEFAULT
2025-05-24 20:16:14 [main] TRACE o.s.t.a.AnnotationTransactionAttributeSource - Adding transactional method 'com.app.fitrack.service.UserService.calculateDynamicActivityFactor' with attribute: PROPAGATION_REQUIRED,ISOLATION_DEFAULT
2025-05-24 20:16:14 [main] DEBUG o.s.o.j.SharedEntityManagerCreator$SharedEntityManagerInvocationHandler - Creating new EntityManager for shared EntityManager invocation
2025-05-24 20:16:14 [main] DEBUG o.s.o.j.SharedEntityManagerCreator$SharedEntityManagerInvocationHandler - Creating new EntityManager for shared EntityManager invocation
2025-05-24 20:16:14 [main] DEBUG o.s.o.j.SharedEntityManagerCreator$SharedEntityManagerInvocationHandler - Creating new EntityManager for shared EntityManager invocation
2025-05-24 20:16:14 [main] DEBUG o.s.o.j.SharedEntityManagerCreator$SharedEntityManagerInvocationHandler - Creating new EntityManager for shared EntityManager invocation
2025-05-24 20:16:14 [main] DEBUG o.s.o.j.SharedEntityManagerCreator$SharedEntityManagerInvocationHandler - Creating new EntityManager for shared EntityManager invocation
2025-05-24 20:16:14 [main] DEBUG o.s.o.j.SharedEntityManagerCreator$SharedEntityManagerInvocationHandler - Creating new EntityManager for shared EntityManager invocation
2025-05-24 20:16:14 [main] DEBUG o.s.o.j.SharedEntityManagerCreator$SharedEntityManagerInvocationHandler - Creating new EntityManager for shared EntityManager invocation
2025-05-24 20:16:14 [main] DEBUG o.s.o.j.SharedEntityManagerCreator$SharedEntityManagerInvocationHandler - Creating new EntityManager for shared EntityManager invocation
2025-05-24 20:16:14 [main] DEBUG o.s.o.j.SharedEntityManagerCreator$SharedEntityManagerInvocationHandler - Creating new EntityManager for shared EntityManager invocation
2025-05-24 20:16:14 [main] DEBUG o.s.o.j.SharedEntityManagerCreator$SharedEntityManagerInvocationHandler - Creating new EntityManager for shared EntityManager invocation
2025-05-24 20:16:14 [main] DEBUG o.s.o.j.SharedEntityManagerCreator$SharedEntityManagerInvocationHandler - Creating new EntityManager for shared EntityManager invocation
2025-05-24 20:16:14 [main] DEBUG o.s.o.j.SharedEntityManagerCreator$SharedEntityManagerInvocationHandler - Creating new EntityManager for shared EntityManager invocation
2025-05-24 20:16:14 [main] INFO  c.a.f.service.NutritionixService - NutritionixService initialized. App ID loaded: true, API Key loaded: true
2025-05-24 20:16:14 [main] DEBUG o.s.o.j.SharedEntityManagerCreator$SharedEntityManagerInvocationHandler - Creating new EntityManager for shared EntityManager invocation
2025-05-24 20:16:14 [main] DEBUG o.s.o.j.SharedEntityManagerCreator$SharedEntityManagerInvocationHandler - Creating new EntityManager for shared EntityManager invocation
2025-05-24 20:16:14 [main] DEBUG o.s.o.j.SharedEntityManagerCreator$SharedEntityManagerInvocationHandler - Creating new EntityManager for shared EntityManager invocation
2025-05-24 20:16:14 [main] DEBUG o.s.o.j.SharedEntityManagerCreator$SharedEntityManagerInvocationHandler - Creating new EntityManager for shared EntityManager invocation
2025-05-24 20:16:14 [main] DEBUG o.s.o.j.SharedEntityManagerCreator$SharedEntityManagerInvocationHandler - Creating new EntityManager for shared EntityManager invocation
2025-05-24 20:16:14 [main] DEBUG o.s.o.j.SharedEntityManagerCreator$SharedEntityManagerInvocationHandler - Creating new EntityManager for shared EntityManager invocation
2025-05-24 20:16:14 [main] DEBUG o.s.o.j.SharedEntityManagerCreator$SharedEntityManagerInvocationHandler - Creating new EntityManager for shared EntityManager invocation
2025-05-24 20:16:14 [main] DEBUG o.s.o.j.SharedEntityManagerCreator$SharedEntityManagerInvocationHandler - Creating new EntityManager for shared EntityManager invocation
2025-05-24 20:16:14 [main] TRACE o.s.t.a.AnnotationTransactionAttributeSource - Adding transactional method 'com.app.fitrack.service.GoalService.archiveGoal' with attribute: PROPAGATION_REQUIRED,ISOLATION_DEFAULT
2025-05-24 20:16:14 [main] TRACE o.s.t.a.AnnotationTransactionAttributeSource - Adding transactional method 'com.app.fitrack.service.GoalService.deleteGoal' with attribute: PROPAGATION_REQUIRED,ISOLATION_DEFAULT
2025-05-24 20:16:14 [main] TRACE o.s.t.a.AnnotationTransactionAttributeSource - Adding transactional method 'com.app.fitrack.service.GoalService.updateGoalProgress' with attribute: PROPAGATION_REQUIRED,ISOLATION_DEFAULT
2025-05-24 20:16:14 [main] TRACE o.s.t.a.AnnotationTransactionAttributeSource - Adding transactional method 'com.app.fitrack.service.GoalService.createGoal' with attribute: PROPAGATION_REQUIRED,ISOLATION_DEFAULT
2025-05-24 20:16:14 [main] TRACE o.s.t.a.AnnotationTransactionAttributeSource - Adding transactional method 'com.app.fitrack.service.GoalService.updateGoalsBasedOnActivity' with attribute: PROPAGATION_REQUIRED,ISOLATION_DEFAULT
2025-05-24 20:16:14 [main] WARN  o.s.b.a.o.j.JpaBaseConfiguration$JpaWebConfiguration - spring.jpa.open-in-view is enabled by default. Therefore, database queries may be performed during view rendering. Explicitly configure spring.jpa.open-in-view to disable this warning
2025-05-24 20:16:14 [main] TRACE o.s.s.c.a.a.c.AuthenticationConfiguration$EnableGlobalAuthenticationAutowiredConfigurer - Eagerly initializing {securityConfig=com.app.fitrack.config.SecurityConfig$$SpringCGLIB$$0@cbbc0ac}
2025-05-24 20:16:14 [main] INFO  o.s.s.c.a.a.c.InitializeUserDetailsBeanManagerConfigurer$InitializeUserDetailsManagerConfigurer - Global AuthenticationManager configured with UserDetailsService bean with name customUserDetailsService
2025-05-24 20:16:15 [main] DEBUG o.s.w.s.m.m.a.RequestMappingHandlerMapping - 50 mappings in 'requestMappingHandlerMapping'
2025-05-24 20:16:15 [main] DEBUG o.s.w.s.h.SimpleUrlHandlerMapping - Patterns [/webjars/**, /**] in 'resourceHandlerMapping'
2025-05-24 20:16:15 [main] INFO  o.s.b.a.e.web.EndpointLinksResolver - Exposing 1 endpoint beneath base path '/actuator'
2025-05-24 20:16:15 [main] DEBUG o.s.s.web.DefaultSecurityFilterChain - Will secure any request with filters: DisableEncodeUrlFilter, WebAsyncManagerIntegrationFilter, SecurityContextHolderFilter, HeaderWriterFilter, CsrfFilter, LogoutFilter, UsernamePasswordAuthenticationFilter, RequestCacheAwareFilter, SecurityContextHolderAwareRequestFilter, AnonymousAuthenticationFilter, ExceptionTranslationFilter, AuthorizationFilter
2025-05-24 20:16:15 [main] DEBUG o.s.w.s.m.m.a.RequestMappingHandlerAdapter - ControllerAdvice beans: 0 @ModelAttribute, 0 @InitBinder, 1 RequestBodyAdvice, 1 ResponseBodyAdvice
2025-05-24 20:16:15 [main] DEBUG o.s.w.s.m.m.a.ExceptionHandlerExceptionResolver - ControllerAdvice beans: 0 @ExceptionHandler, 1 ResponseBodyAdvice
2025-05-24 20:16:15 [main] INFO  c.a.fitrack.FitrackApplicationTests - Started FitrackApplicationTests in 10.046 seconds (process running for 11.152)
2025-05-24 20:16:16 [SpringApplicationShutdownHook] DEBUG o.s.w.c.s.GenericWebApplicationContext - Closing org.springframework.web.context.support.GenericWebApplicationContext@6c000e0c, started on Sat May 24 20:16:06 PST 2025
2025-05-24 20:16:16 [SpringApplicationShutdownHook] INFO  o.s.o.j.LocalContainerEntityManagerFactoryBean - Closing JPA EntityManagerFactory for persistence unit 'default'
2025-05-24 20:16:16 [SpringApplicationShutdownHook] INFO  com.zaxxer.hikari.HikariDataSource - HikariPool-1 - Shutdown initiated...
2025-05-24 20:16:16 [SpringApplicationShutdownHook] INFO  com.zaxxer.hikari.HikariDataSource - HikariPool-1 - Shutdown completed.
2025-05-24 20:27:40 [main] INFO  c.a.fitrack.FitrackApplicationTests - Starting FitrackApplicationTests using Java 19.0.1 with PID 9680 (started by Charlene C. Dilig in C:\Users\Charlene C. Dilig\OneDrive\Documents\Github\Fitrack\fitrack)
2025-05-24 20:27:40 [main] DEBUG c.a.fitrack.FitrackApplicationTests - Running with Spring Boot v3.4.3, Spring v6.2.3
2025-05-24 20:27:40 [main] INFO  c.a.fitrack.FitrackApplicationTests - No active profile set, falling back to 1 default profile: "default"
2025-05-24 20:27:40 [main] DEBUG o.s.w.c.s.GenericWebApplicationContext - Refreshing org.springframework.web.context.support.GenericWebApplicationContext@6c000e0c
2025-05-24 20:27:42 [main] INFO  o.s.d.r.c.RepositoryConfigurationDelegate - Bootstrapping Spring Data JPA repositories in DEFAULT mode.
2025-05-24 20:27:42 [main] INFO  o.s.d.r.c.RepositoryConfigurationDelegate - Finished Spring Data repository scanning in 62 ms. Found 7 JPA repository interfaces.
2025-05-24 20:27:42 [main] DEBUG o.s.o.j.LocalContainerEntityManagerFactoryBean - Building JPA container EntityManagerFactory for persistence unit 'default'
2025-05-24 20:27:42 [main] INFO  o.h.jpa.internal.util.LogHelper - HHH000204: Processing PersistenceUnitInfo [name: default]
2025-05-24 20:27:42 [main] INFO  org.hibernate.Version - HHH000412: Hibernate ORM core version 6.6.8.Final
2025-05-24 20:27:42 [main] INFO  o.h.c.i.RegionFactoryInitiator - HHH000026: Second-level cache disabled
2025-05-24 20:27:43 [main] INFO  o.s.o.j.p.SpringPersistenceUnitInfo - No LoadTimeWeaver setup: ignoring JPA class transformer
2025-05-24 20:27:43 [main] INFO  com.zaxxer.hikari.HikariDataSource - HikariPool-1 - Starting...
2025-05-24 20:27:43 [main] INFO  com.zaxxer.hikari.pool.HikariPool - HikariPool-1 - Added connection com.mysql.cj.jdbc.ConnectionImpl@67b3960b
2025-05-24 20:27:43 [main] INFO  com.zaxxer.hikari.HikariDataSource - HikariPool-1 - Start completed.
2025-05-24 20:27:43 [main] WARN  org.hibernate.orm.deprecation - HHH90000025: MySQL8Dialect does not need to be specified explicitly using 'hibernate.dialect' (remove the property setting and it will be selected by default)
2025-05-24 20:27:43 [main] WARN  org.hibernate.orm.deprecation - HHH90000026: MySQL8Dialect has been deprecated; use org.hibernate.dialect.MySQLDialect instead
2025-05-24 20:27:43 [main] INFO  o.hibernate.orm.connections.pooling - HHH10001005: Database info:
	Database JDBC URL [Connecting through datasource 'HikariDataSource (HikariPool-1)']
	Database driver: undefined/unknown
	Database version: 8.0
	Autocommit mode: undefined/unknown
	Isolation level: undefined/unknown
	Minimum pool size: undefined/unknown
	Maximum pool size: undefined/unknown
2025-05-24 20:27:43 [main] DEBUG o.h.t.d.sql.spi.DdlTypeRegistry - addDescriptor(12, org.hibernate.type.descriptor.sql.internal.CapacityDependentDdlType@3428420d) replaced previous registration(org.hibernate.type.descriptor.sql.internal.CapacityDependentDdlType@523ade68)
2025-05-24 20:27:43 [main] DEBUG o.h.t.d.sql.spi.DdlTypeRegistry - addDescriptor(-9, org.hibernate.type.descriptor.sql.internal.CapacityDependentDdlType@b529d7e) replaced previous registration(org.hibernate.type.descriptor.sql.internal.CapacityDependentDdlType@3664c596)
2025-05-24 20:27:43 [main] DEBUG o.h.t.d.sql.spi.DdlTypeRegistry - addDescriptor(-3, org.hibernate.type.descriptor.sql.internal.CapacityDependentDdlType@40aad17d) replaced previous registration(org.hibernate.type.descriptor.sql.internal.CapacityDependentDdlType@44e79e9e)
2025-05-24 20:27:43 [main] DEBUG o.h.t.d.sql.spi.DdlTypeRegistry - addDescriptor(4003, org.hibernate.type.descriptor.sql.internal.DdlTypeImpl@5bc14211) replaced previous registration(org.hibernate.type.descriptor.sql.internal.DdlTypeImpl@4b99648a)
2025-05-24 20:27:43 [main] DEBUG o.h.t.d.sql.spi.DdlTypeRegistry - addDescriptor(4001, org.hibernate.type.descriptor.sql.internal.DdlTypeImpl@5d2e65bd) replaced previous registration(org.hibernate.type.descriptor.sql.internal.DdlTypeImpl@254513e8)
2025-05-24 20:27:43 [main] DEBUG o.h.t.d.sql.spi.DdlTypeRegistry - addDescriptor(4002, org.hibernate.type.descriptor.sql.internal.DdlTypeImpl@74450c9b) replaced previous registration(org.hibernate.type.descriptor.sql.internal.DdlTypeImpl@74f89bad)
2025-05-24 20:27:43 [main] DEBUG o.h.t.d.sql.spi.DdlTypeRegistry - addDescriptor(2004, org.hibernate.type.descriptor.sql.internal.CapacityDependentDdlType@5ad50b02) replaced previous registration(org.hibernate.type.descriptor.sql.internal.DdlTypeImpl@570299e3)
2025-05-24 20:27:43 [main] DEBUG o.h.t.d.sql.spi.DdlTypeRegistry - addDescriptor(2005, org.hibernate.type.descriptor.sql.internal.CapacityDependentDdlType@bff764c) replaced previous registration(org.hibernate.type.descriptor.sql.internal.DdlTypeImpl@3beaa16d)
2025-05-24 20:27:43 [main] DEBUG o.h.t.d.sql.spi.DdlTypeRegistry - addDescriptor(2011, org.hibernate.type.descriptor.sql.internal.CapacityDependentDdlType@49153009) replaced previous registration(org.hibernate.type.descriptor.sql.internal.DdlTypeImpl@a1b7549)
2025-05-24 20:27:44 [main] INFO  o.h.e.t.j.p.i.JtaPlatformInitiator - HHH000489: No JTA platform available (set 'hibernate.transaction.jta.platform' to enable JTA platform integration)
2025-05-24 20:27:44 [main] INFO  o.s.o.j.LocalContainerEntityManagerFactoryBean - Initialized JPA EntityManagerFactory for persistence unit 'default'
2025-05-24 20:27:48 [main] DEBUG o.s.o.j.SharedEntityManagerCreator$SharedEntityManagerInvocationHandler - Creating new EntityManager for shared EntityManager invocation
2025-05-24 20:27:48 [main] DEBUG o.s.o.j.SharedEntityManagerCreator$SharedEntityManagerInvocationHandler - Creating new EntityManager for shared EntityManager invocation
2025-05-24 20:27:48 [main] DEBUG o.s.o.j.SharedEntityManagerCreator$SharedEntityManagerInvocationHandler - Creating new EntityManager for shared EntityManager invocation
2025-05-24 20:27:48 [main] DEBUG o.s.o.j.SharedEntityManagerCreator$SharedEntityManagerInvocationHandler - Creating new EntityManager for shared EntityManager invocation
2025-05-24 20:27:48 [main] INFO  o.s.d.j.r.query.QueryEnhancerFactory - Hibernate is in classpath; If applicable, HQL parser will be used.
2025-05-24 20:27:48 [main] DEBUG o.s.o.j.SharedEntityManagerCreator$SharedEntityManagerInvocationHandler - Creating new EntityManager for shared EntityManager invocation
2025-05-24 20:27:48 [main] DEBUG o.s.o.j.SharedEntityManagerCreator$SharedEntityManagerInvocationHandler - Creating new EntityManager for shared EntityManager invocation
2025-05-24 20:27:48 [main] DEBUG o.s.o.j.SharedEntityManagerCreator$SharedEntityManagerInvocationHandler - Creating new EntityManager for shared EntityManager invocation
2025-05-24 20:27:48 [main] DEBUG o.s.o.j.SharedEntityManagerCreator$SharedEntityManagerInvocationHandler - Creating new EntityManager for shared EntityManager invocation
2025-05-24 20:27:48 [main] DEBUG o.s.o.j.SharedEntityManagerCreator$SharedEntityManagerInvocationHandler - Creating new EntityManager for shared EntityManager invocation
2025-05-24 20:27:49 [main] TRACE o.s.t.a.AnnotationTransactionAttributeSource - Adding transactional method 'com.app.fitrack.service.EmailService.sendVerificationEmail' with attribute: PROPAGATION_REQUIRED,ISOLATION_DEFAULT
2025-05-24 20:27:49 [main] TRACE o.s.t.a.AnnotationTransactionAttributeSource - Adding transactional method 'com.app.fitrack.service.EmailService.sendPasswordResetEmail' with attribute: PROPAGATION_REQUIRED,ISOLATION_DEFAULT
2025-05-24 20:27:49 [main] DEBUG o.s.o.j.SharedEntityManagerCreator$SharedEntityManagerInvocationHandler - Creating new EntityManager for shared EntityManager invocation
2025-05-24 20:27:49 [main] DEBUG o.s.o.j.SharedEntityManagerCreator$SharedEntityManagerInvocationHandler - Creating new EntityManager for shared EntityManager invocation
2025-05-24 20:27:49 [main] DEBUG o.s.o.j.SharedEntityManagerCreator$SharedEntityManagerInvocationHandler - Creating new EntityManager for shared EntityManager invocation
2025-05-24 20:27:49 [main] DEBUG o.s.o.j.SharedEntityManagerCreator$SharedEntityManagerInvocationHandler - Creating new EntityManager for shared EntityManager invocation
2025-05-24 20:27:49 [main] DEBUG o.s.o.j.SharedEntityManagerCreator$SharedEntityManagerInvocationHandler - Creating new EntityManager for shared EntityManager invocation
2025-05-24 20:27:49 [main] DEBUG o.s.o.j.SharedEntityManagerCreator$SharedEntityManagerInvocationHandler - Creating new EntityManager for shared EntityManager invocation
2025-05-24 20:27:49 [main] DEBUG o.s.o.j.SharedEntityManagerCreator$SharedEntityManagerInvocationHandler - Creating new EntityManager for shared EntityManager invocation
2025-05-24 20:27:49 [main] DEBUG o.s.o.j.SharedEntityManagerCreator$SharedEntityManagerInvocationHandler - Creating new EntityManager for shared EntityManager invocation
2025-05-24 20:27:49 [main] DEBUG o.s.o.j.SharedEntityManagerCreator$SharedEntityManagerInvocationHandler - Creating new EntityManager for shared EntityManager invocation
2025-05-24 20:27:49 [main] DEBUG o.s.o.j.SharedEntityManagerCreator$SharedEntityManagerInvocationHandler - Creating new EntityManager for shared EntityManager invocation
2025-05-24 20:27:49 [main] DEBUG o.s.o.j.SharedEntityManagerCreator$SharedEntityManagerInvocationHandler - Creating new EntityManager for shared EntityManager invocation
2025-05-24 20:27:49 [main] TRACE o.s.t.a.AnnotationTransactionAttributeSource - Adding transactional method 'com.app.fitrack.service.UserService.calculateTDEE' with attribute: PROPAGATION_REQUIRED,ISOLATION_DEFAULT
2025-05-24 20:27:49 [main] TRACE o.s.t.a.AnnotationTransactionAttributeSource - Adding transactional method 'com.app.fitrack.service.UserService.generatePasswordResetToken' with attribute: PROPAGATION_REQUIRED,ISOLATION_DEFAULT
2025-05-24 20:27:49 [main] TRACE o.s.t.a.AnnotationTransactionAttributeSource - Adding transactional method 'com.app.fitrack.service.UserService.requestEmailChangeVerification' with attribute: PROPAGATION_REQUIRED,ISOLATION_DEFAULT
2025-05-24 20:27:49 [main] TRACE o.s.t.a.AnnotationTransactionAttributeSource - Adding transactional method 'com.app.fitrack.service.UserService.resendVerificationCode' with attribute: PROPAGATION_REQUIRED,ISOLATION_DEFAULT
2025-05-24 20:27:49 [main] TRACE o.s.t.a.AnnotationTransactionAttributeSource - Adding transactional method 'com.app.fitrack.service.UserService.calculateDynamicActivityFactor' with attribute: PROPAGATION_REQUIRED,ISOLATION_DEFAULT
2025-05-24 20:27:49 [main] TRACE o.s.t.a.AnnotationTransactionAttributeSource - Adding transactional method 'com.app.fitrack.service.UserService.getAuthenticatedUser' with attribute: PROPAGATION_REQUIRED,ISOLATION_DEFAULT
2025-05-24 20:27:49 [main] TRACE o.s.t.a.AnnotationTransactionAttributeSource - Adding transactional method 'com.app.fitrack.service.UserService.findByEmail' with attribute: PROPAGATION_REQUIRED,ISOLATION_DEFAULT
2025-05-24 20:27:49 [main] TRACE o.s.t.a.AnnotationTransactionAttributeSource - Adding transactional method 'com.app.fitrack.service.UserService.registerUser' with attribute: PROPAGATION_REQUIRED,ISOLATION_DEFAULT
2025-05-24 20:27:49 [main] TRACE o.s.t.a.AnnotationTransactionAttributeSource - Adding transactional method 'com.app.fitrack.service.UserService.verifyUser' with attribute: PROPAGATION_REQUIRED,ISOLATION_DEFAULT
2025-05-24 20:27:49 [main] TRACE o.s.t.a.AnnotationTransactionAttributeSource - Adding transactional method 'com.app.fitrack.service.UserService.resetPassword' with attribute: PROPAGATION_REQUIRED,ISOLATION_DEFAULT
2025-05-24 20:27:49 [main] TRACE o.s.t.a.AnnotationTransactionAttributeSource - Adding transactional method 'com.app.fitrack.service.UserService.verifyEmailChange' with attribute: PROPAGATION_REQUIRED,ISOLATION_DEFAULT
2025-05-24 20:27:49 [main] TRACE o.s.t.a.AnnotationTransactionAttributeSource - Adding transactional method 'com.app.fitrack.service.UserService.updateUserProfile' with attribute: PROPAGATION_REQUIRED,ISOLATION_DEFAULT
2025-05-24 20:27:49 [main] TRACE o.s.t.a.AnnotationTransactionAttributeSource - Adding transactional method 'com.app.fitrack.service.UserService.createUserProfile' with attribute: PROPAGATION_REQUIRED,ISOLATION_DEFAULT
2025-05-24 20:27:49 [main] TRACE o.s.t.a.AnnotationTransactionAttributeSource - Adding transactional method 'com.app.fitrack.service.UserService.saveUser' with attribute: PROPAGATION_REQUIRED,ISOLATION_DEFAULT
2025-05-24 20:27:49 [main] TRACE o.s.t.a.AnnotationTransactionAttributeSource - Adding transactional method 'com.app.fitrack.service.UserService.calculateBMR' with attribute: PROPAGATION_REQUIRED,ISOLATION_DEFAULT
2025-05-24 20:27:49 [main] DEBUG o.s.o.j.SharedEntityManagerCreator$SharedEntityManagerInvocationHandler - Creating new EntityManager for shared EntityManager invocation
2025-05-24 20:27:49 [main] DEBUG o.s.o.j.SharedEntityManagerCreator$SharedEntityManagerInvocationHandler - Creating new EntityManager for shared EntityManager invocation
2025-05-24 20:27:49 [main] DEBUG o.s.o.j.SharedEntityManagerCreator$SharedEntityManagerInvocationHandler - Creating new EntityManager for shared EntityManager invocation
2025-05-24 20:27:49 [main] DEBUG o.s.o.j.SharedEntityManagerCreator$SharedEntityManagerInvocationHandler - Creating new EntityManager for shared EntityManager invocation
2025-05-24 20:27:49 [main] DEBUG o.s.o.j.SharedEntityManagerCreator$SharedEntityManagerInvocationHandler - Creating new EntityManager for shared EntityManager invocation
2025-05-24 20:27:49 [main] DEBUG o.s.o.j.SharedEntityManagerCreator$SharedEntityManagerInvocationHandler - Creating new EntityManager for shared EntityManager invocation
2025-05-24 20:27:49 [main] DEBUG o.s.o.j.SharedEntityManagerCreator$SharedEntityManagerInvocationHandler - Creating new EntityManager for shared EntityManager invocation
2025-05-24 20:27:49 [main] DEBUG o.s.o.j.SharedEntityManagerCreator$SharedEntityManagerInvocationHandler - Creating new EntityManager for shared EntityManager invocation
2025-05-24 20:27:49 [main] DEBUG o.s.o.j.SharedEntityManagerCreator$SharedEntityManagerInvocationHandler - Creating new EntityManager for shared EntityManager invocation
2025-05-24 20:27:49 [main] DEBUG o.s.o.j.SharedEntityManagerCreator$SharedEntityManagerInvocationHandler - Creating new EntityManager for shared EntityManager invocation
2025-05-24 20:27:49 [main] DEBUG o.s.o.j.SharedEntityManagerCreator$SharedEntityManagerInvocationHandler - Creating new EntityManager for shared EntityManager invocation
2025-05-24 20:27:49 [main] DEBUG o.s.o.j.SharedEntityManagerCreator$SharedEntityManagerInvocationHandler - Creating new EntityManager for shared EntityManager invocation
2025-05-24 20:27:49 [main] INFO  c.a.f.service.NutritionixService - NutritionixService initialized. App ID loaded: true, API Key loaded: true
2025-05-24 20:27:49 [main] DEBUG o.s.o.j.SharedEntityManagerCreator$SharedEntityManagerInvocationHandler - Creating new EntityManager for shared EntityManager invocation
2025-05-24 20:27:49 [main] DEBUG o.s.o.j.SharedEntityManagerCreator$SharedEntityManagerInvocationHandler - Creating new EntityManager for shared EntityManager invocation
2025-05-24 20:27:49 [main] DEBUG o.s.o.j.SharedEntityManagerCreator$SharedEntityManagerInvocationHandler - Creating new EntityManager for shared EntityManager invocation
2025-05-24 20:27:49 [main] DEBUG o.s.o.j.SharedEntityManagerCreator$SharedEntityManagerInvocationHandler - Creating new EntityManager for shared EntityManager invocation
2025-05-24 20:27:49 [main] DEBUG o.s.o.j.SharedEntityManagerCreator$SharedEntityManagerInvocationHandler - Creating new EntityManager for shared EntityManager invocation
2025-05-24 20:27:49 [main] DEBUG o.s.o.j.SharedEntityManagerCreator$SharedEntityManagerInvocationHandler - Creating new EntityManager for shared EntityManager invocation
2025-05-24 20:27:49 [main] DEBUG o.s.o.j.SharedEntityManagerCreator$SharedEntityManagerInvocationHandler - Creating new EntityManager for shared EntityManager invocation
2025-05-24 20:27:49 [main] DEBUG o.s.o.j.SharedEntityManagerCreator$SharedEntityManagerInvocationHandler - Creating new EntityManager for shared EntityManager invocation
2025-05-24 20:27:49 [main] TRACE o.s.t.a.AnnotationTransactionAttributeSource - Adding transactional method 'com.app.fitrack.service.GoalService.updateGoalsBasedOnActivity' with attribute: PROPAGATION_REQUIRED,ISOLATION_DEFAULT
2025-05-24 20:27:49 [main] TRACE o.s.t.a.AnnotationTransactionAttributeSource - Adding transactional method 'com.app.fitrack.service.GoalService.createGoal' with attribute: PROPAGATION_REQUIRED,ISOLATION_DEFAULT
2025-05-24 20:27:49 [main] TRACE o.s.t.a.AnnotationTransactionAttributeSource - Adding transactional method 'com.app.fitrack.service.GoalService.deleteGoal' with attribute: PROPAGATION_REQUIRED,ISOLATION_DEFAULT
2025-05-24 20:27:49 [main] TRACE o.s.t.a.AnnotationTransactionAttributeSource - Adding transactional method 'com.app.fitrack.service.GoalService.updateGoalProgress' with attribute: PROPAGATION_REQUIRED,ISOLATION_DEFAULT
2025-05-24 20:27:49 [main] TRACE o.s.t.a.AnnotationTransactionAttributeSource - Adding transactional method 'com.app.fitrack.service.GoalService.archiveGoal' with attribute: PROPAGATION_REQUIRED,ISOLATION_DEFAULT
2025-05-24 20:27:49 [main] WARN  o.s.b.a.o.j.JpaBaseConfiguration$JpaWebConfiguration - spring.jpa.open-in-view is enabled by default. Therefore, database queries may be performed during view rendering. Explicitly configure spring.jpa.open-in-view to disable this warning
2025-05-24 20:27:49 [main] TRACE o.s.s.c.a.a.c.AuthenticationConfiguration$EnableGlobalAuthenticationAutowiredConfigurer - Eagerly initializing {securityConfig=com.app.fitrack.config.SecurityConfig$$SpringCGLIB$$0@787073b3}
2025-05-24 20:27:49 [main] INFO  o.s.s.c.a.a.c.InitializeUserDetailsBeanManagerConfigurer$InitializeUserDetailsManagerConfigurer - Global AuthenticationManager configured with UserDetailsService bean with name customUserDetailsService
2025-05-24 20:27:50 [main] DEBUG o.s.w.s.m.m.a.RequestMappingHandlerMapping - 50 mappings in 'requestMappingHandlerMapping'
2025-05-24 20:27:50 [main] DEBUG o.s.w.s.h.SimpleUrlHandlerMapping - Patterns [/webjars/**, /**] in 'resourceHandlerMapping'
2025-05-24 20:27:50 [main] INFO  o.s.b.a.e.web.EndpointLinksResolver - Exposing 1 endpoint beneath base path '/actuator'
2025-05-24 20:27:50 [main] DEBUG o.s.s.web.DefaultSecurityFilterChain - Will secure any request with filters: DisableEncodeUrlFilter, WebAsyncManagerIntegrationFilter, SecurityContextHolderFilter, HeaderWriterFilter, CsrfFilter, LogoutFilter, UsernamePasswordAuthenticationFilter, RequestCacheAwareFilter, SecurityContextHolderAwareRequestFilter, AnonymousAuthenticationFilter, ExceptionTranslationFilter, AuthorizationFilter
2025-05-24 20:27:50 [main] DEBUG o.s.w.s.m.m.a.RequestMappingHandlerAdapter - ControllerAdvice beans: 0 @ModelAttribute, 0 @InitBinder, 1 RequestBodyAdvice, 1 ResponseBodyAdvice
2025-05-24 20:27:50 [main] DEBUG o.s.w.s.m.m.a.ExceptionHandlerExceptionResolver - ControllerAdvice beans: 0 @ExceptionHandler, 1 ResponseBodyAdvice
2025-05-24 20:27:51 [main] INFO  c.a.fitrack.FitrackApplicationTests - Started FitrackApplicationTests in 10.552 seconds (process running for 11.563)
2025-05-24 20:27:51 [SpringApplicationShutdownHook] DEBUG o.s.w.c.s.GenericWebApplicationContext - Closing org.springframework.web.context.support.GenericWebApplicationContext@6c000e0c, started on Sat May 24 20:27:40 PST 2025
2025-05-24 20:27:51 [SpringApplicationShutdownHook] INFO  o.s.o.j.LocalContainerEntityManagerFactoryBean - Closing JPA EntityManagerFactory for persistence unit 'default'
2025-05-24 20:27:51 [SpringApplicationShutdownHook] INFO  com.zaxxer.hikari.HikariDataSource - HikariPool-1 - Shutdown initiated...
2025-05-24 20:27:51 [SpringApplicationShutdownHook] INFO  com.zaxxer.hikari.HikariDataSource - HikariPool-1 - Shutdown completed.
2025-05-24 20:31:08 [main] INFO  c.a.fitrack.FitrackApplicationTests - Starting FitrackApplicationTests using Java 19.0.1 with PID 13016 (started by Charlene C. Dilig in C:\Users\Charlene C. Dilig\OneDrive\Documents\Github\Fitrack\fitrack)
2025-05-24 20:31:08 [main] DEBUG c.a.fitrack.FitrackApplicationTests - Running with Spring Boot v3.4.3, Spring v6.2.3
2025-05-24 20:31:08 [main] INFO  c.a.fitrack.FitrackApplicationTests - No active profile set, falling back to 1 default profile: "default"
2025-05-24 20:31:08 [main] DEBUG o.s.w.c.s.GenericWebApplicationContext - Refreshing org.springframework.web.context.support.GenericWebApplicationContext@6c000e0c
2025-05-24 20:31:09 [main] INFO  o.s.d.r.c.RepositoryConfigurationDelegate - Bootstrapping Spring Data JPA repositories in DEFAULT mode.
2025-05-24 20:31:09 [main] INFO  o.s.d.r.c.RepositoryConfigurationDelegate - Finished Spring Data repository scanning in 65 ms. Found 7 JPA repository interfaces.
2025-05-24 20:31:10 [main] DEBUG o.s.o.j.LocalContainerEntityManagerFactoryBean - Building JPA container EntityManagerFactory for persistence unit 'default'
2025-05-24 20:31:10 [main] INFO  o.h.jpa.internal.util.LogHelper - HHH000204: Processing PersistenceUnitInfo [name: default]
2025-05-24 20:31:10 [main] INFO  org.hibernate.Version - HHH000412: Hibernate ORM core version 6.6.8.Final
2025-05-24 20:31:10 [main] INFO  o.h.c.i.RegionFactoryInitiator - HHH000026: Second-level cache disabled
2025-05-24 20:31:10 [main] INFO  o.s.o.j.p.SpringPersistenceUnitInfo - No LoadTimeWeaver setup: ignoring JPA class transformer
2025-05-24 20:31:10 [main] INFO  com.zaxxer.hikari.HikariDataSource - HikariPool-1 - Starting...
2025-05-24 20:31:10 [main] INFO  com.zaxxer.hikari.pool.HikariPool - HikariPool-1 - Added connection com.mysql.cj.jdbc.ConnectionImpl@190bf8e4
2025-05-24 20:31:10 [main] INFO  com.zaxxer.hikari.HikariDataSource - HikariPool-1 - Start completed.
2025-05-24 20:31:10 [main] WARN  org.hibernate.orm.deprecation - HHH90000025: MySQL8Dialect does not need to be specified explicitly using 'hibernate.dialect' (remove the property setting and it will be selected by default)
2025-05-24 20:31:10 [main] WARN  org.hibernate.orm.deprecation - HHH90000026: MySQL8Dialect has been deprecated; use org.hibernate.dialect.MySQLDialect instead
2025-05-24 20:31:10 [main] INFO  o.hibernate.orm.connections.pooling - HHH10001005: Database info:
	Database JDBC URL [Connecting through datasource 'HikariDataSource (HikariPool-1)']
	Database driver: undefined/unknown
	Database version: 8.0
	Autocommit mode: undefined/unknown
	Isolation level: undefined/unknown
	Minimum pool size: undefined/unknown
	Maximum pool size: undefined/unknown
2025-05-24 20:31:10 [main] DEBUG o.h.t.d.sql.spi.DdlTypeRegistry - addDescriptor(12, org.hibernate.type.descriptor.sql.internal.CapacityDependentDdlType@49153009) replaced previous registration(org.hibernate.type.descriptor.sql.internal.CapacityDependentDdlType@a1b7549)
2025-05-24 20:31:10 [main] DEBUG o.h.t.d.sql.spi.DdlTypeRegistry - addDescriptor(-9, org.hibernate.type.descriptor.sql.internal.CapacityDependentDdlType@7aa63f50) replaced previous registration(org.hibernate.type.descriptor.sql.internal.CapacityDependentDdlType@142918a0)
2025-05-24 20:31:10 [main] DEBUG o.h.t.d.sql.spi.DdlTypeRegistry - addDescriptor(-3, org.hibernate.type.descriptor.sql.internal.CapacityDependentDdlType@745cf754) replaced previous registration(org.hibernate.type.descriptor.sql.internal.CapacityDependentDdlType@25bc65ab)
2025-05-24 20:31:10 [main] DEBUG o.h.t.d.sql.spi.DdlTypeRegistry - addDescriptor(4003, org.hibernate.type.descriptor.sql.internal.DdlTypeImpl@6eab92f3) replaced previous registration(org.hibernate.type.descriptor.sql.internal.DdlTypeImpl@321b7b9e)
2025-05-24 20:31:10 [main] DEBUG o.h.t.d.sql.spi.DdlTypeRegistry - addDescriptor(4001, org.hibernate.type.descriptor.sql.internal.DdlTypeImpl@21eedcde) replaced previous registration(org.hibernate.type.descriptor.sql.internal.DdlTypeImpl@67396475)
2025-05-24 20:31:10 [main] DEBUG o.h.t.d.sql.spi.DdlTypeRegistry - addDescriptor(4002, org.hibernate.type.descriptor.sql.internal.DdlTypeImpl@55b74e6b) replaced previous registration(org.hibernate.type.descriptor.sql.internal.DdlTypeImpl@3c1908c8)
2025-05-24 20:31:10 [main] DEBUG o.h.t.d.sql.spi.DdlTypeRegistry - addDescriptor(2004, org.hibernate.type.descriptor.sql.internal.CapacityDependentDdlType@6bc62bb9) replaced previous registration(org.hibernate.type.descriptor.sql.internal.DdlTypeImpl@47f0e078)
2025-05-24 20:31:10 [main] DEBUG o.h.t.d.sql.spi.DdlTypeRegistry - addDescriptor(2005, org.hibernate.type.descriptor.sql.internal.CapacityDependentDdlType@28db2afb) replaced previous registration(org.hibernate.type.descriptor.sql.internal.DdlTypeImpl@5c703860)
2025-05-24 20:31:10 [main] DEBUG o.h.t.d.sql.spi.DdlTypeRegistry - addDescriptor(2011, org.hibernate.type.descriptor.sql.internal.CapacityDependentDdlType@6315bb4) replaced previous registration(org.hibernate.type.descriptor.sql.internal.DdlTypeImpl@4682882a)
2025-05-24 20:31:12 [main] INFO  o.h.e.t.j.p.i.JtaPlatformInitiator - HHH000489: No JTA platform available (set 'hibernate.transaction.jta.platform' to enable JTA platform integration)
2025-05-24 20:31:12 [main] INFO  o.s.o.j.LocalContainerEntityManagerFactoryBean - Initialized JPA EntityManagerFactory for persistence unit 'default'
2025-05-24 20:31:15 [main] DEBUG o.s.o.j.SharedEntityManagerCreator$SharedEntityManagerInvocationHandler - Creating new EntityManager for shared EntityManager invocation
2025-05-24 20:31:15 [main] DEBUG o.s.o.j.SharedEntityManagerCreator$SharedEntityManagerInvocationHandler - Creating new EntityManager for shared EntityManager invocation
2025-05-24 20:31:15 [main] DEBUG o.s.o.j.SharedEntityManagerCreator$SharedEntityManagerInvocationHandler - Creating new EntityManager for shared EntityManager invocation
2025-05-24 20:31:15 [main] DEBUG o.s.o.j.SharedEntityManagerCreator$SharedEntityManagerInvocationHandler - Creating new EntityManager for shared EntityManager invocation
2025-05-24 20:31:15 [main] INFO  o.s.d.j.r.query.QueryEnhancerFactory - Hibernate is in classpath; If applicable, HQL parser will be used.
2025-05-24 20:31:16 [main] DEBUG o.s.o.j.SharedEntityManagerCreator$SharedEntityManagerInvocationHandler - Creating new EntityManager for shared EntityManager invocation
2025-05-24 20:31:16 [main] DEBUG o.s.o.j.SharedEntityManagerCreator$SharedEntityManagerInvocationHandler - Creating new EntityManager for shared EntityManager invocation
2025-05-24 20:31:16 [main] DEBUG o.s.o.j.SharedEntityManagerCreator$SharedEntityManagerInvocationHandler - Creating new EntityManager for shared EntityManager invocation
2025-05-24 20:31:16 [main] DEBUG o.s.o.j.SharedEntityManagerCreator$SharedEntityManagerInvocationHandler - Creating new EntityManager for shared EntityManager invocation
2025-05-24 20:31:16 [main] DEBUG o.s.o.j.SharedEntityManagerCreator$SharedEntityManagerInvocationHandler - Creating new EntityManager for shared EntityManager invocation
2025-05-24 20:31:16 [main] TRACE o.s.t.a.AnnotationTransactionAttributeSource - Adding transactional method 'com.app.fitrack.service.EmailService.sendVerificationEmail' with attribute: PROPAGATION_REQUIRED,ISOLATION_DEFAULT
2025-05-24 20:31:16 [main] TRACE o.s.t.a.AnnotationTransactionAttributeSource - Adding transactional method 'com.app.fitrack.service.EmailService.sendPasswordResetEmail' with attribute: PROPAGATION_REQUIRED,ISOLATION_DEFAULT
2025-05-24 20:31:16 [main] DEBUG o.s.o.j.SharedEntityManagerCreator$SharedEntityManagerInvocationHandler - Creating new EntityManager for shared EntityManager invocation
2025-05-24 20:31:16 [main] DEBUG o.s.o.j.SharedEntityManagerCreator$SharedEntityManagerInvocationHandler - Creating new EntityManager for shared EntityManager invocation
2025-05-24 20:31:16 [main] DEBUG o.s.o.j.SharedEntityManagerCreator$SharedEntityManagerInvocationHandler - Creating new EntityManager for shared EntityManager invocation
2025-05-24 20:31:16 [main] DEBUG o.s.o.j.SharedEntityManagerCreator$SharedEntityManagerInvocationHandler - Creating new EntityManager for shared EntityManager invocation
2025-05-24 20:31:16 [main] DEBUG o.s.o.j.SharedEntityManagerCreator$SharedEntityManagerInvocationHandler - Creating new EntityManager for shared EntityManager invocation
2025-05-24 20:31:16 [main] DEBUG o.s.o.j.SharedEntityManagerCreator$SharedEntityManagerInvocationHandler - Creating new EntityManager for shared EntityManager invocation
2025-05-24 20:31:16 [main] DEBUG o.s.o.j.SharedEntityManagerCreator$SharedEntityManagerInvocationHandler - Creating new EntityManager for shared EntityManager invocation
2025-05-24 20:31:16 [main] DEBUG o.s.o.j.SharedEntityManagerCreator$SharedEntityManagerInvocationHandler - Creating new EntityManager for shared EntityManager invocation
2025-05-24 20:31:16 [main] DEBUG o.s.o.j.SharedEntityManagerCreator$SharedEntityManagerInvocationHandler - Creating new EntityManager for shared EntityManager invocation
2025-05-24 20:31:16 [main] DEBUG o.s.o.j.SharedEntityManagerCreator$SharedEntityManagerInvocationHandler - Creating new EntityManager for shared EntityManager invocation
2025-05-24 20:31:16 [main] DEBUG o.s.o.j.SharedEntityManagerCreator$SharedEntityManagerInvocationHandler - Creating new EntityManager for shared EntityManager invocation
2025-05-24 20:31:16 [main] TRACE o.s.t.a.AnnotationTransactionAttributeSource - Adding transactional method 'com.app.fitrack.service.UserService.resetPassword' with attribute: PROPAGATION_REQUIRED,ISOLATION_DEFAULT
2025-05-24 20:31:16 [main] TRACE o.s.t.a.AnnotationTransactionAttributeSource - Adding transactional method 'com.app.fitrack.service.UserService.registerUser' with attribute: PROPAGATION_REQUIRED,ISOLATION_DEFAULT
2025-05-24 20:31:16 [main] TRACE o.s.t.a.AnnotationTransactionAttributeSource - Adding transactional method 'com.app.fitrack.service.UserService.createUserProfile' with attribute: PROPAGATION_REQUIRED,ISOLATION_DEFAULT
2025-05-24 20:31:16 [main] TRACE o.s.t.a.AnnotationTransactionAttributeSource - Adding transactional method 'com.app.fitrack.service.UserService.verifyUser' with attribute: PROPAGATION_REQUIRED,ISOLATION_DEFAULT
2025-05-24 20:31:16 [main] TRACE o.s.t.a.AnnotationTransactionAttributeSource - Adding transactional method 'com.app.fitrack.service.UserService.updateUserProfile' with attribute: PROPAGATION_REQUIRED,ISOLATION_DEFAULT
2025-05-24 20:31:16 [main] TRACE o.s.t.a.AnnotationTransactionAttributeSource - Adding transactional method 'com.app.fitrack.service.UserService.verifyEmailChange' with attribute: PROPAGATION_REQUIRED,ISOLATION_DEFAULT
2025-05-24 20:31:16 [main] TRACE o.s.t.a.AnnotationTransactionAttributeSource - Adding transactional method 'com.app.fitrack.service.UserService.saveUser' with attribute: PROPAGATION_REQUIRED,ISOLATION_DEFAULT
2025-05-24 20:31:16 [main] TRACE o.s.t.a.AnnotationTransactionAttributeSource - Adding transactional method 'com.app.fitrack.service.UserService.calculateTDEE' with attribute: PROPAGATION_REQUIRED,ISOLATION_DEFAULT
2025-05-24 20:31:16 [main] TRACE o.s.t.a.AnnotationTransactionAttributeSource - Adding transactional method 'com.app.fitrack.service.UserService.calculateDynamicActivityFactor' with attribute: PROPAGATION_REQUIRED,ISOLATION_DEFAULT
2025-05-24 20:31:16 [main] TRACE o.s.t.a.AnnotationTransactionAttributeSource - Adding transactional method 'com.app.fitrack.service.UserService.resendVerificationCode' with attribute: PROPAGATION_REQUIRED,ISOLATION_DEFAULT
2025-05-24 20:31:16 [main] TRACE o.s.t.a.AnnotationTransactionAttributeSource - Adding transactional method 'com.app.fitrack.service.UserService.generatePasswordResetToken' with attribute: PROPAGATION_REQUIRED,ISOLATION_DEFAULT
2025-05-24 20:31:16 [main] TRACE o.s.t.a.AnnotationTransactionAttributeSource - Adding transactional method 'com.app.fitrack.service.UserService.requestEmailChangeVerification' with attribute: PROPAGATION_REQUIRED,ISOLATION_DEFAULT
2025-05-24 20:31:16 [main] TRACE o.s.t.a.AnnotationTransactionAttributeSource - Adding transactional method 'com.app.fitrack.service.UserService.getAuthenticatedUser' with attribute: PROPAGATION_REQUIRED,ISOLATION_DEFAULT
2025-05-24 20:31:16 [main] TRACE o.s.t.a.AnnotationTransactionAttributeSource - Adding transactional method 'com.app.fitrack.service.UserService.findByEmail' with attribute: PROPAGATION_REQUIRED,ISOLATION_DEFAULT
2025-05-24 20:31:16 [main] TRACE o.s.t.a.AnnotationTransactionAttributeSource - Adding transactional method 'com.app.fitrack.service.UserService.calculateBMR' with attribute: PROPAGATION_REQUIRED,ISOLATION_DEFAULT
2025-05-24 20:31:16 [main] DEBUG o.s.o.j.SharedEntityManagerCreator$SharedEntityManagerInvocationHandler - Creating new EntityManager for shared EntityManager invocation
2025-05-24 20:31:16 [main] DEBUG o.s.o.j.SharedEntityManagerCreator$SharedEntityManagerInvocationHandler - Creating new EntityManager for shared EntityManager invocation
2025-05-24 20:31:16 [main] DEBUG o.s.o.j.SharedEntityManagerCreator$SharedEntityManagerInvocationHandler - Creating new EntityManager for shared EntityManager invocation
2025-05-24 20:31:16 [main] DEBUG o.s.o.j.SharedEntityManagerCreator$SharedEntityManagerInvocationHandler - Creating new EntityManager for shared EntityManager invocation
2025-05-24 20:31:16 [main] DEBUG o.s.o.j.SharedEntityManagerCreator$SharedEntityManagerInvocationHandler - Creating new EntityManager for shared EntityManager invocation
2025-05-24 20:31:16 [main] DEBUG o.s.o.j.SharedEntityManagerCreator$SharedEntityManagerInvocationHandler - Creating new EntityManager for shared EntityManager invocation
2025-05-24 20:31:16 [main] DEBUG o.s.o.j.SharedEntityManagerCreator$SharedEntityManagerInvocationHandler - Creating new EntityManager for shared EntityManager invocation
2025-05-24 20:31:16 [main] DEBUG o.s.o.j.SharedEntityManagerCreator$SharedEntityManagerInvocationHandler - Creating new EntityManager for shared EntityManager invocation
2025-05-24 20:31:16 [main] DEBUG o.s.o.j.SharedEntityManagerCreator$SharedEntityManagerInvocationHandler - Creating new EntityManager for shared EntityManager invocation
2025-05-24 20:31:16 [main] DEBUG o.s.o.j.SharedEntityManagerCreator$SharedEntityManagerInvocationHandler - Creating new EntityManager for shared EntityManager invocation
2025-05-24 20:31:16 [main] DEBUG o.s.o.j.SharedEntityManagerCreator$SharedEntityManagerInvocationHandler - Creating new EntityManager for shared EntityManager invocation
2025-05-24 20:31:16 [main] DEBUG o.s.o.j.SharedEntityManagerCreator$SharedEntityManagerInvocationHandler - Creating new EntityManager for shared EntityManager invocation
2025-05-24 20:31:17 [main] INFO  c.a.f.service.NutritionixService - NutritionixService initialized. App ID loaded: true, API Key loaded: true
2025-05-24 20:31:17 [main] DEBUG o.s.o.j.SharedEntityManagerCreator$SharedEntityManagerInvocationHandler - Creating new EntityManager for shared EntityManager invocation
2025-05-24 20:31:17 [main] DEBUG o.s.o.j.SharedEntityManagerCreator$SharedEntityManagerInvocationHandler - Creating new EntityManager for shared EntityManager invocation
2025-05-24 20:31:17 [main] DEBUG o.s.o.j.SharedEntityManagerCreator$SharedEntityManagerInvocationHandler - Creating new EntityManager for shared EntityManager invocation
2025-05-24 20:31:17 [main] DEBUG o.s.o.j.SharedEntityManagerCreator$SharedEntityManagerInvocationHandler - Creating new EntityManager for shared EntityManager invocation
2025-05-24 20:31:17 [main] DEBUG o.s.o.j.SharedEntityManagerCreator$SharedEntityManagerInvocationHandler - Creating new EntityManager for shared EntityManager invocation
2025-05-24 20:31:17 [main] DEBUG o.s.o.j.SharedEntityManagerCreator$SharedEntityManagerInvocationHandler - Creating new EntityManager for shared EntityManager invocation
2025-05-24 20:31:17 [main] DEBUG o.s.o.j.SharedEntityManagerCreator$SharedEntityManagerInvocationHandler - Creating new EntityManager for shared EntityManager invocation
2025-05-24 20:31:17 [main] DEBUG o.s.o.j.SharedEntityManagerCreator$SharedEntityManagerInvocationHandler - Creating new EntityManager for shared EntityManager invocation
2025-05-24 20:31:17 [main] TRACE o.s.t.a.AnnotationTransactionAttributeSource - Adding transactional method 'com.app.fitrack.service.GoalService.updateGoalsBasedOnActivity' with attribute: PROPAGATION_REQUIRED,ISOLATION_DEFAULT
2025-05-24 20:31:17 [main] TRACE o.s.t.a.AnnotationTransactionAttributeSource - Adding transactional method 'com.app.fitrack.service.GoalService.createGoal' with attribute: PROPAGATION_REQUIRED,ISOLATION_DEFAULT
2025-05-24 20:31:17 [main] TRACE o.s.t.a.AnnotationTransactionAttributeSource - Adding transactional method 'com.app.fitrack.service.GoalService.updateGoalProgress' with attribute: PROPAGATION_REQUIRED,ISOLATION_DEFAULT
2025-05-24 20:31:17 [main] TRACE o.s.t.a.AnnotationTransactionAttributeSource - Adding transactional method 'com.app.fitrack.service.GoalService.deleteGoal' with attribute: PROPAGATION_REQUIRED,ISOLATION_DEFAULT
2025-05-24 20:31:17 [main] TRACE o.s.t.a.AnnotationTransactionAttributeSource - Adding transactional method 'com.app.fitrack.service.GoalService.archiveGoal' with attribute: PROPAGATION_REQUIRED,ISOLATION_DEFAULT
2025-05-24 20:31:17 [main] WARN  o.s.b.a.o.j.JpaBaseConfiguration$JpaWebConfiguration - spring.jpa.open-in-view is enabled by default. Therefore, database queries may be performed during view rendering. Explicitly configure spring.jpa.open-in-view to disable this warning
2025-05-24 20:31:17 [main] TRACE o.s.s.c.a.a.c.AuthenticationConfiguration$EnableGlobalAuthenticationAutowiredConfigurer - Eagerly initializing {securityConfig=com.app.fitrack.config.SecurityConfig$$SpringCGLIB$$0@63fa7643}
2025-05-24 20:31:17 [main] INFO  o.s.s.c.a.a.c.InitializeUserDetailsBeanManagerConfigurer$InitializeUserDetailsManagerConfigurer - Global AuthenticationManager configured with UserDetailsService bean with name customUserDetailsService
2025-05-24 20:31:17 [main] DEBUG o.s.w.s.m.m.a.RequestMappingHandlerMapping - 50 mappings in 'requestMappingHandlerMapping'
2025-05-24 20:31:17 [main] DEBUG o.s.w.s.h.SimpleUrlHandlerMapping - Patterns [/webjars/**, /**] in 'resourceHandlerMapping'
2025-05-24 20:31:17 [main] INFO  o.s.b.a.e.web.EndpointLinksResolver - Exposing 1 endpoint beneath base path '/actuator'
2025-05-24 20:31:17 [main] DEBUG o.s.s.web.DefaultSecurityFilterChain - Will secure any request with filters: DisableEncodeUrlFilter, WebAsyncManagerIntegrationFilter, SecurityContextHolderFilter, HeaderWriterFilter, CsrfFilter, LogoutFilter, UsernamePasswordAuthenticationFilter, RequestCacheAwareFilter, SecurityContextHolderAwareRequestFilter, AnonymousAuthenticationFilter, ExceptionTranslationFilter, AuthorizationFilter
2025-05-24 20:31:18 [main] DEBUG o.s.w.s.m.m.a.RequestMappingHandlerAdapter - ControllerAdvice beans: 0 @ModelAttribute, 0 @InitBinder, 1 RequestBodyAdvice, 1 ResponseBodyAdvice
2025-05-24 20:31:18 [main] DEBUG o.s.w.s.m.m.a.ExceptionHandlerExceptionResolver - ControllerAdvice beans: 0 @ExceptionHandler, 1 ResponseBodyAdvice
2025-05-24 20:31:18 [main] INFO  c.a.fitrack.FitrackApplicationTests - Started FitrackApplicationTests in 10.657 seconds (process running for 11.766)
2025-05-24 20:31:19 [SpringApplicationShutdownHook] DEBUG o.s.w.c.s.GenericWebApplicationContext - Closing org.springframework.web.context.support.GenericWebApplicationContext@6c000e0c, started on Sat May 24 20:31:08 PST 2025
2025-05-24 20:31:19 [SpringApplicationShutdownHook] INFO  o.s.o.j.LocalContainerEntityManagerFactoryBean - Closing JPA EntityManagerFactory for persistence unit 'default'
2025-05-24 20:31:19 [SpringApplicationShutdownHook] INFO  com.zaxxer.hikari.HikariDataSource - HikariPool-1 - Shutdown initiated...
2025-05-24 20:31:19 [SpringApplicationShutdownHook] INFO  com.zaxxer.hikari.HikariDataSource - HikariPool-1 - Shutdown completed.
2025-05-24 20:34:02 [main] INFO  c.a.fitrack.FitrackApplicationTests - Starting FitrackApplicationTests using Java 19.0.1 with PID 3676 (started by Charlene C. Dilig in C:\Users\Charlene C. Dilig\OneDrive\Documents\Github\Fitrack\fitrack)
2025-05-24 20:34:02 [main] DEBUG c.a.fitrack.FitrackApplicationTests - Running with Spring Boot v3.4.3, Spring v6.2.3
2025-05-24 20:34:02 [main] INFO  c.a.fitrack.FitrackApplicationTests - No active profile set, falling back to 1 default profile: "default"
2025-05-24 20:34:02 [main] DEBUG o.s.w.c.s.GenericWebApplicationContext - Refreshing org.springframework.web.context.support.GenericWebApplicationContext@6c000e0c
2025-05-24 20:34:03 [main] INFO  o.s.d.r.c.RepositoryConfigurationDelegate - Bootstrapping Spring Data JPA repositories in DEFAULT mode.
2025-05-24 20:34:03 [main] INFO  o.s.d.r.c.RepositoryConfigurationDelegate - Finished Spring Data repository scanning in 65 ms. Found 7 JPA repository interfaces.
2025-05-24 20:34:04 [main] DEBUG o.s.o.j.LocalContainerEntityManagerFactoryBean - Building JPA container EntityManagerFactory for persistence unit 'default'
2025-05-24 20:34:04 [main] INFO  o.h.jpa.internal.util.LogHelper - HHH000204: Processing PersistenceUnitInfo [name: default]
2025-05-24 20:34:04 [main] INFO  org.hibernate.Version - HHH000412: Hibernate ORM core version 6.6.8.Final
2025-05-24 20:34:04 [main] INFO  o.h.c.i.RegionFactoryInitiator - HHH000026: Second-level cache disabled
2025-05-24 20:34:04 [main] INFO  o.s.o.j.p.SpringPersistenceUnitInfo - No LoadTimeWeaver setup: ignoring JPA class transformer
2025-05-24 20:34:04 [main] INFO  com.zaxxer.hikari.HikariDataSource - HikariPool-1 - Starting...
2025-05-24 20:34:04 [main] INFO  com.zaxxer.hikari.pool.HikariPool - HikariPool-1 - Added connection com.mysql.cj.jdbc.ConnectionImpl@d229912
2025-05-24 20:34:04 [main] INFO  com.zaxxer.hikari.HikariDataSource - HikariPool-1 - Start completed.
2025-05-24 20:34:05 [main] WARN  org.hibernate.orm.deprecation - HHH90000025: MySQL8Dialect does not need to be specified explicitly using 'hibernate.dialect' (remove the property setting and it will be selected by default)
2025-05-24 20:34:05 [main] WARN  org.hibernate.orm.deprecation - HHH90000026: MySQL8Dialect has been deprecated; use org.hibernate.dialect.MySQLDialect instead
2025-05-24 20:34:05 [main] INFO  o.hibernate.orm.connections.pooling - HHH10001005: Database info:
	Database JDBC URL [Connecting through datasource 'HikariDataSource (HikariPool-1)']
	Database driver: undefined/unknown
	Database version: 8.0
	Autocommit mode: undefined/unknown
	Isolation level: undefined/unknown
	Minimum pool size: undefined/unknown
	Maximum pool size: undefined/unknown
2025-05-24 20:34:05 [main] DEBUG o.h.t.d.sql.spi.DdlTypeRegistry - addDescriptor(12, org.hibernate.type.descriptor.sql.internal.CapacityDependentDdlType@7aa63f50) replaced previous registration(org.hibernate.type.descriptor.sql.internal.CapacityDependentDdlType@142918a0)
2025-05-24 20:34:05 [main] DEBUG o.h.t.d.sql.spi.DdlTypeRegistry - addDescriptor(-9, org.hibernate.type.descriptor.sql.internal.CapacityDependentDdlType@745cf754) replaced previous registration(org.hibernate.type.descriptor.sql.internal.CapacityDependentDdlType@25bc65ab)
2025-05-24 20:34:05 [main] DEBUG o.h.t.d.sql.spi.DdlTypeRegistry - addDescriptor(-3, org.hibernate.type.descriptor.sql.internal.CapacityDependentDdlType@6eab92f3) replaced previous registration(org.hibernate.type.descriptor.sql.internal.CapacityDependentDdlType@321b7b9e)
2025-05-24 20:34:05 [main] DEBUG o.h.t.d.sql.spi.DdlTypeRegistry - addDescriptor(4003, org.hibernate.type.descriptor.sql.internal.DdlTypeImpl@21eedcde) replaced previous registration(org.hibernate.type.descriptor.sql.internal.DdlTypeImpl@67396475)
2025-05-24 20:34:05 [main] DEBUG o.h.t.d.sql.spi.DdlTypeRegistry - addDescriptor(4001, org.hibernate.type.descriptor.sql.internal.DdlTypeImpl@55b74e6b) replaced previous registration(org.hibernate.type.descriptor.sql.internal.DdlTypeImpl@3c1908c8)
2025-05-24 20:34:05 [main] DEBUG o.h.t.d.sql.spi.DdlTypeRegistry - addDescriptor(4002, org.hibernate.type.descriptor.sql.internal.DdlTypeImpl@6bc62bb9) replaced previous registration(org.hibernate.type.descriptor.sql.internal.DdlTypeImpl@47f0e078)
2025-05-24 20:34:05 [main] DEBUG o.h.t.d.sql.spi.DdlTypeRegistry - addDescriptor(2004, org.hibernate.type.descriptor.sql.internal.CapacityDependentDdlType@28db2afb) replaced previous registration(org.hibernate.type.descriptor.sql.internal.DdlTypeImpl@5c703860)
2025-05-24 20:34:05 [main] DEBUG o.h.t.d.sql.spi.DdlTypeRegistry - addDescriptor(2005, org.hibernate.type.descriptor.sql.internal.CapacityDependentDdlType@6315bb4) replaced previous registration(org.hibernate.type.descriptor.sql.internal.DdlTypeImpl@4682882a)
2025-05-24 20:34:05 [main] DEBUG o.h.t.d.sql.spi.DdlTypeRegistry - addDescriptor(2011, org.hibernate.type.descriptor.sql.internal.CapacityDependentDdlType@37fffef3) replaced previous registration(org.hibernate.type.descriptor.sql.internal.DdlTypeImpl@6a116354)
2025-05-24 20:34:06 [main] INFO  o.h.e.t.j.p.i.JtaPlatformInitiator - HHH000489: No JTA platform available (set 'hibernate.transaction.jta.platform' to enable JTA platform integration)
2025-05-24 20:34:06 [main] INFO  o.s.o.j.LocalContainerEntityManagerFactoryBean - Initialized JPA EntityManagerFactory for persistence unit 'default'
2025-05-24 20:34:09 [main] DEBUG o.s.o.j.SharedEntityManagerCreator$SharedEntityManagerInvocationHandler - Creating new EntityManager for shared EntityManager invocation
2025-05-24 20:34:09 [main] DEBUG o.s.o.j.SharedEntityManagerCreator$SharedEntityManagerInvocationHandler - Creating new EntityManager for shared EntityManager invocation
2025-05-24 20:34:09 [main] DEBUG o.s.o.j.SharedEntityManagerCreator$SharedEntityManagerInvocationHandler - Creating new EntityManager for shared EntityManager invocation
2025-05-24 20:34:09 [main] DEBUG o.s.o.j.SharedEntityManagerCreator$SharedEntityManagerInvocationHandler - Creating new EntityManager for shared EntityManager invocation
2025-05-24 20:34:09 [main] INFO  o.s.d.j.r.query.QueryEnhancerFactory - Hibernate is in classpath; If applicable, HQL parser will be used.
2025-05-24 20:34:10 [main] DEBUG o.s.o.j.SharedEntityManagerCreator$SharedEntityManagerInvocationHandler - Creating new EntityManager for shared EntityManager invocation
2025-05-24 20:34:10 [main] DEBUG o.s.o.j.SharedEntityManagerCreator$SharedEntityManagerInvocationHandler - Creating new EntityManager for shared EntityManager invocation
2025-05-24 20:34:10 [main] DEBUG o.s.o.j.SharedEntityManagerCreator$SharedEntityManagerInvocationHandler - Creating new EntityManager for shared EntityManager invocation
2025-05-24 20:34:10 [main] DEBUG o.s.o.j.SharedEntityManagerCreator$SharedEntityManagerInvocationHandler - Creating new EntityManager for shared EntityManager invocation
2025-05-24 20:34:10 [main] DEBUG o.s.o.j.SharedEntityManagerCreator$SharedEntityManagerInvocationHandler - Creating new EntityManager for shared EntityManager invocation
2025-05-24 20:34:10 [main] TRACE o.s.t.a.AnnotationTransactionAttributeSource - Adding transactional method 'com.app.fitrack.service.EmailService.sendPasswordResetEmail' with attribute: PROPAGATION_REQUIRED,ISOLATION_DEFAULT
2025-05-24 20:34:10 [main] TRACE o.s.t.a.AnnotationTransactionAttributeSource - Adding transactional method 'com.app.fitrack.service.EmailService.sendVerificationEmail' with attribute: PROPAGATION_REQUIRED,ISOLATION_DEFAULT
2025-05-24 20:34:10 [main] DEBUG o.s.o.j.SharedEntityManagerCreator$SharedEntityManagerInvocationHandler - Creating new EntityManager for shared EntityManager invocation
2025-05-24 20:34:10 [main] DEBUG o.s.o.j.SharedEntityManagerCreator$SharedEntityManagerInvocationHandler - Creating new EntityManager for shared EntityManager invocation
2025-05-24 20:34:10 [main] DEBUG o.s.o.j.SharedEntityManagerCreator$SharedEntityManagerInvocationHandler - Creating new EntityManager for shared EntityManager invocation
2025-05-24 20:34:10 [main] DEBUG o.s.o.j.SharedEntityManagerCreator$SharedEntityManagerInvocationHandler - Creating new EntityManager for shared EntityManager invocation
2025-05-24 20:34:10 [main] DEBUG o.s.o.j.SharedEntityManagerCreator$SharedEntityManagerInvocationHandler - Creating new EntityManager for shared EntityManager invocation
2025-05-24 20:34:10 [main] DEBUG o.s.o.j.SharedEntityManagerCreator$SharedEntityManagerInvocationHandler - Creating new EntityManager for shared EntityManager invocation
2025-05-24 20:34:10 [main] DEBUG o.s.o.j.SharedEntityManagerCreator$SharedEntityManagerInvocationHandler - Creating new EntityManager for shared EntityManager invocation
2025-05-24 20:34:10 [main] DEBUG o.s.o.j.SharedEntityManagerCreator$SharedEntityManagerInvocationHandler - Creating new EntityManager for shared EntityManager invocation
2025-05-24 20:34:10 [main] DEBUG o.s.o.j.SharedEntityManagerCreator$SharedEntityManagerInvocationHandler - Creating new EntityManager for shared EntityManager invocation
2025-05-24 20:34:10 [main] DEBUG o.s.o.j.SharedEntityManagerCreator$SharedEntityManagerInvocationHandler - Creating new EntityManager for shared EntityManager invocation
2025-05-24 20:34:10 [main] DEBUG o.s.o.j.SharedEntityManagerCreator$SharedEntityManagerInvocationHandler - Creating new EntityManager for shared EntityManager invocation
2025-05-24 20:34:10 [main] TRACE o.s.t.a.AnnotationTransactionAttributeSource - Adding transactional method 'com.app.fitrack.service.UserService.calculateDynamicActivityFactor' with attribute: PROPAGATION_REQUIRED,ISOLATION_DEFAULT
2025-05-24 20:34:10 [main] TRACE o.s.t.a.AnnotationTransactionAttributeSource - Adding transactional method 'com.app.fitrack.service.UserService.getAuthenticatedUser' with attribute: PROPAGATION_REQUIRED,ISOLATION_DEFAULT
2025-05-24 20:34:10 [main] TRACE o.s.t.a.AnnotationTransactionAttributeSource - Adding transactional method 'com.app.fitrack.service.UserService.calculateTDEE' with attribute: PROPAGATION_REQUIRED,ISOLATION_DEFAULT
2025-05-24 20:34:10 [main] TRACE o.s.t.a.AnnotationTransactionAttributeSource - Adding transactional method 'com.app.fitrack.service.UserService.calculateBMR' with attribute: PROPAGATION_REQUIRED,ISOLATION_DEFAULT
2025-05-24 20:34:10 [main] TRACE o.s.t.a.AnnotationTransactionAttributeSource - Adding transactional method 'com.app.fitrack.service.UserService.generatePasswordResetToken' with attribute: PROPAGATION_REQUIRED,ISOLATION_DEFAULT
2025-05-24 20:34:10 [main] TRACE o.s.t.a.AnnotationTransactionAttributeSource - Adding transactional method 'com.app.fitrack.service.UserService.requestEmailChangeVerification' with attribute: PROPAGATION_REQUIRED,ISOLATION_DEFAULT
2025-05-24 20:34:10 [main] TRACE o.s.t.a.AnnotationTransactionAttributeSource - Adding transactional method 'com.app.fitrack.service.UserService.resendVerificationCode' with attribute: PROPAGATION_REQUIRED,ISOLATION_DEFAULT
2025-05-24 20:34:10 [main] TRACE o.s.t.a.AnnotationTransactionAttributeSource - Adding transactional method 'com.app.fitrack.service.UserService.findByEmail' with attribute: PROPAGATION_REQUIRED,ISOLATION_DEFAULT
2025-05-24 20:34:10 [main] TRACE o.s.t.a.AnnotationTransactionAttributeSource - Adding transactional method 'com.app.fitrack.service.UserService.registerUser' with attribute: PROPAGATION_REQUIRED,ISOLATION_DEFAULT
2025-05-24 20:34:10 [main] TRACE o.s.t.a.AnnotationTransactionAttributeSource - Adding transactional method 'com.app.fitrack.service.UserService.verifyUser' with attribute: PROPAGATION_REQUIRED,ISOLATION_DEFAULT
2025-05-24 20:34:10 [main] TRACE o.s.t.a.AnnotationTransactionAttributeSource - Adding transactional method 'com.app.fitrack.service.UserService.updateUserProfile' with attribute: PROPAGATION_REQUIRED,ISOLATION_DEFAULT
2025-05-24 20:34:10 [main] TRACE o.s.t.a.AnnotationTransactionAttributeSource - Adding transactional method 'com.app.fitrack.service.UserService.resetPassword' with attribute: PROPAGATION_REQUIRED,ISOLATION_DEFAULT
2025-05-24 20:34:10 [main] TRACE o.s.t.a.AnnotationTransactionAttributeSource - Adding transactional method 'com.app.fitrack.service.UserService.createUserProfile' with attribute: PROPAGATION_REQUIRED,ISOLATION_DEFAULT
2025-05-24 20:34:10 [main] TRACE o.s.t.a.AnnotationTransactionAttributeSource - Adding transactional method 'com.app.fitrack.service.UserService.verifyEmailChange' with attribute: PROPAGATION_REQUIRED,ISOLATION_DEFAULT
2025-05-24 20:34:10 [main] TRACE o.s.t.a.AnnotationTransactionAttributeSource - Adding transactional method 'com.app.fitrack.service.UserService.saveUser' with attribute: PROPAGATION_REQUIRED,ISOLATION_DEFAULT
2025-05-24 20:34:10 [main] DEBUG o.s.o.j.SharedEntityManagerCreator$SharedEntityManagerInvocationHandler - Creating new EntityManager for shared EntityManager invocation
2025-05-24 20:34:10 [main] DEBUG o.s.o.j.SharedEntityManagerCreator$SharedEntityManagerInvocationHandler - Creating new EntityManager for shared EntityManager invocation
2025-05-24 20:34:10 [main] DEBUG o.s.o.j.SharedEntityManagerCreator$SharedEntityManagerInvocationHandler - Creating new EntityManager for shared EntityManager invocation
2025-05-24 20:34:10 [main] DEBUG o.s.o.j.SharedEntityManagerCreator$SharedEntityManagerInvocationHandler - Creating new EntityManager for shared EntityManager invocation
2025-05-24 20:34:10 [main] DEBUG o.s.o.j.SharedEntityManagerCreator$SharedEntityManagerInvocationHandler - Creating new EntityManager for shared EntityManager invocation
2025-05-24 20:34:10 [main] DEBUG o.s.o.j.SharedEntityManagerCreator$SharedEntityManagerInvocationHandler - Creating new EntityManager for shared EntityManager invocation
2025-05-24 20:34:10 [main] DEBUG o.s.o.j.SharedEntityManagerCreator$SharedEntityManagerInvocationHandler - Creating new EntityManager for shared EntityManager invocation
2025-05-24 20:34:10 [main] DEBUG o.s.o.j.SharedEntityManagerCreator$SharedEntityManagerInvocationHandler - Creating new EntityManager for shared EntityManager invocation
2025-05-24 20:34:10 [main] DEBUG o.s.o.j.SharedEntityManagerCreator$SharedEntityManagerInvocationHandler - Creating new EntityManager for shared EntityManager invocation
2025-05-24 20:34:10 [main] DEBUG o.s.o.j.SharedEntityManagerCreator$SharedEntityManagerInvocationHandler - Creating new EntityManager for shared EntityManager invocation
2025-05-24 20:34:10 [main] DEBUG o.s.o.j.SharedEntityManagerCreator$SharedEntityManagerInvocationHandler - Creating new EntityManager for shared EntityManager invocation
2025-05-24 20:34:10 [main] DEBUG o.s.o.j.SharedEntityManagerCreator$SharedEntityManagerInvocationHandler - Creating new EntityManager for shared EntityManager invocation
2025-05-24 20:34:11 [main] INFO  c.a.f.service.NutritionixService - NutritionixService initialized. App ID loaded: true, API Key loaded: true
2025-05-24 20:34:11 [main] DEBUG o.s.o.j.SharedEntityManagerCreator$SharedEntityManagerInvocationHandler - Creating new EntityManager for shared EntityManager invocation
2025-05-24 20:34:11 [main] DEBUG o.s.o.j.SharedEntityManagerCreator$SharedEntityManagerInvocationHandler - Creating new EntityManager for shared EntityManager invocation
2025-05-24 20:34:11 [main] DEBUG o.s.o.j.SharedEntityManagerCreator$SharedEntityManagerInvocationHandler - Creating new EntityManager for shared EntityManager invocation
2025-05-24 20:34:11 [main] DEBUG o.s.o.j.SharedEntityManagerCreator$SharedEntityManagerInvocationHandler - Creating new EntityManager for shared EntityManager invocation
2025-05-24 20:34:11 [main] DEBUG o.s.o.j.SharedEntityManagerCreator$SharedEntityManagerInvocationHandler - Creating new EntityManager for shared EntityManager invocation
2025-05-24 20:34:11 [main] DEBUG o.s.o.j.SharedEntityManagerCreator$SharedEntityManagerInvocationHandler - Creating new EntityManager for shared EntityManager invocation
2025-05-24 20:34:11 [main] DEBUG o.s.o.j.SharedEntityManagerCreator$SharedEntityManagerInvocationHandler - Creating new EntityManager for shared EntityManager invocation
2025-05-24 20:34:11 [main] DEBUG o.s.o.j.SharedEntityManagerCreator$SharedEntityManagerInvocationHandler - Creating new EntityManager for shared EntityManager invocation
2025-05-24 20:34:11 [main] TRACE o.s.t.a.AnnotationTransactionAttributeSource - Adding transactional method 'com.app.fitrack.service.GoalService.updateGoalProgress' with attribute: PROPAGATION_REQUIRED,ISOLATION_DEFAULT
2025-05-24 20:34:11 [main] TRACE o.s.t.a.AnnotationTransactionAttributeSource - Adding transactional method 'com.app.fitrack.service.GoalService.deleteGoal' with attribute: PROPAGATION_REQUIRED,ISOLATION_DEFAULT
2025-05-24 20:34:11 [main] TRACE o.s.t.a.AnnotationTransactionAttributeSource - Adding transactional method 'com.app.fitrack.service.GoalService.createGoal' with attribute: PROPAGATION_REQUIRED,ISOLATION_DEFAULT
2025-05-24 20:34:11 [main] TRACE o.s.t.a.AnnotationTransactionAttributeSource - Adding transactional method 'com.app.fitrack.service.GoalService.archiveGoal' with attribute: PROPAGATION_REQUIRED,ISOLATION_DEFAULT
2025-05-24 20:34:11 [main] TRACE o.s.t.a.AnnotationTransactionAttributeSource - Adding transactional method 'com.app.fitrack.service.GoalService.updateGoalsBasedOnActivity' with attribute: PROPAGATION_REQUIRED,ISOLATION_DEFAULT
2025-05-24 20:34:11 [main] WARN  o.s.b.a.o.j.JpaBaseConfiguration$JpaWebConfiguration - spring.jpa.open-in-view is enabled by default. Therefore, database queries may be performed during view rendering. Explicitly configure spring.jpa.open-in-view to disable this warning
2025-05-24 20:34:11 [main] TRACE o.s.s.c.a.a.c.AuthenticationConfiguration$EnableGlobalAuthenticationAutowiredConfigurer - Eagerly initializing {securityConfig=com.app.fitrack.config.SecurityConfig$$SpringCGLIB$$0@c083cec}
2025-05-24 20:34:11 [main] INFO  o.s.s.c.a.a.c.InitializeUserDetailsBeanManagerConfigurer$InitializeUserDetailsManagerConfigurer - Global AuthenticationManager configured with UserDetailsService bean with name customUserDetailsService
2025-05-24 20:34:11 [main] DEBUG o.s.w.s.m.m.a.RequestMappingHandlerMapping - 50 mappings in 'requestMappingHandlerMapping'
2025-05-24 20:34:11 [main] DEBUG o.s.w.s.h.SimpleUrlHandlerMapping - Patterns [/webjars/**, /**] in 'resourceHandlerMapping'
2025-05-24 20:34:11 [main] INFO  o.s.b.a.e.web.EndpointLinksResolver - Exposing 1 endpoint beneath base path '/actuator'
2025-05-24 20:34:11 [main] DEBUG o.s.s.web.DefaultSecurityFilterChain - Will secure any request with filters: DisableEncodeUrlFilter, WebAsyncManagerIntegrationFilter, SecurityContextHolderFilter, HeaderWriterFilter, CsrfFilter, LogoutFilter, UsernamePasswordAuthenticationFilter, RequestCacheAwareFilter, SecurityContextHolderAwareRequestFilter, AnonymousAuthenticationFilter, ExceptionTranslationFilter, AuthorizationFilter
2025-05-24 20:34:12 [main] DEBUG o.s.w.s.m.m.a.RequestMappingHandlerAdapter - ControllerAdvice beans: 0 @ModelAttribute, 0 @InitBinder, 1 RequestBodyAdvice, 1 ResponseBodyAdvice
2025-05-24 20:34:12 [main] DEBUG o.s.w.s.m.m.a.ExceptionHandlerExceptionResolver - ControllerAdvice beans: 0 @ExceptionHandler, 1 ResponseBodyAdvice
2025-05-24 20:34:12 [main] INFO  c.a.fitrack.FitrackApplicationTests - Started FitrackApplicationTests in 10.671 seconds (process running for 11.761)
2025-05-24 20:34:13 [SpringApplicationShutdownHook] DEBUG o.s.w.c.s.GenericWebApplicationContext - Closing org.springframework.web.context.support.GenericWebApplicationContext@6c000e0c, started on Sat May 24 20:34:02 PST 2025
2025-05-24 20:34:13 [SpringApplicationShutdownHook] INFO  o.s.o.j.LocalContainerEntityManagerFactoryBean - Closing JPA EntityManagerFactory for persistence unit 'default'
2025-05-24 20:34:13 [SpringApplicationShutdownHook] INFO  com.zaxxer.hikari.HikariDataSource - HikariPool-1 - Shutdown initiated...
2025-05-24 20:34:13 [SpringApplicationShutdownHook] INFO  com.zaxxer.hikari.HikariDataSource - HikariPool-1 - Shutdown completed.
2025-05-24 21:02:31 [main] INFO  c.a.fitrack.FitrackApplicationTests - Starting FitrackApplicationTests using Java 19.0.1 with PID 27504 (started by Charlene C. Dilig in C:\Users\Charlene C. Dilig\OneDrive\Documents\Github\Fitrack\fitrack)
2025-05-24 21:02:31 [main] DEBUG c.a.fitrack.FitrackApplicationTests - Running with Spring Boot v3.4.3, Spring v6.2.3
2025-05-24 21:02:31 [main] INFO  c.a.fitrack.FitrackApplicationTests - No active profile set, falling back to 1 default profile: "default"
2025-05-24 21:02:31 [main] DEBUG o.s.w.c.s.GenericWebApplicationContext - Refreshing org.springframework.web.context.support.GenericWebApplicationContext@6c000e0c
2025-05-24 21:02:32 [main] INFO  o.s.d.r.c.RepositoryConfigurationDelegate - Bootstrapping Spring Data JPA repositories in DEFAULT mode.
2025-05-24 21:02:32 [main] INFO  o.s.d.r.c.RepositoryConfigurationDelegate - Finished Spring Data repository scanning in 65 ms. Found 7 JPA repository interfaces.
2025-05-24 21:02:33 [main] DEBUG o.s.o.j.LocalContainerEntityManagerFactoryBean - Building JPA container EntityManagerFactory for persistence unit 'default'
2025-05-24 21:02:33 [main] INFO  o.h.jpa.internal.util.LogHelper - HHH000204: Processing PersistenceUnitInfo [name: default]
2025-05-24 21:02:33 [main] INFO  org.hibernate.Version - HHH000412: Hibernate ORM core version 6.6.8.Final
2025-05-24 21:02:33 [main] INFO  o.h.c.i.RegionFactoryInitiator - HHH000026: Second-level cache disabled
2025-05-24 21:02:34 [main] INFO  o.s.o.j.p.SpringPersistenceUnitInfo - No LoadTimeWeaver setup: ignoring JPA class transformer
2025-05-24 21:02:34 [main] INFO  com.zaxxer.hikari.HikariDataSource - HikariPool-1 - Starting...
2025-05-24 21:02:34 [main] INFO  com.zaxxer.hikari.pool.HikariPool - HikariPool-1 - Added connection com.mysql.cj.jdbc.ConnectionImpl@67b3960b
2025-05-24 21:02:34 [main] INFO  com.zaxxer.hikari.HikariDataSource - HikariPool-1 - Start completed.
2025-05-24 21:02:34 [main] WARN  org.hibernate.orm.deprecation - HHH90000025: MySQL8Dialect does not need to be specified explicitly using 'hibernate.dialect' (remove the property setting and it will be selected by default)
2025-05-24 21:02:34 [main] WARN  org.hibernate.orm.deprecation - HHH90000026: MySQL8Dialect has been deprecated; use org.hibernate.dialect.MySQLDialect instead
2025-05-24 21:02:34 [main] INFO  o.hibernate.orm.connections.pooling - HHH10001005: Database info:
	Database JDBC URL [Connecting through datasource 'HikariDataSource (HikariPool-1)']
	Database driver: undefined/unknown
	Database version: 8.0
	Autocommit mode: undefined/unknown
	Isolation level: undefined/unknown
	Minimum pool size: undefined/unknown
	Maximum pool size: undefined/unknown
2025-05-24 21:02:34 [main] DEBUG o.h.t.d.sql.spi.DdlTypeRegistry - addDescriptor(12, org.hibernate.type.descriptor.sql.internal.CapacityDependentDdlType@3428420d) replaced previous registration(org.hibernate.type.descriptor.sql.internal.CapacityDependentDdlType@523ade68)
2025-05-24 21:02:34 [main] DEBUG o.h.t.d.sql.spi.DdlTypeRegistry - addDescriptor(-9, org.hibernate.type.descriptor.sql.internal.CapacityDependentDdlType@b529d7e) replaced previous registration(org.hibernate.type.descriptor.sql.internal.CapacityDependentDdlType@3664c596)
2025-05-24 21:02:34 [main] DEBUG o.h.t.d.sql.spi.DdlTypeRegistry - addDescriptor(-3, org.hibernate.type.descriptor.sql.internal.CapacityDependentDdlType@40aad17d) replaced previous registration(org.hibernate.type.descriptor.sql.internal.CapacityDependentDdlType@44e79e9e)
2025-05-24 21:02:34 [main] DEBUG o.h.t.d.sql.spi.DdlTypeRegistry - addDescriptor(4003, org.hibernate.type.descriptor.sql.internal.DdlTypeImpl@5bc14211) replaced previous registration(org.hibernate.type.descriptor.sql.internal.DdlTypeImpl@4b99648a)
2025-05-24 21:02:34 [main] DEBUG o.h.t.d.sql.spi.DdlTypeRegistry - addDescriptor(4001, org.hibernate.type.descriptor.sql.internal.DdlTypeImpl@5d2e65bd) replaced previous registration(org.hibernate.type.descriptor.sql.internal.DdlTypeImpl@254513e8)
2025-05-24 21:02:34 [main] DEBUG o.h.t.d.sql.spi.DdlTypeRegistry - addDescriptor(4002, org.hibernate.type.descriptor.sql.internal.DdlTypeImpl@74450c9b) replaced previous registration(org.hibernate.type.descriptor.sql.internal.DdlTypeImpl@74f89bad)
2025-05-24 21:02:34 [main] DEBUG o.h.t.d.sql.spi.DdlTypeRegistry - addDescriptor(2004, org.hibernate.type.descriptor.sql.internal.CapacityDependentDdlType@5ad50b02) replaced previous registration(org.hibernate.type.descriptor.sql.internal.DdlTypeImpl@570299e3)
2025-05-24 21:02:34 [main] DEBUG o.h.t.d.sql.spi.DdlTypeRegistry - addDescriptor(2005, org.hibernate.type.descriptor.sql.internal.CapacityDependentDdlType@bff764c) replaced previous registration(org.hibernate.type.descriptor.sql.internal.DdlTypeImpl@3beaa16d)
2025-05-24 21:02:34 [main] DEBUG o.h.t.d.sql.spi.DdlTypeRegistry - addDescriptor(2011, org.hibernate.type.descriptor.sql.internal.CapacityDependentDdlType@49153009) replaced previous registration(org.hibernate.type.descriptor.sql.internal.DdlTypeImpl@a1b7549)
2025-05-24 21:02:35 [main] INFO  o.h.e.t.j.p.i.JtaPlatformInitiator - HHH000489: No JTA platform available (set 'hibernate.transaction.jta.platform' to enable JTA platform integration)
2025-05-24 21:02:35 [main] INFO  o.s.o.j.LocalContainerEntityManagerFactoryBean - Initialized JPA EntityManagerFactory for persistence unit 'default'
2025-05-24 21:02:38 [main] DEBUG o.s.o.j.SharedEntityManagerCreator$SharedEntityManagerInvocationHandler - Creating new EntityManager for shared EntityManager invocation
2025-05-24 21:02:38 [main] DEBUG o.s.o.j.SharedEntityManagerCreator$SharedEntityManagerInvocationHandler - Creating new EntityManager for shared EntityManager invocation
2025-05-24 21:02:39 [main] DEBUG o.s.o.j.SharedEntityManagerCreator$SharedEntityManagerInvocationHandler - Creating new EntityManager for shared EntityManager invocation
2025-05-24 21:02:39 [main] DEBUG o.s.o.j.SharedEntityManagerCreator$SharedEntityManagerInvocationHandler - Creating new EntityManager for shared EntityManager invocation
2025-05-24 21:02:39 [main] INFO  o.s.d.j.r.query.QueryEnhancerFactory - Hibernate is in classpath; If applicable, HQL parser will be used.
2025-05-24 21:02:39 [main] DEBUG o.s.o.j.SharedEntityManagerCreator$SharedEntityManagerInvocationHandler - Creating new EntityManager for shared EntityManager invocation
2025-05-24 21:02:39 [main] DEBUG o.s.o.j.SharedEntityManagerCreator$SharedEntityManagerInvocationHandler - Creating new EntityManager for shared EntityManager invocation
2025-05-24 21:02:39 [main] DEBUG o.s.o.j.SharedEntityManagerCreator$SharedEntityManagerInvocationHandler - Creating new EntityManager for shared EntityManager invocation
2025-05-24 21:02:39 [main] DEBUG o.s.o.j.SharedEntityManagerCreator$SharedEntityManagerInvocationHandler - Creating new EntityManager for shared EntityManager invocation
2025-05-24 21:02:39 [main] DEBUG o.s.o.j.SharedEntityManagerCreator$SharedEntityManagerInvocationHandler - Creating new EntityManager for shared EntityManager invocation
2025-05-24 21:02:39 [main] TRACE o.s.t.a.AnnotationTransactionAttributeSource - Adding transactional method 'com.app.fitrack.service.EmailService.sendPasswordResetEmail' with attribute: PROPAGATION_REQUIRED,ISOLATION_DEFAULT
2025-05-24 21:02:39 [main] TRACE o.s.t.a.AnnotationTransactionAttributeSource - Adding transactional method 'com.app.fitrack.service.EmailService.sendVerificationEmail' with attribute: PROPAGATION_REQUIRED,ISOLATION_DEFAULT
2025-05-24 21:02:39 [main] DEBUG o.s.o.j.SharedEntityManagerCreator$SharedEntityManagerInvocationHandler - Creating new EntityManager for shared EntityManager invocation
2025-05-24 21:02:39 [main] DEBUG o.s.o.j.SharedEntityManagerCreator$SharedEntityManagerInvocationHandler - Creating new EntityManager for shared EntityManager invocation
2025-05-24 21:02:39 [main] DEBUG o.s.o.j.SharedEntityManagerCreator$SharedEntityManagerInvocationHandler - Creating new EntityManager for shared EntityManager invocation
2025-05-24 21:02:40 [main] DEBUG o.s.o.j.SharedEntityManagerCreator$SharedEntityManagerInvocationHandler - Creating new EntityManager for shared EntityManager invocation
2025-05-24 21:02:40 [main] DEBUG o.s.o.j.SharedEntityManagerCreator$SharedEntityManagerInvocationHandler - Creating new EntityManager for shared EntityManager invocation
2025-05-24 21:02:40 [main] DEBUG o.s.o.j.SharedEntityManagerCreator$SharedEntityManagerInvocationHandler - Creating new EntityManager for shared EntityManager invocation
2025-05-24 21:02:40 [main] DEBUG o.s.o.j.SharedEntityManagerCreator$SharedEntityManagerInvocationHandler - Creating new EntityManager for shared EntityManager invocation
2025-05-24 21:02:40 [main] DEBUG o.s.o.j.SharedEntityManagerCreator$SharedEntityManagerInvocationHandler - Creating new EntityManager for shared EntityManager invocation
2025-05-24 21:02:40 [main] DEBUG o.s.o.j.SharedEntityManagerCreator$SharedEntityManagerInvocationHandler - Creating new EntityManager for shared EntityManager invocation
2025-05-24 21:02:40 [main] DEBUG o.s.o.j.SharedEntityManagerCreator$SharedEntityManagerInvocationHandler - Creating new EntityManager for shared EntityManager invocation
2025-05-24 21:02:40 [main] DEBUG o.s.o.j.SharedEntityManagerCreator$SharedEntityManagerInvocationHandler - Creating new EntityManager for shared EntityManager invocation
2025-05-24 21:02:40 [main] TRACE o.s.t.a.AnnotationTransactionAttributeSource - Adding transactional method 'com.app.fitrack.service.UserService.registerUser' with attribute: PROPAGATION_REQUIRED,ISOLATION_DEFAULT
2025-05-24 21:02:40 [main] TRACE o.s.t.a.AnnotationTransactionAttributeSource - Adding transactional method 'com.app.fitrack.service.UserService.resetPassword' with attribute: PROPAGATION_REQUIRED,ISOLATION_DEFAULT
2025-05-24 21:02:40 [main] TRACE o.s.t.a.AnnotationTransactionAttributeSource - Adding transactional method 'com.app.fitrack.service.UserService.verifyUser' with attribute: PROPAGATION_REQUIRED,ISOLATION_DEFAULT
2025-05-24 21:02:40 [main] TRACE o.s.t.a.AnnotationTransactionAttributeSource - Adding transactional method 'com.app.fitrack.service.UserService.createUserProfile' with attribute: PROPAGATION_REQUIRED,ISOLATION_DEFAULT
2025-05-24 21:02:40 [main] TRACE o.s.t.a.AnnotationTransactionAttributeSource - Adding transactional method 'com.app.fitrack.service.UserService.saveUser' with attribute: PROPAGATION_REQUIRED,ISOLATION_DEFAULT
2025-05-24 21:02:40 [main] TRACE o.s.t.a.AnnotationTransactionAttributeSource - Adding transactional method 'com.app.fitrack.service.UserService.verifyEmailChange' with attribute: PROPAGATION_REQUIRED,ISOLATION_DEFAULT
2025-05-24 21:02:40 [main] TRACE o.s.t.a.AnnotationTransactionAttributeSource - Adding transactional method 'com.app.fitrack.service.UserService.updateUserProfile' with attribute: PROPAGATION_REQUIRED,ISOLATION_DEFAULT
2025-05-24 21:02:40 [main] TRACE o.s.t.a.AnnotationTransactionAttributeSource - Adding transactional method 'com.app.fitrack.service.UserService.calculateTDEE' with attribute: PROPAGATION_REQUIRED,ISOLATION_DEFAULT
2025-05-24 21:02:40 [main] TRACE o.s.t.a.AnnotationTransactionAttributeSource - Adding transactional method 'com.app.fitrack.service.UserService.calculateBMR' with attribute: PROPAGATION_REQUIRED,ISOLATION_DEFAULT
2025-05-24 21:02:40 [main] TRACE o.s.t.a.AnnotationTransactionAttributeSource - Adding transactional method 'com.app.fitrack.service.UserService.generatePasswordResetToken' with attribute: PROPAGATION_REQUIRED,ISOLATION_DEFAULT
2025-05-24 21:02:40 [main] TRACE o.s.t.a.AnnotationTransactionAttributeSource - Adding transactional method 'com.app.fitrack.service.UserService.resendVerificationCode' with attribute: PROPAGATION_REQUIRED,ISOLATION_DEFAULT
2025-05-24 21:02:40 [main] TRACE o.s.t.a.AnnotationTransactionAttributeSource - Adding transactional method 'com.app.fitrack.service.UserService.requestEmailChangeVerification' with attribute: PROPAGATION_REQUIRED,ISOLATION_DEFAULT
2025-05-24 21:02:40 [main] TRACE o.s.t.a.AnnotationTransactionAttributeSource - Adding transactional method 'com.app.fitrack.service.UserService.getAuthenticatedUser' with attribute: PROPAGATION_REQUIRED,ISOLATION_DEFAULT
2025-05-24 21:02:40 [main] TRACE o.s.t.a.AnnotationTransactionAttributeSource - Adding transactional method 'com.app.fitrack.service.UserService.calculateDynamicActivityFactor' with attribute: PROPAGATION_REQUIRED,ISOLATION_DEFAULT
2025-05-24 21:02:40 [main] TRACE o.s.t.a.AnnotationTransactionAttributeSource - Adding transactional method 'com.app.fitrack.service.UserService.findByEmail' with attribute: PROPAGATION_REQUIRED,ISOLATION_DEFAULT
2025-05-24 21:02:40 [main] DEBUG o.s.o.j.SharedEntityManagerCreator$SharedEntityManagerInvocationHandler - Creating new EntityManager for shared EntityManager invocation
2025-05-24 21:02:40 [main] DEBUG o.s.o.j.SharedEntityManagerCreator$SharedEntityManagerInvocationHandler - Creating new EntityManager for shared EntityManager invocation
2025-05-24 21:02:40 [main] DEBUG o.s.o.j.SharedEntityManagerCreator$SharedEntityManagerInvocationHandler - Creating new EntityManager for shared EntityManager invocation
2025-05-24 21:02:40 [main] DEBUG o.s.o.j.SharedEntityManagerCreator$SharedEntityManagerInvocationHandler - Creating new EntityManager for shared EntityManager invocation
2025-05-24 21:02:40 [main] DEBUG o.s.o.j.SharedEntityManagerCreator$SharedEntityManagerInvocationHandler - Creating new EntityManager for shared EntityManager invocation
2025-05-24 21:02:40 [main] DEBUG o.s.o.j.SharedEntityManagerCreator$SharedEntityManagerInvocationHandler - Creating new EntityManager for shared EntityManager invocation
2025-05-24 21:02:40 [main] DEBUG o.s.o.j.SharedEntityManagerCreator$SharedEntityManagerInvocationHandler - Creating new EntityManager for shared EntityManager invocation
2025-05-24 21:02:40 [main] DEBUG o.s.o.j.SharedEntityManagerCreator$SharedEntityManagerInvocationHandler - Creating new EntityManager for shared EntityManager invocation
2025-05-24 21:02:40 [main] DEBUG o.s.o.j.SharedEntityManagerCreator$SharedEntityManagerInvocationHandler - Creating new EntityManager for shared EntityManager invocation
2025-05-24 21:02:40 [main] DEBUG o.s.o.j.SharedEntityManagerCreator$SharedEntityManagerInvocationHandler - Creating new EntityManager for shared EntityManager invocation
2025-05-24 21:02:40 [main] DEBUG o.s.o.j.SharedEntityManagerCreator$SharedEntityManagerInvocationHandler - Creating new EntityManager for shared EntityManager invocation
2025-05-24 21:02:40 [main] DEBUG o.s.o.j.SharedEntityManagerCreator$SharedEntityManagerInvocationHandler - Creating new EntityManager for shared EntityManager invocation
2025-05-24 21:02:40 [main] INFO  c.a.f.service.NutritionixService - NutritionixService initialized. App ID loaded: true, API Key loaded: true
2025-05-24 21:02:40 [main] DEBUG o.s.o.j.SharedEntityManagerCreator$SharedEntityManagerInvocationHandler - Creating new EntityManager for shared EntityManager invocation
2025-05-24 21:02:40 [main] DEBUG o.s.o.j.SharedEntityManagerCreator$SharedEntityManagerInvocationHandler - Creating new EntityManager for shared EntityManager invocation
2025-05-24 21:02:40 [main] DEBUG o.s.o.j.SharedEntityManagerCreator$SharedEntityManagerInvocationHandler - Creating new EntityManager for shared EntityManager invocation
2025-05-24 21:02:40 [main] DEBUG o.s.o.j.SharedEntityManagerCreator$SharedEntityManagerInvocationHandler - Creating new EntityManager for shared EntityManager invocation
2025-05-24 21:02:40 [main] DEBUG o.s.o.j.SharedEntityManagerCreator$SharedEntityManagerInvocationHandler - Creating new EntityManager for shared EntityManager invocation
2025-05-24 21:02:40 [main] DEBUG o.s.o.j.SharedEntityManagerCreator$SharedEntityManagerInvocationHandler - Creating new EntityManager for shared EntityManager invocation
2025-05-24 21:02:40 [main] DEBUG o.s.o.j.SharedEntityManagerCreator$SharedEntityManagerInvocationHandler - Creating new EntityManager for shared EntityManager invocation
2025-05-24 21:02:40 [main] DEBUG o.s.o.j.SharedEntityManagerCreator$SharedEntityManagerInvocationHandler - Creating new EntityManager for shared EntityManager invocation
2025-05-24 21:02:40 [main] TRACE o.s.t.a.AnnotationTransactionAttributeSource - Adding transactional method 'com.app.fitrack.service.GoalService.updateGoalProgress' with attribute: PROPAGATION_REQUIRED,ISOLATION_DEFAULT
2025-05-24 21:02:40 [main] TRACE o.s.t.a.AnnotationTransactionAttributeSource - Adding transactional method 'com.app.fitrack.service.GoalService.deleteGoal' with attribute: PROPAGATION_REQUIRED,ISOLATION_DEFAULT
2025-05-24 21:02:40 [main] TRACE o.s.t.a.AnnotationTransactionAttributeSource - Adding transactional method 'com.app.fitrack.service.GoalService.archiveGoal' with attribute: PROPAGATION_REQUIRED,ISOLATION_DEFAULT
2025-05-24 21:02:40 [main] TRACE o.s.t.a.AnnotationTransactionAttributeSource - Adding transactional method 'com.app.fitrack.service.GoalService.updateGoalsBasedOnActivity' with attribute: PROPAGATION_REQUIRED,ISOLATION_DEFAULT
2025-05-24 21:02:40 [main] TRACE o.s.t.a.AnnotationTransactionAttributeSource - Adding transactional method 'com.app.fitrack.service.GoalService.createGoal' with attribute: PROPAGATION_REQUIRED,ISOLATION_DEFAULT
2025-05-24 21:02:40 [main] WARN  o.s.b.a.o.j.JpaBaseConfiguration$JpaWebConfiguration - spring.jpa.open-in-view is enabled by default. Therefore, database queries may be performed during view rendering. Explicitly configure spring.jpa.open-in-view to disable this warning
2025-05-24 21:02:40 [main] TRACE o.s.s.c.a.a.c.AuthenticationConfiguration$EnableGlobalAuthenticationAutowiredConfigurer - Eagerly initializing {securityConfig=com.app.fitrack.config.SecurityConfig$$SpringCGLIB$$0@581cd446}
2025-05-24 21:02:40 [main] INFO  o.s.s.c.a.a.c.InitializeUserDetailsBeanManagerConfigurer$InitializeUserDetailsManagerConfigurer - Global AuthenticationManager configured with UserDetailsService bean with name customUserDetailsService
2025-05-24 21:02:41 [main] DEBUG o.s.w.s.m.m.a.RequestMappingHandlerMapping - 50 mappings in 'requestMappingHandlerMapping'
2025-05-24 21:02:41 [main] DEBUG o.s.w.s.h.SimpleUrlHandlerMapping - Patterns [/webjars/**, /**] in 'resourceHandlerMapping'
2025-05-24 21:02:41 [main] INFO  o.s.b.a.e.web.EndpointLinksResolver - Exposing 1 endpoint beneath base path '/actuator'
2025-05-24 21:02:41 [main] DEBUG o.s.s.web.DefaultSecurityFilterChain - Will secure any request with filters: DisableEncodeUrlFilter, WebAsyncManagerIntegrationFilter, SecurityContextHolderFilter, HeaderWriterFilter, CsrfFilter, LogoutFilter, UsernamePasswordAuthenticationFilter, RequestCacheAwareFilter, SecurityContextHolderAwareRequestFilter, AnonymousAuthenticationFilter, ExceptionTranslationFilter, AuthorizationFilter
2025-05-24 21:02:41 [main] DEBUG o.s.w.s.m.m.a.RequestMappingHandlerAdapter - ControllerAdvice beans: 0 @ModelAttribute, 0 @InitBinder, 1 RequestBodyAdvice, 1 ResponseBodyAdvice
2025-05-24 21:02:42 [main] DEBUG o.s.w.s.m.m.a.ExceptionHandlerExceptionResolver - ControllerAdvice beans: 0 @ExceptionHandler, 1 ResponseBodyAdvice
2025-05-24 21:02:42 [main] INFO  c.a.fitrack.FitrackApplicationTests - Started FitrackApplicationTests in 10.983 seconds (process running for 12.308)
2025-05-24 21:02:43 [SpringApplicationShutdownHook] DEBUG o.s.w.c.s.GenericWebApplicationContext - Closing org.springframework.web.context.support.GenericWebApplicationContext@6c000e0c, started on Sat May 24 21:02:31 PST 2025
2025-05-24 21:02:43 [SpringApplicationShutdownHook] INFO  o.s.o.j.LocalContainerEntityManagerFactoryBean - Closing JPA EntityManagerFactory for persistence unit 'default'
2025-05-24 21:02:43 [SpringApplicationShutdownHook] INFO  com.zaxxer.hikari.HikariDataSource - HikariPool-1 - Shutdown initiated...
2025-05-24 21:02:43 [SpringApplicationShutdownHook] INFO  com.zaxxer.hikari.HikariDataSource - HikariPool-1 - Shutdown completed.
2025-05-24 21:23:39 [main] INFO  c.a.fitrack.FitrackApplicationTests - Starting FitrackApplicationTests using Java 19.0.1 with PID 2004 (started by Charlene C. Dilig in C:\Users\Charlene C. Dilig\OneDrive\Documents\Github\Fitrack\fitrack)
2025-05-24 21:23:39 [main] DEBUG c.a.fitrack.FitrackApplicationTests - Running with Spring Boot v3.4.3, Spring v6.2.3
2025-05-24 21:23:39 [main] INFO  c.a.fitrack.FitrackApplicationTests - No active profile set, falling back to 1 default profile: "default"
2025-05-24 21:23:39 [main] DEBUG o.s.w.c.s.GenericWebApplicationContext - Refreshing org.springframework.web.context.support.GenericWebApplicationContext@6c000e0c
2025-05-24 21:23:41 [main] INFO  o.s.d.r.c.RepositoryConfigurationDelegate - Bootstrapping Spring Data JPA repositories in DEFAULT mode.
2025-05-24 21:23:41 [main] INFO  o.s.d.r.c.RepositoryConfigurationDelegate - Finished Spring Data repository scanning in 69 ms. Found 7 JPA repository interfaces.
2025-05-24 21:23:42 [main] DEBUG o.s.o.j.LocalContainerEntityManagerFactoryBean - Building JPA container EntityManagerFactory for persistence unit 'default'
2025-05-24 21:23:42 [main] INFO  o.h.jpa.internal.util.LogHelper - HHH000204: Processing PersistenceUnitInfo [name: default]
2025-05-24 21:23:42 [main] INFO  org.hibernate.Version - HHH000412: Hibernate ORM core version 6.6.8.Final
2025-05-24 21:23:42 [main] INFO  o.h.c.i.RegionFactoryInitiator - HHH000026: Second-level cache disabled
2025-05-24 21:23:42 [main] INFO  o.s.o.j.p.SpringPersistenceUnitInfo - No LoadTimeWeaver setup: ignoring JPA class transformer
2025-05-24 21:23:42 [main] INFO  com.zaxxer.hikari.HikariDataSource - HikariPool-1 - Starting...
2025-05-24 21:23:42 [main] INFO  com.zaxxer.hikari.pool.HikariPool - HikariPool-1 - Added connection com.mysql.cj.jdbc.ConnectionImpl@6ec98ccc
2025-05-24 21:23:42 [main] INFO  com.zaxxer.hikari.HikariDataSource - HikariPool-1 - Start completed.
2025-05-24 21:23:42 [main] WARN  org.hibernate.orm.deprecation - HHH90000025: MySQL8Dialect does not need to be specified explicitly using 'hibernate.dialect' (remove the property setting and it will be selected by default)
2025-05-24 21:23:42 [main] WARN  org.hibernate.orm.deprecation - HHH90000026: MySQL8Dialect has been deprecated; use org.hibernate.dialect.MySQLDialect instead
2025-05-24 21:23:42 [main] INFO  o.hibernate.orm.connections.pooling - HHH10001005: Database info:
	Database JDBC URL [Connecting through datasource 'HikariDataSource (HikariPool-1)']
	Database driver: undefined/unknown
	Database version: 8.0
	Autocommit mode: undefined/unknown
	Isolation level: undefined/unknown
	Minimum pool size: undefined/unknown
	Maximum pool size: undefined/unknown
2025-05-24 21:23:42 [main] DEBUG o.h.t.d.sql.spi.DdlTypeRegistry - addDescriptor(12, org.hibernate.type.descriptor.sql.internal.CapacityDependentDdlType@4b99648a) replaced previous registration(org.hibernate.type.descriptor.sql.internal.CapacityDependentDdlType@5d2e65bd)
2025-05-24 21:23:42 [main] DEBUG o.h.t.d.sql.spi.DdlTypeRegistry - addDescriptor(-9, org.hibernate.type.descriptor.sql.internal.CapacityDependentDdlType@254513e8) replaced previous registration(org.hibernate.type.descriptor.sql.internal.CapacityDependentDdlType@74450c9b)
2025-05-24 21:23:42 [main] DEBUG o.h.t.d.sql.spi.DdlTypeRegistry - addDescriptor(-3, org.hibernate.type.descriptor.sql.internal.CapacityDependentDdlType@74f89bad) replaced previous registration(org.hibernate.type.descriptor.sql.internal.CapacityDependentDdlType@5ad50b02)
2025-05-24 21:23:42 [main] DEBUG o.h.t.d.sql.spi.DdlTypeRegistry - addDescriptor(4003, org.hibernate.type.descriptor.sql.internal.DdlTypeImpl@570299e3) replaced previous registration(org.hibernate.type.descriptor.sql.internal.DdlTypeImpl@bff764c)
2025-05-24 21:23:42 [main] DEBUG o.h.t.d.sql.spi.DdlTypeRegistry - addDescriptor(4001, org.hibernate.type.descriptor.sql.internal.DdlTypeImpl@3beaa16d) replaced previous registration(org.hibernate.type.descriptor.sql.internal.DdlTypeImpl@49153009)
2025-05-24 21:23:42 [main] DEBUG o.h.t.d.sql.spi.DdlTypeRegistry - addDescriptor(4002, org.hibernate.type.descriptor.sql.internal.DdlTypeImpl@a1b7549) replaced previous registration(org.hibernate.type.descriptor.sql.internal.DdlTypeImpl@7aa63f50)
2025-05-24 21:23:42 [main] DEBUG o.h.t.d.sql.spi.DdlTypeRegistry - addDescriptor(2004, org.hibernate.type.descriptor.sql.internal.CapacityDependentDdlType@142918a0) replaced previous registration(org.hibernate.type.descriptor.sql.internal.DdlTypeImpl@745cf754)
2025-05-24 21:23:42 [main] DEBUG o.h.t.d.sql.spi.DdlTypeRegistry - addDescriptor(2005, org.hibernate.type.descriptor.sql.internal.CapacityDependentDdlType@25bc65ab) replaced previous registration(org.hibernate.type.descriptor.sql.internal.DdlTypeImpl@6eab92f3)
2025-05-24 21:23:42 [main] DEBUG o.h.t.d.sql.spi.DdlTypeRegistry - addDescriptor(2011, org.hibernate.type.descriptor.sql.internal.CapacityDependentDdlType@321b7b9e) replaced previous registration(org.hibernate.type.descriptor.sql.internal.DdlTypeImpl@21eedcde)
2025-05-24 21:23:44 [main] INFO  o.h.e.t.j.p.i.JtaPlatformInitiator - HHH000489: No JTA platform available (set 'hibernate.transaction.jta.platform' to enable JTA platform integration)
2025-05-24 21:23:44 [main] INFO  o.s.o.j.LocalContainerEntityManagerFactoryBean - Initialized JPA EntityManagerFactory for persistence unit 'default'
2025-05-24 21:23:47 [main] DEBUG o.s.o.j.SharedEntityManagerCreator$SharedEntityManagerInvocationHandler - Creating new EntityManager for shared EntityManager invocation
2025-05-24 21:23:47 [main] DEBUG o.s.o.j.SharedEntityManagerCreator$SharedEntityManagerInvocationHandler - Creating new EntityManager for shared EntityManager invocation
2025-05-24 21:23:47 [main] DEBUG o.s.o.j.SharedEntityManagerCreator$SharedEntityManagerInvocationHandler - Creating new EntityManager for shared EntityManager invocation
2025-05-24 21:23:47 [main] DEBUG o.s.o.j.SharedEntityManagerCreator$SharedEntityManagerInvocationHandler - Creating new EntityManager for shared EntityManager invocation
2025-05-24 21:23:47 [main] INFO  o.s.d.j.r.query.QueryEnhancerFactory - Hibernate is in classpath; If applicable, HQL parser will be used.
2025-05-24 21:23:48 [main] DEBUG o.s.o.j.SharedEntityManagerCreator$SharedEntityManagerInvocationHandler - Creating new EntityManager for shared EntityManager invocation
2025-05-24 21:23:48 [main] DEBUG o.s.o.j.SharedEntityManagerCreator$SharedEntityManagerInvocationHandler - Creating new EntityManager for shared EntityManager invocation
2025-05-24 21:23:48 [main] DEBUG o.s.o.j.SharedEntityManagerCreator$SharedEntityManagerInvocationHandler - Creating new EntityManager for shared EntityManager invocation
2025-05-24 21:23:48 [main] DEBUG o.s.o.j.SharedEntityManagerCreator$SharedEntityManagerInvocationHandler - Creating new EntityManager for shared EntityManager invocation
2025-05-24 21:23:48 [main] DEBUG o.s.o.j.SharedEntityManagerCreator$SharedEntityManagerInvocationHandler - Creating new EntityManager for shared EntityManager invocation
2025-05-24 21:23:48 [main] TRACE o.s.t.a.AnnotationTransactionAttributeSource - Adding transactional method 'com.app.fitrack.service.EmailService.sendPasswordResetEmail' with attribute: PROPAGATION_REQUIRED,ISOLATION_DEFAULT
2025-05-24 21:23:48 [main] TRACE o.s.t.a.AnnotationTransactionAttributeSource - Adding transactional method 'com.app.fitrack.service.EmailService.sendVerificationEmail' with attribute: PROPAGATION_REQUIRED,ISOLATION_DEFAULT
2025-05-24 21:23:48 [main] DEBUG o.s.o.j.SharedEntityManagerCreator$SharedEntityManagerInvocationHandler - Creating new EntityManager for shared EntityManager invocation
2025-05-24 21:23:48 [main] DEBUG o.s.o.j.SharedEntityManagerCreator$SharedEntityManagerInvocationHandler - Creating new EntityManager for shared EntityManager invocation
2025-05-24 21:23:48 [main] DEBUG o.s.o.j.SharedEntityManagerCreator$SharedEntityManagerInvocationHandler - Creating new EntityManager for shared EntityManager invocation
2025-05-24 21:23:48 [main] DEBUG o.s.o.j.SharedEntityManagerCreator$SharedEntityManagerInvocationHandler - Creating new EntityManager for shared EntityManager invocation
2025-05-24 21:23:48 [main] DEBUG o.s.o.j.SharedEntityManagerCreator$SharedEntityManagerInvocationHandler - Creating new EntityManager for shared EntityManager invocation
2025-05-24 21:23:48 [main] DEBUG o.s.o.j.SharedEntityManagerCreator$SharedEntityManagerInvocationHandler - Creating new EntityManager for shared EntityManager invocation
2025-05-24 21:23:48 [main] DEBUG o.s.o.j.SharedEntityManagerCreator$SharedEntityManagerInvocationHandler - Creating new EntityManager for shared EntityManager invocation
2025-05-24 21:23:48 [main] DEBUG o.s.o.j.SharedEntityManagerCreator$SharedEntityManagerInvocationHandler - Creating new EntityManager for shared EntityManager invocation
2025-05-24 21:23:48 [main] DEBUG o.s.o.j.SharedEntityManagerCreator$SharedEntityManagerInvocationHandler - Creating new EntityManager for shared EntityManager invocation
2025-05-24 21:23:48 [main] DEBUG o.s.o.j.SharedEntityManagerCreator$SharedEntityManagerInvocationHandler - Creating new EntityManager for shared EntityManager invocation
2025-05-24 21:23:48 [main] DEBUG o.s.o.j.SharedEntityManagerCreator$SharedEntityManagerInvocationHandler - Creating new EntityManager for shared EntityManager invocation
2025-05-24 21:23:48 [main] TRACE o.s.t.a.AnnotationTransactionAttributeSource - Adding transactional method 'com.app.fitrack.service.UserService.calculateTDEE' with attribute: PROPAGATION_REQUIRED,ISOLATION_DEFAULT
2025-05-24 21:23:48 [main] TRACE o.s.t.a.AnnotationTransactionAttributeSource - Adding transactional method 'com.app.fitrack.service.UserService.calculateBMR' with attribute: PROPAGATION_REQUIRED,ISOLATION_DEFAULT
2025-05-24 21:23:48 [main] TRACE o.s.t.a.AnnotationTransactionAttributeSource - Adding transactional method 'com.app.fitrack.service.UserService.resendVerificationCode' with attribute: PROPAGATION_REQUIRED,ISOLATION_DEFAULT
2025-05-24 21:23:48 [main] TRACE o.s.t.a.AnnotationTransactionAttributeSource - Adding transactional method 'com.app.fitrack.service.UserService.requestEmailChangeVerification' with attribute: PROPAGATION_REQUIRED,ISOLATION_DEFAULT
2025-05-24 21:23:48 [main] TRACE o.s.t.a.AnnotationTransactionAttributeSource - Adding transactional method 'com.app.fitrack.service.UserService.generatePasswordResetToken' with attribute: PROPAGATION_REQUIRED,ISOLATION_DEFAULT
2025-05-24 21:23:48 [main] TRACE o.s.t.a.AnnotationTransactionAttributeSource - Adding transactional method 'com.app.fitrack.service.UserService.calculateDynamicActivityFactor' with attribute: PROPAGATION_REQUIRED,ISOLATION_DEFAULT
2025-05-24 21:23:48 [main] TRACE o.s.t.a.AnnotationTransactionAttributeSource - Adding transactional method 'com.app.fitrack.service.UserService.getAuthenticatedUser' with attribute: PROPAGATION_REQUIRED,ISOLATION_DEFAULT
2025-05-24 21:23:48 [main] TRACE o.s.t.a.AnnotationTransactionAttributeSource - Adding transactional method 'com.app.fitrack.service.UserService.findByEmail' with attribute: PROPAGATION_REQUIRED,ISOLATION_DEFAULT
2025-05-24 21:23:48 [main] TRACE o.s.t.a.AnnotationTransactionAttributeSource - Adding transactional method 'com.app.fitrack.service.UserService.registerUser' with attribute: PROPAGATION_REQUIRED,ISOLATION_DEFAULT
2025-05-24 21:23:48 [main] TRACE o.s.t.a.AnnotationTransactionAttributeSource - Adding transactional method 'com.app.fitrack.service.UserService.verifyUser' with attribute: PROPAGATION_REQUIRED,ISOLATION_DEFAULT
2025-05-24 21:23:48 [main] TRACE o.s.t.a.AnnotationTransactionAttributeSource - Adding transactional method 'com.app.fitrack.service.UserService.resetPassword' with attribute: PROPAGATION_REQUIRED,ISOLATION_DEFAULT
2025-05-24 21:23:48 [main] TRACE o.s.t.a.AnnotationTransactionAttributeSource - Adding transactional method 'com.app.fitrack.service.UserService.updateUserProfile' with attribute: PROPAGATION_REQUIRED,ISOLATION_DEFAULT
2025-05-24 21:23:48 [main] TRACE o.s.t.a.AnnotationTransactionAttributeSource - Adding transactional method 'com.app.fitrack.service.UserService.verifyEmailChange' with attribute: PROPAGATION_REQUIRED,ISOLATION_DEFAULT
2025-05-24 21:23:48 [main] TRACE o.s.t.a.AnnotationTransactionAttributeSource - Adding transactional method 'com.app.fitrack.service.UserService.createUserProfile' with attribute: PROPAGATION_REQUIRED,ISOLATION_DEFAULT
2025-05-24 21:23:48 [main] TRACE o.s.t.a.AnnotationTransactionAttributeSource - Adding transactional method 'com.app.fitrack.service.UserService.saveUser' with attribute: PROPAGATION_REQUIRED,ISOLATION_DEFAULT
2025-05-24 21:23:48 [main] DEBUG o.s.o.j.SharedEntityManagerCreator$SharedEntityManagerInvocationHandler - Creating new EntityManager for shared EntityManager invocation
2025-05-24 21:23:48 [main] DEBUG o.s.o.j.SharedEntityManagerCreator$SharedEntityManagerInvocationHandler - Creating new EntityManager for shared EntityManager invocation
2025-05-24 21:23:48 [main] DEBUG o.s.o.j.SharedEntityManagerCreator$SharedEntityManagerInvocationHandler - Creating new EntityManager for shared EntityManager invocation
2025-05-24 21:23:48 [main] DEBUG o.s.o.j.SharedEntityManagerCreator$SharedEntityManagerInvocationHandler - Creating new EntityManager for shared EntityManager invocation
2025-05-24 21:23:48 [main] DEBUG o.s.o.j.SharedEntityManagerCreator$SharedEntityManagerInvocationHandler - Creating new EntityManager for shared EntityManager invocation
2025-05-24 21:23:48 [main] DEBUG o.s.o.j.SharedEntityManagerCreator$SharedEntityManagerInvocationHandler - Creating new EntityManager for shared EntityManager invocation
2025-05-24 21:23:48 [main] DEBUG o.s.o.j.SharedEntityManagerCreator$SharedEntityManagerInvocationHandler - Creating new EntityManager for shared EntityManager invocation
2025-05-24 21:23:48 [main] DEBUG o.s.o.j.SharedEntityManagerCreator$SharedEntityManagerInvocationHandler - Creating new EntityManager for shared EntityManager invocation
2025-05-24 21:23:48 [main] DEBUG o.s.o.j.SharedEntityManagerCreator$SharedEntityManagerInvocationHandler - Creating new EntityManager for shared EntityManager invocation
2025-05-24 21:23:48 [main] DEBUG o.s.o.j.SharedEntityManagerCreator$SharedEntityManagerInvocationHandler - Creating new EntityManager for shared EntityManager invocation
2025-05-24 21:23:49 [main] DEBUG o.s.o.j.SharedEntityManagerCreator$SharedEntityManagerInvocationHandler - Creating new EntityManager for shared EntityManager invocation
2025-05-24 21:23:49 [main] DEBUG o.s.o.j.SharedEntityManagerCreator$SharedEntityManagerInvocationHandler - Creating new EntityManager for shared EntityManager invocation
2025-05-24 21:23:49 [main] INFO  c.a.f.service.NutritionixService - NutritionixService initialized. App ID loaded: true, API Key loaded: true
2025-05-24 21:23:49 [main] DEBUG o.s.o.j.SharedEntityManagerCreator$SharedEntityManagerInvocationHandler - Creating new EntityManager for shared EntityManager invocation
2025-05-24 21:23:49 [main] DEBUG o.s.o.j.SharedEntityManagerCreator$SharedEntityManagerInvocationHandler - Creating new EntityManager for shared EntityManager invocation
2025-05-24 21:23:49 [main] DEBUG o.s.o.j.SharedEntityManagerCreator$SharedEntityManagerInvocationHandler - Creating new EntityManager for shared EntityManager invocation
2025-05-24 21:23:49 [main] DEBUG o.s.o.j.SharedEntityManagerCreator$SharedEntityManagerInvocationHandler - Creating new EntityManager for shared EntityManager invocation
2025-05-24 21:23:49 [main] DEBUG o.s.o.j.SharedEntityManagerCreator$SharedEntityManagerInvocationHandler - Creating new EntityManager for shared EntityManager invocation
2025-05-24 21:23:49 [main] DEBUG o.s.o.j.SharedEntityManagerCreator$SharedEntityManagerInvocationHandler - Creating new EntityManager for shared EntityManager invocation
2025-05-24 21:23:49 [main] DEBUG o.s.o.j.SharedEntityManagerCreator$SharedEntityManagerInvocationHandler - Creating new EntityManager for shared EntityManager invocation
2025-05-24 21:23:49 [main] DEBUG o.s.o.j.SharedEntityManagerCreator$SharedEntityManagerInvocationHandler - Creating new EntityManager for shared EntityManager invocation
2025-05-24 21:23:49 [main] TRACE o.s.t.a.AnnotationTransactionAttributeSource - Adding transactional method 'com.app.fitrack.service.GoalService.updateGoalsBasedOnActivity' with attribute: PROPAGATION_REQUIRED,ISOLATION_DEFAULT
2025-05-24 21:23:49 [main] TRACE o.s.t.a.AnnotationTransactionAttributeSource - Adding transactional method 'com.app.fitrack.service.GoalService.createGoal' with attribute: PROPAGATION_REQUIRED,ISOLATION_DEFAULT
2025-05-24 21:23:49 [main] TRACE o.s.t.a.AnnotationTransactionAttributeSource - Adding transactional method 'com.app.fitrack.service.GoalService.archiveGoal' with attribute: PROPAGATION_REQUIRED,ISOLATION_DEFAULT
2025-05-24 21:23:49 [main] TRACE o.s.t.a.AnnotationTransactionAttributeSource - Adding transactional method 'com.app.fitrack.service.GoalService.deleteGoal' with attribute: PROPAGATION_REQUIRED,ISOLATION_DEFAULT
2025-05-24 21:23:49 [main] TRACE o.s.t.a.AnnotationTransactionAttributeSource - Adding transactional method 'com.app.fitrack.service.GoalService.updateGoalProgress' with attribute: PROPAGATION_REQUIRED,ISOLATION_DEFAULT
2025-05-24 21:23:49 [main] WARN  o.s.b.a.o.j.JpaBaseConfiguration$JpaWebConfiguration - spring.jpa.open-in-view is enabled by default. Therefore, database queries may be performed during view rendering. Explicitly configure spring.jpa.open-in-view to disable this warning
2025-05-24 21:23:49 [main] TRACE o.s.s.c.a.a.c.AuthenticationConfiguration$EnableGlobalAuthenticationAutowiredConfigurer - Eagerly initializing {securityConfig=com.app.fitrack.config.SecurityConfig$$SpringCGLIB$$0@55feda3f}
2025-05-24 21:23:49 [main] INFO  o.s.s.c.a.a.c.InitializeUserDetailsBeanManagerConfigurer$InitializeUserDetailsManagerConfigurer - Global AuthenticationManager configured with UserDetailsService bean with name customUserDetailsService
2025-05-24 21:23:49 [main] DEBUG o.s.w.s.m.m.a.RequestMappingHandlerMapping - 50 mappings in 'requestMappingHandlerMapping'
2025-05-24 21:23:49 [main] DEBUG o.s.w.s.h.SimpleUrlHandlerMapping - Patterns [/webjars/**, /**] in 'resourceHandlerMapping'
2025-05-24 21:23:49 [main] INFO  o.s.b.a.e.web.EndpointLinksResolver - Exposing 1 endpoint beneath base path '/actuator'
2025-05-24 21:23:50 [main] DEBUG o.s.s.web.DefaultSecurityFilterChain - Will secure any request with filters: DisableEncodeUrlFilter, WebAsyncManagerIntegrationFilter, SecurityContextHolderFilter, HeaderWriterFilter, CsrfFilter, LogoutFilter, UsernamePasswordAuthenticationFilter, RequestCacheAwareFilter, SecurityContextHolderAwareRequestFilter, AnonymousAuthenticationFilter, ExceptionTranslationFilter, AuthorizationFilter
2025-05-24 21:23:50 [main] DEBUG o.s.w.s.m.m.a.RequestMappingHandlerAdapter - ControllerAdvice beans: 0 @ModelAttribute, 0 @InitBinder, 1 RequestBodyAdvice, 1 ResponseBodyAdvice
2025-05-24 21:23:50 [main] DEBUG o.s.w.s.m.m.a.ExceptionHandlerExceptionResolver - ControllerAdvice beans: 0 @ExceptionHandler, 1 ResponseBodyAdvice
2025-05-24 21:23:50 [main] INFO  c.a.fitrack.FitrackApplicationTests - Started FitrackApplicationTests in 11.265 seconds (process running for 12.38)
2025-05-24 21:23:51 [SpringApplicationShutdownHook] DEBUG o.s.w.c.s.GenericWebApplicationContext - Closing org.springframework.web.context.support.GenericWebApplicationContext@6c000e0c, started on Sat May 24 21:23:39 PST 2025
2025-05-24 21:23:51 [SpringApplicationShutdownHook] INFO  o.s.o.j.LocalContainerEntityManagerFactoryBean - Closing JPA EntityManagerFactory for persistence unit 'default'
2025-05-24 21:23:51 [SpringApplicationShutdownHook] INFO  com.zaxxer.hikari.HikariDataSource - HikariPool-1 - Shutdown initiated...
2025-05-24 21:23:51 [SpringApplicationShutdownHook] INFO  com.zaxxer.hikari.HikariDataSource - HikariPool-1 - Shutdown completed.
2025-05-24 21:29:20 [main] INFO  c.a.fitrack.FitrackApplicationTests - Starting FitrackApplicationTests using Java 19.0.1 with PID 26584 (started by Charlene C. Dilig in C:\Users\Charlene C. Dilig\OneDrive\Documents\Github\Fitrack\fitrack)
2025-05-24 21:29:20 [main] DEBUG c.a.fitrack.FitrackApplicationTests - Running with Spring Boot v3.4.3, Spring v6.2.3
2025-05-24 21:29:20 [main] INFO  c.a.fitrack.FitrackApplicationTests - No active profile set, falling back to 1 default profile: "default"
2025-05-24 21:29:20 [main] DEBUG o.s.w.c.s.GenericWebApplicationContext - Refreshing org.springframework.web.context.support.GenericWebApplicationContext@6c000e0c
2025-05-24 21:29:21 [main] INFO  o.s.d.r.c.RepositoryConfigurationDelegate - Bootstrapping Spring Data JPA repositories in DEFAULT mode.
2025-05-24 21:29:21 [main] INFO  o.s.d.r.c.RepositoryConfigurationDelegate - Finished Spring Data repository scanning in 150 ms. Found 7 JPA repository interfaces.
2025-05-24 21:29:22 [main] DEBUG o.s.o.j.LocalContainerEntityManagerFactoryBean - Building JPA container EntityManagerFactory for persistence unit 'default'
2025-05-24 21:29:22 [main] INFO  o.h.jpa.internal.util.LogHelper - HHH000204: Processing PersistenceUnitInfo [name: default]
2025-05-24 21:29:22 [main] INFO  org.hibernate.Version - HHH000412: Hibernate ORM core version 6.6.8.Final
2025-05-24 21:29:22 [main] INFO  o.h.c.i.RegionFactoryInitiator - HHH000026: Second-level cache disabled
2025-05-24 21:29:23 [main] INFO  o.s.o.j.p.SpringPersistenceUnitInfo - No LoadTimeWeaver setup: ignoring JPA class transformer
2025-05-24 21:29:23 [main] INFO  com.zaxxer.hikari.HikariDataSource - HikariPool-1 - Starting...
2025-05-24 21:29:23 [main] INFO  com.zaxxer.hikari.pool.HikariPool - HikariPool-1 - Added connection com.mysql.cj.jdbc.ConnectionImpl@6ec98ccc
2025-05-24 21:29:23 [main] INFO  com.zaxxer.hikari.HikariDataSource - HikariPool-1 - Start completed.
2025-05-24 21:29:23 [main] WARN  org.hibernate.orm.deprecation - HHH90000025: MySQL8Dialect does not need to be specified explicitly using 'hibernate.dialect' (remove the property setting and it will be selected by default)
2025-05-24 21:29:23 [main] WARN  org.hibernate.orm.deprecation - HHH90000026: MySQL8Dialect has been deprecated; use org.hibernate.dialect.MySQLDialect instead
2025-05-24 21:29:23 [main] INFO  o.hibernate.orm.connections.pooling - HHH10001005: Database info:
	Database JDBC URL [Connecting through datasource 'HikariDataSource (HikariPool-1)']
	Database driver: undefined/unknown
	Database version: 8.0
	Autocommit mode: undefined/unknown
	Isolation level: undefined/unknown
	Minimum pool size: undefined/unknown
	Maximum pool size: undefined/unknown
2025-05-24 21:29:23 [main] DEBUG o.h.t.d.sql.spi.DdlTypeRegistry - addDescriptor(12, org.hibernate.type.descriptor.sql.internal.CapacityDependentDdlType@4b99648a) replaced previous registration(org.hibernate.type.descriptor.sql.internal.CapacityDependentDdlType@5d2e65bd)
2025-05-24 21:29:23 [main] DEBUG o.h.t.d.sql.spi.DdlTypeRegistry - addDescriptor(-9, org.hibernate.type.descriptor.sql.internal.CapacityDependentDdlType@254513e8) replaced previous registration(org.hibernate.type.descriptor.sql.internal.CapacityDependentDdlType@74450c9b)
2025-05-24 21:29:23 [main] DEBUG o.h.t.d.sql.spi.DdlTypeRegistry - addDescriptor(-3, org.hibernate.type.descriptor.sql.internal.CapacityDependentDdlType@74f89bad) replaced previous registration(org.hibernate.type.descriptor.sql.internal.CapacityDependentDdlType@5ad50b02)
2025-05-24 21:29:23 [main] DEBUG o.h.t.d.sql.spi.DdlTypeRegistry - addDescriptor(4003, org.hibernate.type.descriptor.sql.internal.DdlTypeImpl@570299e3) replaced previous registration(org.hibernate.type.descriptor.sql.internal.DdlTypeImpl@bff764c)
2025-05-24 21:29:23 [main] DEBUG o.h.t.d.sql.spi.DdlTypeRegistry - addDescriptor(4001, org.hibernate.type.descriptor.sql.internal.DdlTypeImpl@3beaa16d) replaced previous registration(org.hibernate.type.descriptor.sql.internal.DdlTypeImpl@49153009)
2025-05-24 21:29:23 [main] DEBUG o.h.t.d.sql.spi.DdlTypeRegistry - addDescriptor(4002, org.hibernate.type.descriptor.sql.internal.DdlTypeImpl@a1b7549) replaced previous registration(org.hibernate.type.descriptor.sql.internal.DdlTypeImpl@7aa63f50)
2025-05-24 21:29:23 [main] DEBUG o.h.t.d.sql.spi.DdlTypeRegistry - addDescriptor(2004, org.hibernate.type.descriptor.sql.internal.CapacityDependentDdlType@142918a0) replaced previous registration(org.hibernate.type.descriptor.sql.internal.DdlTypeImpl@745cf754)
2025-05-24 21:29:23 [main] DEBUG o.h.t.d.sql.spi.DdlTypeRegistry - addDescriptor(2005, org.hibernate.type.descriptor.sql.internal.CapacityDependentDdlType@25bc65ab) replaced previous registration(org.hibernate.type.descriptor.sql.internal.DdlTypeImpl@6eab92f3)
2025-05-24 21:29:23 [main] DEBUG o.h.t.d.sql.spi.DdlTypeRegistry - addDescriptor(2011, org.hibernate.type.descriptor.sql.internal.CapacityDependentDdlType@321b7b9e) replaced previous registration(org.hibernate.type.descriptor.sql.internal.DdlTypeImpl@21eedcde)
2025-05-24 21:29:24 [main] INFO  o.h.e.t.j.p.i.JtaPlatformInitiator - HHH000489: No JTA platform available (set 'hibernate.transaction.jta.platform' to enable JTA platform integration)
2025-05-24 21:29:24 [main] INFO  o.s.o.j.LocalContainerEntityManagerFactoryBean - Initialized JPA EntityManagerFactory for persistence unit 'default'
2025-05-24 21:29:27 [main] DEBUG o.s.o.j.SharedEntityManagerCreator$SharedEntityManagerInvocationHandler - Creating new EntityManager for shared EntityManager invocation
2025-05-24 21:29:27 [main] DEBUG o.s.o.j.SharedEntityManagerCreator$SharedEntityManagerInvocationHandler - Creating new EntityManager for shared EntityManager invocation
2025-05-24 21:29:27 [main] DEBUG o.s.o.j.SharedEntityManagerCreator$SharedEntityManagerInvocationHandler - Creating new EntityManager for shared EntityManager invocation
2025-05-24 21:29:27 [main] DEBUG o.s.o.j.SharedEntityManagerCreator$SharedEntityManagerInvocationHandler - Creating new EntityManager for shared EntityManager invocation
2025-05-24 21:29:27 [main] INFO  o.s.d.j.r.query.QueryEnhancerFactory - Hibernate is in classpath; If applicable, HQL parser will be used.
2025-05-24 21:29:28 [main] DEBUG o.s.o.j.SharedEntityManagerCreator$SharedEntityManagerInvocationHandler - Creating new EntityManager for shared EntityManager invocation
2025-05-24 21:29:28 [main] DEBUG o.s.o.j.SharedEntityManagerCreator$SharedEntityManagerInvocationHandler - Creating new EntityManager for shared EntityManager invocation
2025-05-24 21:29:28 [main] DEBUG o.s.o.j.SharedEntityManagerCreator$SharedEntityManagerInvocationHandler - Creating new EntityManager for shared EntityManager invocation
2025-05-24 21:29:28 [main] DEBUG o.s.o.j.SharedEntityManagerCreator$SharedEntityManagerInvocationHandler - Creating new EntityManager for shared EntityManager invocation
2025-05-24 21:29:28 [main] DEBUG o.s.o.j.SharedEntityManagerCreator$SharedEntityManagerInvocationHandler - Creating new EntityManager for shared EntityManager invocation
2025-05-24 21:29:28 [main] TRACE o.s.t.a.AnnotationTransactionAttributeSource - Adding transactional method 'com.app.fitrack.service.EmailService.sendVerificationEmail' with attribute: PROPAGATION_REQUIRED,ISOLATION_DEFAULT
2025-05-24 21:29:28 [main] TRACE o.s.t.a.AnnotationTransactionAttributeSource - Adding transactional method 'com.app.fitrack.service.EmailService.sendPasswordResetEmail' with attribute: PROPAGATION_REQUIRED,ISOLATION_DEFAULT
2025-05-24 21:29:28 [main] DEBUG o.s.o.j.SharedEntityManagerCreator$SharedEntityManagerInvocationHandler - Creating new EntityManager for shared EntityManager invocation
2025-05-24 21:29:28 [main] DEBUG o.s.o.j.SharedEntityManagerCreator$SharedEntityManagerInvocationHandler - Creating new EntityManager for shared EntityManager invocation
2025-05-24 21:29:28 [main] DEBUG o.s.o.j.SharedEntityManagerCreator$SharedEntityManagerInvocationHandler - Creating new EntityManager for shared EntityManager invocation
2025-05-24 21:29:28 [main] DEBUG o.s.o.j.SharedEntityManagerCreator$SharedEntityManagerInvocationHandler - Creating new EntityManager for shared EntityManager invocation
2025-05-24 21:29:28 [main] DEBUG o.s.o.j.SharedEntityManagerCreator$SharedEntityManagerInvocationHandler - Creating new EntityManager for shared EntityManager invocation
2025-05-24 21:29:28 [main] DEBUG o.s.o.j.SharedEntityManagerCreator$SharedEntityManagerInvocationHandler - Creating new EntityManager for shared EntityManager invocation
2025-05-24 21:29:28 [main] DEBUG o.s.o.j.SharedEntityManagerCreator$SharedEntityManagerInvocationHandler - Creating new EntityManager for shared EntityManager invocation
2025-05-24 21:29:28 [main] DEBUG o.s.o.j.SharedEntityManagerCreator$SharedEntityManagerInvocationHandler - Creating new EntityManager for shared EntityManager invocation
2025-05-24 21:29:28 [main] DEBUG o.s.o.j.SharedEntityManagerCreator$SharedEntityManagerInvocationHandler - Creating new EntityManager for shared EntityManager invocation
2025-05-24 21:29:28 [main] DEBUG o.s.o.j.SharedEntityManagerCreator$SharedEntityManagerInvocationHandler - Creating new EntityManager for shared EntityManager invocation
2025-05-24 21:29:28 [main] DEBUG o.s.o.j.SharedEntityManagerCreator$SharedEntityManagerInvocationHandler - Creating new EntityManager for shared EntityManager invocation
2025-05-24 21:29:28 [main] TRACE o.s.t.a.AnnotationTransactionAttributeSource - Adding transactional method 'com.app.fitrack.service.UserService.findByEmail' with attribute: PROPAGATION_REQUIRED,ISOLATION_DEFAULT
2025-05-24 21:29:28 [main] TRACE o.s.t.a.AnnotationTransactionAttributeSource - Adding transactional method 'com.app.fitrack.service.UserService.verifyUser' with attribute: PROPAGATION_REQUIRED,ISOLATION_DEFAULT
2025-05-24 21:29:28 [main] TRACE o.s.t.a.AnnotationTransactionAttributeSource - Adding transactional method 'com.app.fitrack.service.UserService.resetPassword' with attribute: PROPAGATION_REQUIRED,ISOLATION_DEFAULT
2025-05-24 21:29:28 [main] TRACE o.s.t.a.AnnotationTransactionAttributeSource - Adding transactional method 'com.app.fitrack.service.UserService.registerUser' with attribute: PROPAGATION_REQUIRED,ISOLATION_DEFAULT
2025-05-24 21:29:28 [main] TRACE o.s.t.a.AnnotationTransactionAttributeSource - Adding transactional method 'com.app.fitrack.service.UserService.updateUserProfile' with attribute: PROPAGATION_REQUIRED,ISOLATION_DEFAULT
2025-05-24 21:29:28 [main] TRACE o.s.t.a.AnnotationTransactionAttributeSource - Adding transactional method 'com.app.fitrack.service.UserService.createUserProfile' with attribute: PROPAGATION_REQUIRED,ISOLATION_DEFAULT
2025-05-24 21:29:28 [main] TRACE o.s.t.a.AnnotationTransactionAttributeSource - Adding transactional method 'com.app.fitrack.service.UserService.verifyEmailChange' with attribute: PROPAGATION_REQUIRED,ISOLATION_DEFAULT
2025-05-24 21:29:28 [main] TRACE o.s.t.a.AnnotationTransactionAttributeSource - Adding transactional method 'com.app.fitrack.service.UserService.saveUser' with attribute: PROPAGATION_REQUIRED,ISOLATION_DEFAULT
2025-05-24 21:29:28 [main] TRACE o.s.t.a.AnnotationTransactionAttributeSource - Adding transactional method 'com.app.fitrack.service.UserService.calculateTDEE' with attribute: PROPAGATION_REQUIRED,ISOLATION_DEFAULT
2025-05-24 21:29:28 [main] TRACE o.s.t.a.AnnotationTransactionAttributeSource - Adding transactional method 'com.app.fitrack.service.UserService.calculateDynamicActivityFactor' with attribute: PROPAGATION_REQUIRED,ISOLATION_DEFAULT
2025-05-24 21:29:28 [main] TRACE o.s.t.a.AnnotationTransactionAttributeSource - Adding transactional method 'com.app.fitrack.service.UserService.getAuthenticatedUser' with attribute: PROPAGATION_REQUIRED,ISOLATION_DEFAULT
2025-05-24 21:29:28 [main] TRACE o.s.t.a.AnnotationTransactionAttributeSource - Adding transactional method 'com.app.fitrack.service.UserService.resendVerificationCode' with attribute: PROPAGATION_REQUIRED,ISOLATION_DEFAULT
2025-05-24 21:29:28 [main] TRACE o.s.t.a.AnnotationTransactionAttributeSource - Adding transactional method 'com.app.fitrack.service.UserService.generatePasswordResetToken' with attribute: PROPAGATION_REQUIRED,ISOLATION_DEFAULT
2025-05-24 21:29:28 [main] TRACE o.s.t.a.AnnotationTransactionAttributeSource - Adding transactional method 'com.app.fitrack.service.UserService.requestEmailChangeVerification' with attribute: PROPAGATION_REQUIRED,ISOLATION_DEFAULT
2025-05-24 21:29:28 [main] TRACE o.s.t.a.AnnotationTransactionAttributeSource - Adding transactional method 'com.app.fitrack.service.UserService.calculateBMR' with attribute: PROPAGATION_REQUIRED,ISOLATION_DEFAULT
2025-05-24 21:29:28 [main] DEBUG o.s.o.j.SharedEntityManagerCreator$SharedEntityManagerInvocationHandler - Creating new EntityManager for shared EntityManager invocation
2025-05-24 21:29:28 [main] DEBUG o.s.o.j.SharedEntityManagerCreator$SharedEntityManagerInvocationHandler - Creating new EntityManager for shared EntityManager invocation
2025-05-24 21:29:28 [main] DEBUG o.s.o.j.SharedEntityManagerCreator$SharedEntityManagerInvocationHandler - Creating new EntityManager for shared EntityManager invocation
2025-05-24 21:29:28 [main] DEBUG o.s.o.j.SharedEntityManagerCreator$SharedEntityManagerInvocationHandler - Creating new EntityManager for shared EntityManager invocation
2025-05-24 21:29:28 [main] DEBUG o.s.o.j.SharedEntityManagerCreator$SharedEntityManagerInvocationHandler - Creating new EntityManager for shared EntityManager invocation
2025-05-24 21:29:29 [main] DEBUG o.s.o.j.SharedEntityManagerCreator$SharedEntityManagerInvocationHandler - Creating new EntityManager for shared EntityManager invocation
2025-05-24 21:29:29 [main] DEBUG o.s.o.j.SharedEntityManagerCreator$SharedEntityManagerInvocationHandler - Creating new EntityManager for shared EntityManager invocation
2025-05-24 21:29:29 [main] DEBUG o.s.o.j.SharedEntityManagerCreator$SharedEntityManagerInvocationHandler - Creating new EntityManager for shared EntityManager invocation
2025-05-24 21:29:29 [main] DEBUG o.s.o.j.SharedEntityManagerCreator$SharedEntityManagerInvocationHandler - Creating new EntityManager for shared EntityManager invocation
2025-05-24 21:29:29 [main] DEBUG o.s.o.j.SharedEntityManagerCreator$SharedEntityManagerInvocationHandler - Creating new EntityManager for shared EntityManager invocation
2025-05-24 21:29:29 [main] DEBUG o.s.o.j.SharedEntityManagerCreator$SharedEntityManagerInvocationHandler - Creating new EntityManager for shared EntityManager invocation
2025-05-24 21:29:29 [main] DEBUG o.s.o.j.SharedEntityManagerCreator$SharedEntityManagerInvocationHandler - Creating new EntityManager for shared EntityManager invocation
2025-05-24 21:29:29 [main] INFO  c.a.f.service.NutritionixService - NutritionixService initialized. App ID loaded: true, API Key loaded: true
2025-05-24 21:29:29 [main] DEBUG o.s.o.j.SharedEntityManagerCreator$SharedEntityManagerInvocationHandler - Creating new EntityManager for shared EntityManager invocation
2025-05-24 21:29:29 [main] DEBUG o.s.o.j.SharedEntityManagerCreator$SharedEntityManagerInvocationHandler - Creating new EntityManager for shared EntityManager invocation
2025-05-24 21:29:29 [main] DEBUG o.s.o.j.SharedEntityManagerCreator$SharedEntityManagerInvocationHandler - Creating new EntityManager for shared EntityManager invocation
2025-05-24 21:29:29 [main] DEBUG o.s.o.j.SharedEntityManagerCreator$SharedEntityManagerInvocationHandler - Creating new EntityManager for shared EntityManager invocation
2025-05-24 21:29:29 [main] DEBUG o.s.o.j.SharedEntityManagerCreator$SharedEntityManagerInvocationHandler - Creating new EntityManager for shared EntityManager invocation
2025-05-24 21:29:29 [main] DEBUG o.s.o.j.SharedEntityManagerCreator$SharedEntityManagerInvocationHandler - Creating new EntityManager for shared EntityManager invocation
2025-05-24 21:29:29 [main] DEBUG o.s.o.j.SharedEntityManagerCreator$SharedEntityManagerInvocationHandler - Creating new EntityManager for shared EntityManager invocation
2025-05-24 21:29:29 [main] DEBUG o.s.o.j.SharedEntityManagerCreator$SharedEntityManagerInvocationHandler - Creating new EntityManager for shared EntityManager invocation
2025-05-24 21:29:29 [main] TRACE o.s.t.a.AnnotationTransactionAttributeSource - Adding transactional method 'com.app.fitrack.service.GoalService.createGoal' with attribute: PROPAGATION_REQUIRED,ISOLATION_DEFAULT
2025-05-24 21:29:29 [main] TRACE o.s.t.a.AnnotationTransactionAttributeSource - Adding transactional method 'com.app.fitrack.service.GoalService.archiveGoal' with attribute: PROPAGATION_REQUIRED,ISOLATION_DEFAULT
2025-05-24 21:29:29 [main] TRACE o.s.t.a.AnnotationTransactionAttributeSource - Adding transactional method 'com.app.fitrack.service.GoalService.deleteGoal' with attribute: PROPAGATION_REQUIRED,ISOLATION_DEFAULT
2025-05-24 21:29:29 [main] TRACE o.s.t.a.AnnotationTransactionAttributeSource - Adding transactional method 'com.app.fitrack.service.GoalService.updateGoalProgress' with attribute: PROPAGATION_REQUIRED,ISOLATION_DEFAULT
2025-05-24 21:29:29 [main] TRACE o.s.t.a.AnnotationTransactionAttributeSource - Adding transactional method 'com.app.fitrack.service.GoalService.updateGoalsBasedOnActivity' with attribute: PROPAGATION_REQUIRED,ISOLATION_DEFAULT
2025-05-24 21:29:29 [main] WARN  o.s.b.a.o.j.JpaBaseConfiguration$JpaWebConfiguration - spring.jpa.open-in-view is enabled by default. Therefore, database queries may be performed during view rendering. Explicitly configure spring.jpa.open-in-view to disable this warning
2025-05-24 21:29:29 [main] TRACE o.s.s.c.a.a.c.AuthenticationConfiguration$EnableGlobalAuthenticationAutowiredConfigurer - Eagerly initializing {securityConfig=com.app.fitrack.config.SecurityConfig$$SpringCGLIB$$0@72bec302}
2025-05-24 21:29:29 [main] INFO  o.s.s.c.a.a.c.InitializeUserDetailsBeanManagerConfigurer$InitializeUserDetailsManagerConfigurer - Global AuthenticationManager configured with UserDetailsService bean with name customUserDetailsService
2025-05-24 21:29:29 [main] DEBUG o.s.w.s.m.m.a.RequestMappingHandlerMapping - 50 mappings in 'requestMappingHandlerMapping'
2025-05-24 21:29:29 [main] DEBUG o.s.w.s.h.SimpleUrlHandlerMapping - Patterns [/webjars/**, /**] in 'resourceHandlerMapping'
2025-05-24 21:29:29 [main] INFO  o.s.b.a.e.web.EndpointLinksResolver - Exposing 1 endpoint beneath base path '/actuator'
2025-05-24 21:29:30 [main] DEBUG o.s.s.web.DefaultSecurityFilterChain - Will secure any request with filters: DisableEncodeUrlFilter, WebAsyncManagerIntegrationFilter, SecurityContextHolderFilter, HeaderWriterFilter, CsrfFilter, LogoutFilter, UsernamePasswordAuthenticationFilter, RequestCacheAwareFilter, SecurityContextHolderAwareRequestFilter, AnonymousAuthenticationFilter, ExceptionTranslationFilter, AuthorizationFilter
2025-05-24 21:29:30 [main] DEBUG o.s.w.s.m.m.a.RequestMappingHandlerAdapter - ControllerAdvice beans: 0 @ModelAttribute, 0 @InitBinder, 1 RequestBodyAdvice, 1 ResponseBodyAdvice
2025-05-24 21:29:30 [main] DEBUG o.s.w.s.m.m.a.ExceptionHandlerExceptionResolver - ControllerAdvice beans: 0 @ExceptionHandler, 1 ResponseBodyAdvice
2025-05-24 21:29:30 [main] INFO  c.a.fitrack.FitrackApplicationTests - Started FitrackApplicationTests in 10.642 seconds (process running for 11.703)
2025-05-24 21:29:31 [SpringApplicationShutdownHook] DEBUG o.s.w.c.s.GenericWebApplicationContext - Closing org.springframework.web.context.support.GenericWebApplicationContext@6c000e0c, started on Sat May 24 21:29:20 PST 2025
2025-05-24 21:29:31 [SpringApplicationShutdownHook] INFO  o.s.o.j.LocalContainerEntityManagerFactoryBean - Closing JPA EntityManagerFactory for persistence unit 'default'
2025-05-24 21:29:31 [SpringApplicationShutdownHook] INFO  com.zaxxer.hikari.HikariDataSource - HikariPool-1 - Shutdown initiated...
2025-05-24 21:29:31 [SpringApplicationShutdownHook] INFO  com.zaxxer.hikari.HikariDataSource - HikariPool-1 - Shutdown completed.
2025-05-24 21:34:39 [main] INFO  c.a.fitrack.FitrackApplicationTests - Starting FitrackApplicationTests using Java 19.0.1 with PID 27296 (started by Charlene C. Dilig in C:\Users\Charlene C. Dilig\OneDrive\Documents\Github\Fitrack\fitrack)
2025-05-24 21:34:39 [main] DEBUG c.a.fitrack.FitrackApplicationTests - Running with Spring Boot v3.4.3, Spring v6.2.3
2025-05-24 21:34:39 [main] INFO  c.a.fitrack.FitrackApplicationTests - No active profile set, falling back to 1 default profile: "default"
2025-05-24 21:34:40 [main] DEBUG o.s.w.c.s.GenericWebApplicationContext - Refreshing org.springframework.web.context.support.GenericWebApplicationContext@6c000e0c
2025-05-24 21:34:41 [main] INFO  o.s.d.r.c.RepositoryConfigurationDelegate - Bootstrapping Spring Data JPA repositories in DEFAULT mode.
2025-05-24 21:34:41 [main] INFO  o.s.d.r.c.RepositoryConfigurationDelegate - Finished Spring Data repository scanning in 63 ms. Found 7 JPA repository interfaces.
2025-05-24 21:34:41 [main] DEBUG o.s.o.j.LocalContainerEntityManagerFactoryBean - Building JPA container EntityManagerFactory for persistence unit 'default'
2025-05-24 21:34:42 [main] INFO  o.h.jpa.internal.util.LogHelper - HHH000204: Processing PersistenceUnitInfo [name: default]
2025-05-24 21:34:42 [main] INFO  org.hibernate.Version - HHH000412: Hibernate ORM core version 6.6.8.Final
2025-05-24 21:34:42 [main] INFO  o.h.c.i.RegionFactoryInitiator - HHH000026: Second-level cache disabled
2025-05-24 21:34:42 [main] INFO  o.s.o.j.p.SpringPersistenceUnitInfo - No LoadTimeWeaver setup: ignoring JPA class transformer
2025-05-24 21:34:42 [main] INFO  com.zaxxer.hikari.HikariDataSource - HikariPool-1 - Starting...
2025-05-24 21:34:42 [main] INFO  com.zaxxer.hikari.pool.HikariPool - HikariPool-1 - Added connection com.mysql.cj.jdbc.ConnectionImpl@1534bdc6
2025-05-24 21:34:42 [main] INFO  com.zaxxer.hikari.HikariDataSource - HikariPool-1 - Start completed.
2025-05-24 21:34:42 [main] WARN  org.hibernate.orm.deprecation - HHH90000025: MySQL8Dialect does not need to be specified explicitly using 'hibernate.dialect' (remove the property setting and it will be selected by default)
2025-05-24 21:34:42 [main] WARN  org.hibernate.orm.deprecation - HHH90000026: MySQL8Dialect has been deprecated; use org.hibernate.dialect.MySQLDialect instead
2025-05-24 21:34:42 [main] INFO  o.hibernate.orm.connections.pooling - HHH10001005: Database info:
	Database JDBC URL [Connecting through datasource 'HikariDataSource (HikariPool-1)']
	Database driver: undefined/unknown
	Database version: 8.0
	Autocommit mode: undefined/unknown
	Isolation level: undefined/unknown
	Minimum pool size: undefined/unknown
	Maximum pool size: undefined/unknown
2025-05-24 21:34:42 [main] DEBUG o.h.t.d.sql.spi.DdlTypeRegistry - addDescriptor(12, org.hibernate.type.descriptor.sql.internal.CapacityDependentDdlType@254513e8) replaced previous registration(org.hibernate.type.descriptor.sql.internal.CapacityDependentDdlType@74450c9b)
2025-05-24 21:34:42 [main] DEBUG o.h.t.d.sql.spi.DdlTypeRegistry - addDescriptor(-9, org.hibernate.type.descriptor.sql.internal.CapacityDependentDdlType@74f89bad) replaced previous registration(org.hibernate.type.descriptor.sql.internal.CapacityDependentDdlType@5ad50b02)
2025-05-24 21:34:42 [main] DEBUG o.h.t.d.sql.spi.DdlTypeRegistry - addDescriptor(-3, org.hibernate.type.descriptor.sql.internal.CapacityDependentDdlType@570299e3) replaced previous registration(org.hibernate.type.descriptor.sql.internal.CapacityDependentDdlType@bff764c)
2025-05-24 21:34:42 [main] DEBUG o.h.t.d.sql.spi.DdlTypeRegistry - addDescriptor(4003, org.hibernate.type.descriptor.sql.internal.DdlTypeImpl@3beaa16d) replaced previous registration(org.hibernate.type.descriptor.sql.internal.DdlTypeImpl@49153009)
2025-05-24 21:34:42 [main] DEBUG o.h.t.d.sql.spi.DdlTypeRegistry - addDescriptor(4001, org.hibernate.type.descriptor.sql.internal.DdlTypeImpl@a1b7549) replaced previous registration(org.hibernate.type.descriptor.sql.internal.DdlTypeImpl@7aa63f50)
2025-05-24 21:34:42 [main] DEBUG o.h.t.d.sql.spi.DdlTypeRegistry - addDescriptor(4002, org.hibernate.type.descriptor.sql.internal.DdlTypeImpl@142918a0) replaced previous registration(org.hibernate.type.descriptor.sql.internal.DdlTypeImpl@745cf754)
2025-05-24 21:34:42 [main] DEBUG o.h.t.d.sql.spi.DdlTypeRegistry - addDescriptor(2004, org.hibernate.type.descriptor.sql.internal.CapacityDependentDdlType@25bc65ab) replaced previous registration(org.hibernate.type.descriptor.sql.internal.DdlTypeImpl@6eab92f3)
2025-05-24 21:34:42 [main] DEBUG o.h.t.d.sql.spi.DdlTypeRegistry - addDescriptor(2005, org.hibernate.type.descriptor.sql.internal.CapacityDependentDdlType@321b7b9e) replaced previous registration(org.hibernate.type.descriptor.sql.internal.DdlTypeImpl@21eedcde)
2025-05-24 21:34:42 [main] DEBUG o.h.t.d.sql.spi.DdlTypeRegistry - addDescriptor(2011, org.hibernate.type.descriptor.sql.internal.CapacityDependentDdlType@67396475) replaced previous registration(org.hibernate.type.descriptor.sql.internal.DdlTypeImpl@55b74e6b)
2025-05-24 21:34:43 [main] INFO  o.h.e.t.j.p.i.JtaPlatformInitiator - HHH000489: No JTA platform available (set 'hibernate.transaction.jta.platform' to enable JTA platform integration)
2025-05-24 21:34:43 [main] INFO  o.s.o.j.LocalContainerEntityManagerFactoryBean - Initialized JPA EntityManagerFactory for persistence unit 'default'
2025-05-24 21:34:47 [main] DEBUG o.s.o.j.SharedEntityManagerCreator$SharedEntityManagerInvocationHandler - Creating new EntityManager for shared EntityManager invocation
2025-05-24 21:34:47 [main] DEBUG o.s.o.j.SharedEntityManagerCreator$SharedEntityManagerInvocationHandler - Creating new EntityManager for shared EntityManager invocation
2025-05-24 21:34:47 [main] DEBUG o.s.o.j.SharedEntityManagerCreator$SharedEntityManagerInvocationHandler - Creating new EntityManager for shared EntityManager invocation
2025-05-24 21:34:47 [main] DEBUG o.s.o.j.SharedEntityManagerCreator$SharedEntityManagerInvocationHandler - Creating new EntityManager for shared EntityManager invocation
2025-05-24 21:34:47 [main] INFO  o.s.d.j.r.query.QueryEnhancerFactory - Hibernate is in classpath; If applicable, HQL parser will be used.
2025-05-24 21:34:48 [main] DEBUG o.s.o.j.SharedEntityManagerCreator$SharedEntityManagerInvocationHandler - Creating new EntityManager for shared EntityManager invocation
2025-05-24 21:34:48 [main] DEBUG o.s.o.j.SharedEntityManagerCreator$SharedEntityManagerInvocationHandler - Creating new EntityManager for shared EntityManager invocation
2025-05-24 21:34:48 [main] DEBUG o.s.o.j.SharedEntityManagerCreator$SharedEntityManagerInvocationHandler - Creating new EntityManager for shared EntityManager invocation
2025-05-24 21:34:48 [main] DEBUG o.s.o.j.SharedEntityManagerCreator$SharedEntityManagerInvocationHandler - Creating new EntityManager for shared EntityManager invocation
2025-05-24 21:34:48 [main] DEBUG o.s.o.j.SharedEntityManagerCreator$SharedEntityManagerInvocationHandler - Creating new EntityManager for shared EntityManager invocation
2025-05-24 21:34:48 [main] TRACE o.s.t.a.AnnotationTransactionAttributeSource - Adding transactional method 'com.app.fitrack.service.EmailService.sendPasswordResetEmail' with attribute: PROPAGATION_REQUIRED,ISOLATION_DEFAULT
2025-05-24 21:34:48 [main] TRACE o.s.t.a.AnnotationTransactionAttributeSource - Adding transactional method 'com.app.fitrack.service.EmailService.sendVerificationEmail' with attribute: PROPAGATION_REQUIRED,ISOLATION_DEFAULT
2025-05-24 21:34:48 [main] DEBUG o.s.o.j.SharedEntityManagerCreator$SharedEntityManagerInvocationHandler - Creating new EntityManager for shared EntityManager invocation
2025-05-24 21:34:48 [main] DEBUG o.s.o.j.SharedEntityManagerCreator$SharedEntityManagerInvocationHandler - Creating new EntityManager for shared EntityManager invocation
2025-05-24 21:34:48 [main] DEBUG o.s.o.j.SharedEntityManagerCreator$SharedEntityManagerInvocationHandler - Creating new EntityManager for shared EntityManager invocation
2025-05-24 21:34:48 [main] DEBUG o.s.o.j.SharedEntityManagerCreator$SharedEntityManagerInvocationHandler - Creating new EntityManager for shared EntityManager invocation
2025-05-24 21:34:48 [main] DEBUG o.s.o.j.SharedEntityManagerCreator$SharedEntityManagerInvocationHandler - Creating new EntityManager for shared EntityManager invocation
2025-05-24 21:34:48 [main] DEBUG o.s.o.j.SharedEntityManagerCreator$SharedEntityManagerInvocationHandler - Creating new EntityManager for shared EntityManager invocation
2025-05-24 21:34:48 [main] DEBUG o.s.o.j.SharedEntityManagerCreator$SharedEntityManagerInvocationHandler - Creating new EntityManager for shared EntityManager invocation
2025-05-24 21:34:48 [main] DEBUG o.s.o.j.SharedEntityManagerCreator$SharedEntityManagerInvocationHandler - Creating new EntityManager for shared EntityManager invocation
2025-05-24 21:34:48 [main] DEBUG o.s.o.j.SharedEntityManagerCreator$SharedEntityManagerInvocationHandler - Creating new EntityManager for shared EntityManager invocation
2025-05-24 21:34:48 [main] DEBUG o.s.o.j.SharedEntityManagerCreator$SharedEntityManagerInvocationHandler - Creating new EntityManager for shared EntityManager invocation
2025-05-24 21:34:48 [main] DEBUG o.s.o.j.SharedEntityManagerCreator$SharedEntityManagerInvocationHandler - Creating new EntityManager for shared EntityManager invocation
2025-05-24 21:34:48 [main] TRACE o.s.t.a.AnnotationTransactionAttributeSource - Adding transactional method 'com.app.fitrack.service.UserService.resendVerificationCode' with attribute: PROPAGATION_REQUIRED,ISOLATION_DEFAULT
2025-05-24 21:34:48 [main] TRACE o.s.t.a.AnnotationTransactionAttributeSource - Adding transactional method 'com.app.fitrack.service.UserService.generatePasswordResetToken' with attribute: PROPAGATION_REQUIRED,ISOLATION_DEFAULT
2025-05-24 21:34:48 [main] TRACE o.s.t.a.AnnotationTransactionAttributeSource - Adding transactional method 'com.app.fitrack.service.UserService.getAuthenticatedUser' with attribute: PROPAGATION_REQUIRED,ISOLATION_DEFAULT
2025-05-24 21:34:48 [main] TRACE o.s.t.a.AnnotationTransactionAttributeSource - Adding transactional method 'com.app.fitrack.service.UserService.requestEmailChangeVerification' with attribute: PROPAGATION_REQUIRED,ISOLATION_DEFAULT
2025-05-24 21:34:48 [main] TRACE o.s.t.a.AnnotationTransactionAttributeSource - Adding transactional method 'com.app.fitrack.service.UserService.calculateDynamicActivityFactor' with attribute: PROPAGATION_REQUIRED,ISOLATION_DEFAULT
2025-05-24 21:34:48 [main] TRACE o.s.t.a.AnnotationTransactionAttributeSource - Adding transactional method 'com.app.fitrack.service.UserService.findByEmail' with attribute: PROPAGATION_REQUIRED,ISOLATION_DEFAULT
2025-05-24 21:34:48 [main] TRACE o.s.t.a.AnnotationTransactionAttributeSource - Adding transactional method 'com.app.fitrack.service.UserService.registerUser' with attribute: PROPAGATION_REQUIRED,ISOLATION_DEFAULT
2025-05-24 21:34:48 [main] TRACE o.s.t.a.AnnotationTransactionAttributeSource - Adding transactional method 'com.app.fitrack.service.UserService.verifyUser' with attribute: PROPAGATION_REQUIRED,ISOLATION_DEFAULT
2025-05-24 21:34:48 [main] TRACE o.s.t.a.AnnotationTransactionAttributeSource - Adding transactional method 'com.app.fitrack.service.UserService.createUserProfile' with attribute: PROPAGATION_REQUIRED,ISOLATION_DEFAULT
2025-05-24 21:34:48 [main] TRACE o.s.t.a.AnnotationTransactionAttributeSource - Adding transactional method 'com.app.fitrack.service.UserService.resetPassword' with attribute: PROPAGATION_REQUIRED,ISOLATION_DEFAULT
2025-05-24 21:34:48 [main] TRACE o.s.t.a.AnnotationTransactionAttributeSource - Adding transactional method 'com.app.fitrack.service.UserService.saveUser' with attribute: PROPAGATION_REQUIRED,ISOLATION_DEFAULT
2025-05-24 21:34:48 [main] TRACE o.s.t.a.AnnotationTransactionAttributeSource - Adding transactional method 'com.app.fitrack.service.UserService.updateUserProfile' with attribute: PROPAGATION_REQUIRED,ISOLATION_DEFAULT
2025-05-24 21:34:48 [main] TRACE o.s.t.a.AnnotationTransactionAttributeSource - Adding transactional method 'com.app.fitrack.service.UserService.verifyEmailChange' with attribute: PROPAGATION_REQUIRED,ISOLATION_DEFAULT
2025-05-24 21:34:48 [main] TRACE o.s.t.a.AnnotationTransactionAttributeSource - Adding transactional method 'com.app.fitrack.service.UserService.calculateTDEE' with attribute: PROPAGATION_REQUIRED,ISOLATION_DEFAULT
2025-05-24 21:34:48 [main] TRACE o.s.t.a.AnnotationTransactionAttributeSource - Adding transactional method 'com.app.fitrack.service.UserService.calculateBMR' with attribute: PROPAGATION_REQUIRED,ISOLATION_DEFAULT
2025-05-24 21:34:48 [main] DEBUG o.s.o.j.SharedEntityManagerCreator$SharedEntityManagerInvocationHandler - Creating new EntityManager for shared EntityManager invocation
2025-05-24 21:34:48 [main] DEBUG o.s.o.j.SharedEntityManagerCreator$SharedEntityManagerInvocationHandler - Creating new EntityManager for shared EntityManager invocation
2025-05-24 21:34:48 [main] DEBUG o.s.o.j.SharedEntityManagerCreator$SharedEntityManagerInvocationHandler - Creating new EntityManager for shared EntityManager invocation
2025-05-24 21:34:48 [main] DEBUG o.s.o.j.SharedEntityManagerCreator$SharedEntityManagerInvocationHandler - Creating new EntityManager for shared EntityManager invocation
2025-05-24 21:34:48 [main] DEBUG o.s.o.j.SharedEntityManagerCreator$SharedEntityManagerInvocationHandler - Creating new EntityManager for shared EntityManager invocation
2025-05-24 21:34:48 [main] DEBUG o.s.o.j.SharedEntityManagerCreator$SharedEntityManagerInvocationHandler - Creating new EntityManager for shared EntityManager invocation
2025-05-24 21:34:48 [main] DEBUG o.s.o.j.SharedEntityManagerCreator$SharedEntityManagerInvocationHandler - Creating new EntityManager for shared EntityManager invocation
2025-05-24 21:34:48 [main] DEBUG o.s.o.j.SharedEntityManagerCreator$SharedEntityManagerInvocationHandler - Creating new EntityManager for shared EntityManager invocation
2025-05-24 21:34:48 [main] DEBUG o.s.o.j.SharedEntityManagerCreator$SharedEntityManagerInvocationHandler - Creating new EntityManager for shared EntityManager invocation
2025-05-24 21:34:48 [main] DEBUG o.s.o.j.SharedEntityManagerCreator$SharedEntityManagerInvocationHandler - Creating new EntityManager for shared EntityManager invocation
2025-05-24 21:34:48 [main] DEBUG o.s.o.j.SharedEntityManagerCreator$SharedEntityManagerInvocationHandler - Creating new EntityManager for shared EntityManager invocation
2025-05-24 21:34:48 [main] DEBUG o.s.o.j.SharedEntityManagerCreator$SharedEntityManagerInvocationHandler - Creating new EntityManager for shared EntityManager invocation
2025-05-24 21:34:49 [main] INFO  c.a.f.service.NutritionixService - NutritionixService initialized. App ID loaded: true, API Key loaded: true
2025-05-24 21:34:49 [main] DEBUG o.s.o.j.SharedEntityManagerCreator$SharedEntityManagerInvocationHandler - Creating new EntityManager for shared EntityManager invocation
2025-05-24 21:34:49 [main] DEBUG o.s.o.j.SharedEntityManagerCreator$SharedEntityManagerInvocationHandler - Creating new EntityManager for shared EntityManager invocation
2025-05-24 21:34:49 [main] DEBUG o.s.o.j.SharedEntityManagerCreator$SharedEntityManagerInvocationHandler - Creating new EntityManager for shared EntityManager invocation
2025-05-24 21:34:49 [main] DEBUG o.s.o.j.SharedEntityManagerCreator$SharedEntityManagerInvocationHandler - Creating new EntityManager for shared EntityManager invocation
2025-05-24 21:34:49 [main] DEBUG o.s.o.j.SharedEntityManagerCreator$SharedEntityManagerInvocationHandler - Creating new EntityManager for shared EntityManager invocation
2025-05-24 21:34:49 [main] DEBUG o.s.o.j.SharedEntityManagerCreator$SharedEntityManagerInvocationHandler - Creating new EntityManager for shared EntityManager invocation
2025-05-24 21:34:49 [main] DEBUG o.s.o.j.SharedEntityManagerCreator$SharedEntityManagerInvocationHandler - Creating new EntityManager for shared EntityManager invocation
2025-05-24 21:34:49 [main] DEBUG o.s.o.j.SharedEntityManagerCreator$SharedEntityManagerInvocationHandler - Creating new EntityManager for shared EntityManager invocation
2025-05-24 21:34:49 [main] TRACE o.s.t.a.AnnotationTransactionAttributeSource - Adding transactional method 'com.app.fitrack.service.GoalService.updateGoalsBasedOnActivity' with attribute: PROPAGATION_REQUIRED,ISOLATION_DEFAULT
2025-05-24 21:34:49 [main] TRACE o.s.t.a.AnnotationTransactionAttributeSource - Adding transactional method 'com.app.fitrack.service.GoalService.archiveGoal' with attribute: PROPAGATION_REQUIRED,ISOLATION_DEFAULT
2025-05-24 21:34:49 [main] TRACE o.s.t.a.AnnotationTransactionAttributeSource - Adding transactional method 'com.app.fitrack.service.GoalService.deleteGoal' with attribute: PROPAGATION_REQUIRED,ISOLATION_DEFAULT
2025-05-24 21:34:49 [main] TRACE o.s.t.a.AnnotationTransactionAttributeSource - Adding transactional method 'com.app.fitrack.service.GoalService.createGoal' with attribute: PROPAGATION_REQUIRED,ISOLATION_DEFAULT
2025-05-24 21:34:49 [main] TRACE o.s.t.a.AnnotationTransactionAttributeSource - Adding transactional method 'com.app.fitrack.service.GoalService.updateGoalProgress' with attribute: PROPAGATION_REQUIRED,ISOLATION_DEFAULT
2025-05-24 21:34:49 [main] WARN  o.s.b.a.o.j.JpaBaseConfiguration$JpaWebConfiguration - spring.jpa.open-in-view is enabled by default. Therefore, database queries may be performed during view rendering. Explicitly configure spring.jpa.open-in-view to disable this warning
2025-05-24 21:34:49 [main] TRACE o.s.s.c.a.a.c.AuthenticationConfiguration$EnableGlobalAuthenticationAutowiredConfigurer - Eagerly initializing {securityConfig=com.app.fitrack.config.SecurityConfig$$SpringCGLIB$$0@1fe275d8}
2025-05-24 21:34:49 [main] INFO  o.s.s.c.a.a.c.InitializeUserDetailsBeanManagerConfigurer$InitializeUserDetailsManagerConfigurer - Global AuthenticationManager configured with UserDetailsService bean with name customUserDetailsService
2025-05-24 21:34:49 [main] DEBUG o.s.w.s.m.m.a.RequestMappingHandlerMapping - 50 mappings in 'requestMappingHandlerMapping'
2025-05-24 21:34:49 [main] DEBUG o.s.w.s.h.SimpleUrlHandlerMapping - Patterns [/webjars/**, /**] in 'resourceHandlerMapping'
2025-05-24 21:34:49 [main] INFO  o.s.b.a.e.web.EndpointLinksResolver - Exposing 1 endpoint beneath base path '/actuator'
2025-05-24 21:34:49 [main] DEBUG o.s.s.web.DefaultSecurityFilterChain - Will secure any request with filters: DisableEncodeUrlFilter, WebAsyncManagerIntegrationFilter, SecurityContextHolderFilter, HeaderWriterFilter, CsrfFilter, LogoutFilter, UsernamePasswordAuthenticationFilter, RequestCacheAwareFilter, SecurityContextHolderAwareRequestFilter, AnonymousAuthenticationFilter, ExceptionTranslationFilter, AuthorizationFilter
2025-05-24 21:34:49 [main] DEBUG o.s.w.s.m.m.a.RequestMappingHandlerAdapter - ControllerAdvice beans: 0 @ModelAttribute, 0 @InitBinder, 1 RequestBodyAdvice, 1 ResponseBodyAdvice
2025-05-24 21:34:50 [main] DEBUG o.s.w.s.m.m.a.ExceptionHandlerExceptionResolver - ControllerAdvice beans: 0 @ExceptionHandler, 1 ResponseBodyAdvice
2025-05-24 21:34:50 [main] INFO  c.a.fitrack.FitrackApplicationTests - Started FitrackApplicationTests in 10.694 seconds (process running for 11.782)
2025-05-24 21:34:50 [SpringApplicationShutdownHook] DEBUG o.s.w.c.s.GenericWebApplicationContext - Closing org.springframework.web.context.support.GenericWebApplicationContext@6c000e0c, started on Sat May 24 21:34:40 PST 2025
2025-05-24 21:34:50 [SpringApplicationShutdownHook] INFO  o.s.o.j.LocalContainerEntityManagerFactoryBean - Closing JPA EntityManagerFactory for persistence unit 'default'
2025-05-24 21:34:50 [SpringApplicationShutdownHook] INFO  com.zaxxer.hikari.HikariDataSource - HikariPool-1 - Shutdown initiated...
2025-05-24 21:34:50 [SpringApplicationShutdownHook] INFO  com.zaxxer.hikari.HikariDataSource - HikariPool-1 - Shutdown completed.
2025-05-24 21:42:34 [main] INFO  c.a.fitrack.FitrackApplicationTests - Starting FitrackApplicationTests using Java 19.0.1 with PID 5212 (started by Charlene C. Dilig in C:\Users\Charlene C. Dilig\OneDrive\Documents\Github\Fitrack\fitrack)
2025-05-24 21:42:34 [main] DEBUG c.a.fitrack.FitrackApplicationTests - Running with Spring Boot v3.4.3, Spring v6.2.3
2025-05-24 21:42:34 [main] INFO  c.a.fitrack.FitrackApplicationTests - No active profile set, falling back to 1 default profile: "default"
2025-05-24 21:42:34 [main] DEBUG o.s.w.c.s.GenericWebApplicationContext - Refreshing org.springframework.web.context.support.GenericWebApplicationContext@6c000e0c
2025-05-24 21:42:35 [main] INFO  o.s.d.r.c.RepositoryConfigurationDelegate - Bootstrapping Spring Data JPA repositories in DEFAULT mode.
2025-05-24 21:42:35 [main] INFO  o.s.d.r.c.RepositoryConfigurationDelegate - Finished Spring Data repository scanning in 64 ms. Found 7 JPA repository interfaces.
2025-05-24 21:42:36 [main] DEBUG o.s.o.j.LocalContainerEntityManagerFactoryBean - Building JPA container EntityManagerFactory for persistence unit 'default'
2025-05-24 21:42:36 [main] INFO  o.h.jpa.internal.util.LogHelper - HHH000204: Processing PersistenceUnitInfo [name: default]
2025-05-24 21:42:36 [main] INFO  org.hibernate.Version - HHH000412: Hibernate ORM core version 6.6.8.Final
2025-05-24 21:42:36 [main] INFO  o.h.c.i.RegionFactoryInitiator - HHH000026: Second-level cache disabled
2025-05-24 21:42:36 [main] INFO  o.s.o.j.p.SpringPersistenceUnitInfo - No LoadTimeWeaver setup: ignoring JPA class transformer
2025-05-24 21:42:36 [main] INFO  com.zaxxer.hikari.HikariDataSource - HikariPool-1 - Starting...
2025-05-24 21:42:36 [main] INFO  com.zaxxer.hikari.pool.HikariPool - HikariPool-1 - Added connection com.mysql.cj.jdbc.ConnectionImpl@1534bdc6
2025-05-24 21:42:36 [main] INFO  com.zaxxer.hikari.HikariDataSource - HikariPool-1 - Start completed.
2025-05-24 21:42:36 [main] WARN  org.hibernate.orm.deprecation - HHH90000025: MySQL8Dialect does not need to be specified explicitly using 'hibernate.dialect' (remove the property setting and it will be selected by default)
2025-05-24 21:42:36 [main] WARN  org.hibernate.orm.deprecation - HHH90000026: MySQL8Dialect has been deprecated; use org.hibernate.dialect.MySQLDialect instead
2025-05-24 21:42:36 [main] INFO  o.hibernate.orm.connections.pooling - HHH10001005: Database info:
	Database JDBC URL [Connecting through datasource 'HikariDataSource (HikariPool-1)']
	Database driver: undefined/unknown
	Database version: 8.0
	Autocommit mode: undefined/unknown
	Isolation level: undefined/unknown
	Minimum pool size: undefined/unknown
	Maximum pool size: undefined/unknown
2025-05-24 21:42:36 [main] DEBUG o.h.t.d.sql.spi.DdlTypeRegistry - addDescriptor(12, org.hibernate.type.descriptor.sql.internal.CapacityDependentDdlType@254513e8) replaced previous registration(org.hibernate.type.descriptor.sql.internal.CapacityDependentDdlType@74450c9b)
2025-05-24 21:42:36 [main] DEBUG o.h.t.d.sql.spi.DdlTypeRegistry - addDescriptor(-9, org.hibernate.type.descriptor.sql.internal.CapacityDependentDdlType@74f89bad) replaced previous registration(org.hibernate.type.descriptor.sql.internal.CapacityDependentDdlType@5ad50b02)
2025-05-24 21:42:36 [main] DEBUG o.h.t.d.sql.spi.DdlTypeRegistry - addDescriptor(-3, org.hibernate.type.descriptor.sql.internal.CapacityDependentDdlType@570299e3) replaced previous registration(org.hibernate.type.descriptor.sql.internal.CapacityDependentDdlType@bff764c)
2025-05-24 21:42:36 [main] DEBUG o.h.t.d.sql.spi.DdlTypeRegistry - addDescriptor(4003, org.hibernate.type.descriptor.sql.internal.DdlTypeImpl@3beaa16d) replaced previous registration(org.hibernate.type.descriptor.sql.internal.DdlTypeImpl@49153009)
2025-05-24 21:42:36 [main] DEBUG o.h.t.d.sql.spi.DdlTypeRegistry - addDescriptor(4001, org.hibernate.type.descriptor.sql.internal.DdlTypeImpl@a1b7549) replaced previous registration(org.hibernate.type.descriptor.sql.internal.DdlTypeImpl@7aa63f50)
2025-05-24 21:42:36 [main] DEBUG o.h.t.d.sql.spi.DdlTypeRegistry - addDescriptor(4002, org.hibernate.type.descriptor.sql.internal.DdlTypeImpl@142918a0) replaced previous registration(org.hibernate.type.descriptor.sql.internal.DdlTypeImpl@745cf754)
2025-05-24 21:42:36 [main] DEBUG o.h.t.d.sql.spi.DdlTypeRegistry - addDescriptor(2004, org.hibernate.type.descriptor.sql.internal.CapacityDependentDdlType@25bc65ab) replaced previous registration(org.hibernate.type.descriptor.sql.internal.DdlTypeImpl@6eab92f3)
2025-05-24 21:42:36 [main] DEBUG o.h.t.d.sql.spi.DdlTypeRegistry - addDescriptor(2005, org.hibernate.type.descriptor.sql.internal.CapacityDependentDdlType@321b7b9e) replaced previous registration(org.hibernate.type.descriptor.sql.internal.DdlTypeImpl@21eedcde)
2025-05-24 21:42:36 [main] DEBUG o.h.t.d.sql.spi.DdlTypeRegistry - addDescriptor(2011, org.hibernate.type.descriptor.sql.internal.CapacityDependentDdlType@67396475) replaced previous registration(org.hibernate.type.descriptor.sql.internal.DdlTypeImpl@55b74e6b)
2025-05-24 21:42:38 [main] INFO  o.h.e.t.j.p.i.JtaPlatformInitiator - HHH000489: No JTA platform available (set 'hibernate.transaction.jta.platform' to enable JTA platform integration)
2025-05-24 21:42:38 [main] INFO  o.s.o.j.LocalContainerEntityManagerFactoryBean - Initialized JPA EntityManagerFactory for persistence unit 'default'
2025-05-24 21:42:41 [main] DEBUG o.s.o.j.SharedEntityManagerCreator$SharedEntityManagerInvocationHandler - Creating new EntityManager for shared EntityManager invocation
2025-05-24 21:42:41 [main] DEBUG o.s.o.j.SharedEntityManagerCreator$SharedEntityManagerInvocationHandler - Creating new EntityManager for shared EntityManager invocation
2025-05-24 21:42:41 [main] DEBUG o.s.o.j.SharedEntityManagerCreator$SharedEntityManagerInvocationHandler - Creating new EntityManager for shared EntityManager invocation
2025-05-24 21:42:41 [main] DEBUG o.s.o.j.SharedEntityManagerCreator$SharedEntityManagerInvocationHandler - Creating new EntityManager for shared EntityManager invocation
2025-05-24 21:42:41 [main] INFO  o.s.d.j.r.query.QueryEnhancerFactory - Hibernate is in classpath; If applicable, HQL parser will be used.
2025-05-24 21:42:42 [main] DEBUG o.s.o.j.SharedEntityManagerCreator$SharedEntityManagerInvocationHandler - Creating new EntityManager for shared EntityManager invocation
2025-05-24 21:42:42 [main] DEBUG o.s.o.j.SharedEntityManagerCreator$SharedEntityManagerInvocationHandler - Creating new EntityManager for shared EntityManager invocation
2025-05-24 21:42:42 [main] DEBUG o.s.o.j.SharedEntityManagerCreator$SharedEntityManagerInvocationHandler - Creating new EntityManager for shared EntityManager invocation
2025-05-24 21:42:42 [main] DEBUG o.s.o.j.SharedEntityManagerCreator$SharedEntityManagerInvocationHandler - Creating new EntityManager for shared EntityManager invocation
2025-05-24 21:42:42 [main] DEBUG o.s.o.j.SharedEntityManagerCreator$SharedEntityManagerInvocationHandler - Creating new EntityManager for shared EntityManager invocation
2025-05-24 21:42:42 [main] TRACE o.s.t.a.AnnotationTransactionAttributeSource - Adding transactional method 'com.app.fitrack.service.EmailService.sendVerificationEmail' with attribute: PROPAGATION_REQUIRED,ISOLATION_DEFAULT
2025-05-24 21:42:42 [main] TRACE o.s.t.a.AnnotationTransactionAttributeSource - Adding transactional method 'com.app.fitrack.service.EmailService.sendPasswordResetEmail' with attribute: PROPAGATION_REQUIRED,ISOLATION_DEFAULT
2025-05-24 21:42:42 [main] DEBUG o.s.o.j.SharedEntityManagerCreator$SharedEntityManagerInvocationHandler - Creating new EntityManager for shared EntityManager invocation
2025-05-24 21:42:42 [main] DEBUG o.s.o.j.SharedEntityManagerCreator$SharedEntityManagerInvocationHandler - Creating new EntityManager for shared EntityManager invocation
2025-05-24 21:42:42 [main] DEBUG o.s.o.j.SharedEntityManagerCreator$SharedEntityManagerInvocationHandler - Creating new EntityManager for shared EntityManager invocation
2025-05-24 21:42:42 [main] DEBUG o.s.o.j.SharedEntityManagerCreator$SharedEntityManagerInvocationHandler - Creating new EntityManager for shared EntityManager invocation
2025-05-24 21:42:42 [main] DEBUG o.s.o.j.SharedEntityManagerCreator$SharedEntityManagerInvocationHandler - Creating new EntityManager for shared EntityManager invocation
2025-05-24 21:42:42 [main] DEBUG o.s.o.j.SharedEntityManagerCreator$SharedEntityManagerInvocationHandler - Creating new EntityManager for shared EntityManager invocation
2025-05-24 21:42:42 [main] DEBUG o.s.o.j.SharedEntityManagerCreator$SharedEntityManagerInvocationHandler - Creating new EntityManager for shared EntityManager invocation
2025-05-24 21:42:42 [main] DEBUG o.s.o.j.SharedEntityManagerCreator$SharedEntityManagerInvocationHandler - Creating new EntityManager for shared EntityManager invocation
2025-05-24 21:42:42 [main] DEBUG o.s.o.j.SharedEntityManagerCreator$SharedEntityManagerInvocationHandler - Creating new EntityManager for shared EntityManager invocation
2025-05-24 21:42:42 [main] DEBUG o.s.o.j.SharedEntityManagerCreator$SharedEntityManagerInvocationHandler - Creating new EntityManager for shared EntityManager invocation
2025-05-24 21:42:42 [main] DEBUG o.s.o.j.SharedEntityManagerCreator$SharedEntityManagerInvocationHandler - Creating new EntityManager for shared EntityManager invocation
2025-05-24 21:42:42 [main] TRACE o.s.t.a.AnnotationTransactionAttributeSource - Adding transactional method 'com.app.fitrack.service.UserService.updateSecurityContext' with attribute: PROPAGATION_REQUIRED,ISOLATION_DEFAULT
2025-05-24 21:42:42 [main] TRACE o.s.t.a.AnnotationTransactionAttributeSource - Adding transactional method 'com.app.fitrack.service.UserService.findByEmail' with attribute: PROPAGATION_REQUIRED,ISOLATION_DEFAULT
2025-05-24 21:42:42 [main] TRACE o.s.t.a.AnnotationTransactionAttributeSource - Adding transactional method 'com.app.fitrack.service.UserService.registerUser' with attribute: PROPAGATION_REQUIRED,ISOLATION_DEFAULT
2025-05-24 21:42:42 [main] TRACE o.s.t.a.AnnotationTransactionAttributeSource - Adding transactional method 'com.app.fitrack.service.UserService.verifyUser' with attribute: PROPAGATION_REQUIRED,ISOLATION_DEFAULT
2025-05-24 21:42:42 [main] TRACE o.s.t.a.AnnotationTransactionAttributeSource - Adding transactional method 'com.app.fitrack.service.UserService.updateUserProfile' with attribute: PROPAGATION_REQUIRED,ISOLATION_DEFAULT
2025-05-24 21:42:42 [main] TRACE o.s.t.a.AnnotationTransactionAttributeSource - Adding transactional method 'com.app.fitrack.service.UserService.resetPassword' with attribute: PROPAGATION_REQUIRED,ISOLATION_DEFAULT
2025-05-24 21:42:42 [main] TRACE o.s.t.a.AnnotationTransactionAttributeSource - Adding transactional method 'com.app.fitrack.service.UserService.createUserProfile' with attribute: PROPAGATION_REQUIRED,ISOLATION_DEFAULT
2025-05-24 21:42:42 [main] TRACE o.s.t.a.AnnotationTransactionAttributeSource - Adding transactional method 'com.app.fitrack.service.UserService.saveUser' with attribute: PROPAGATION_REQUIRED,ISOLATION_DEFAULT
2025-05-24 21:42:42 [main] TRACE o.s.t.a.AnnotationTransactionAttributeSource - Adding transactional method 'com.app.fitrack.service.UserService.verifyEmailChange' with attribute: PROPAGATION_REQUIRED,ISOLATION_DEFAULT
2025-05-24 21:42:42 [main] TRACE o.s.t.a.AnnotationTransactionAttributeSource - Adding transactional method 'com.app.fitrack.service.UserService.calculateTDEE' with attribute: PROPAGATION_REQUIRED,ISOLATION_DEFAULT
2025-05-24 21:42:42 [main] TRACE o.s.t.a.AnnotationTransactionAttributeSource - Adding transactional method 'com.app.fitrack.service.UserService.calculateDynamicActivityFactor' with attribute: PROPAGATION_REQUIRED,ISOLATION_DEFAULT
2025-05-24 21:42:42 [main] TRACE o.s.t.a.AnnotationTransactionAttributeSource - Adding transactional method 'com.app.fitrack.service.UserService.getAuthenticatedUser' with attribute: PROPAGATION_REQUIRED,ISOLATION_DEFAULT
2025-05-24 21:42:42 [main] TRACE o.s.t.a.AnnotationTransactionAttributeSource - Adding transactional method 'com.app.fitrack.service.UserService.resendVerificationCode' with attribute: PROPAGATION_REQUIRED,ISOLATION_DEFAULT
2025-05-24 21:42:42 [main] TRACE o.s.t.a.AnnotationTransactionAttributeSource - Adding transactional method 'com.app.fitrack.service.UserService.generatePasswordResetToken' with attribute: PROPAGATION_REQUIRED,ISOLATION_DEFAULT
2025-05-24 21:42:42 [main] TRACE o.s.t.a.AnnotationTransactionAttributeSource - Adding transactional method 'com.app.fitrack.service.UserService.requestEmailChangeVerification' with attribute: PROPAGATION_REQUIRED,ISOLATION_DEFAULT
2025-05-24 21:42:42 [main] TRACE o.s.t.a.AnnotationTransactionAttributeSource - Adding transactional method 'com.app.fitrack.service.UserService.calculateBMR' with attribute: PROPAGATION_REQUIRED,ISOLATION_DEFAULT
2025-05-24 21:42:42 [main] DEBUG o.s.o.j.SharedEntityManagerCreator$SharedEntityManagerInvocationHandler - Creating new EntityManager for shared EntityManager invocation
2025-05-24 21:42:42 [main] DEBUG o.s.o.j.SharedEntityManagerCreator$SharedEntityManagerInvocationHandler - Creating new EntityManager for shared EntityManager invocation
2025-05-24 21:42:42 [main] DEBUG o.s.o.j.SharedEntityManagerCreator$SharedEntityManagerInvocationHandler - Creating new EntityManager for shared EntityManager invocation
2025-05-24 21:42:42 [main] DEBUG o.s.o.j.SharedEntityManagerCreator$SharedEntityManagerInvocationHandler - Creating new EntityManager for shared EntityManager invocation
2025-05-24 21:42:42 [main] DEBUG o.s.o.j.SharedEntityManagerCreator$SharedEntityManagerInvocationHandler - Creating new EntityManager for shared EntityManager invocation
2025-05-24 21:42:42 [main] DEBUG o.s.o.j.SharedEntityManagerCreator$SharedEntityManagerInvocationHandler - Creating new EntityManager for shared EntityManager invocation
2025-05-24 21:42:42 [main] DEBUG o.s.o.j.SharedEntityManagerCreator$SharedEntityManagerInvocationHandler - Creating new EntityManager for shared EntityManager invocation
2025-05-24 21:42:42 [main] DEBUG o.s.o.j.SharedEntityManagerCreator$SharedEntityManagerInvocationHandler - Creating new EntityManager for shared EntityManager invocation
2025-05-24 21:42:42 [main] DEBUG o.s.o.j.SharedEntityManagerCreator$SharedEntityManagerInvocationHandler - Creating new EntityManager for shared EntityManager invocation
2025-05-24 21:42:42 [main] DEBUG o.s.o.j.SharedEntityManagerCreator$SharedEntityManagerInvocationHandler - Creating new EntityManager for shared EntityManager invocation
2025-05-24 21:42:42 [main] DEBUG o.s.o.j.SharedEntityManagerCreator$SharedEntityManagerInvocationHandler - Creating new EntityManager for shared EntityManager invocation
2025-05-24 21:42:42 [main] DEBUG o.s.o.j.SharedEntityManagerCreator$SharedEntityManagerInvocationHandler - Creating new EntityManager for shared EntityManager invocation
2025-05-24 21:42:43 [main] INFO  c.a.f.service.NutritionixService - NutritionixService initialized. App ID loaded: true, API Key loaded: true
2025-05-24 21:42:43 [main] DEBUG o.s.o.j.SharedEntityManagerCreator$SharedEntityManagerInvocationHandler - Creating new EntityManager for shared EntityManager invocation
2025-05-24 21:42:43 [main] DEBUG o.s.o.j.SharedEntityManagerCreator$SharedEntityManagerInvocationHandler - Creating new EntityManager for shared EntityManager invocation
2025-05-24 21:42:43 [main] DEBUG o.s.o.j.SharedEntityManagerCreator$SharedEntityManagerInvocationHandler - Creating new EntityManager for shared EntityManager invocation
2025-05-24 21:42:43 [main] DEBUG o.s.o.j.SharedEntityManagerCreator$SharedEntityManagerInvocationHandler - Creating new EntityManager for shared EntityManager invocation
2025-05-24 21:42:43 [main] DEBUG o.s.o.j.SharedEntityManagerCreator$SharedEntityManagerInvocationHandler - Creating new EntityManager for shared EntityManager invocation
2025-05-24 21:42:43 [main] DEBUG o.s.o.j.SharedEntityManagerCreator$SharedEntityManagerInvocationHandler - Creating new EntityManager for shared EntityManager invocation
2025-05-24 21:42:43 [main] DEBUG o.s.o.j.SharedEntityManagerCreator$SharedEntityManagerInvocationHandler - Creating new EntityManager for shared EntityManager invocation
2025-05-24 21:42:43 [main] DEBUG o.s.o.j.SharedEntityManagerCreator$SharedEntityManagerInvocationHandler - Creating new EntityManager for shared EntityManager invocation
2025-05-24 21:42:43 [main] TRACE o.s.t.a.AnnotationTransactionAttributeSource - Adding transactional method 'com.app.fitrack.service.GoalService.deleteGoal' with attribute: PROPAGATION_REQUIRED,ISOLATION_DEFAULT
2025-05-24 21:42:43 [main] TRACE o.s.t.a.AnnotationTransactionAttributeSource - Adding transactional method 'com.app.fitrack.service.GoalService.updateGoalProgress' with attribute: PROPAGATION_REQUIRED,ISOLATION_DEFAULT
2025-05-24 21:42:43 [main] TRACE o.s.t.a.AnnotationTransactionAttributeSource - Adding transactional method 'com.app.fitrack.service.GoalService.createGoal' with attribute: PROPAGATION_REQUIRED,ISOLATION_DEFAULT
2025-05-24 21:42:43 [main] TRACE o.s.t.a.AnnotationTransactionAttributeSource - Adding transactional method 'com.app.fitrack.service.GoalService.archiveGoal' with attribute: PROPAGATION_REQUIRED,ISOLATION_DEFAULT
2025-05-24 21:42:43 [main] TRACE o.s.t.a.AnnotationTransactionAttributeSource - Adding transactional method 'com.app.fitrack.service.GoalService.updateGoalsBasedOnActivity' with attribute: PROPAGATION_REQUIRED,ISOLATION_DEFAULT
2025-05-24 21:42:43 [main] WARN  o.s.b.a.o.j.JpaBaseConfiguration$JpaWebConfiguration - spring.jpa.open-in-view is enabled by default. Therefore, database queries may be performed during view rendering. Explicitly configure spring.jpa.open-in-view to disable this warning
2025-05-24 21:42:43 [main] INFO  o.s.s.c.a.a.c.InitializeUserDetailsBeanManagerConfigurer$InitializeUserDetailsManagerConfigurer - Global AuthenticationManager configured with UserDetailsService bean with name customUserDetailsService
2025-05-24 21:42:43 [main] DEBUG o.s.w.s.m.m.a.RequestMappingHandlerMapping - 50 mappings in 'requestMappingHandlerMapping'
2025-05-24 21:42:43 [main] DEBUG o.s.w.s.h.SimpleUrlHandlerMapping - Patterns [/webjars/**, /**] in 'resourceHandlerMapping'
2025-05-24 21:42:43 [main] INFO  o.s.b.a.e.web.EndpointLinksResolver - Exposing 1 endpoint beneath base path '/actuator'
2025-05-24 21:42:43 [main] DEBUG o.s.s.web.DefaultSecurityFilterChain - Will secure any request with filters: DisableEncodeUrlFilter, WebAsyncManagerIntegrationFilter, SecurityContextHolderFilter, HeaderWriterFilter, CsrfFilter, LogoutFilter, UsernamePasswordAuthenticationFilter, RequestCacheAwareFilter, SecurityContextHolderAwareRequestFilter, AnonymousAuthenticationFilter, ExceptionTranslationFilter, AuthorizationFilter
2025-05-24 21:42:44 [main] DEBUG o.s.w.s.m.m.a.RequestMappingHandlerAdapter - ControllerAdvice beans: 0 @ModelAttribute, 0 @InitBinder, 1 RequestBodyAdvice, 1 ResponseBodyAdvice
2025-05-24 21:42:44 [main] DEBUG o.s.w.s.m.m.a.ExceptionHandlerExceptionResolver - ControllerAdvice beans: 0 @ExceptionHandler, 1 ResponseBodyAdvice
2025-05-24 21:42:44 [main] INFO  c.a.fitrack.FitrackApplicationTests - Started FitrackApplicationTests in 10.682 seconds (process running for 11.744)
2025-05-24 21:42:45 [SpringApplicationShutdownHook] DEBUG o.s.w.c.s.GenericWebApplicationContext - Closing org.springframework.web.context.support.GenericWebApplicationContext@6c000e0c, started on Sat May 24 21:42:34 PST 2025
2025-05-24 21:42:45 [SpringApplicationShutdownHook] INFO  o.s.o.j.LocalContainerEntityManagerFactoryBean - Closing JPA EntityManagerFactory for persistence unit 'default'
2025-05-24 21:42:45 [SpringApplicationShutdownHook] INFO  com.zaxxer.hikari.HikariDataSource - HikariPool-1 - Shutdown initiated...
2025-05-24 21:42:45 [SpringApplicationShutdownHook] INFO  com.zaxxer.hikari.HikariDataSource - HikariPool-1 - Shutdown completed.
2025-05-24 21:47:34 [main] INFO  c.a.fitrack.FitrackApplicationTests - Starting FitrackApplicationTests using Java 19.0.1 with PID 11176 (started by Charlene C. Dilig in C:\Users\Charlene C. Dilig\OneDrive\Documents\Github\Fitrack\fitrack)
2025-05-24 21:47:34 [main] DEBUG c.a.fitrack.FitrackApplicationTests - Running with Spring Boot v3.4.3, Spring v6.2.3
2025-05-24 21:47:34 [main] INFO  c.a.fitrack.FitrackApplicationTests - No active profile set, falling back to 1 default profile: "default"
2025-05-24 21:47:34 [main] DEBUG o.s.w.c.s.GenericWebApplicationContext - Refreshing org.springframework.web.context.support.GenericWebApplicationContext@6c000e0c
2025-05-24 21:47:35 [main] INFO  o.s.d.r.c.RepositoryConfigurationDelegate - Bootstrapping Spring Data JPA repositories in DEFAULT mode.
2025-05-24 21:47:35 [main] INFO  o.s.d.r.c.RepositoryConfigurationDelegate - Finished Spring Data repository scanning in 64 ms. Found 7 JPA repository interfaces.
2025-05-24 21:47:36 [main] DEBUG o.s.o.j.LocalContainerEntityManagerFactoryBean - Building JPA container EntityManagerFactory for persistence unit 'default'
2025-05-24 21:47:36 [main] INFO  o.h.jpa.internal.util.LogHelper - HHH000204: Processing PersistenceUnitInfo [name: default]
2025-05-24 21:47:36 [main] INFO  org.hibernate.Version - HHH000412: Hibernate ORM core version 6.6.8.Final
2025-05-24 21:47:36 [main] INFO  o.h.c.i.RegionFactoryInitiator - HHH000026: Second-level cache disabled
2025-05-24 21:47:37 [main] INFO  o.s.o.j.p.SpringPersistenceUnitInfo - No LoadTimeWeaver setup: ignoring JPA class transformer
2025-05-24 21:47:37 [main] INFO  com.zaxxer.hikari.HikariDataSource - HikariPool-1 - Starting...
2025-05-24 21:47:37 [main] INFO  com.zaxxer.hikari.pool.HikariPool - HikariPool-1 - Added connection com.mysql.cj.jdbc.ConnectionImpl@32428874
2025-05-24 21:47:37 [main] INFO  com.zaxxer.hikari.HikariDataSource - HikariPool-1 - Start completed.
2025-05-24 21:47:37 [main] WARN  org.hibernate.orm.deprecation - HHH90000025: MySQL8Dialect does not need to be specified explicitly using 'hibernate.dialect' (remove the property setting and it will be selected by default)
2025-05-24 21:47:37 [main] WARN  org.hibernate.orm.deprecation - HHH90000026: MySQL8Dialect has been deprecated; use org.hibernate.dialect.MySQLDialect instead
2025-05-24 21:47:37 [main] INFO  o.hibernate.orm.connections.pooling - HHH10001005: Database info:
	Database JDBC URL [Connecting through datasource 'HikariDataSource (HikariPool-1)']
	Database driver: undefined/unknown
	Database version: 8.0
	Autocommit mode: undefined/unknown
	Isolation level: undefined/unknown
	Minimum pool size: undefined/unknown
	Maximum pool size: undefined/unknown
2025-05-24 21:47:37 [main] DEBUG o.h.t.d.sql.spi.DdlTypeRegistry - addDescriptor(12, org.hibernate.type.descriptor.sql.internal.CapacityDependentDdlType@21eedcde) replaced previous registration(org.hibernate.type.descriptor.sql.internal.CapacityDependentDdlType@67396475)
2025-05-24 21:47:37 [main] DEBUG o.h.t.d.sql.spi.DdlTypeRegistry - addDescriptor(-9, org.hibernate.type.descriptor.sql.internal.CapacityDependentDdlType@55b74e6b) replaced previous registration(org.hibernate.type.descriptor.sql.internal.CapacityDependentDdlType@3c1908c8)
2025-05-24 21:47:37 [main] DEBUG o.h.t.d.sql.spi.DdlTypeRegistry - addDescriptor(-3, org.hibernate.type.descriptor.sql.internal.CapacityDependentDdlType@6bc62bb9) replaced previous registration(org.hibernate.type.descriptor.sql.internal.CapacityDependentDdlType@47f0e078)
2025-05-24 21:47:37 [main] DEBUG o.h.t.d.sql.spi.DdlTypeRegistry - addDescriptor(4003, org.hibernate.type.descriptor.sql.internal.DdlTypeImpl@28db2afb) replaced previous registration(org.hibernate.type.descriptor.sql.internal.DdlTypeImpl@5c703860)
2025-05-24 21:47:37 [main] DEBUG o.h.t.d.sql.spi.DdlTypeRegistry - addDescriptor(4001, org.hibernate.type.descriptor.sql.internal.DdlTypeImpl@6315bb4) replaced previous registration(org.hibernate.type.descriptor.sql.internal.DdlTypeImpl@4682882a)
2025-05-24 21:47:37 [main] DEBUG o.h.t.d.sql.spi.DdlTypeRegistry - addDescriptor(4002, org.hibernate.type.descriptor.sql.internal.DdlTypeImpl@37fffef3) replaced previous registration(org.hibernate.type.descriptor.sql.internal.DdlTypeImpl@6a116354)
2025-05-24 21:47:37 [main] DEBUG o.h.t.d.sql.spi.DdlTypeRegistry - addDescriptor(2004, org.hibernate.type.descriptor.sql.internal.CapacityDependentDdlType@66716959) replaced previous registration(org.hibernate.type.descriptor.sql.internal.DdlTypeImpl@34e07e65)
2025-05-24 21:47:37 [main] DEBUG o.h.t.d.sql.spi.DdlTypeRegistry - addDescriptor(2005, org.hibernate.type.descriptor.sql.internal.CapacityDependentDdlType@7ca0166c) replaced previous registration(org.hibernate.type.descriptor.sql.internal.DdlTypeImpl@1dcad16f)
2025-05-24 21:47:37 [main] DEBUG o.h.t.d.sql.spi.DdlTypeRegistry - addDescriptor(2011, org.hibernate.type.descriptor.sql.internal.CapacityDependentDdlType@701c482e) replaced previous registration(org.hibernate.type.descriptor.sql.internal.DdlTypeImpl@4738131e)
2025-05-24 21:47:38 [main] INFO  o.h.e.t.j.p.i.JtaPlatformInitiator - HHH000489: No JTA platform available (set 'hibernate.transaction.jta.platform' to enable JTA platform integration)
2025-05-24 21:47:38 [main] INFO  o.s.o.j.LocalContainerEntityManagerFactoryBean - Initialized JPA EntityManagerFactory for persistence unit 'default'
2025-05-24 21:47:43 [main] DEBUG o.s.o.j.SharedEntityManagerCreator$SharedEntityManagerInvocationHandler - Creating new EntityManager for shared EntityManager invocation
2025-05-24 21:47:43 [main] DEBUG o.s.o.j.SharedEntityManagerCreator$SharedEntityManagerInvocationHandler - Creating new EntityManager for shared EntityManager invocation
2025-05-24 21:47:43 [main] DEBUG o.s.o.j.SharedEntityManagerCreator$SharedEntityManagerInvocationHandler - Creating new EntityManager for shared EntityManager invocation
2025-05-24 21:47:43 [main] DEBUG o.s.o.j.SharedEntityManagerCreator$SharedEntityManagerInvocationHandler - Creating new EntityManager for shared EntityManager invocation
2025-05-24 21:47:43 [main] INFO  o.s.d.j.r.query.QueryEnhancerFactory - Hibernate is in classpath; If applicable, HQL parser will be used.
2025-05-24 21:47:44 [main] DEBUG o.s.o.j.SharedEntityManagerCreator$SharedEntityManagerInvocationHandler - Creating new EntityManager for shared EntityManager invocation
2025-05-24 21:47:44 [main] DEBUG o.s.o.j.SharedEntityManagerCreator$SharedEntityManagerInvocationHandler - Creating new EntityManager for shared EntityManager invocation
2025-05-24 21:47:44 [main] DEBUG o.s.o.j.SharedEntityManagerCreator$SharedEntityManagerInvocationHandler - Creating new EntityManager for shared EntityManager invocation
2025-05-24 21:47:44 [main] DEBUG o.s.o.j.SharedEntityManagerCreator$SharedEntityManagerInvocationHandler - Creating new EntityManager for shared EntityManager invocation
2025-05-24 21:47:44 [main] DEBUG o.s.o.j.SharedEntityManagerCreator$SharedEntityManagerInvocationHandler - Creating new EntityManager for shared EntityManager invocation
2025-05-24 21:47:44 [main] TRACE o.s.t.a.AnnotationTransactionAttributeSource - Adding transactional method 'com.app.fitrack.service.EmailService.sendVerificationEmail' with attribute: PROPAGATION_REQUIRED,ISOLATION_DEFAULT
2025-05-24 21:47:44 [main] TRACE o.s.t.a.AnnotationTransactionAttributeSource - Adding transactional method 'com.app.fitrack.service.EmailService.sendPasswordResetEmail' with attribute: PROPAGATION_REQUIRED,ISOLATION_DEFAULT
2025-05-24 21:47:44 [main] DEBUG o.s.o.j.SharedEntityManagerCreator$SharedEntityManagerInvocationHandler - Creating new EntityManager for shared EntityManager invocation
2025-05-24 21:47:44 [main] DEBUG o.s.o.j.SharedEntityManagerCreator$SharedEntityManagerInvocationHandler - Creating new EntityManager for shared EntityManager invocation
2025-05-24 21:47:44 [main] DEBUG o.s.o.j.SharedEntityManagerCreator$SharedEntityManagerInvocationHandler - Creating new EntityManager for shared EntityManager invocation
2025-05-24 21:47:44 [main] DEBUG o.s.o.j.SharedEntityManagerCreator$SharedEntityManagerInvocationHandler - Creating new EntityManager for shared EntityManager invocation
2025-05-24 21:47:44 [main] DEBUG o.s.o.j.SharedEntityManagerCreator$SharedEntityManagerInvocationHandler - Creating new EntityManager for shared EntityManager invocation
2025-05-24 21:47:44 [main] DEBUG o.s.o.j.SharedEntityManagerCreator$SharedEntityManagerInvocationHandler - Creating new EntityManager for shared EntityManager invocation
2025-05-24 21:47:44 [main] DEBUG o.s.o.j.SharedEntityManagerCreator$SharedEntityManagerInvocationHandler - Creating new EntityManager for shared EntityManager invocation
2025-05-24 21:47:44 [main] DEBUG o.s.o.j.SharedEntityManagerCreator$SharedEntityManagerInvocationHandler - Creating new EntityManager for shared EntityManager invocation
2025-05-24 21:47:44 [main] DEBUG o.s.o.j.SharedEntityManagerCreator$SharedEntityManagerInvocationHandler - Creating new EntityManager for shared EntityManager invocation
2025-05-24 21:47:44 [main] DEBUG o.s.o.j.SharedEntityManagerCreator$SharedEntityManagerInvocationHandler - Creating new EntityManager for shared EntityManager invocation
2025-05-24 21:47:44 [main] DEBUG o.s.o.j.SharedEntityManagerCreator$SharedEntityManagerInvocationHandler - Creating new EntityManager for shared EntityManager invocation
2025-05-24 21:47:44 [main] TRACE o.s.t.a.AnnotationTransactionAttributeSource - Adding transactional method 'com.app.fitrack.service.UserService.verifyEmailChange' with attribute: PROPAGATION_REQUIRED,ISOLATION_DEFAULT
2025-05-24 21:47:44 [main] TRACE o.s.t.a.AnnotationTransactionAttributeSource - Adding transactional method 'com.app.fitrack.service.UserService.updateUserProfile' with attribute: PROPAGATION_REQUIRED,ISOLATION_DEFAULT
2025-05-24 21:47:44 [main] TRACE o.s.t.a.AnnotationTransactionAttributeSource - Adding transactional method 'com.app.fitrack.service.UserService.createUserProfile' with attribute: PROPAGATION_REQUIRED,ISOLATION_DEFAULT
2025-05-24 21:47:44 [main] TRACE o.s.t.a.AnnotationTransactionAttributeSource - Adding transactional method 'com.app.fitrack.service.UserService.saveUser' with attribute: PROPAGATION_REQUIRED,ISOLATION_DEFAULT
2025-05-24 21:47:44 [main] TRACE o.s.t.a.AnnotationTransactionAttributeSource - Adding transactional method 'com.app.fitrack.service.UserService.calculateTDEE' with attribute: PROPAGATION_REQUIRED,ISOLATION_DEFAULT
2025-05-24 21:47:44 [main] TRACE o.s.t.a.AnnotationTransactionAttributeSource - Adding transactional method 'com.app.fitrack.service.UserService.calculateBMR' with attribute: PROPAGATION_REQUIRED,ISOLATION_DEFAULT
2025-05-24 21:47:44 [main] TRACE o.s.t.a.AnnotationTransactionAttributeSource - Adding transactional method 'com.app.fitrack.service.UserService.calculateDynamicActivityFactor' with attribute: PROPAGATION_REQUIRED,ISOLATION_DEFAULT
2025-05-24 21:47:44 [main] TRACE o.s.t.a.AnnotationTransactionAttributeSource - Adding transactional method 'com.app.fitrack.service.UserService.getAuthenticatedUser' with attribute: PROPAGATION_REQUIRED,ISOLATION_DEFAULT
2025-05-24 21:47:44 [main] TRACE o.s.t.a.AnnotationTransactionAttributeSource - Adding transactional method 'com.app.fitrack.service.UserService.generatePasswordResetToken' with attribute: PROPAGATION_REQUIRED,ISOLATION_DEFAULT
2025-05-24 21:47:44 [main] TRACE o.s.t.a.AnnotationTransactionAttributeSource - Adding transactional method 'com.app.fitrack.service.UserService.requestEmailChangeVerification' with attribute: PROPAGATION_REQUIRED,ISOLATION_DEFAULT
2025-05-24 21:47:44 [main] TRACE o.s.t.a.AnnotationTransactionAttributeSource - Adding transactional method 'com.app.fitrack.service.UserService.resendVerificationCode' with attribute: PROPAGATION_REQUIRED,ISOLATION_DEFAULT
2025-05-24 21:47:44 [main] TRACE o.s.t.a.AnnotationTransactionAttributeSource - Adding transactional method 'com.app.fitrack.service.UserService.verifyUser' with attribute: PROPAGATION_REQUIRED,ISOLATION_DEFAULT
2025-05-24 21:47:44 [main] TRACE o.s.t.a.AnnotationTransactionAttributeSource - Adding transactional method 'com.app.fitrack.service.UserService.registerUser' with attribute: PROPAGATION_REQUIRED,ISOLATION_DEFAULT
2025-05-24 21:47:44 [main] TRACE o.s.t.a.AnnotationTransactionAttributeSource - Adding transactional method 'com.app.fitrack.service.UserService.resetPassword' with attribute: PROPAGATION_REQUIRED,ISOLATION_DEFAULT
2025-05-24 21:47:44 [main] TRACE o.s.t.a.AnnotationTransactionAttributeSource - Adding transactional method 'com.app.fitrack.service.UserService.findByEmail' with attribute: PROPAGATION_REQUIRED,ISOLATION_DEFAULT
2025-05-24 21:47:44 [main] DEBUG o.s.o.j.SharedEntityManagerCreator$SharedEntityManagerInvocationHandler - Creating new EntityManager for shared EntityManager invocation
2025-05-24 21:47:44 [main] DEBUG o.s.o.j.SharedEntityManagerCreator$SharedEntityManagerInvocationHandler - Creating new EntityManager for shared EntityManager invocation
2025-05-24 21:47:44 [main] DEBUG o.s.o.j.SharedEntityManagerCreator$SharedEntityManagerInvocationHandler - Creating new EntityManager for shared EntityManager invocation
2025-05-24 21:47:44 [main] DEBUG o.s.o.j.SharedEntityManagerCreator$SharedEntityManagerInvocationHandler - Creating new EntityManager for shared EntityManager invocation
2025-05-24 21:47:44 [main] DEBUG o.s.o.j.SharedEntityManagerCreator$SharedEntityManagerInvocationHandler - Creating new EntityManager for shared EntityManager invocation
2025-05-24 21:47:44 [main] DEBUG o.s.o.j.SharedEntityManagerCreator$SharedEntityManagerInvocationHandler - Creating new EntityManager for shared EntityManager invocation
2025-05-24 21:47:44 [main] DEBUG o.s.o.j.SharedEntityManagerCreator$SharedEntityManagerInvocationHandler - Creating new EntityManager for shared EntityManager invocation
2025-05-24 21:47:44 [main] DEBUG o.s.o.j.SharedEntityManagerCreator$SharedEntityManagerInvocationHandler - Creating new EntityManager for shared EntityManager invocation
2025-05-24 21:47:44 [main] DEBUG o.s.o.j.SharedEntityManagerCreator$SharedEntityManagerInvocationHandler - Creating new EntityManager for shared EntityManager invocation
2025-05-24 21:47:44 [main] DEBUG o.s.o.j.SharedEntityManagerCreator$SharedEntityManagerInvocationHandler - Creating new EntityManager for shared EntityManager invocation
2025-05-24 21:47:44 [main] DEBUG o.s.o.j.SharedEntityManagerCreator$SharedEntityManagerInvocationHandler - Creating new EntityManager for shared EntityManager invocation
2025-05-24 21:47:44 [main] DEBUG o.s.o.j.SharedEntityManagerCreator$SharedEntityManagerInvocationHandler - Creating new EntityManager for shared EntityManager invocation
2025-05-24 21:47:44 [main] INFO  c.a.f.service.NutritionixService - NutritionixService initialized. App ID loaded: true, API Key loaded: true
2025-05-24 21:47:44 [main] DEBUG o.s.o.j.SharedEntityManagerCreator$SharedEntityManagerInvocationHandler - Creating new EntityManager for shared EntityManager invocation
2025-05-24 21:47:44 [main] DEBUG o.s.o.j.SharedEntityManagerCreator$SharedEntityManagerInvocationHandler - Creating new EntityManager for shared EntityManager invocation
2025-05-24 21:47:44 [main] DEBUG o.s.o.j.SharedEntityManagerCreator$SharedEntityManagerInvocationHandler - Creating new EntityManager for shared EntityManager invocation
2025-05-24 21:47:44 [main] DEBUG o.s.o.j.SharedEntityManagerCreator$SharedEntityManagerInvocationHandler - Creating new EntityManager for shared EntityManager invocation
2025-05-24 21:47:44 [main] DEBUG o.s.o.j.SharedEntityManagerCreator$SharedEntityManagerInvocationHandler - Creating new EntityManager for shared EntityManager invocation
2025-05-24 21:47:44 [main] DEBUG o.s.o.j.SharedEntityManagerCreator$SharedEntityManagerInvocationHandler - Creating new EntityManager for shared EntityManager invocation
2025-05-24 21:47:44 [main] DEBUG o.s.o.j.SharedEntityManagerCreator$SharedEntityManagerInvocationHandler - Creating new EntityManager for shared EntityManager invocation
2025-05-24 21:47:44 [main] DEBUG o.s.o.j.SharedEntityManagerCreator$SharedEntityManagerInvocationHandler - Creating new EntityManager for shared EntityManager invocation
2025-05-24 21:47:44 [main] TRACE o.s.t.a.AnnotationTransactionAttributeSource - Adding transactional method 'com.app.fitrack.service.GoalService.updateGoalsBasedOnActivity' with attribute: PROPAGATION_REQUIRED,ISOLATION_DEFAULT
2025-05-24 21:47:44 [main] TRACE o.s.t.a.AnnotationTransactionAttributeSource - Adding transactional method 'com.app.fitrack.service.GoalService.createGoal' with attribute: PROPAGATION_REQUIRED,ISOLATION_DEFAULT
2025-05-24 21:47:44 [main] TRACE o.s.t.a.AnnotationTransactionAttributeSource - Adding transactional method 'com.app.fitrack.service.GoalService.updateGoalProgress' with attribute: PROPAGATION_REQUIRED,ISOLATION_DEFAULT
2025-05-24 21:47:44 [main] TRACE o.s.t.a.AnnotationTransactionAttributeSource - Adding transactional method 'com.app.fitrack.service.GoalService.deleteGoal' with attribute: PROPAGATION_REQUIRED,ISOLATION_DEFAULT
2025-05-24 21:47:44 [main] TRACE o.s.t.a.AnnotationTransactionAttributeSource - Adding transactional method 'com.app.fitrack.service.GoalService.archiveGoal' with attribute: PROPAGATION_REQUIRED,ISOLATION_DEFAULT
2025-05-24 21:47:45 [main] WARN  o.s.b.a.o.j.JpaBaseConfiguration$JpaWebConfiguration - spring.jpa.open-in-view is enabled by default. Therefore, database queries may be performed during view rendering. Explicitly configure spring.jpa.open-in-view to disable this warning
2025-05-24 21:47:45 [main] INFO  o.s.s.c.a.a.c.InitializeUserDetailsBeanManagerConfigurer$InitializeUserDetailsManagerConfigurer - Global AuthenticationManager configured with UserDetailsService bean with name customUserDetailsService
2025-05-24 21:47:45 [main] DEBUG o.s.w.s.m.m.a.RequestMappingHandlerMapping - 50 mappings in 'requestMappingHandlerMapping'
2025-05-24 21:47:45 [main] DEBUG o.s.w.s.h.SimpleUrlHandlerMapping - Patterns [/webjars/**, /**] in 'resourceHandlerMapping'
2025-05-24 21:47:45 [main] INFO  o.s.b.a.e.web.EndpointLinksResolver - Exposing 1 endpoint beneath base path '/actuator'
2025-05-24 21:47:45 [main] DEBUG o.s.s.web.DefaultSecurityFilterChain - Will secure any request with filters: DisableEncodeUrlFilter, WebAsyncManagerIntegrationFilter, SecurityContextHolderFilter, HeaderWriterFilter, CsrfFilter, LogoutFilter, UsernamePasswordAuthenticationFilter, RequestCacheAwareFilter, SecurityContextHolderAwareRequestFilter, AnonymousAuthenticationFilter, ExceptionTranslationFilter, AuthorizationFilter
2025-05-24 21:47:45 [main] DEBUG o.s.w.s.m.m.a.RequestMappingHandlerAdapter - ControllerAdvice beans: 0 @ModelAttribute, 0 @InitBinder, 1 RequestBodyAdvice, 1 ResponseBodyAdvice
2025-05-24 21:47:46 [main] DEBUG o.s.w.s.m.m.a.ExceptionHandlerExceptionResolver - ControllerAdvice beans: 0 @ExceptionHandler, 1 ResponseBodyAdvice
2025-05-24 21:47:46 [main] INFO  c.a.fitrack.FitrackApplicationTests - Started FitrackApplicationTests in 12.197 seconds (process running for 13.306)
2025-05-24 21:47:46 [SpringApplicationShutdownHook] DEBUG o.s.w.c.s.GenericWebApplicationContext - Closing org.springframework.web.context.support.GenericWebApplicationContext@6c000e0c, started on Sat May 24 21:47:34 PST 2025
2025-05-24 21:47:46 [SpringApplicationShutdownHook] INFO  o.s.o.j.LocalContainerEntityManagerFactoryBean - Closing JPA EntityManagerFactory for persistence unit 'default'
2025-05-24 21:47:46 [SpringApplicationShutdownHook] INFO  com.zaxxer.hikari.HikariDataSource - HikariPool-1 - Shutdown initiated...
2025-05-24 21:47:46 [SpringApplicationShutdownHook] INFO  com.zaxxer.hikari.HikariDataSource - HikariPool-1 - Shutdown completed.
2025-05-24 21:54:41 [main] INFO  c.a.fitrack.FitrackApplicationTests - Starting FitrackApplicationTests using Java 19.0.1 with PID 23032 (started by Charlene C. Dilig in C:\Users\Charlene C. Dilig\OneDrive\Documents\Github\Fitrack\fitrack)
2025-05-24 21:54:41 [main] DEBUG c.a.fitrack.FitrackApplicationTests - Running with Spring Boot v3.4.3, Spring v6.2.3
2025-05-24 21:54:41 [main] INFO  c.a.fitrack.FitrackApplicationTests - No active profile set, falling back to 1 default profile: "default"
2025-05-24 21:54:42 [main] DEBUG o.s.w.c.s.GenericWebApplicationContext - Refreshing org.springframework.web.context.support.GenericWebApplicationContext@6c000e0c
2025-05-24 21:54:43 [main] INFO  o.s.d.r.c.RepositoryConfigurationDelegate - Bootstrapping Spring Data JPA repositories in DEFAULT mode.
2025-05-24 21:54:43 [main] INFO  o.s.d.r.c.RepositoryConfigurationDelegate - Finished Spring Data repository scanning in 70 ms. Found 7 JPA repository interfaces.
2025-05-24 21:54:43 [main] DEBUG o.s.o.j.LocalContainerEntityManagerFactoryBean - Building JPA container EntityManagerFactory for persistence unit 'default'
2025-05-24 21:54:44 [main] INFO  o.h.jpa.internal.util.LogHelper - HHH000204: Processing PersistenceUnitInfo [name: default]
2025-05-24 21:54:44 [main] INFO  org.hibernate.Version - HHH000412: Hibernate ORM core version 6.6.8.Final
2025-05-24 21:54:44 [main] INFO  o.h.c.i.RegionFactoryInitiator - HHH000026: Second-level cache disabled
2025-05-24 21:54:44 [main] INFO  o.s.o.j.p.SpringPersistenceUnitInfo - No LoadTimeWeaver setup: ignoring JPA class transformer
2025-05-24 21:54:44 [main] INFO  com.zaxxer.hikari.HikariDataSource - HikariPool-1 - Starting...
2025-05-24 21:54:44 [main] INFO  com.zaxxer.hikari.pool.HikariPool - HikariPool-1 - Added connection com.mysql.cj.jdbc.ConnectionImpl@24258b54
2025-05-24 21:54:44 [main] INFO  com.zaxxer.hikari.HikariDataSource - HikariPool-1 - Start completed.
2025-05-24 21:54:44 [main] WARN  org.hibernate.orm.deprecation - HHH90000025: MySQL8Dialect does not need to be specified explicitly using 'hibernate.dialect' (remove the property setting and it will be selected by default)
2025-05-24 21:54:44 [main] WARN  org.hibernate.orm.deprecation - HHH90000026: MySQL8Dialect has been deprecated; use org.hibernate.dialect.MySQLDialect instead
2025-05-24 21:54:44 [main] INFO  o.hibernate.orm.connections.pooling - HHH10001005: Database info:
	Database JDBC URL [Connecting through datasource 'HikariDataSource (HikariPool-1)']
	Database driver: undefined/unknown
	Database version: 8.0
	Autocommit mode: undefined/unknown
	Isolation level: undefined/unknown
	Minimum pool size: undefined/unknown
	Maximum pool size: undefined/unknown
2025-05-24 21:54:44 [main] DEBUG o.h.t.d.sql.spi.DdlTypeRegistry - addDescriptor(12, org.hibernate.type.descriptor.sql.internal.CapacityDependentDdlType@6eab92f3) replaced previous registration(org.hibernate.type.descriptor.sql.internal.CapacityDependentDdlType@321b7b9e)
2025-05-24 21:54:44 [main] DEBUG o.h.t.d.sql.spi.DdlTypeRegistry - addDescriptor(-9, org.hibernate.type.descriptor.sql.internal.CapacityDependentDdlType@21eedcde) replaced previous registration(org.hibernate.type.descriptor.sql.internal.CapacityDependentDdlType@67396475)
2025-05-24 21:54:44 [main] DEBUG o.h.t.d.sql.spi.DdlTypeRegistry - addDescriptor(-3, org.hibernate.type.descriptor.sql.internal.CapacityDependentDdlType@55b74e6b) replaced previous registration(org.hibernate.type.descriptor.sql.internal.CapacityDependentDdlType@3c1908c8)
2025-05-24 21:54:44 [main] DEBUG o.h.t.d.sql.spi.DdlTypeRegistry - addDescriptor(4003, org.hibernate.type.descriptor.sql.internal.DdlTypeImpl@6bc62bb9) replaced previous registration(org.hibernate.type.descriptor.sql.internal.DdlTypeImpl@47f0e078)
2025-05-24 21:54:44 [main] DEBUG o.h.t.d.sql.spi.DdlTypeRegistry - addDescriptor(4001, org.hibernate.type.descriptor.sql.internal.DdlTypeImpl@28db2afb) replaced previous registration(org.hibernate.type.descriptor.sql.internal.DdlTypeImpl@5c703860)
2025-05-24 21:54:44 [main] DEBUG o.h.t.d.sql.spi.DdlTypeRegistry - addDescriptor(4002, org.hibernate.type.descriptor.sql.internal.DdlTypeImpl@6315bb4) replaced previous registration(org.hibernate.type.descriptor.sql.internal.DdlTypeImpl@4682882a)
2025-05-24 21:54:44 [main] DEBUG o.h.t.d.sql.spi.DdlTypeRegistry - addDescriptor(2004, org.hibernate.type.descriptor.sql.internal.CapacityDependentDdlType@37fffef3) replaced previous registration(org.hibernate.type.descriptor.sql.internal.DdlTypeImpl@6a116354)
2025-05-24 21:54:44 [main] DEBUG o.h.t.d.sql.spi.DdlTypeRegistry - addDescriptor(2005, org.hibernate.type.descriptor.sql.internal.CapacityDependentDdlType@66716959) replaced previous registration(org.hibernate.type.descriptor.sql.internal.DdlTypeImpl@34e07e65)
2025-05-24 21:54:44 [main] DEBUG o.h.t.d.sql.spi.DdlTypeRegistry - addDescriptor(2011, org.hibernate.type.descriptor.sql.internal.CapacityDependentDdlType@7ca0166c) replaced previous registration(org.hibernate.type.descriptor.sql.internal.DdlTypeImpl@1dcad16f)
2025-05-24 21:54:45 [main] INFO  o.h.e.t.j.p.i.JtaPlatformInitiator - HHH000489: No JTA platform available (set 'hibernate.transaction.jta.platform' to enable JTA platform integration)
2025-05-24 21:54:45 [main] INFO  o.s.o.j.LocalContainerEntityManagerFactoryBean - Initialized JPA EntityManagerFactory for persistence unit 'default'
2025-05-24 21:54:49 [main] DEBUG o.s.o.j.SharedEntityManagerCreator$SharedEntityManagerInvocationHandler - Creating new EntityManager for shared EntityManager invocation
2025-05-24 21:54:49 [main] DEBUG o.s.o.j.SharedEntityManagerCreator$SharedEntityManagerInvocationHandler - Creating new EntityManager for shared EntityManager invocation
2025-05-24 21:54:49 [main] DEBUG o.s.o.j.SharedEntityManagerCreator$SharedEntityManagerInvocationHandler - Creating new EntityManager for shared EntityManager invocation
2025-05-24 21:54:49 [main] DEBUG o.s.o.j.SharedEntityManagerCreator$SharedEntityManagerInvocationHandler - Creating new EntityManager for shared EntityManager invocation
2025-05-24 21:54:49 [main] INFO  o.s.d.j.r.query.QueryEnhancerFactory - Hibernate is in classpath; If applicable, HQL parser will be used.
2025-05-24 21:54:50 [main] DEBUG o.s.o.j.SharedEntityManagerCreator$SharedEntityManagerInvocationHandler - Creating new EntityManager for shared EntityManager invocation
2025-05-24 21:54:50 [main] DEBUG o.s.o.j.SharedEntityManagerCreator$SharedEntityManagerInvocationHandler - Creating new EntityManager for shared EntityManager invocation
2025-05-24 21:54:50 [main] DEBUG o.s.o.j.SharedEntityManagerCreator$SharedEntityManagerInvocationHandler - Creating new EntityManager for shared EntityManager invocation
2025-05-24 21:54:50 [main] DEBUG o.s.o.j.SharedEntityManagerCreator$SharedEntityManagerInvocationHandler - Creating new EntityManager for shared EntityManager invocation
2025-05-24 21:54:50 [main] DEBUG o.s.o.j.SharedEntityManagerCreator$SharedEntityManagerInvocationHandler - Creating new EntityManager for shared EntityManager invocation
2025-05-24 21:54:50 [main] TRACE o.s.t.a.AnnotationTransactionAttributeSource - Adding transactional method 'com.app.fitrack.service.EmailService.sendPasswordResetEmail' with attribute: PROPAGATION_REQUIRED,ISOLATION_DEFAULT
2025-05-24 21:54:50 [main] TRACE o.s.t.a.AnnotationTransactionAttributeSource - Adding transactional method 'com.app.fitrack.service.EmailService.sendVerificationEmail' with attribute: PROPAGATION_REQUIRED,ISOLATION_DEFAULT
2025-05-24 21:54:50 [main] DEBUG o.s.o.j.SharedEntityManagerCreator$SharedEntityManagerInvocationHandler - Creating new EntityManager for shared EntityManager invocation
2025-05-24 21:54:50 [main] DEBUG o.s.o.j.SharedEntityManagerCreator$SharedEntityManagerInvocationHandler - Creating new EntityManager for shared EntityManager invocation
2025-05-24 21:54:50 [main] DEBUG o.s.o.j.SharedEntityManagerCreator$SharedEntityManagerInvocationHandler - Creating new EntityManager for shared EntityManager invocation
2025-05-24 21:54:50 [main] DEBUG o.s.o.j.SharedEntityManagerCreator$SharedEntityManagerInvocationHandler - Creating new EntityManager for shared EntityManager invocation
2025-05-24 21:54:50 [main] DEBUG o.s.o.j.SharedEntityManagerCreator$SharedEntityManagerInvocationHandler - Creating new EntityManager for shared EntityManager invocation
2025-05-24 21:54:50 [main] DEBUG o.s.o.j.SharedEntityManagerCreator$SharedEntityManagerInvocationHandler - Creating new EntityManager for shared EntityManager invocation
2025-05-24 21:54:50 [main] DEBUG o.s.o.j.SharedEntityManagerCreator$SharedEntityManagerInvocationHandler - Creating new EntityManager for shared EntityManager invocation
2025-05-24 21:54:50 [main] DEBUG o.s.o.j.SharedEntityManagerCreator$SharedEntityManagerInvocationHandler - Creating new EntityManager for shared EntityManager invocation
2025-05-24 21:54:50 [main] DEBUG o.s.o.j.SharedEntityManagerCreator$SharedEntityManagerInvocationHandler - Creating new EntityManager for shared EntityManager invocation
2025-05-24 21:54:50 [main] DEBUG o.s.o.j.SharedEntityManagerCreator$SharedEntityManagerInvocationHandler - Creating new EntityManager for shared EntityManager invocation
2025-05-24 21:54:50 [main] DEBUG o.s.o.j.SharedEntityManagerCreator$SharedEntityManagerInvocationHandler - Creating new EntityManager for shared EntityManager invocation
2025-05-24 21:54:50 [main] TRACE o.s.t.a.AnnotationTransactionAttributeSource - Adding transactional method 'com.app.fitrack.service.UserService.findByEmail' with attribute: PROPAGATION_REQUIRED,ISOLATION_DEFAULT
2025-05-24 21:54:50 [main] TRACE o.s.t.a.AnnotationTransactionAttributeSource - Adding transactional method 'com.app.fitrack.service.UserService.registerUser' with attribute: PROPAGATION_REQUIRED,ISOLATION_DEFAULT
2025-05-24 21:54:50 [main] TRACE o.s.t.a.AnnotationTransactionAttributeSource - Adding transactional method 'com.app.fitrack.service.UserService.resetPassword' with attribute: PROPAGATION_REQUIRED,ISOLATION_DEFAULT
2025-05-24 21:54:50 [main] TRACE o.s.t.a.AnnotationTransactionAttributeSource - Adding transactional method 'com.app.fitrack.service.UserService.verifyUser' with attribute: PROPAGATION_REQUIRED,ISOLATION_DEFAULT
2025-05-24 21:54:50 [main] TRACE o.s.t.a.AnnotationTransactionAttributeSource - Adding transactional method 'com.app.fitrack.service.UserService.verifyEmailChange' with attribute: PROPAGATION_REQUIRED,ISOLATION_DEFAULT
2025-05-24 21:54:50 [main] TRACE o.s.t.a.AnnotationTransactionAttributeSource - Adding transactional method 'com.app.fitrack.service.UserService.updateUserProfile' with attribute: PROPAGATION_REQUIRED,ISOLATION_DEFAULT
2025-05-24 21:54:50 [main] TRACE o.s.t.a.AnnotationTransactionAttributeSource - Adding transactional method 'com.app.fitrack.service.UserService.createUserProfile' with attribute: PROPAGATION_REQUIRED,ISOLATION_DEFAULT
2025-05-24 21:54:50 [main] TRACE o.s.t.a.AnnotationTransactionAttributeSource - Adding transactional method 'com.app.fitrack.service.UserService.saveUser' with attribute: PROPAGATION_REQUIRED,ISOLATION_DEFAULT
2025-05-24 21:54:50 [main] TRACE o.s.t.a.AnnotationTransactionAttributeSource - Adding transactional method 'com.app.fitrack.service.UserService.calculateTDEE' with attribute: PROPAGATION_REQUIRED,ISOLATION_DEFAULT
2025-05-24 21:54:50 [main] TRACE o.s.t.a.AnnotationTransactionAttributeSource - Adding transactional method 'com.app.fitrack.service.UserService.calculateBMR' with attribute: PROPAGATION_REQUIRED,ISOLATION_DEFAULT
2025-05-24 21:54:50 [main] TRACE o.s.t.a.AnnotationTransactionAttributeSource - Adding transactional method 'com.app.fitrack.service.UserService.requestEmailChangeVerification' with attribute: PROPAGATION_REQUIRED,ISOLATION_DEFAULT
2025-05-24 21:54:50 [main] TRACE o.s.t.a.AnnotationTransactionAttributeSource - Adding transactional method 'com.app.fitrack.service.UserService.resendVerificationCode' with attribute: PROPAGATION_REQUIRED,ISOLATION_DEFAULT
2025-05-24 21:54:50 [main] TRACE o.s.t.a.AnnotationTransactionAttributeSource - Adding transactional method 'com.app.fitrack.service.UserService.generatePasswordResetToken' with attribute: PROPAGATION_REQUIRED,ISOLATION_DEFAULT
2025-05-24 21:54:50 [main] TRACE o.s.t.a.AnnotationTransactionAttributeSource - Adding transactional method 'com.app.fitrack.service.UserService.getAuthenticatedUser' with attribute: PROPAGATION_REQUIRED,ISOLATION_DEFAULT
2025-05-24 21:54:50 [main] TRACE o.s.t.a.AnnotationTransactionAttributeSource - Adding transactional method 'com.app.fitrack.service.UserService.calculateDynamicActivityFactor' with attribute: PROPAGATION_REQUIRED,ISOLATION_DEFAULT
2025-05-24 21:54:50 [main] DEBUG o.s.o.j.SharedEntityManagerCreator$SharedEntityManagerInvocationHandler - Creating new EntityManager for shared EntityManager invocation
2025-05-24 21:54:50 [main] DEBUG o.s.o.j.SharedEntityManagerCreator$SharedEntityManagerInvocationHandler - Creating new EntityManager for shared EntityManager invocation
2025-05-24 21:54:50 [main] DEBUG o.s.o.j.SharedEntityManagerCreator$SharedEntityManagerInvocationHandler - Creating new EntityManager for shared EntityManager invocation
2025-05-24 21:54:50 [main] DEBUG o.s.o.j.SharedEntityManagerCreator$SharedEntityManagerInvocationHandler - Creating new EntityManager for shared EntityManager invocation
2025-05-24 21:54:50 [main] DEBUG o.s.o.j.SharedEntityManagerCreator$SharedEntityManagerInvocationHandler - Creating new EntityManager for shared EntityManager invocation
2025-05-24 21:54:50 [main] DEBUG o.s.o.j.SharedEntityManagerCreator$SharedEntityManagerInvocationHandler - Creating new EntityManager for shared EntityManager invocation
2025-05-24 21:54:50 [main] DEBUG o.s.o.j.SharedEntityManagerCreator$SharedEntityManagerInvocationHandler - Creating new EntityManager for shared EntityManager invocation
2025-05-24 21:54:50 [main] DEBUG o.s.o.j.SharedEntityManagerCreator$SharedEntityManagerInvocationHandler - Creating new EntityManager for shared EntityManager invocation
2025-05-24 21:54:50 [main] DEBUG o.s.o.j.SharedEntityManagerCreator$SharedEntityManagerInvocationHandler - Creating new EntityManager for shared EntityManager invocation
2025-05-24 21:54:50 [main] DEBUG o.s.o.j.SharedEntityManagerCreator$SharedEntityManagerInvocationHandler - Creating new EntityManager for shared EntityManager invocation
2025-05-24 21:54:50 [main] DEBUG o.s.o.j.SharedEntityManagerCreator$SharedEntityManagerInvocationHandler - Creating new EntityManager for shared EntityManager invocation
2025-05-24 21:54:50 [main] DEBUG o.s.o.j.SharedEntityManagerCreator$SharedEntityManagerInvocationHandler - Creating new EntityManager for shared EntityManager invocation
2025-05-24 21:54:51 [main] INFO  c.a.f.service.NutritionixService - NutritionixService initialized. App ID loaded: true, API Key loaded: true
2025-05-24 21:54:51 [main] DEBUG o.s.o.j.SharedEntityManagerCreator$SharedEntityManagerInvocationHandler - Creating new EntityManager for shared EntityManager invocation
2025-05-24 21:54:51 [main] DEBUG o.s.o.j.SharedEntityManagerCreator$SharedEntityManagerInvocationHandler - Creating new EntityManager for shared EntityManager invocation
2025-05-24 21:54:51 [main] DEBUG o.s.o.j.SharedEntityManagerCreator$SharedEntityManagerInvocationHandler - Creating new EntityManager for shared EntityManager invocation
2025-05-24 21:54:51 [main] DEBUG o.s.o.j.SharedEntityManagerCreator$SharedEntityManagerInvocationHandler - Creating new EntityManager for shared EntityManager invocation
2025-05-24 21:54:51 [main] DEBUG o.s.o.j.SharedEntityManagerCreator$SharedEntityManagerInvocationHandler - Creating new EntityManager for shared EntityManager invocation
2025-05-24 21:54:51 [main] DEBUG o.s.o.j.SharedEntityManagerCreator$SharedEntityManagerInvocationHandler - Creating new EntityManager for shared EntityManager invocation
2025-05-24 21:54:51 [main] DEBUG o.s.o.j.SharedEntityManagerCreator$SharedEntityManagerInvocationHandler - Creating new EntityManager for shared EntityManager invocation
2025-05-24 21:54:51 [main] DEBUG o.s.o.j.SharedEntityManagerCreator$SharedEntityManagerInvocationHandler - Creating new EntityManager for shared EntityManager invocation
2025-05-24 21:54:51 [main] TRACE o.s.t.a.AnnotationTransactionAttributeSource - Adding transactional method 'com.app.fitrack.service.GoalService.createGoal' with attribute: PROPAGATION_REQUIRED,ISOLATION_DEFAULT
2025-05-24 21:54:51 [main] TRACE o.s.t.a.AnnotationTransactionAttributeSource - Adding transactional method 'com.app.fitrack.service.GoalService.updateGoalProgress' with attribute: PROPAGATION_REQUIRED,ISOLATION_DEFAULT
2025-05-24 21:54:51 [main] TRACE o.s.t.a.AnnotationTransactionAttributeSource - Adding transactional method 'com.app.fitrack.service.GoalService.deleteGoal' with attribute: PROPAGATION_REQUIRED,ISOLATION_DEFAULT
2025-05-24 21:54:51 [main] TRACE o.s.t.a.AnnotationTransactionAttributeSource - Adding transactional method 'com.app.fitrack.service.GoalService.archiveGoal' with attribute: PROPAGATION_REQUIRED,ISOLATION_DEFAULT
2025-05-24 21:54:51 [main] TRACE o.s.t.a.AnnotationTransactionAttributeSource - Adding transactional method 'com.app.fitrack.service.GoalService.updateGoalsBasedOnActivity' with attribute: PROPAGATION_REQUIRED,ISOLATION_DEFAULT
2025-05-24 21:54:51 [main] WARN  o.s.b.a.o.j.JpaBaseConfiguration$JpaWebConfiguration - spring.jpa.open-in-view is enabled by default. Therefore, database queries may be performed during view rendering. Explicitly configure spring.jpa.open-in-view to disable this warning
2025-05-24 21:54:51 [main] INFO  o.s.s.c.a.a.c.InitializeUserDetailsBeanManagerConfigurer$InitializeUserDetailsManagerConfigurer - Global AuthenticationManager configured with UserDetailsService bean with name customUserDetailsService
2025-05-24 21:54:51 [main] DEBUG o.s.w.s.m.m.a.RequestMappingHandlerMapping - 50 mappings in 'requestMappingHandlerMapping'
2025-05-24 21:54:51 [main] DEBUG o.s.w.s.h.SimpleUrlHandlerMapping - Patterns [/webjars/**, /**] in 'resourceHandlerMapping'
2025-05-24 21:54:51 [main] INFO  o.s.b.a.e.web.EndpointLinksResolver - Exposing 1 endpoint beneath base path '/actuator'
2025-05-24 21:54:51 [main] DEBUG o.s.s.web.DefaultSecurityFilterChain - Will secure any request with filters: DisableEncodeUrlFilter, WebAsyncManagerIntegrationFilter, SecurityContextHolderFilter, HeaderWriterFilter, CsrfFilter, LogoutFilter, UsernamePasswordAuthenticationFilter, RequestCacheAwareFilter, SecurityContextHolderAwareRequestFilter, AnonymousAuthenticationFilter, ExceptionTranslationFilter, AuthorizationFilter
2025-05-24 21:54:52 [main] DEBUG o.s.w.s.m.m.a.RequestMappingHandlerAdapter - ControllerAdvice beans: 0 @ModelAttribute, 0 @InitBinder, 1 RequestBodyAdvice, 1 ResponseBodyAdvice
2025-05-24 21:54:52 [main] DEBUG o.s.w.s.m.m.a.ExceptionHandlerExceptionResolver - ControllerAdvice beans: 0 @ExceptionHandler, 1 ResponseBodyAdvice
2025-05-24 21:54:52 [main] INFO  c.a.fitrack.FitrackApplicationTests - Started FitrackApplicationTests in 10.739 seconds (process running for 11.836)
2025-05-24 21:54:52 [SpringApplicationShutdownHook] DEBUG o.s.w.c.s.GenericWebApplicationContext - Closing org.springframework.web.context.support.GenericWebApplicationContext@6c000e0c, started on Sat May 24 21:54:42 PST 2025
2025-05-24 21:54:52 [SpringApplicationShutdownHook] INFO  o.s.o.j.LocalContainerEntityManagerFactoryBean - Closing JPA EntityManagerFactory for persistence unit 'default'
2025-05-24 21:54:52 [SpringApplicationShutdownHook] INFO  com.zaxxer.hikari.HikariDataSource - HikariPool-1 - Shutdown initiated...
2025-05-24 21:54:52 [SpringApplicationShutdownHook] INFO  com.zaxxer.hikari.HikariDataSource - HikariPool-1 - Shutdown completed.
2025-05-24 22:22:59 [main] INFO  c.a.fitrack.FitrackApplicationTests - Starting FitrackApplicationTests using Java 19.0.1 with PID 3312 (started by Charlene C. Dilig in C:\Users\Charlene C. Dilig\OneDrive\Documents\Github\Fitrack\fitrack)
2025-05-24 22:22:59 [main] DEBUG c.a.fitrack.FitrackApplicationTests - Running with Spring Boot v3.4.3, Spring v6.2.3
2025-05-24 22:22:59 [main] INFO  c.a.fitrack.FitrackApplicationTests - No active profile set, falling back to 1 default profile: "default"
2025-05-24 22:22:59 [main] DEBUG o.s.w.c.s.GenericWebApplicationContext - Refreshing org.springframework.web.context.support.GenericWebApplicationContext@6c000e0c
2025-05-24 22:23:00 [main] INFO  o.s.d.r.c.RepositoryConfigurationDelegate - Bootstrapping Spring Data JPA repositories in DEFAULT mode.
2025-05-24 22:23:00 [main] INFO  o.s.d.r.c.RepositoryConfigurationDelegate - Finished Spring Data repository scanning in 62 ms. Found 7 JPA repository interfaces.
2025-05-24 22:23:01 [main] DEBUG o.s.o.j.LocalContainerEntityManagerFactoryBean - Building JPA container EntityManagerFactory for persistence unit 'default'
2025-05-24 22:23:01 [main] INFO  o.h.jpa.internal.util.LogHelper - HHH000204: Processing PersistenceUnitInfo [name: default]
2025-05-24 22:23:01 [main] INFO  org.hibernate.Version - HHH000412: Hibernate ORM core version 6.6.8.Final
2025-05-24 22:23:01 [main] INFO  o.h.c.i.RegionFactoryInitiator - HHH000026: Second-level cache disabled
2025-05-24 22:23:01 [main] INFO  o.s.o.j.p.SpringPersistenceUnitInfo - No LoadTimeWeaver setup: ignoring JPA class transformer
2025-05-24 22:23:01 [main] INFO  com.zaxxer.hikari.HikariDataSource - HikariPool-1 - Starting...
2025-05-24 22:23:01 [main] INFO  com.zaxxer.hikari.pool.HikariPool - HikariPool-1 - Added connection com.mysql.cj.jdbc.ConnectionImpl@32428874
2025-05-24 22:23:01 [main] INFO  com.zaxxer.hikari.HikariDataSource - HikariPool-1 - Start completed.
2025-05-24 22:23:01 [main] WARN  org.hibernate.orm.deprecation - HHH90000025: MySQL8Dialect does not need to be specified explicitly using 'hibernate.dialect' (remove the property setting and it will be selected by default)
2025-05-24 22:23:01 [main] WARN  org.hibernate.orm.deprecation - HHH90000026: MySQL8Dialect has been deprecated; use org.hibernate.dialect.MySQLDialect instead
2025-05-24 22:23:01 [main] INFO  o.hibernate.orm.connections.pooling - HHH10001005: Database info:
	Database JDBC URL [Connecting through datasource 'HikariDataSource (HikariPool-1)']
	Database driver: undefined/unknown
	Database version: 8.0
	Autocommit mode: undefined/unknown
	Isolation level: undefined/unknown
	Minimum pool size: undefined/unknown
	Maximum pool size: undefined/unknown
2025-05-24 22:23:01 [main] DEBUG o.h.t.d.sql.spi.DdlTypeRegistry - addDescriptor(12, org.hibernate.type.descriptor.sql.internal.CapacityDependentDdlType@21eedcde) replaced previous registration(org.hibernate.type.descriptor.sql.internal.CapacityDependentDdlType@67396475)
2025-05-24 22:23:01 [main] DEBUG o.h.t.d.sql.spi.DdlTypeRegistry - addDescriptor(-9, org.hibernate.type.descriptor.sql.internal.CapacityDependentDdlType@55b74e6b) replaced previous registration(org.hibernate.type.descriptor.sql.internal.CapacityDependentDdlType@3c1908c8)
2025-05-24 22:23:01 [main] DEBUG o.h.t.d.sql.spi.DdlTypeRegistry - addDescriptor(-3, org.hibernate.type.descriptor.sql.internal.CapacityDependentDdlType@6bc62bb9) replaced previous registration(org.hibernate.type.descriptor.sql.internal.CapacityDependentDdlType@47f0e078)
2025-05-24 22:23:01 [main] DEBUG o.h.t.d.sql.spi.DdlTypeRegistry - addDescriptor(4003, org.hibernate.type.descriptor.sql.internal.DdlTypeImpl@28db2afb) replaced previous registration(org.hibernate.type.descriptor.sql.internal.DdlTypeImpl@5c703860)
2025-05-24 22:23:01 [main] DEBUG o.h.t.d.sql.spi.DdlTypeRegistry - addDescriptor(4001, org.hibernate.type.descriptor.sql.internal.DdlTypeImpl@6315bb4) replaced previous registration(org.hibernate.type.descriptor.sql.internal.DdlTypeImpl@4682882a)
2025-05-24 22:23:01 [main] DEBUG o.h.t.d.sql.spi.DdlTypeRegistry - addDescriptor(4002, org.hibernate.type.descriptor.sql.internal.DdlTypeImpl@37fffef3) replaced previous registration(org.hibernate.type.descriptor.sql.internal.DdlTypeImpl@6a116354)
2025-05-24 22:23:01 [main] DEBUG o.h.t.d.sql.spi.DdlTypeRegistry - addDescriptor(2004, org.hibernate.type.descriptor.sql.internal.CapacityDependentDdlType@66716959) replaced previous registration(org.hibernate.type.descriptor.sql.internal.DdlTypeImpl@34e07e65)
2025-05-24 22:23:01 [main] DEBUG o.h.t.d.sql.spi.DdlTypeRegistry - addDescriptor(2005, org.hibernate.type.descriptor.sql.internal.CapacityDependentDdlType@7ca0166c) replaced previous registration(org.hibernate.type.descriptor.sql.internal.DdlTypeImpl@1dcad16f)
2025-05-24 22:23:01 [main] DEBUG o.h.t.d.sql.spi.DdlTypeRegistry - addDescriptor(2011, org.hibernate.type.descriptor.sql.internal.CapacityDependentDdlType@701c482e) replaced previous registration(org.hibernate.type.descriptor.sql.internal.DdlTypeImpl@4738131e)
2025-05-24 22:23:02 [main] INFO  o.h.e.t.j.p.i.JtaPlatformInitiator - HHH000489: No JTA platform available (set 'hibernate.transaction.jta.platform' to enable JTA platform integration)
2025-05-24 22:23:02 [main] INFO  o.s.o.j.LocalContainerEntityManagerFactoryBean - Initialized JPA EntityManagerFactory for persistence unit 'default'
2025-05-24 22:23:05 [main] DEBUG o.s.o.j.SharedEntityManagerCreator$SharedEntityManagerInvocationHandler - Creating new EntityManager for shared EntityManager invocation
2025-05-24 22:23:05 [main] DEBUG o.s.o.j.SharedEntityManagerCreator$SharedEntityManagerInvocationHandler - Creating new EntityManager for shared EntityManager invocation
2025-05-24 22:23:05 [main] DEBUG o.s.o.j.SharedEntityManagerCreator$SharedEntityManagerInvocationHandler - Creating new EntityManager for shared EntityManager invocation
2025-05-24 22:23:05 [main] DEBUG o.s.o.j.SharedEntityManagerCreator$SharedEntityManagerInvocationHandler - Creating new EntityManager for shared EntityManager invocation
2025-05-24 22:23:06 [main] INFO  o.s.d.j.r.query.QueryEnhancerFactory - Hibernate is in classpath; If applicable, HQL parser will be used.
2025-05-24 22:23:06 [main] DEBUG o.s.o.j.SharedEntityManagerCreator$SharedEntityManagerInvocationHandler - Creating new EntityManager for shared EntityManager invocation
2025-05-24 22:23:06 [main] DEBUG o.s.o.j.SharedEntityManagerCreator$SharedEntityManagerInvocationHandler - Creating new EntityManager for shared EntityManager invocation
2025-05-24 22:23:06 [main] DEBUG o.s.o.j.SharedEntityManagerCreator$SharedEntityManagerInvocationHandler - Creating new EntityManager for shared EntityManager invocation
2025-05-24 22:23:06 [main] DEBUG o.s.o.j.SharedEntityManagerCreator$SharedEntityManagerInvocationHandler - Creating new EntityManager for shared EntityManager invocation
2025-05-24 22:23:06 [main] DEBUG o.s.o.j.SharedEntityManagerCreator$SharedEntityManagerInvocationHandler - Creating new EntityManager for shared EntityManager invocation
2025-05-24 22:23:06 [main] TRACE o.s.t.a.AnnotationTransactionAttributeSource - Adding transactional method 'com.app.fitrack.service.EmailService.sendVerificationEmail' with attribute: PROPAGATION_REQUIRED,ISOLATION_DEFAULT
2025-05-24 22:23:06 [main] TRACE o.s.t.a.AnnotationTransactionAttributeSource - Adding transactional method 'com.app.fitrack.service.EmailService.sendPasswordResetEmail' with attribute: PROPAGATION_REQUIRED,ISOLATION_DEFAULT
2025-05-24 22:23:06 [main] DEBUG o.s.o.j.SharedEntityManagerCreator$SharedEntityManagerInvocationHandler - Creating new EntityManager for shared EntityManager invocation
2025-05-24 22:23:06 [main] DEBUG o.s.o.j.SharedEntityManagerCreator$SharedEntityManagerInvocationHandler - Creating new EntityManager for shared EntityManager invocation
2025-05-24 22:23:06 [main] DEBUG o.s.o.j.SharedEntityManagerCreator$SharedEntityManagerInvocationHandler - Creating new EntityManager for shared EntityManager invocation
2025-05-24 22:23:06 [main] DEBUG o.s.o.j.SharedEntityManagerCreator$SharedEntityManagerInvocationHandler - Creating new EntityManager for shared EntityManager invocation
2025-05-24 22:23:06 [main] DEBUG o.s.o.j.SharedEntityManagerCreator$SharedEntityManagerInvocationHandler - Creating new EntityManager for shared EntityManager invocation
2025-05-24 22:23:06 [main] DEBUG o.s.o.j.SharedEntityManagerCreator$SharedEntityManagerInvocationHandler - Creating new EntityManager for shared EntityManager invocation
2025-05-24 22:23:06 [main] DEBUG o.s.o.j.SharedEntityManagerCreator$SharedEntityManagerInvocationHandler - Creating new EntityManager for shared EntityManager invocation
2025-05-24 22:23:06 [main] DEBUG o.s.o.j.SharedEntityManagerCreator$SharedEntityManagerInvocationHandler - Creating new EntityManager for shared EntityManager invocation
2025-05-24 22:23:06 [main] DEBUG o.s.o.j.SharedEntityManagerCreator$SharedEntityManagerInvocationHandler - Creating new EntityManager for shared EntityManager invocation
2025-05-24 22:23:06 [main] DEBUG o.s.o.j.SharedEntityManagerCreator$SharedEntityManagerInvocationHandler - Creating new EntityManager for shared EntityManager invocation
2025-05-24 22:23:06 [main] DEBUG o.s.o.j.SharedEntityManagerCreator$SharedEntityManagerInvocationHandler - Creating new EntityManager for shared EntityManager invocation
2025-05-24 22:23:06 [main] TRACE o.s.t.a.AnnotationTransactionAttributeSource - Adding transactional method 'com.app.fitrack.service.UserService.calculateBMR' with attribute: PROPAGATION_REQUIRED,ISOLATION_DEFAULT
2025-05-24 22:23:06 [main] TRACE o.s.t.a.AnnotationTransactionAttributeSource - Adding transactional method 'com.app.fitrack.service.UserService.resetPassword' with attribute: PROPAGATION_REQUIRED,ISOLATION_DEFAULT
2025-05-24 22:23:06 [main] TRACE o.s.t.a.AnnotationTransactionAttributeSource - Adding transactional method 'com.app.fitrack.service.UserService.verifyUser' with attribute: PROPAGATION_REQUIRED,ISOLATION_DEFAULT
2025-05-24 22:23:06 [main] TRACE o.s.t.a.AnnotationTransactionAttributeSource - Adding transactional method 'com.app.fitrack.service.UserService.registerUser' with attribute: PROPAGATION_REQUIRED,ISOLATION_DEFAULT
2025-05-24 22:23:06 [main] TRACE o.s.t.a.AnnotationTransactionAttributeSource - Adding transactional method 'com.app.fitrack.service.UserService.verifyEmailChange' with attribute: PROPAGATION_REQUIRED,ISOLATION_DEFAULT
2025-05-24 22:23:06 [main] TRACE o.s.t.a.AnnotationTransactionAttributeSource - Adding transactional method 'com.app.fitrack.service.UserService.createUserProfile' with attribute: PROPAGATION_REQUIRED,ISOLATION_DEFAULT
2025-05-24 22:23:06 [main] TRACE o.s.t.a.AnnotationTransactionAttributeSource - Adding transactional method 'com.app.fitrack.service.UserService.updateUserProfile' with attribute: PROPAGATION_REQUIRED,ISOLATION_DEFAULT
2025-05-24 22:23:06 [main] TRACE o.s.t.a.AnnotationTransactionAttributeSource - Adding transactional method 'com.app.fitrack.service.UserService.resendVerificationCode' with attribute: PROPAGATION_REQUIRED,ISOLATION_DEFAULT
2025-05-24 22:23:06 [main] TRACE o.s.t.a.AnnotationTransactionAttributeSource - Adding transactional method 'com.app.fitrack.service.UserService.generatePasswordResetToken' with attribute: PROPAGATION_REQUIRED,ISOLATION_DEFAULT
2025-05-24 22:23:06 [main] TRACE o.s.t.a.AnnotationTransactionAttributeSource - Adding transactional method 'com.app.fitrack.service.UserService.requestEmailChangeVerification' with attribute: PROPAGATION_REQUIRED,ISOLATION_DEFAULT
2025-05-24 22:23:06 [main] TRACE o.s.t.a.AnnotationTransactionAttributeSource - Adding transactional method 'com.app.fitrack.service.UserService.getAuthenticatedUser' with attribute: PROPAGATION_REQUIRED,ISOLATION_DEFAULT
2025-05-24 22:23:06 [main] TRACE o.s.t.a.AnnotationTransactionAttributeSource - Adding transactional method 'com.app.fitrack.service.UserService.calculateDynamicActivityFactor' with attribute: PROPAGATION_REQUIRED,ISOLATION_DEFAULT
2025-05-24 22:23:06 [main] TRACE o.s.t.a.AnnotationTransactionAttributeSource - Adding transactional method 'com.app.fitrack.service.UserService.findByEmail' with attribute: PROPAGATION_REQUIRED,ISOLATION_DEFAULT
2025-05-24 22:23:06 [main] TRACE o.s.t.a.AnnotationTransactionAttributeSource - Adding transactional method 'com.app.fitrack.service.UserService.calculateTDEE' with attribute: PROPAGATION_REQUIRED,ISOLATION_DEFAULT
2025-05-24 22:23:06 [main] TRACE o.s.t.a.AnnotationTransactionAttributeSource - Adding transactional method 'com.app.fitrack.service.UserService.saveUser' with attribute: PROPAGATION_REQUIRED,ISOLATION_DEFAULT
2025-05-24 22:23:06 [main] DEBUG o.s.o.j.SharedEntityManagerCreator$SharedEntityManagerInvocationHandler - Creating new EntityManager for shared EntityManager invocation
2025-05-24 22:23:06 [main] DEBUG o.s.o.j.SharedEntityManagerCreator$SharedEntityManagerInvocationHandler - Creating new EntityManager for shared EntityManager invocation
2025-05-24 22:23:06 [main] DEBUG o.s.o.j.SharedEntityManagerCreator$SharedEntityManagerInvocationHandler - Creating new EntityManager for shared EntityManager invocation
2025-05-24 22:23:06 [main] DEBUG o.s.o.j.SharedEntityManagerCreator$SharedEntityManagerInvocationHandler - Creating new EntityManager for shared EntityManager invocation
2025-05-24 22:23:06 [main] DEBUG o.s.o.j.SharedEntityManagerCreator$SharedEntityManagerInvocationHandler - Creating new EntityManager for shared EntityManager invocation
2025-05-24 22:23:06 [main] DEBUG o.s.o.j.SharedEntityManagerCreator$SharedEntityManagerInvocationHandler - Creating new EntityManager for shared EntityManager invocation
2025-05-24 22:23:06 [main] DEBUG o.s.o.j.SharedEntityManagerCreator$SharedEntityManagerInvocationHandler - Creating new EntityManager for shared EntityManager invocation
2025-05-24 22:23:06 [main] DEBUG o.s.o.j.SharedEntityManagerCreator$SharedEntityManagerInvocationHandler - Creating new EntityManager for shared EntityManager invocation
2025-05-24 22:23:06 [main] DEBUG o.s.o.j.SharedEntityManagerCreator$SharedEntityManagerInvocationHandler - Creating new EntityManager for shared EntityManager invocation
2025-05-24 22:23:06 [main] DEBUG o.s.o.j.SharedEntityManagerCreator$SharedEntityManagerInvocationHandler - Creating new EntityManager for shared EntityManager invocation
2025-05-24 22:23:06 [main] DEBUG o.s.o.j.SharedEntityManagerCreator$SharedEntityManagerInvocationHandler - Creating new EntityManager for shared EntityManager invocation
2025-05-24 22:23:06 [main] DEBUG o.s.o.j.SharedEntityManagerCreator$SharedEntityManagerInvocationHandler - Creating new EntityManager for shared EntityManager invocation
2025-05-24 22:23:07 [main] INFO  c.a.f.service.NutritionixService - NutritionixService initialized. App ID loaded: true, API Key loaded: true
2025-05-24 22:23:07 [main] DEBUG o.s.o.j.SharedEntityManagerCreator$SharedEntityManagerInvocationHandler - Creating new EntityManager for shared EntityManager invocation
2025-05-24 22:23:07 [main] DEBUG o.s.o.j.SharedEntityManagerCreator$SharedEntityManagerInvocationHandler - Creating new EntityManager for shared EntityManager invocation
2025-05-24 22:23:07 [main] DEBUG o.s.o.j.SharedEntityManagerCreator$SharedEntityManagerInvocationHandler - Creating new EntityManager for shared EntityManager invocation
2025-05-24 22:23:07 [main] DEBUG o.s.o.j.SharedEntityManagerCreator$SharedEntityManagerInvocationHandler - Creating new EntityManager for shared EntityManager invocation
2025-05-24 22:23:07 [main] DEBUG o.s.o.j.SharedEntityManagerCreator$SharedEntityManagerInvocationHandler - Creating new EntityManager for shared EntityManager invocation
2025-05-24 22:23:07 [main] DEBUG o.s.o.j.SharedEntityManagerCreator$SharedEntityManagerInvocationHandler - Creating new EntityManager for shared EntityManager invocation
2025-05-24 22:23:07 [main] DEBUG o.s.o.j.SharedEntityManagerCreator$SharedEntityManagerInvocationHandler - Creating new EntityManager for shared EntityManager invocation
2025-05-24 22:23:07 [main] DEBUG o.s.o.j.SharedEntityManagerCreator$SharedEntityManagerInvocationHandler - Creating new EntityManager for shared EntityManager invocation
2025-05-24 22:23:07 [main] TRACE o.s.t.a.AnnotationTransactionAttributeSource - Adding transactional method 'com.app.fitrack.service.GoalService.archiveGoal' with attribute: PROPAGATION_REQUIRED,ISOLATION_DEFAULT
2025-05-24 22:23:07 [main] TRACE o.s.t.a.AnnotationTransactionAttributeSource - Adding transactional method 'com.app.fitrack.service.GoalService.updateGoalProgress' with attribute: PROPAGATION_REQUIRED,ISOLATION_DEFAULT
2025-05-24 22:23:07 [main] TRACE o.s.t.a.AnnotationTransactionAttributeSource - Adding transactional method 'com.app.fitrack.service.GoalService.deleteGoal' with attribute: PROPAGATION_REQUIRED,ISOLATION_DEFAULT
2025-05-24 22:23:07 [main] TRACE o.s.t.a.AnnotationTransactionAttributeSource - Adding transactional method 'com.app.fitrack.service.GoalService.createGoal' with attribute: PROPAGATION_REQUIRED,ISOLATION_DEFAULT
2025-05-24 22:23:07 [main] TRACE o.s.t.a.AnnotationTransactionAttributeSource - Adding transactional method 'com.app.fitrack.service.GoalService.updateGoalsBasedOnActivity' with attribute: PROPAGATION_REQUIRED,ISOLATION_DEFAULT
2025-05-24 22:23:07 [main] WARN  o.s.b.a.o.j.JpaBaseConfiguration$JpaWebConfiguration - spring.jpa.open-in-view is enabled by default. Therefore, database queries may be performed during view rendering. Explicitly configure spring.jpa.open-in-view to disable this warning
2025-05-24 22:23:07 [main] INFO  o.s.s.c.a.a.c.InitializeUserDetailsBeanManagerConfigurer$InitializeUserDetailsManagerConfigurer - Global AuthenticationManager configured with UserDetailsService bean with name customUserDetailsService
2025-05-24 22:23:07 [main] DEBUG o.s.w.s.m.m.a.RequestMappingHandlerMapping - 50 mappings in 'requestMappingHandlerMapping'
2025-05-24 22:23:07 [main] DEBUG o.s.w.s.h.SimpleUrlHandlerMapping - Patterns [/webjars/**, /**] in 'resourceHandlerMapping'
2025-05-24 22:23:07 [main] INFO  o.s.b.a.e.web.EndpointLinksResolver - Exposing 1 endpoint beneath base path '/actuator'
2025-05-24 22:23:07 [main] DEBUG o.s.s.web.DefaultSecurityFilterChain - Will secure any request with filters: DisableEncodeUrlFilter, WebAsyncManagerIntegrationFilter, SecurityContextHolderFilter, HeaderWriterFilter, CsrfFilter, LogoutFilter, UsernamePasswordAuthenticationFilter, RequestCacheAwareFilter, SecurityContextHolderAwareRequestFilter, AnonymousAuthenticationFilter, ExceptionTranslationFilter, AuthorizationFilter
2025-05-24 22:23:08 [main] DEBUG o.s.w.s.m.m.a.RequestMappingHandlerAdapter - ControllerAdvice beans: 0 @ModelAttribute, 0 @InitBinder, 1 RequestBodyAdvice, 1 ResponseBodyAdvice
2025-05-24 22:23:08 [main] DEBUG o.s.w.s.m.m.a.ExceptionHandlerExceptionResolver - ControllerAdvice beans: 0 @ExceptionHandler, 1 ResponseBodyAdvice
2025-05-24 22:23:08 [main] INFO  c.a.fitrack.FitrackApplicationTests - Started FitrackApplicationTests in 9.072 seconds (process running for 10.088)
2025-05-24 22:23:08 [SpringApplicationShutdownHook] DEBUG o.s.w.c.s.GenericWebApplicationContext - Closing org.springframework.web.context.support.GenericWebApplicationContext@6c000e0c, started on Sat May 24 22:22:59 PST 2025
2025-05-24 22:23:08 [SpringApplicationShutdownHook] INFO  o.s.o.j.LocalContainerEntityManagerFactoryBean - Closing JPA EntityManagerFactory for persistence unit 'default'
2025-05-24 22:23:08 [SpringApplicationShutdownHook] INFO  com.zaxxer.hikari.HikariDataSource - HikariPool-1 - Shutdown initiated...
2025-05-24 22:23:08 [SpringApplicationShutdownHook] INFO  com.zaxxer.hikari.HikariDataSource - HikariPool-1 - Shutdown completed.
