2025-06-05 08:54:18 [restartedMain] INFO  com.app.fitrack.FitrackApplication - Starting FitrackApplication using Java 23.0.1 with PID 23884 (C:\Users\Charlene C. Dilig\OneDrive\Documents\Github\Fitrack\fitrack\target\classes started by Charlene C. Dilig in C:\Users\Charlene C. Dilig\OneDrive\Documents\Github\Fitrack)
2025-06-05 08:54:18 [restartedMain] DEBUG com.app.fitrack.FitrackApplication - Running with Spring Boot v3.4.3, Spring v6.2.3
2025-06-05 08:54:18 [restartedMain] INFO  com.app.fitrack.FitrackApplication - No active profile set, falling back to 1 default profile: "default"
2025-06-05 08:54:18 [restartedMain] INFO  o.s.b.d.e.DevToolsPropertyDefaultsPostProcessor - Devtools property defaults active! Set 'spring.devtools.add-properties' to 'false' to disable
2025-06-05 08:54:18 [restartedMain] INFO  o.s.b.d.e.DevToolsPropertyDefaultsPostProcessor - For additional web related logging consider setting the 'logging.level.web' property to 'DEBUG'
2025-06-05 08:54:20 [restartedMain] INFO  o.s.d.r.c.RepositoryConfigurationDelegate - Bootstrapping Spring Data JPA repositories in DEFAULT mode.
2025-06-05 08:54:20 [restartedMain] INFO  o.s.d.r.c.RepositoryConfigurationDelegate - Finished Spring Data repository scanning in 83 ms. Found 7 JPA repository interfaces.
2025-06-05 08:54:21 [restartedMain] INFO  o.s.b.w.e.tomcat.TomcatWebServer - Tomcat initialized with port 8080 (http)
2025-06-05 08:54:21 [restartedMain] INFO  o.a.catalina.core.StandardService - Starting service [Tomcat]
2025-06-05 08:54:21 [restartedMain] INFO  o.a.catalina.core.StandardEngine - Starting Servlet engine: [Apache Tomcat/10.1.36]
2025-06-05 08:54:21 [restartedMain] INFO  o.a.c.c.C.[.[localhost].[/fitrack] - Initializing Spring embedded WebApplicationContext
2025-06-05 08:54:21 [restartedMain] INFO  o.s.b.w.s.c.ServletWebServerApplicationContext - Root WebApplicationContext: initialization completed in 2867 ms
2025-06-05 08:54:22 [restartedMain] DEBUG o.s.w.f.ServerHttpObservationFilter - Filter 'webMvcObservationFilter' configured for use
2025-06-05 08:54:22 [restartedMain] DEBUG o.s.o.j.LocalContainerEntityManagerFactoryBean - Building JPA container EntityManagerFactory for persistence unit 'default'
2025-06-05 08:54:22 [restartedMain] INFO  o.h.jpa.internal.util.LogHelper - HHH000204: Processing PersistenceUnitInfo [name: default]
2025-06-05 08:54:22 [restartedMain] INFO  org.hibernate.Version - HHH000412: Hibernate ORM core version 6.6.8.Final
2025-06-05 08:54:22 [restartedMain] INFO  o.h.c.i.RegionFactoryInitiator - HHH000026: Second-level cache disabled
2025-06-05 08:54:22 [restartedMain] INFO  o.s.o.j.p.SpringPersistenceUnitInfo - No LoadTimeWeaver setup: ignoring JPA class transformer
2025-06-05 08:54:22 [restartedMain] INFO  com.zaxxer.hikari.HikariDataSource - HikariPool-1 - Starting...
2025-06-05 08:54:22 [restartedMain] INFO  com.zaxxer.hikari.pool.HikariPool - HikariPool-1 - Added connection com.mysql.cj.jdbc.ConnectionImpl@18d3dc4d
2025-06-05 08:54:22 [restartedMain] INFO  com.zaxxer.hikari.HikariDataSource - HikariPool-1 - Start completed.
2025-06-05 08:54:22 [restartedMain] WARN  org.hibernate.orm.deprecation - HHH90000025: MySQL8Dialect does not need to be specified explicitly using 'hibernate.dialect' (remove the property setting and it will be selected by default)
2025-06-05 08:54:22 [restartedMain] WARN  org.hibernate.orm.deprecation - HHH90000026: MySQL8Dialect has been deprecated; use org.hibernate.dialect.MySQLDialect instead
2025-06-05 08:54:22 [restartedMain] INFO  o.hibernate.orm.connections.pooling - HHH10001005: Database info:
	Database JDBC URL [Connecting through datasource 'HikariDataSource (HikariPool-1)']
	Database driver: undefined/unknown
	Database version: 8.0
	Autocommit mode: undefined/unknown
	Isolation level: undefined/unknown
	Minimum pool size: undefined/unknown
	Maximum pool size: undefined/unknown
2025-06-05 08:54:22 [restartedMain] DEBUG o.h.t.d.sql.spi.DdlTypeRegistry - addDescriptor(12, org.hibernate.type.descriptor.sql.internal.CapacityDependentDdlType@5db20137) replaced previous registration(org.hibernate.type.descriptor.sql.internal.CapacityDependentDdlType@5e352a4c)
2025-06-05 08:54:22 [restartedMain] DEBUG o.h.t.d.sql.spi.DdlTypeRegistry - addDescriptor(-9, org.hibernate.type.descriptor.sql.internal.CapacityDependentDdlType@442a61e5) replaced previous registration(org.hibernate.type.descriptor.sql.internal.CapacityDependentDdlType@3a0aea52)
2025-06-05 08:54:22 [restartedMain] DEBUG o.h.t.d.sql.spi.DdlTypeRegistry - addDescriptor(-3, org.hibernate.type.descriptor.sql.internal.CapacityDependentDdlType@777cff9d) replaced previous registration(org.hibernate.type.descriptor.sql.internal.CapacityDependentDdlType@ecdc74)
2025-06-05 08:54:22 [restartedMain] DEBUG o.h.t.d.sql.spi.DdlTypeRegistry - addDescriptor(4003, org.hibernate.type.descriptor.sql.internal.DdlTypeImpl@175ea0c5) replaced previous registration(org.hibernate.type.descriptor.sql.internal.DdlTypeImpl@7aeb8006)
2025-06-05 08:54:22 [restartedMain] DEBUG o.h.t.d.sql.spi.DdlTypeRegistry - addDescriptor(4001, org.hibernate.type.descriptor.sql.internal.DdlTypeImpl@6afb08d1) replaced previous registration(org.hibernate.type.descriptor.sql.internal.DdlTypeImpl@c127686)
2025-06-05 08:54:22 [restartedMain] DEBUG o.h.t.d.sql.spi.DdlTypeRegistry - addDescriptor(4002, org.hibernate.type.descriptor.sql.internal.DdlTypeImpl@6ea8b749) replaced previous registration(org.hibernate.type.descriptor.sql.internal.DdlTypeImpl@48e5e12a)
2025-06-05 08:54:22 [restartedMain] DEBUG o.h.t.d.sql.spi.DdlTypeRegistry - addDescriptor(2004, org.hibernate.type.descriptor.sql.internal.CapacityDependentDdlType@7aeac567) replaced previous registration(org.hibernate.type.descriptor.sql.internal.DdlTypeImpl@65532afa)
2025-06-05 08:54:22 [restartedMain] DEBUG o.h.t.d.sql.spi.DdlTypeRegistry - addDescriptor(2005, org.hibernate.type.descriptor.sql.internal.CapacityDependentDdlType@4e6acbe6) replaced previous registration(org.hibernate.type.descriptor.sql.internal.DdlTypeImpl@29619fb0)
2025-06-05 08:54:22 [restartedMain] DEBUG o.h.t.d.sql.spi.DdlTypeRegistry - addDescriptor(2011, org.hibernate.type.descriptor.sql.internal.CapacityDependentDdlType@58cb606) replaced previous registration(org.hibernate.type.descriptor.sql.internal.DdlTypeImpl@797458b7)
2025-06-05 08:54:24 [restartedMain] INFO  o.h.e.t.j.p.i.JtaPlatformInitiator - HHH000489: No JTA platform available (set 'hibernate.transaction.jta.platform' to enable JTA platform integration)
2025-06-05 08:54:24 [restartedMain] INFO  o.s.o.j.LocalContainerEntityManagerFactoryBean - Initialized JPA EntityManagerFactory for persistence unit 'default'
2025-06-05 08:54:24 [restartedMain] DEBUG o.s.o.j.SharedEntityManagerCreator$SharedEntityManagerInvocationHandler - Creating new EntityManager for shared EntityManager invocation
2025-06-05 08:54:24 [restartedMain] DEBUG o.s.o.j.SharedEntityManagerCreator$SharedEntityManagerInvocationHandler - Creating new EntityManager for shared EntityManager invocation
2025-06-05 08:54:24 [restartedMain] DEBUG o.s.o.j.SharedEntityManagerCreator$SharedEntityManagerInvocationHandler - Creating new EntityManager for shared EntityManager invocation
2025-06-05 08:54:24 [restartedMain] DEBUG o.s.o.j.SharedEntityManagerCreator$SharedEntityManagerInvocationHandler - Creating new EntityManager for shared EntityManager invocation
2025-06-05 08:54:24 [restartedMain] INFO  o.s.d.j.r.query.QueryEnhancerFactory - Hibernate is in classpath; If applicable, HQL parser will be used.
2025-06-05 08:54:24 [restartedMain] DEBUG o.s.o.j.SharedEntityManagerCreator$SharedEntityManagerInvocationHandler - Creating new EntityManager for shared EntityManager invocation
2025-06-05 08:54:24 [restartedMain] DEBUG o.s.o.j.SharedEntityManagerCreator$SharedEntityManagerInvocationHandler - Creating new EntityManager for shared EntityManager invocation
2025-06-05 08:54:24 [restartedMain] DEBUG o.s.o.j.SharedEntityManagerCreator$SharedEntityManagerInvocationHandler - Creating new EntityManager for shared EntityManager invocation
2025-06-05 08:54:24 [restartedMain] DEBUG o.s.o.j.SharedEntityManagerCreator$SharedEntityManagerInvocationHandler - Creating new EntityManager for shared EntityManager invocation
2025-06-05 08:54:24 [restartedMain] DEBUG o.s.o.j.SharedEntityManagerCreator$SharedEntityManagerInvocationHandler - Creating new EntityManager for shared EntityManager invocation
2025-06-05 08:54:25 [restartedMain] TRACE o.s.t.a.AnnotationTransactionAttributeSource - Adding transactional method 'com.app.fitrack.service.EmailService.sendPasswordResetEmail' with attribute: PROPAGATION_REQUIRED,ISOLATION_DEFAULT
2025-06-05 08:54:25 [restartedMain] TRACE o.s.t.a.AnnotationTransactionAttributeSource - Adding transactional method 'com.app.fitrack.service.EmailService.sendVerificationEmail' with attribute: PROPAGATION_REQUIRED,ISOLATION_DEFAULT
2025-06-05 08:54:25 [restartedMain] DEBUG o.s.o.j.SharedEntityManagerCreator$SharedEntityManagerInvocationHandler - Creating new EntityManager for shared EntityManager invocation
2025-06-05 08:54:25 [restartedMain] DEBUG o.s.o.j.SharedEntityManagerCreator$SharedEntityManagerInvocationHandler - Creating new EntityManager for shared EntityManager invocation
2025-06-05 08:54:25 [restartedMain] DEBUG o.s.o.j.SharedEntityManagerCreator$SharedEntityManagerInvocationHandler - Creating new EntityManager for shared EntityManager invocation
2025-06-05 08:54:25 [restartedMain] DEBUG o.s.o.j.SharedEntityManagerCreator$SharedEntityManagerInvocationHandler - Creating new EntityManager for shared EntityManager invocation
2025-06-05 08:54:25 [restartedMain] DEBUG o.s.o.j.SharedEntityManagerCreator$SharedEntityManagerInvocationHandler - Creating new EntityManager for shared EntityManager invocation
2025-06-05 08:54:25 [restartedMain] DEBUG o.s.o.j.SharedEntityManagerCreator$SharedEntityManagerInvocationHandler - Creating new EntityManager for shared EntityManager invocation
2025-06-05 08:54:25 [restartedMain] DEBUG o.s.o.j.SharedEntityManagerCreator$SharedEntityManagerInvocationHandler - Creating new EntityManager for shared EntityManager invocation
2025-06-05 08:54:25 [restartedMain] DEBUG o.s.o.j.SharedEntityManagerCreator$SharedEntityManagerInvocationHandler - Creating new EntityManager for shared EntityManager invocation
2025-06-05 08:54:25 [restartedMain] DEBUG o.s.o.j.SharedEntityManagerCreator$SharedEntityManagerInvocationHandler - Creating new EntityManager for shared EntityManager invocation
2025-06-05 08:54:25 [restartedMain] DEBUG o.s.o.j.SharedEntityManagerCreator$SharedEntityManagerInvocationHandler - Creating new EntityManager for shared EntityManager invocation
2025-06-05 08:54:25 [restartedMain] DEBUG o.s.o.j.SharedEntityManagerCreator$SharedEntityManagerInvocationHandler - Creating new EntityManager for shared EntityManager invocation
2025-06-05 08:54:25 [restartedMain] DEBUG o.s.o.j.SharedEntityManagerCreator$SharedEntityManagerInvocationHandler - Creating new EntityManager for shared EntityManager invocation
2025-06-05 08:54:25 [restartedMain] TRACE o.s.t.a.AnnotationTransactionAttributeSource - Adding transactional method 'com.app.fitrack.service.UserService.findByEmail' with attribute: PROPAGATION_REQUIRED,ISOLATION_DEFAULT
2025-06-05 08:54:25 [restartedMain] TRACE o.s.t.a.AnnotationTransactionAttributeSource - Adding transactional method 'com.app.fitrack.service.UserService.calculateBMR' with attribute: PROPAGATION_REQUIRED,ISOLATION_DEFAULT
2025-06-05 08:54:25 [restartedMain] TRACE o.s.t.a.AnnotationTransactionAttributeSource - Adding transactional method 'com.app.fitrack.service.UserService.calculateTDEE' with attribute: PROPAGATION_REQUIRED,ISOLATION_DEFAULT
2025-06-05 08:54:25 [restartedMain] TRACE o.s.t.a.AnnotationTransactionAttributeSource - Adding transactional method 'com.app.fitrack.service.UserService.resendVerificationCode' with attribute: PROPAGATION_REQUIRED,ISOLATION_DEFAULT
2025-06-05 08:54:25 [restartedMain] TRACE o.s.t.a.AnnotationTransactionAttributeSource - Adding transactional method 'com.app.fitrack.service.UserService.generatePasswordResetToken' with attribute: PROPAGATION_REQUIRED,ISOLATION_DEFAULT
2025-06-05 08:54:25 [restartedMain] TRACE o.s.t.a.AnnotationTransactionAttributeSource - Adding transactional method 'com.app.fitrack.service.UserService.getAuthenticatedUser' with attribute: PROPAGATION_REQUIRED,ISOLATION_DEFAULT
2025-06-05 08:54:25 [restartedMain] TRACE o.s.t.a.AnnotationTransactionAttributeSource - Adding transactional method 'com.app.fitrack.service.UserService.requestEmailChangeVerification' with attribute: PROPAGATION_REQUIRED,ISOLATION_DEFAULT
2025-06-05 08:54:25 [restartedMain] TRACE o.s.t.a.AnnotationTransactionAttributeSource - Adding transactional method 'com.app.fitrack.service.UserService.updateUserProfile' with attribute: PROPAGATION_REQUIRED,ISOLATION_DEFAULT
2025-06-05 08:54:25 [restartedMain] TRACE o.s.t.a.AnnotationTransactionAttributeSource - Adding transactional method 'com.app.fitrack.service.UserService.resetPassword' with attribute: PROPAGATION_REQUIRED,ISOLATION_DEFAULT
2025-06-05 08:54:25 [restartedMain] TRACE o.s.t.a.AnnotationTransactionAttributeSource - Adding transactional method 'com.app.fitrack.service.UserService.verifyEmailChange' with attribute: PROPAGATION_REQUIRED,ISOLATION_DEFAULT
2025-06-05 08:54:25 [restartedMain] TRACE o.s.t.a.AnnotationTransactionAttributeSource - Adding transactional method 'com.app.fitrack.service.UserService.registerUser' with attribute: PROPAGATION_REQUIRED,ISOLATION_DEFAULT
2025-06-05 08:54:25 [restartedMain] TRACE o.s.t.a.AnnotationTransactionAttributeSource - Adding transactional method 'com.app.fitrack.service.UserService.createUserProfile' with attribute: PROPAGATION_REQUIRED,ISOLATION_DEFAULT
2025-06-05 08:54:25 [restartedMain] TRACE o.s.t.a.AnnotationTransactionAttributeSource - Adding transactional method 'com.app.fitrack.service.UserService.calculateDynamicActivityFactor' with attribute: PROPAGATION_REQUIRED,ISOLATION_DEFAULT
2025-06-05 08:54:25 [restartedMain] TRACE o.s.t.a.AnnotationTransactionAttributeSource - Adding transactional method 'com.app.fitrack.service.UserService.verifyUser' with attribute: PROPAGATION_REQUIRED,ISOLATION_DEFAULT
2025-06-05 08:54:25 [restartedMain] TRACE o.s.t.a.AnnotationTransactionAttributeSource - Adding transactional method 'com.app.fitrack.service.UserService.saveUser' with attribute: PROPAGATION_REQUIRED,ISOLATION_DEFAULT
2025-06-05 08:54:25 [restartedMain] DEBUG o.s.o.j.SharedEntityManagerCreator$SharedEntityManagerInvocationHandler - Creating new EntityManager for shared EntityManager invocation
2025-06-05 08:54:25 [restartedMain] DEBUG o.s.o.j.SharedEntityManagerCreator$SharedEntityManagerInvocationHandler - Creating new EntityManager for shared EntityManager invocation
2025-06-05 08:54:25 [restartedMain] DEBUG o.s.o.j.SharedEntityManagerCreator$SharedEntityManagerInvocationHandler - Creating new EntityManager for shared EntityManager invocation
2025-06-05 08:54:25 [restartedMain] DEBUG o.s.o.j.SharedEntityManagerCreator$SharedEntityManagerInvocationHandler - Creating new EntityManager for shared EntityManager invocation
2025-06-05 08:54:25 [restartedMain] DEBUG o.s.o.j.SharedEntityManagerCreator$SharedEntityManagerInvocationHandler - Creating new EntityManager for shared EntityManager invocation
2025-06-05 08:54:25 [restartedMain] DEBUG o.s.o.j.SharedEntityManagerCreator$SharedEntityManagerInvocationHandler - Creating new EntityManager for shared EntityManager invocation
2025-06-05 08:54:25 [restartedMain] DEBUG o.s.o.j.SharedEntityManagerCreator$SharedEntityManagerInvocationHandler - Creating new EntityManager for shared EntityManager invocation
2025-06-05 08:54:25 [restartedMain] DEBUG o.s.o.j.SharedEntityManagerCreator$SharedEntityManagerInvocationHandler - Creating new EntityManager for shared EntityManager invocation
2025-06-05 08:54:25 [restartedMain] DEBUG o.s.o.j.SharedEntityManagerCreator$SharedEntityManagerInvocationHandler - Creating new EntityManager for shared EntityManager invocation
2025-06-05 08:54:25 [restartedMain] DEBUG o.s.o.j.SharedEntityManagerCreator$SharedEntityManagerInvocationHandler - Creating new EntityManager for shared EntityManager invocation
2025-06-05 08:54:25 [restartedMain] DEBUG o.s.o.j.SharedEntityManagerCreator$SharedEntityManagerInvocationHandler - Creating new EntityManager for shared EntityManager invocation
2025-06-05 08:54:25 [restartedMain] DEBUG o.s.o.j.SharedEntityManagerCreator$SharedEntityManagerInvocationHandler - Creating new EntityManager for shared EntityManager invocation
2025-06-05 08:54:25 [restartedMain] DEBUG o.s.o.j.SharedEntityManagerCreator$SharedEntityManagerInvocationHandler - Creating new EntityManager for shared EntityManager invocation
2025-06-05 08:54:25 [restartedMain] INFO  c.a.f.service.NutritionixService - NutritionixService initialized. App ID loaded: true, API Key loaded: true
2025-06-05 08:54:25 [restartedMain] DEBUG o.s.o.j.SharedEntityManagerCreator$SharedEntityManagerInvocationHandler - Creating new EntityManager for shared EntityManager invocation
2025-06-05 08:54:25 [restartedMain] DEBUG o.s.o.j.SharedEntityManagerCreator$SharedEntityManagerInvocationHandler - Creating new EntityManager for shared EntityManager invocation
2025-06-05 08:54:25 [restartedMain] DEBUG o.s.o.j.SharedEntityManagerCreator$SharedEntityManagerInvocationHandler - Creating new EntityManager for shared EntityManager invocation
2025-06-05 08:54:25 [restartedMain] DEBUG o.s.o.j.SharedEntityManagerCreator$SharedEntityManagerInvocationHandler - Creating new EntityManager for shared EntityManager invocation
2025-06-05 08:54:25 [restartedMain] DEBUG o.s.o.j.SharedEntityManagerCreator$SharedEntityManagerInvocationHandler - Creating new EntityManager for shared EntityManager invocation
2025-06-05 08:54:25 [restartedMain] DEBUG o.s.o.j.SharedEntityManagerCreator$SharedEntityManagerInvocationHandler - Creating new EntityManager for shared EntityManager invocation
2025-06-05 08:54:25 [restartedMain] DEBUG o.s.o.j.SharedEntityManagerCreator$SharedEntityManagerInvocationHandler - Creating new EntityManager for shared EntityManager invocation
2025-06-05 08:54:25 [restartedMain] DEBUG o.s.o.j.SharedEntityManagerCreator$SharedEntityManagerInvocationHandler - Creating new EntityManager for shared EntityManager invocation
2025-06-05 08:54:25 [restartedMain] TRACE o.s.t.a.AnnotationTransactionAttributeSource - Adding transactional method 'com.app.fitrack.service.GoalService.updateGoalsBasedOnActivity' with attribute: PROPAGATION_REQUIRED,ISOLATION_DEFAULT
2025-06-05 08:54:25 [restartedMain] TRACE o.s.t.a.AnnotationTransactionAttributeSource - Adding transactional method 'com.app.fitrack.service.GoalService.createGoal' with attribute: PROPAGATION_REQUIRED,ISOLATION_DEFAULT
2025-06-05 08:54:25 [restartedMain] TRACE o.s.t.a.AnnotationTransactionAttributeSource - Adding transactional method 'com.app.fitrack.service.GoalService.deleteGoal' with attribute: PROPAGATION_REQUIRED,ISOLATION_DEFAULT
2025-06-05 08:54:25 [restartedMain] TRACE o.s.t.a.AnnotationTransactionAttributeSource - Adding transactional method 'com.app.fitrack.service.GoalService.archiveGoal' with attribute: PROPAGATION_REQUIRED,ISOLATION_DEFAULT
2025-06-05 08:54:25 [restartedMain] TRACE o.s.t.a.AnnotationTransactionAttributeSource - Adding transactional method 'com.app.fitrack.service.GoalService.updateGoalProgress' with attribute: PROPAGATION_REQUIRED,ISOLATION_DEFAULT
2025-06-05 08:54:25 [restartedMain] WARN  o.s.b.a.o.j.JpaBaseConfiguration$JpaWebConfiguration - spring.jpa.open-in-view is enabled by default. Therefore, database queries may be performed during view rendering. Explicitly configure spring.jpa.open-in-view to disable this warning
2025-06-05 08:54:25 [restartedMain] INFO  o.s.s.c.a.a.c.InitializeUserDetailsBeanManagerConfigurer$InitializeUserDetailsManagerConfigurer - Global AuthenticationManager configured with UserDetailsService bean with name customUserDetailsService
2025-06-05 08:54:26 [restartedMain] DEBUG o.s.w.s.m.m.a.RequestMappingHandlerMapping - 51 mappings in 'requestMappingHandlerMapping'
2025-06-05 08:54:26 [restartedMain] DEBUG o.s.w.s.h.SimpleUrlHandlerMapping - Patterns [/webjars/**, /**] in 'resourceHandlerMapping'
2025-06-05 08:54:26 [restartedMain] INFO  o.s.b.a.e.web.EndpointLinksResolver - Exposing 1 endpoint beneath base path '/actuator'
2025-06-05 08:54:26 [restartedMain] DEBUG o.s.s.web.DefaultSecurityFilterChain - Will secure any request with filters: DisableEncodeUrlFilter, WebAsyncManagerIntegrationFilter, SecurityContextHolderFilter, HeaderWriterFilter, CsrfFilter, LogoutFilter, UsernamePasswordAuthenticationFilter, RequestCacheAwareFilter, SecurityContextHolderAwareRequestFilter, AnonymousAuthenticationFilter, ExceptionTranslationFilter, AuthorizationFilter
2025-06-05 08:54:26 [restartedMain] DEBUG o.s.w.s.m.m.a.RequestMappingHandlerAdapter - ControllerAdvice beans: 0 @ModelAttribute, 0 @InitBinder, 1 RequestBodyAdvice, 1 ResponseBodyAdvice
2025-06-05 08:54:26 [restartedMain] DEBUG o.s.w.s.m.m.a.ExceptionHandlerExceptionResolver - ControllerAdvice beans: 0 @ExceptionHandler, 1 ResponseBodyAdvice
2025-06-05 08:54:27 [restartedMain] INFO  o.s.b.a.h.H2ConsoleAutoConfiguration - H2 console available at '/h2-console'. Database available at 'jdbc:mysql://localhost:3306/fitrackerapp'
2025-06-05 08:54:27 [restartedMain] INFO  o.s.b.d.a.OptionalLiveReloadServer - LiveReload server is running on port 35729
2025-06-05 08:54:27 [restartedMain] INFO  o.s.b.w.e.tomcat.TomcatWebServer - Tomcat started on port 8080 (http) with context path '/fitrack'
2025-06-05 08:54:27 [restartedMain] INFO  com.app.fitrack.FitrackApplication - Started FitrackApplication in 8.799 seconds (process running for 9.608)
2025-06-05 08:54:27 [RMI TCP Connection(2)-127.0.0.1] INFO  o.a.c.c.C.[.[localhost].[/fitrack] - Initializing Spring DispatcherServlet 'dispatcherServlet'
2025-06-05 08:54:27 [RMI TCP Connection(2)-127.0.0.1] INFO  o.s.web.servlet.DispatcherServlet - Initializing Servlet 'dispatcherServlet'
2025-06-05 08:54:27 [RMI TCP Connection(2)-127.0.0.1] DEBUG o.s.web.servlet.DispatcherServlet - Detected StandardServletMultipartResolver
2025-06-05 08:54:27 [RMI TCP Connection(2)-127.0.0.1] DEBUG o.s.web.servlet.DispatcherServlet - Detected AcceptHeaderLocaleResolver
2025-06-05 08:54:27 [RMI TCP Connection(2)-127.0.0.1] DEBUG o.s.web.servlet.DispatcherServlet - Detected FixedThemeResolver
2025-06-05 08:54:27 [RMI TCP Connection(2)-127.0.0.1] DEBUG o.s.web.servlet.DispatcherServlet - Detected org.springframework.web.servlet.view.DefaultRequestToViewNameTranslator@372f64f2
2025-06-05 08:54:27 [RMI TCP Connection(2)-127.0.0.1] DEBUG o.s.web.servlet.DispatcherServlet - Detected org.springframework.web.servlet.support.SessionFlashMapManager@7899cdb6
2025-06-05 08:54:27 [RMI TCP Connection(2)-127.0.0.1] DEBUG o.s.web.servlet.DispatcherServlet - enableLoggingRequestDetails='false': request parameters and headers will be masked to prevent unsafe logging of potentially sensitive data
2025-06-05 08:54:27 [RMI TCP Connection(2)-127.0.0.1] INFO  o.s.web.servlet.DispatcherServlet - Completed initialization in 3 ms
2025-06-05 08:56:10 [http-nio-8080-exec-1] DEBUG o.s.security.web.FilterChainProxy - Securing GET /user/login
2025-06-05 08:56:10 [http-nio-8080-exec-1] DEBUG o.s.security.web.FilterChainProxy - Secured GET /user/login
2025-06-05 08:56:10 [http-nio-8080-exec-1] DEBUG o.s.web.servlet.DispatcherServlet - GET "/fitrack/user/login", parameters={}
2025-06-05 08:56:10 [http-nio-8080-exec-1] DEBUG o.s.w.s.m.m.a.RequestMappingHandlerMapping - Mapped to com.app.fitrack.controller.UserController#showLoginPage(Model)
2025-06-05 08:56:10 [http-nio-8080-exec-1] DEBUG o.s.o.j.s.OpenEntityManagerInViewInterceptor - Opening JPA EntityManager in OpenEntityManagerInViewInterceptor
2025-06-05 08:56:10 [http-nio-8080-exec-1] DEBUG o.s.w.s.v.ContentNegotiatingViewResolver - Selected 'text/html' given [text/html, application/xhtml+xml, application/xml;q=0.9, */*;q=0.8]
2025-06-05 08:56:11 [http-nio-8080-exec-1] DEBUG o.s.o.j.s.OpenEntityManagerInViewInterceptor - Closing JPA EntityManager in OpenEntityManagerInViewInterceptor
2025-06-05 08:56:11 [http-nio-8080-exec-1] DEBUG o.s.web.servlet.DispatcherServlet - Completed 200 OK
2025-06-05 08:56:11 [http-nio-8080-exec-1] DEBUG o.s.s.w.a.AnonymousAuthenticationFilter - Set SecurityContextHolder to anonymous SecurityContext
2025-06-05 08:56:11 [http-nio-8080-exec-2] DEBUG o.s.security.web.FilterChainProxy - Securing GET /styles/css/Join.css
2025-06-05 08:56:11 [http-nio-8080-exec-2] DEBUG o.s.security.web.FilterChainProxy - Secured GET /styles/css/Join.css
2025-06-05 08:56:11 [http-nio-8080-exec-2] DEBUG o.s.web.servlet.DispatcherServlet - GET "/fitrack/styles/css/Join.css", parameters={}
2025-06-05 08:56:11 [http-nio-8080-exec-2] DEBUG o.s.w.s.h.SimpleUrlHandlerMapping - Mapped to ResourceHttpRequestHandler [classpath [static/], URL [file:uploads/], ServletContext [/]]
2025-06-05 08:56:11 [http-nio-8080-exec-2] DEBUG o.s.o.j.s.OpenEntityManagerInViewInterceptor - Opening JPA EntityManager in OpenEntityManagerInViewInterceptor
2025-06-05 08:56:11 [http-nio-8080-exec-2] DEBUG o.s.o.j.s.OpenEntityManagerInViewInterceptor - Closing JPA EntityManager in OpenEntityManagerInViewInterceptor
2025-06-05 08:56:11 [http-nio-8080-exec-2] DEBUG o.s.web.servlet.DispatcherServlet - Completed 200 OK
2025-06-05 08:56:11 [http-nio-8080-exec-2] DEBUG o.s.s.w.a.AnonymousAuthenticationFilter - Set SecurityContextHolder to anonymous SecurityContext
2025-06-05 08:56:15 [http-nio-8080-exec-3] DEBUG o.s.security.web.FilterChainProxy - Securing POST /user/login
2025-06-05 08:56:15 [http-nio-8080-exec-3] TRACE o.s.t.i.TransactionInterceptor - No need to create transaction for [org.springframework.data.jpa.repository.support.SimpleJpaRepository.findByEmail]: This method is not transactional.
2025-06-05 08:56:15 [http-nio-8080-exec-3] DEBUG o.s.o.j.SharedEntityManagerCreator$SharedEntityManagerInvocationHandler - Creating new EntityManager for shared EntityManager invocation
2025-06-05 08:56:15 [http-nio-8080-exec-3] DEBUG org.hibernate.SQL - 
    select
        u1_0.id,
        u1_0.age,
        u1_0.email,
        u1_0.email_change_code,
        u1_0.email_change_code_expiry,
        u1_0.firstname,
        u1_0.gender,
        u1_0.height,
        u1_0.lastname,
        u1_0.password,
        u1_0.pending_email,
        u1_0.profile_picture,
        u1_0.verified,
        u1_0.weight 
    from
        users u1_0 
    where
        u1_0.email=?
2025-06-05 08:56:15 [http-nio-8080-exec-3] DEBUG o.s.s.a.d.DaoAuthenticationProvider - Authenticated user
2025-06-05 08:56:15 [http-nio-8080-exec-3] DEBUG o.s.s.w.a.s.ChangeSessionIdAuthenticationStrategy - Changed session id from 461E86EE87CA6F9A8EB217445B7543D3
2025-06-05 08:56:15 [http-nio-8080-exec-3] DEBUG o.s.s.w.c.CsrfAuthenticationStrategy - Replaced CSRF Token
2025-06-05 08:56:15 [http-nio-8080-exec-3] DEBUG o.s.s.w.c.HttpSessionSecurityContextRepository - Stored SecurityContextImpl [Authentication=UsernamePasswordAuthenticationToken [Principal=org.springframework.security.core.userdetails.User [Username=charlenedilig@gmail.com, Password=[PROTECTED], Enabled=true, AccountNonExpired=true, CredentialsNonExpired=true, AccountNonLocked=true, Granted Authorities=[ROLE_USER]], Credentials=[PROTECTED], Authenticated=true, Details=WebAuthenticationDetails [RemoteIpAddress=127.0.0.1, SessionId=461E86EE87CA6F9A8EB217445B7543D3], Granted Authorities=[ROLE_USER]]] to HttpSession [org.apache.catalina.session.StandardSessionFacade@55339df4]
2025-06-05 08:56:15 [http-nio-8080-exec-3] DEBUG o.s.s.w.a.UsernamePasswordAuthenticationFilter - Set SecurityContextHolder to UsernamePasswordAuthenticationToken [Principal=org.springframework.security.core.userdetails.User [Username=charlenedilig@gmail.com, Password=[PROTECTED], Enabled=true, AccountNonExpired=true, CredentialsNonExpired=true, AccountNonLocked=true, Granted Authorities=[ROLE_USER]], Credentials=[PROTECTED], Authenticated=true, Details=WebAuthenticationDetails [RemoteIpAddress=127.0.0.1, SessionId=461E86EE87CA6F9A8EB217445B7543D3], Granted Authorities=[ROLE_USER]]
2025-06-05 08:56:15 [http-nio-8080-exec-3] DEBUG o.s.orm.jpa.JpaTransactionManager - Creating new transaction with name [com.app.fitrack.service.UserService.findByEmail]: PROPAGATION_REQUIRED,ISOLATION_DEFAULT
2025-06-05 08:56:15 [http-nio-8080-exec-3] DEBUG o.s.orm.jpa.JpaTransactionManager - Opened new EntityManager [SessionImpl(189233605<open>)] for JPA transaction
2025-06-05 08:56:15 [http-nio-8080-exec-3] DEBUG o.s.orm.jpa.JpaTransactionManager - Exposing JPA transaction as JDBC [org.springframework.orm.jpa.vendor.HibernateJpaDialect$HibernateConnectionHandle@370c794e]
2025-06-05 08:56:15 [http-nio-8080-exec-3] TRACE o.s.t.i.TransactionInterceptor - Getting transaction for [com.app.fitrack.service.UserService.findByEmail]
2025-06-05 08:56:15 [http-nio-8080-exec-3] TRACE o.s.t.i.TransactionInterceptor - No need to create transaction for [org.springframework.data.jpa.repository.support.SimpleJpaRepository.findByEmail]: This method is not transactional.
2025-06-05 08:56:15 [http-nio-8080-exec-3] DEBUG org.hibernate.SQL - 
    select
        u1_0.id,
        u1_0.age,
        u1_0.email,
        u1_0.email_change_code,
        u1_0.email_change_code_expiry,
        u1_0.firstname,
        u1_0.gender,
        u1_0.height,
        u1_0.lastname,
        u1_0.password,
        u1_0.pending_email,
        u1_0.profile_picture,
        u1_0.verified,
        u1_0.weight 
    from
        users u1_0 
    where
        u1_0.email=?
2025-06-05 08:56:15 [http-nio-8080-exec-3] TRACE o.s.t.i.TransactionInterceptor - Completing transaction for [com.app.fitrack.service.UserService.findByEmail]
2025-06-05 08:56:15 [http-nio-8080-exec-3] DEBUG o.s.orm.jpa.JpaTransactionManager - Initiating transaction commit
2025-06-05 08:56:15 [http-nio-8080-exec-3] DEBUG o.s.orm.jpa.JpaTransactionManager - Committing JPA transaction on EntityManager [SessionImpl(189233605<open>)]
2025-06-05 08:56:15 [http-nio-8080-exec-3] DEBUG o.s.orm.jpa.JpaTransactionManager - Closing JPA EntityManager [SessionImpl(189233605<open>)] after transaction
2025-06-05 08:56:15 [http-nio-8080-exec-4] DEBUG o.s.security.web.FilterChainProxy - Securing GET /user/dashboard
2025-06-05 08:56:15 [http-nio-8080-exec-4] DEBUG o.s.s.w.c.HttpSessionSecurityContextRepository - Retrieved SecurityContextImpl [Authentication=UsernamePasswordAuthenticationToken [Principal=org.springframework.security.core.userdetails.User [Username=charlenedilig@gmail.com, Password=[PROTECTED], Enabled=true, AccountNonExpired=true, CredentialsNonExpired=true, AccountNonLocked=true, Granted Authorities=[ROLE_USER]], Credentials=[PROTECTED], Authenticated=true, Details=WebAuthenticationDetails [RemoteIpAddress=127.0.0.1, SessionId=461E86EE87CA6F9A8EB217445B7543D3], Granted Authorities=[ROLE_USER]]]
2025-06-05 08:56:15 [http-nio-8080-exec-4] DEBUG o.s.security.web.FilterChainProxy - Secured GET /user/dashboard
2025-06-05 08:56:15 [http-nio-8080-exec-4] DEBUG o.s.web.servlet.DispatcherServlet - GET "/fitrack/user/dashboard", parameters={}
2025-06-05 08:56:15 [http-nio-8080-exec-4] DEBUG o.s.w.s.m.m.a.RequestMappingHandlerMapping - Mapped to com.app.fitrack.controller.UserController#showDashboard(UserDetails, Model)
2025-06-05 08:56:15 [http-nio-8080-exec-4] DEBUG o.s.o.j.s.OpenEntityManagerInViewInterceptor - Opening JPA EntityManager in OpenEntityManagerInViewInterceptor
2025-06-05 08:56:15 [http-nio-8080-exec-4] DEBUG o.s.orm.jpa.JpaTransactionManager - Found thread-bound EntityManager [SessionImpl(1621972248<open>)] for JPA transaction
2025-06-05 08:56:15 [http-nio-8080-exec-4] DEBUG o.s.orm.jpa.JpaTransactionManager - Creating new transaction with name [com.app.fitrack.service.UserService.findByEmail]: PROPAGATION_REQUIRED,ISOLATION_DEFAULT
2025-06-05 08:56:15 [http-nio-8080-exec-4] DEBUG o.s.orm.jpa.JpaTransactionManager - Exposing JPA transaction as JDBC [org.springframework.orm.jpa.vendor.HibernateJpaDialect$HibernateConnectionHandle@23775977]
2025-06-05 08:56:15 [http-nio-8080-exec-4] TRACE o.s.t.i.TransactionInterceptor - Getting transaction for [com.app.fitrack.service.UserService.findByEmail]
2025-06-05 08:56:15 [http-nio-8080-exec-4] TRACE o.s.t.i.TransactionInterceptor - No need to create transaction for [org.springframework.data.jpa.repository.support.SimpleJpaRepository.findByEmail]: This method is not transactional.
2025-06-05 08:56:15 [http-nio-8080-exec-4] DEBUG org.hibernate.SQL - 
    select
        u1_0.id,
        u1_0.age,
        u1_0.email,
        u1_0.email_change_code,
        u1_0.email_change_code_expiry,
        u1_0.firstname,
        u1_0.gender,
        u1_0.height,
        u1_0.lastname,
        u1_0.password,
        u1_0.pending_email,
        u1_0.profile_picture,
        u1_0.verified,
        u1_0.weight 
    from
        users u1_0 
    where
        u1_0.email=?
2025-06-05 08:56:15 [http-nio-8080-exec-4] TRACE o.s.t.i.TransactionInterceptor - Completing transaction for [com.app.fitrack.service.UserService.findByEmail]
2025-06-05 08:56:15 [http-nio-8080-exec-4] DEBUG o.s.orm.jpa.JpaTransactionManager - Initiating transaction commit
2025-06-05 08:56:15 [http-nio-8080-exec-4] DEBUG o.s.orm.jpa.JpaTransactionManager - Committing JPA transaction on EntityManager [SessionImpl(1621972248<open>)]
2025-06-05 08:56:15 [http-nio-8080-exec-4] DEBUG o.s.orm.jpa.JpaTransactionManager - Not closing pre-bound JPA EntityManager after transaction
2025-06-05 08:56:15 [http-nio-8080-exec-4] DEBUG o.s.orm.jpa.JpaTransactionManager - Found thread-bound EntityManager [SessionImpl(1621972248<open>)] for JPA transaction
2025-06-05 08:56:15 [http-nio-8080-exec-4] DEBUG o.s.orm.jpa.JpaTransactionManager - Creating new transaction with name [com.app.fitrack.service.UserService.getAuthenticatedUser]: PROPAGATION_REQUIRED,ISOLATION_DEFAULT
2025-06-05 08:56:15 [http-nio-8080-exec-4] DEBUG o.s.orm.jpa.JpaTransactionManager - Exposing JPA transaction as JDBC [org.springframework.orm.jpa.vendor.HibernateJpaDialect$HibernateConnectionHandle@764e6aa6]
2025-06-05 08:56:15 [http-nio-8080-exec-4] TRACE o.s.t.i.TransactionInterceptor - Getting transaction for [com.app.fitrack.service.UserService.getAuthenticatedUser]
2025-06-05 08:56:15 [http-nio-8080-exec-4] TRACE o.s.t.i.TransactionInterceptor - No need to create transaction for [org.springframework.data.jpa.repository.support.SimpleJpaRepository.findByEmail]: This method is not transactional.
2025-06-05 08:56:15 [http-nio-8080-exec-4] DEBUG org.hibernate.SQL - 
    select
        u1_0.id,
        u1_0.age,
        u1_0.email,
        u1_0.email_change_code,
        u1_0.email_change_code_expiry,
        u1_0.firstname,
        u1_0.gender,
        u1_0.height,
        u1_0.lastname,
        u1_0.password,
        u1_0.pending_email,
        u1_0.profile_picture,
        u1_0.verified,
        u1_0.weight 
    from
        users u1_0 
    where
        u1_0.email=?
2025-06-05 08:56:15 [http-nio-8080-exec-4] TRACE o.s.t.i.TransactionInterceptor - Completing transaction for [com.app.fitrack.service.UserService.getAuthenticatedUser]
2025-06-05 08:56:15 [http-nio-8080-exec-4] DEBUG o.s.orm.jpa.JpaTransactionManager - Initiating transaction commit
2025-06-05 08:56:15 [http-nio-8080-exec-4] DEBUG o.s.orm.jpa.JpaTransactionManager - Committing JPA transaction on EntityManager [SessionImpl(1621972248<open>)]
2025-06-05 08:56:15 [http-nio-8080-exec-4] DEBUG o.s.orm.jpa.JpaTransactionManager - Not closing pre-bound JPA EntityManager after transaction
2025-06-05 08:56:15 [http-nio-8080-exec-4] TRACE o.s.t.i.TransactionInterceptor - No need to create transaction for [org.springframework.data.jpa.repository.support.SimpleJpaRepository.findByUser]: This method is not transactional.
2025-06-05 08:56:15 [http-nio-8080-exec-4] DEBUG org.hibernate.SQL - 
    select
        w1_0.id,
        w1_0.burned_calories,
        w1_0.date_time,
        w1_0.duration,
        w1_0.user_id,
        w1_0.workout_name,
        w1_0.workout_type 
    from
        workout w1_0 
    where
        w1_0.user_id=?
2025-06-05 08:56:15 [http-nio-8080-exec-4] DEBUG org.hibernate.SQL - 
    select
        rd1_0.workout_id,
        rd1_0.repeat_day 
    from
        workout_repeat_days rd1_0 
    where
        rd1_0.workout_id=?
2025-06-05 08:56:15 [http-nio-8080-exec-4] DEBUG org.hibernate.SQL - 
    select
        rd1_0.workout_id,
        rd1_0.repeat_day 
    from
        workout_repeat_days rd1_0 
    where
        rd1_0.workout_id=?
2025-06-05 08:56:15 [http-nio-8080-exec-4] DEBUG org.hibernate.SQL - 
    select
        rd1_0.workout_id,
        rd1_0.repeat_day 
    from
        workout_repeat_days rd1_0 
    where
        rd1_0.workout_id=?
2025-06-05 08:56:15 [http-nio-8080-exec-4] DEBUG org.hibernate.SQL - 
    select
        rd1_0.workout_id,
        rd1_0.repeat_day 
    from
        workout_repeat_days rd1_0 
    where
        rd1_0.workout_id=?
2025-06-05 08:56:15 [http-nio-8080-exec-4] DEBUG org.hibernate.SQL - 
    select
        rd1_0.workout_id,
        rd1_0.repeat_day 
    from
        workout_repeat_days rd1_0 
    where
        rd1_0.workout_id=?
2025-06-05 08:56:15 [http-nio-8080-exec-4] DEBUG org.hibernate.SQL - 
    select
        rd1_0.workout_id,
        rd1_0.repeat_day 
    from
        workout_repeat_days rd1_0 
    where
        rd1_0.workout_id=?
2025-06-05 08:56:16 [http-nio-8080-exec-4] TRACE o.s.t.i.TransactionInterceptor - No need to create transaction for [org.springframework.data.jpa.repository.support.SimpleJpaRepository.existsByUserAndWorkoutNameBetweenDates]: This method is not transactional.
2025-06-05 08:56:16 [http-nio-8080-exec-4] DEBUG org.hibernate.SQL - 
    select
        count(wl1_0.id)>0 
    from
        workout_log wl1_0 
    where
        wl1_0.user_id=? 
        and wl1_0.workout_name=? 
        and wl1_0.completed_at>=? 
        and wl1_0.completed_at<?
2025-06-05 08:56:16 [http-nio-8080-exec-4] TRACE o.s.t.i.TransactionInterceptor - No need to create transaction for [org.springframework.data.jpa.repository.support.SimpleJpaRepository.existsByUserAndWorkoutNameBetweenDates]: This method is not transactional.
2025-06-05 08:56:16 [http-nio-8080-exec-4] DEBUG org.hibernate.SQL - 
    select
        count(wl1_0.id)>0 
    from
        workout_log wl1_0 
    where
        wl1_0.user_id=? 
        and wl1_0.workout_name=? 
        and wl1_0.completed_at>=? 
        and wl1_0.completed_at<?
2025-06-05 08:56:16 [http-nio-8080-exec-4] TRACE o.s.t.i.TransactionInterceptor - No need to create transaction for [org.springframework.data.jpa.repository.support.SimpleJpaRepository.existsByUserAndWorkoutNameBetweenDates]: This method is not transactional.
2025-06-05 08:56:16 [http-nio-8080-exec-4] DEBUG org.hibernate.SQL - 
    select
        count(wl1_0.id)>0 
    from
        workout_log wl1_0 
    where
        wl1_0.user_id=? 
        and wl1_0.workout_name=? 
        and wl1_0.completed_at>=? 
        and wl1_0.completed_at<?
2025-06-05 08:56:16 [http-nio-8080-exec-4] TRACE o.s.t.i.TransactionInterceptor - No need to create transaction for [org.springframework.data.jpa.repository.support.SimpleJpaRepository.existsByUserAndWorkoutNameBetweenDates]: This method is not transactional.
2025-06-05 08:56:16 [http-nio-8080-exec-4] DEBUG org.hibernate.SQL - 
    select
        count(wl1_0.id)>0 
    from
        workout_log wl1_0 
    where
        wl1_0.user_id=? 
        and wl1_0.workout_name=? 
        and wl1_0.completed_at>=? 
        and wl1_0.completed_at<?
2025-06-05 08:56:16 [http-nio-8080-exec-4] TRACE o.s.t.i.TransactionInterceptor - No need to create transaction for [org.springframework.data.jpa.repository.support.SimpleJpaRepository.existsByUserAndWorkoutNameBetweenDates]: This method is not transactional.
2025-06-05 08:56:16 [http-nio-8080-exec-4] DEBUG org.hibernate.SQL - 
    select
        count(wl1_0.id)>0 
    from
        workout_log wl1_0 
    where
        wl1_0.user_id=? 
        and wl1_0.workout_name=? 
        and wl1_0.completed_at>=? 
        and wl1_0.completed_at<?
2025-06-05 08:56:16 [http-nio-8080-exec-4] TRACE o.s.t.i.TransactionInterceptor - No need to create transaction for [org.springframework.data.jpa.repository.support.SimpleJpaRepository.existsByUserAndWorkoutNameBetweenDates]: This method is not transactional.
2025-06-05 08:56:16 [http-nio-8080-exec-4] DEBUG org.hibernate.SQL - 
    select
        count(wl1_0.id)>0 
    from
        workout_log wl1_0 
    where
        wl1_0.user_id=? 
        and wl1_0.workout_name=? 
        and wl1_0.completed_at>=? 
        and wl1_0.completed_at<?
2025-06-05 08:56:16 [http-nio-8080-exec-4] DEBUG o.s.orm.jpa.JpaTransactionManager - Found thread-bound EntityManager [SessionImpl(1621972248<open>)] for JPA transaction
2025-06-05 08:56:16 [http-nio-8080-exec-4] DEBUG o.s.orm.jpa.JpaTransactionManager - Creating new transaction with name [com.app.fitrack.service.UserService.getAuthenticatedUser]: PROPAGATION_REQUIRED,ISOLATION_DEFAULT
2025-06-05 08:56:16 [http-nio-8080-exec-4] DEBUG o.s.orm.jpa.JpaTransactionManager - Exposing JPA transaction as JDBC [org.springframework.orm.jpa.vendor.HibernateJpaDialect$HibernateConnectionHandle@8c3ed39]
2025-06-05 08:56:16 [http-nio-8080-exec-4] TRACE o.s.t.i.TransactionInterceptor - Getting transaction for [com.app.fitrack.service.UserService.getAuthenticatedUser]
2025-06-05 08:56:16 [http-nio-8080-exec-4] TRACE o.s.t.i.TransactionInterceptor - No need to create transaction for [org.springframework.data.jpa.repository.support.SimpleJpaRepository.findByEmail]: This method is not transactional.
2025-06-05 08:56:16 [http-nio-8080-exec-4] DEBUG org.hibernate.SQL - 
    select
        u1_0.id,
        u1_0.age,
        u1_0.email,
        u1_0.email_change_code,
        u1_0.email_change_code_expiry,
        u1_0.firstname,
        u1_0.gender,
        u1_0.height,
        u1_0.lastname,
        u1_0.password,
        u1_0.pending_email,
        u1_0.profile_picture,
        u1_0.verified,
        u1_0.weight 
    from
        users u1_0 
    where
        u1_0.email=?
2025-06-05 08:56:16 [http-nio-8080-exec-4] TRACE o.s.t.i.TransactionInterceptor - Completing transaction for [com.app.fitrack.service.UserService.getAuthenticatedUser]
2025-06-05 08:56:16 [http-nio-8080-exec-4] DEBUG o.s.orm.jpa.JpaTransactionManager - Initiating transaction commit
2025-06-05 08:56:16 [http-nio-8080-exec-4] DEBUG o.s.orm.jpa.JpaTransactionManager - Committing JPA transaction on EntityManager [SessionImpl(1621972248<open>)]
2025-06-05 08:56:16 [http-nio-8080-exec-4] DEBUG o.s.orm.jpa.JpaTransactionManager - Not closing pre-bound JPA EntityManager after transaction
2025-06-05 08:56:16 [http-nio-8080-exec-4] TRACE o.s.t.i.TransactionInterceptor - No need to create transaction for [org.springframework.data.jpa.repository.support.SimpleJpaRepository.findByUserAndDateTimeBetween]: This method is not transactional.
2025-06-05 08:56:16 [http-nio-8080-exec-4] DEBUG org.hibernate.SQL - 
    select
        distinct m1_0.id,
        m1_0.date_time,
        fi1_0.meal_id,
        fi1_0.id,
        fi1_0.calories,
        fi1_0.carbs,
        fi1_0.fat,
        fi1_0.food_item,
        fi1_0.other_unit,
        fi1_0.protein,
        fi1_0.quantity,
        fi1_0.unit,
        m1_0.meal_name,
        m1_0.user_id 
    from
        meal m1_0 
    left join
        meal_food_item fi1_0 
            on m1_0.id=fi1_0.meal_id 
    where
        m1_0.user_id=? 
        and m1_0.date_time between ? and ?
2025-06-05 08:56:16 [http-nio-8080-exec-4] DEBUG com.app.fitrack.service.GoalService - Fetching active goals for user: charlenedilig@gmail.com
2025-06-05 08:56:16 [http-nio-8080-exec-4] TRACE o.s.t.i.TransactionInterceptor - No need to create transaction for [org.springframework.data.jpa.repository.support.SimpleJpaRepository.findByUserAndArchivedFalse]: This method is not transactional.
2025-06-05 08:56:16 [http-nio-8080-exec-4] DEBUG org.hibernate.SQL - 
    select
        g1_0.id,
        g1_0.archived,
        g1_0.completion_date,
        g1_0.current_value,
        g1_0.description,
        g1_0.goal_type,
        g1_0.start_date,
        g1_0.start_value,
        g1_0.status,
        g1_0.target_date,
        g1_0.target_value,
        g1_0.user_id 
    from
        goals g1_0 
    where
        g1_0.user_id=? 
        and not(g1_0.archived)
2025-06-05 08:56:16 [http-nio-8080-exec-4] TRACE o.s.t.i.TransactionInterceptor - No need to create transaction for [org.springframework.data.jpa.repository.support.SimpleJpaRepository.findByUserAndCompletedAtBetween]: This method is not transactional.
2025-06-05 08:56:16 [http-nio-8080-exec-4] DEBUG org.hibernate.SQL - 
    select
        wl1_0.id,
        wl1_0.burned_calories,
        wl1_0.completed_at,
        wl1_0.duration,
        wl1_0.user_id,
        wl1_0.workout_name,
        wl1_0.workout_type 
    from
        workout_log wl1_0 
    where
        wl1_0.user_id=? 
        and wl1_0.completed_at between ? and ?
2025-06-05 08:56:16 [http-nio-8080-exec-4] TRACE o.s.t.i.TransactionInterceptor - No need to create transaction for [org.springframework.data.jpa.repository.support.SimpleJpaRepository.countByUserAndCompletedAtBetween]: This method is not transactional.
2025-06-05 08:56:16 [http-nio-8080-exec-4] DEBUG org.hibernate.SQL - 
    select
        count(wl1_0.id) 
    from
        workout_log wl1_0 
    where
        wl1_0.user_id=? 
        and wl1_0.completed_at between ? and ?
2025-06-05 08:56:16 [http-nio-8080-exec-4] DEBUG o.s.w.s.v.ContentNegotiatingViewResolver - Selected 'text/html' given [text/html, application/xhtml+xml, application/xml;q=0.9, */*;q=0.8]
2025-06-05 08:56:16 [http-nio-8080-exec-5] DEBUG o.s.security.web.FilterChainProxy - Securing GET /styles/css/Fitrack.css
2025-06-05 08:56:16 [http-nio-8080-exec-5] DEBUG o.s.security.web.FilterChainProxy - Secured GET /styles/css/Fitrack.css
2025-06-05 08:56:16 [http-nio-8080-exec-5] DEBUG o.s.web.servlet.DispatcherServlet - GET "/fitrack/styles/css/Fitrack.css", parameters={}
2025-06-05 08:56:16 [http-nio-8080-exec-5] DEBUG o.s.w.s.h.SimpleUrlHandlerMapping - Mapped to ResourceHttpRequestHandler [classpath [static/], URL [file:uploads/], ServletContext [/]]
2025-06-05 08:56:16 [http-nio-8080-exec-5] DEBUG o.s.o.j.s.OpenEntityManagerInViewInterceptor - Opening JPA EntityManager in OpenEntityManagerInViewInterceptor
2025-06-05 08:56:16 [http-nio-8080-exec-5] DEBUG o.s.o.j.s.OpenEntityManagerInViewInterceptor - Closing JPA EntityManager in OpenEntityManagerInViewInterceptor
2025-06-05 08:56:16 [http-nio-8080-exec-5] DEBUG o.s.web.servlet.DispatcherServlet - Completed 200 OK
2025-06-05 08:56:16 [http-nio-8080-exec-5] DEBUG o.s.s.w.c.HttpSessionSecurityContextRepository - Retrieved SecurityContextImpl [Authentication=UsernamePasswordAuthenticationToken [Principal=org.springframework.security.core.userdetails.User [Username=charlenedilig@gmail.com, Password=[PROTECTED], Enabled=true, AccountNonExpired=true, CredentialsNonExpired=true, AccountNonLocked=true, Granted Authorities=[ROLE_USER]], Credentials=[PROTECTED], Authenticated=true, Details=WebAuthenticationDetails [RemoteIpAddress=127.0.0.1, SessionId=461E86EE87CA6F9A8EB217445B7543D3], Granted Authorities=[ROLE_USER]]]
2025-06-05 08:56:16 [http-nio-8080-exec-4] DEBUG o.s.o.j.s.OpenEntityManagerInViewInterceptor - Closing JPA EntityManager in OpenEntityManagerInViewInterceptor
2025-06-05 08:56:16 [http-nio-8080-exec-4] DEBUG o.s.web.servlet.DispatcherServlet - Completed 200 OK
2025-06-05 08:56:16 [http-nio-8080-exec-6] DEBUG o.s.security.web.FilterChainProxy - Securing GET /styles/scripts/dashboard.js
2025-06-05 08:56:16 [http-nio-8080-exec-6] DEBUG o.s.security.web.FilterChainProxy - Secured GET /styles/scripts/dashboard.js
2025-06-05 08:56:16 [http-nio-8080-exec-6] DEBUG o.s.web.servlet.DispatcherServlet - GET "/fitrack/styles/scripts/dashboard.js", parameters={}
2025-06-05 08:56:16 [http-nio-8080-exec-6] DEBUG o.s.w.s.h.SimpleUrlHandlerMapping - Mapped to ResourceHttpRequestHandler [classpath [static/], URL [file:uploads/], ServletContext [/]]
2025-06-05 08:56:16 [http-nio-8080-exec-6] DEBUG o.s.o.j.s.OpenEntityManagerInViewInterceptor - Opening JPA EntityManager in OpenEntityManagerInViewInterceptor
2025-06-05 08:56:16 [http-nio-8080-exec-6] DEBUG o.s.o.j.s.OpenEntityManagerInViewInterceptor - Closing JPA EntityManager in OpenEntityManagerInViewInterceptor
2025-06-05 08:56:16 [http-nio-8080-exec-6] DEBUG o.s.web.servlet.DispatcherServlet - Completed 200 OK
2025-06-05 08:56:16 [http-nio-8080-exec-6] DEBUG o.s.s.w.c.HttpSessionSecurityContextRepository - Retrieved SecurityContextImpl [Authentication=UsernamePasswordAuthenticationToken [Principal=org.springframework.security.core.userdetails.User [Username=charlenedilig@gmail.com, Password=[PROTECTED], Enabled=true, AccountNonExpired=true, CredentialsNonExpired=true, AccountNonLocked=true, Granted Authorities=[ROLE_USER]], Credentials=[PROTECTED], Authenticated=true, Details=WebAuthenticationDetails [RemoteIpAddress=127.0.0.1, SessionId=461E86EE87CA6F9A8EB217445B7543D3], Granted Authorities=[ROLE_USER]]]
2025-06-05 08:56:16 [http-nio-8080-exec-7] DEBUG o.s.security.web.FilterChainProxy - Securing GET /images/Fitrack.ico
2025-06-05 08:56:16 [http-nio-8080-exec-7] DEBUG o.s.security.web.FilterChainProxy - Secured GET /images/Fitrack.ico
2025-06-05 08:56:16 [http-nio-8080-exec-7] DEBUG o.s.web.servlet.DispatcherServlet - GET "/fitrack/images/Fitrack.ico", parameters={}
2025-06-05 08:56:16 [http-nio-8080-exec-7] DEBUG o.s.w.s.h.SimpleUrlHandlerMapping - Mapped to ResourceHttpRequestHandler [classpath [static/], URL [file:uploads/], ServletContext [/]]
2025-06-05 08:56:16 [http-nio-8080-exec-7] DEBUG o.s.o.j.s.OpenEntityManagerInViewInterceptor - Opening JPA EntityManager in OpenEntityManagerInViewInterceptor
2025-06-05 08:56:16 [http-nio-8080-exec-7] DEBUG o.s.o.j.s.OpenEntityManagerInViewInterceptor - Closing JPA EntityManager in OpenEntityManagerInViewInterceptor
2025-06-05 08:56:16 [http-nio-8080-exec-7] DEBUG o.s.web.servlet.DispatcherServlet - Completed 200 OK
2025-06-05 08:56:16 [http-nio-8080-exec-7] DEBUG o.s.s.w.c.HttpSessionSecurityContextRepository - Retrieved SecurityContextImpl [Authentication=UsernamePasswordAuthenticationToken [Principal=org.springframework.security.core.userdetails.User [Username=charlenedilig@gmail.com, Password=[PROTECTED], Enabled=true, AccountNonExpired=true, CredentialsNonExpired=true, AccountNonLocked=true, Granted Authorities=[ROLE_USER]], Credentials=[PROTECTED], Authenticated=true, Details=WebAuthenticationDetails [RemoteIpAddress=127.0.0.1, SessionId=461E86EE87CA6F9A8EB217445B7543D3], Granted Authorities=[ROLE_USER]]]
2025-06-05 08:56:18 [http-nio-8080-exec-8] DEBUG o.s.security.web.FilterChainProxy - Securing GET /user/analytics
2025-06-05 08:56:18 [http-nio-8080-exec-8] DEBUG o.s.s.w.c.HttpSessionSecurityContextRepository - Retrieved SecurityContextImpl [Authentication=UsernamePasswordAuthenticationToken [Principal=org.springframework.security.core.userdetails.User [Username=charlenedilig@gmail.com, Password=[PROTECTED], Enabled=true, AccountNonExpired=true, CredentialsNonExpired=true, AccountNonLocked=true, Granted Authorities=[ROLE_USER]], Credentials=[PROTECTED], Authenticated=true, Details=WebAuthenticationDetails [RemoteIpAddress=127.0.0.1, SessionId=461E86EE87CA6F9A8EB217445B7543D3], Granted Authorities=[ROLE_USER]]]
2025-06-05 08:56:18 [http-nio-8080-exec-8] DEBUG o.s.security.web.FilterChainProxy - Secured GET /user/analytics
2025-06-05 08:56:18 [http-nio-8080-exec-8] DEBUG o.s.web.servlet.DispatcherServlet - GET "/fitrack/user/analytics", parameters={}
2025-06-05 08:56:18 [http-nio-8080-exec-8] DEBUG o.s.w.s.m.m.a.RequestMappingHandlerMapping - Mapped to com.app.fitrack.controller.AnalyticsController#showAnalytics(UserDetails, Model)
2025-06-05 08:56:18 [http-nio-8080-exec-8] DEBUG o.s.o.j.s.OpenEntityManagerInViewInterceptor - Opening JPA EntityManager in OpenEntityManagerInViewInterceptor
2025-06-05 08:56:18 [http-nio-8080-exec-8] DEBUG c.a.f.controller.AnalyticsController - Analytics page requested for user: charlenedilig@gmail.com
2025-06-05 08:56:18 [http-nio-8080-exec-8] DEBUG o.s.orm.jpa.JpaTransactionManager - Found thread-bound EntityManager [SessionImpl(1795665701<open>)] for JPA transaction
2025-06-05 08:56:18 [http-nio-8080-exec-8] DEBUG o.s.orm.jpa.JpaTransactionManager - Creating new transaction with name [com.app.fitrack.service.UserService.findByEmail]: PROPAGATION_REQUIRED,ISOLATION_DEFAULT
2025-06-05 08:56:18 [http-nio-8080-exec-8] DEBUG o.s.orm.jpa.JpaTransactionManager - Exposing JPA transaction as JDBC [org.springframework.orm.jpa.vendor.HibernateJpaDialect$HibernateConnectionHandle@6f38269d]
2025-06-05 08:56:18 [http-nio-8080-exec-8] TRACE o.s.t.i.TransactionInterceptor - Getting transaction for [com.app.fitrack.service.UserService.findByEmail]
2025-06-05 08:56:18 [http-nio-8080-exec-8] TRACE o.s.t.i.TransactionInterceptor - No need to create transaction for [org.springframework.data.jpa.repository.support.SimpleJpaRepository.findByEmail]: This method is not transactional.
2025-06-05 08:56:18 [http-nio-8080-exec-8] DEBUG org.hibernate.SQL - 
    select
        u1_0.id,
        u1_0.age,
        u1_0.email,
        u1_0.email_change_code,
        u1_0.email_change_code_expiry,
        u1_0.firstname,
        u1_0.gender,
        u1_0.height,
        u1_0.lastname,
        u1_0.password,
        u1_0.pending_email,
        u1_0.profile_picture,
        u1_0.verified,
        u1_0.weight 
    from
        users u1_0 
    where
        u1_0.email=?
2025-06-05 08:56:18 [http-nio-8080-exec-8] TRACE o.s.t.i.TransactionInterceptor - Completing transaction for [com.app.fitrack.service.UserService.findByEmail]
2025-06-05 08:56:18 [http-nio-8080-exec-8] DEBUG o.s.orm.jpa.JpaTransactionManager - Initiating transaction commit
2025-06-05 08:56:18 [http-nio-8080-exec-8] DEBUG o.s.orm.jpa.JpaTransactionManager - Committing JPA transaction on EntityManager [SessionImpl(1795665701<open>)]
2025-06-05 08:56:18 [http-nio-8080-exec-8] DEBUG o.s.orm.jpa.JpaTransactionManager - Not closing pre-bound JPA EntityManager after transaction
2025-06-05 08:56:18 [http-nio-8080-exec-8] DEBUG c.a.fitrack.service.AnalyticsService - Entering getAnalyticsPageData for user: charlenedilig@gmail.com
2025-06-05 08:56:18 [http-nio-8080-exec-8] DEBUG c.a.fitrack.service.AnalyticsService - User details: firstName=charlene, lastName=dilig
2025-06-05 08:56:18 [http-nio-8080-exec-8] DEBUG c.a.fitrack.service.AnalyticsService - DTO fullName set to: charlene dilig
2025-06-05 08:56:18 [http-nio-8080-exec-8] TRACE o.s.t.i.TransactionInterceptor - No need to create transaction for [org.springframework.data.jpa.repository.support.SimpleJpaRepository.findByUser]: This method is not transactional.
2025-06-05 08:56:18 [http-nio-8080-exec-8] DEBUG org.hibernate.SQL - 
    select
        w1_0.id,
        w1_0.burned_calories,
        w1_0.date_time,
        w1_0.duration,
        w1_0.user_id,
        w1_0.workout_name,
        w1_0.workout_type 
    from
        workout w1_0 
    where
        w1_0.user_id=?
2025-06-05 08:56:18 [http-nio-8080-exec-8] DEBUG org.hibernate.SQL - 
    select
        rd1_0.workout_id,
        rd1_0.repeat_day 
    from
        workout_repeat_days rd1_0 
    where
        rd1_0.workout_id=?
2025-06-05 08:56:18 [http-nio-8080-exec-8] DEBUG org.hibernate.SQL - 
    select
        rd1_0.workout_id,
        rd1_0.repeat_day 
    from
        workout_repeat_days rd1_0 
    where
        rd1_0.workout_id=?
2025-06-05 08:56:18 [http-nio-8080-exec-8] DEBUG org.hibernate.SQL - 
    select
        rd1_0.workout_id,
        rd1_0.repeat_day 
    from
        workout_repeat_days rd1_0 
    where
        rd1_0.workout_id=?
2025-06-05 08:56:18 [http-nio-8080-exec-8] DEBUG org.hibernate.SQL - 
    select
        rd1_0.workout_id,
        rd1_0.repeat_day 
    from
        workout_repeat_days rd1_0 
    where
        rd1_0.workout_id=?
2025-06-05 08:56:18 [http-nio-8080-exec-8] DEBUG org.hibernate.SQL - 
    select
        rd1_0.workout_id,
        rd1_0.repeat_day 
    from
        workout_repeat_days rd1_0 
    where
        rd1_0.workout_id=?
2025-06-05 08:56:18 [http-nio-8080-exec-8] DEBUG org.hibernate.SQL - 
    select
        rd1_0.workout_id,
        rd1_0.repeat_day 
    from
        workout_repeat_days rd1_0 
    where
        rd1_0.workout_id=?
2025-06-05 08:56:18 [http-nio-8080-exec-8] DEBUG c.a.fitrack.service.AnalyticsService - Scheduled workout names for DTO: [Full Body Workout, HIIT Circuit Training, Upper Back Stretching, Yoga, Low Lunge Twists, Core Workout]
2025-06-05 08:56:18 [http-nio-8080-exec-8] INFO  c.a.f.service.BodyMeasurementService - Fetching measurements for UserID=1
2025-06-05 08:56:18 [http-nio-8080-exec-8] TRACE o.s.t.i.TransactionInterceptor - No need to create transaction for [org.springframework.data.jpa.repository.support.SimpleJpaRepository.findByUserOrderByDateTimeDesc]: This method is not transactional.
2025-06-05 08:56:18 [http-nio-8080-exec-8] DEBUG org.hibernate.SQL - 
    select
        bm1_0.id,
        bm1_0.date_time,
        bm1_0.notes,
        bm1_0.user_id,
        bm1_0.weight 
    from
        body_measurement bm1_0 
    where
        bm1_0.user_id=? 
    order by
        bm1_0.date_time desc
2025-06-05 08:56:18 [http-nio-8080-exec-8] INFO  c.a.f.service.BodyMeasurementService - Found 14 measurements for UserID=1
2025-06-05 08:56:18 [http-nio-8080-exec-8] DEBUG c.a.fitrack.service.AnalyticsService - Setting currentUserWeight from User object: 67.5
2025-06-05 08:56:18 [http-nio-8080-exec-8] TRACE o.s.t.i.TransactionInterceptor - No need to create transaction for [org.springframework.data.jpa.repository.support.SimpleJpaRepository.findByUserAndDateTimeBetween]: This method is not transactional.
2025-06-05 08:56:18 [http-nio-8080-exec-8] DEBUG org.hibernate.SQL - 
    select
        distinct m1_0.id,
        m1_0.date_time,
        fi1_0.meal_id,
        fi1_0.id,
        fi1_0.calories,
        fi1_0.carbs,
        fi1_0.fat,
        fi1_0.food_item,
        fi1_0.other_unit,
        fi1_0.protein,
        fi1_0.quantity,
        fi1_0.unit,
        m1_0.meal_name,
        m1_0.user_id 
    from
        meal m1_0 
    left join
        meal_food_item fi1_0 
            on m1_0.id=fi1_0.meal_id 
    where
        m1_0.user_id=? 
        and m1_0.date_time between ? and ?
2025-06-05 08:56:18 [http-nio-8080-exec-8] TRACE o.s.t.i.TransactionInterceptor - No need to create transaction for [org.springframework.data.jpa.repository.support.SimpleJpaRepository.findByUserAndCompletedAtBetween]: This method is not transactional.
2025-06-05 08:56:18 [http-nio-8080-exec-8] DEBUG org.hibernate.SQL - 
    select
        wl1_0.id,
        wl1_0.burned_calories,
        wl1_0.completed_at,
        wl1_0.duration,
        wl1_0.user_id,
        wl1_0.workout_name,
        wl1_0.workout_type 
    from
        workout_log wl1_0 
    where
        wl1_0.user_id=? 
        and wl1_0.completed_at between ? and ?
2025-06-05 08:56:18 [http-nio-8080-exec-8] DEBUG o.s.orm.jpa.JpaTransactionManager - Found thread-bound EntityManager [SessionImpl(1795665701<open>)] for JPA transaction
2025-06-05 08:56:18 [http-nio-8080-exec-8] DEBUG o.s.orm.jpa.JpaTransactionManager - Creating new transaction with name [com.app.fitrack.service.UserService.calculateDynamicActivityFactor]: PROPAGATION_REQUIRED,ISOLATION_DEFAULT
2025-06-05 08:56:18 [http-nio-8080-exec-8] DEBUG o.s.orm.jpa.JpaTransactionManager - Exposing JPA transaction as JDBC [org.springframework.orm.jpa.vendor.HibernateJpaDialect$HibernateConnectionHandle@2cf5bade]
2025-06-05 08:56:18 [http-nio-8080-exec-8] TRACE o.s.t.i.TransactionInterceptor - Getting transaction for [com.app.fitrack.service.UserService.calculateDynamicActivityFactor]
2025-06-05 08:56:18 [http-nio-8080-exec-8] TRACE o.s.t.i.TransactionInterceptor - No need to create transaction for [org.springframework.data.jpa.repository.support.SimpleJpaRepository.findByUserAndCompletedAtBetween]: This method is not transactional.
2025-06-05 08:56:18 [http-nio-8080-exec-8] DEBUG org.hibernate.SQL - 
    select
        wl1_0.id,
        wl1_0.burned_calories,
        wl1_0.completed_at,
        wl1_0.duration,
        wl1_0.user_id,
        wl1_0.workout_name,
        wl1_0.workout_type 
    from
        workout_log wl1_0 
    where
        wl1_0.user_id=? 
        and wl1_0.completed_at between ? and ?
2025-06-05 08:56:18 [http-nio-8080-exec-8] TRACE o.s.t.i.TransactionInterceptor - Completing transaction for [com.app.fitrack.service.UserService.calculateDynamicActivityFactor]
2025-06-05 08:56:18 [http-nio-8080-exec-8] DEBUG o.s.orm.jpa.JpaTransactionManager - Initiating transaction commit
2025-06-05 08:56:18 [http-nio-8080-exec-8] DEBUG o.s.orm.jpa.JpaTransactionManager - Committing JPA transaction on EntityManager [SessionImpl(1795665701<open>)]
2025-06-05 08:56:18 [http-nio-8080-exec-8] DEBUG o.s.orm.jpa.JpaTransactionManager - Not closing pre-bound JPA EntityManager after transaction
2025-06-05 08:56:18 [http-nio-8080-exec-8] DEBUG o.s.orm.jpa.JpaTransactionManager - Found thread-bound EntityManager [SessionImpl(1795665701<open>)] for JPA transaction
2025-06-05 08:56:18 [http-nio-8080-exec-8] DEBUG o.s.orm.jpa.JpaTransactionManager - Creating new transaction with name [com.app.fitrack.service.UserService.calculateTDEE]: PROPAGATION_REQUIRED,ISOLATION_DEFAULT
2025-06-05 08:56:18 [http-nio-8080-exec-8] DEBUG o.s.orm.jpa.JpaTransactionManager - Exposing JPA transaction as JDBC [org.springframework.orm.jpa.vendor.HibernateJpaDialect$HibernateConnectionHandle@7c029de7]
2025-06-05 08:56:18 [http-nio-8080-exec-8] TRACE o.s.t.i.TransactionInterceptor - Getting transaction for [com.app.fitrack.service.UserService.calculateTDEE]
2025-06-05 08:56:18 [http-nio-8080-exec-8] TRACE o.s.t.i.TransactionInterceptor - Completing transaction for [com.app.fitrack.service.UserService.calculateTDEE]
2025-06-05 08:56:18 [http-nio-8080-exec-8] DEBUG o.s.orm.jpa.JpaTransactionManager - Initiating transaction commit
2025-06-05 08:56:18 [http-nio-8080-exec-8] DEBUG o.s.orm.jpa.JpaTransactionManager - Committing JPA transaction on EntityManager [SessionImpl(1795665701<open>)]
2025-06-05 08:56:18 [http-nio-8080-exec-8] DEBUG o.s.orm.jpa.JpaTransactionManager - Not closing pre-bound JPA EntityManager after transaction
2025-06-05 08:56:18 [http-nio-8080-exec-8] TRACE o.s.t.i.TransactionInterceptor - No need to create transaction for [org.springframework.data.jpa.repository.support.SimpleJpaRepository.findByUserAndDateTimeBetween]: This method is not transactional.
2025-06-05 08:56:18 [http-nio-8080-exec-8] DEBUG org.hibernate.SQL - 
    select
        distinct m1_0.id,
        m1_0.date_time,
        fi1_0.meal_id,
        fi1_0.id,
        fi1_0.calories,
        fi1_0.carbs,
        fi1_0.fat,
        fi1_0.food_item,
        fi1_0.other_unit,
        fi1_0.protein,
        fi1_0.quantity,
        fi1_0.unit,
        m1_0.meal_name,
        m1_0.user_id 
    from
        meal m1_0 
    left join
        meal_food_item fi1_0 
            on m1_0.id=fi1_0.meal_id 
    where
        m1_0.user_id=? 
        and m1_0.date_time between ? and ?
2025-06-05 08:56:18 [http-nio-8080-exec-8] TRACE o.s.t.i.TransactionInterceptor - No need to create transaction for [org.springframework.data.jpa.repository.support.SimpleJpaRepository.findByUserAndDateTimeBetween]: This method is not transactional.
2025-06-05 08:56:18 [http-nio-8080-exec-8] DEBUG org.hibernate.SQL - 
    select
        distinct m1_0.id,
        m1_0.date_time,
        fi1_0.meal_id,
        fi1_0.id,
        fi1_0.calories,
        fi1_0.carbs,
        fi1_0.fat,
        fi1_0.food_item,
        fi1_0.other_unit,
        fi1_0.protein,
        fi1_0.quantity,
        fi1_0.unit,
        m1_0.meal_name,
        m1_0.user_id 
    from
        meal m1_0 
    left join
        meal_food_item fi1_0 
            on m1_0.id=fi1_0.meal_id 
    where
        m1_0.user_id=? 
        and m1_0.date_time between ? and ?
2025-06-05 08:56:18 [http-nio-8080-exec-8] TRACE o.s.t.i.TransactionInterceptor - No need to create transaction for [org.springframework.data.jpa.repository.support.SimpleJpaRepository.findByUserAndDateTimeBetween]: This method is not transactional.
2025-06-05 08:56:18 [http-nio-8080-exec-8] DEBUG org.hibernate.SQL - 
    select
        distinct m1_0.id,
        m1_0.date_time,
        fi1_0.meal_id,
        fi1_0.id,
        fi1_0.calories,
        fi1_0.carbs,
        fi1_0.fat,
        fi1_0.food_item,
        fi1_0.other_unit,
        fi1_0.protein,
        fi1_0.quantity,
        fi1_0.unit,
        m1_0.meal_name,
        m1_0.user_id 
    from
        meal m1_0 
    left join
        meal_food_item fi1_0 
            on m1_0.id=fi1_0.meal_id 
    where
        m1_0.user_id=? 
        and m1_0.date_time between ? and ?
2025-06-05 08:56:18 [http-nio-8080-exec-8] TRACE o.s.t.i.TransactionInterceptor - No need to create transaction for [org.springframework.data.jpa.repository.support.SimpleJpaRepository.findByUserAndCompletedAtBetween]: This method is not transactional.
2025-06-05 08:56:18 [http-nio-8080-exec-8] DEBUG org.hibernate.SQL - 
    select
        wl1_0.id,
        wl1_0.burned_calories,
        wl1_0.completed_at,
        wl1_0.duration,
        wl1_0.user_id,
        wl1_0.workout_name,
        wl1_0.workout_type 
    from
        workout_log wl1_0 
    where
        wl1_0.user_id=? 
        and wl1_0.completed_at between ? and ?
2025-06-05 08:56:18 [http-nio-8080-exec-8] DEBUG c.a.fitrack.service.AnalyticsService - Populating workout frequency data for user: charlenedilig@gmail.com from 2025-03-07T08:56:18.429598800 to 2025-06-05T08:56:18.429598800
2025-06-05 08:56:18 [http-nio-8080-exec-8] TRACE o.s.t.i.TransactionInterceptor - No need to create transaction for [org.springframework.data.jpa.repository.support.SimpleJpaRepository.findByUserAndCompletedAtBetween]: This method is not transactional.
2025-06-05 08:56:18 [http-nio-8080-exec-8] DEBUG org.hibernate.SQL - 
    select
        wl1_0.id,
        wl1_0.burned_calories,
        wl1_0.completed_at,
        wl1_0.duration,
        wl1_0.user_id,
        wl1_0.workout_name,
        wl1_0.workout_type 
    from
        workout_log wl1_0 
    where
        wl1_0.user_id=? 
        and wl1_0.completed_at between ? and ?
2025-06-05 08:56:18 [http-nio-8080-exec-8] DEBUG c.a.fitrack.service.AnalyticsService - Workout type frequency map: {FLEXIBILITY=118, STRENGTH=54, HIIT=24}
2025-06-05 08:56:18 [http-nio-8080-exec-8] DEBUG c.a.f.service.BodyMeasurementService - Calculated current BMI: 30.4040358542408 for Weight=67.5, Height=149.0
2025-06-05 08:56:18 [http-nio-8080-exec-8] TRACE o.s.t.i.TransactionInterceptor - No need to create transaction for [org.springframework.data.jpa.repository.support.SimpleJpaRepository.countByUser]: This method is not transactional.
2025-06-05 08:56:18 [http-nio-8080-exec-8] DEBUG org.hibernate.SQL - 
    select
        count(m1_0.id) 
    from
        meal m1_0 
    where
        m1_0.user_id=?
2025-06-05 08:56:18 [http-nio-8080-exec-8] TRACE o.s.t.i.TransactionInterceptor - No need to create transaction for [org.springframework.data.jpa.repository.support.SimpleJpaRepository.countByUser]: This method is not transactional.
2025-06-05 08:56:18 [http-nio-8080-exec-8] DEBUG org.hibernate.SQL - 
    select
        count(wl1_0.id) 
    from
        workout_log wl1_0 
    where
        wl1_0.user_id=?
2025-06-05 08:56:18 [http-nio-8080-exec-8] DEBUG c.a.fitrack.service.AnalyticsService - Set newUserActivity to: false (noMealLogs: false, noWorkoutLogs: false) for user: charlenedilig@gmail.com
2025-06-05 08:56:18 [http-nio-8080-exec-8] DEBUG c.a.fitrack.service.AnalyticsService - Returning AnalyticsPageDTO for user: charlenedilig@gmail.com
2025-06-05 08:56:18 [http-nio-8080-exec-8] DEBUG c.a.f.controller.AnalyticsController - AnalyticsData DTO retrieved. FullName from DTO: charlene dilig
2025-06-05 08:56:18 [http-nio-8080-exec-8] DEBUG c.a.f.controller.AnalyticsController - Added analyticsData and user to model for view.
2025-06-05 08:56:18 [http-nio-8080-exec-8] DEBUG o.s.w.s.v.ContentNegotiatingViewResolver - Selected 'text/html' given [text/html, application/xhtml+xml, application/xml;q=0.9, */*;q=0.8]
2025-06-05 08:56:18 [http-nio-8080-exec-9] DEBUG o.s.security.web.FilterChainProxy - Securing GET /styles/css/Fitrack.css
2025-06-05 08:56:18 [http-nio-8080-exec-9] DEBUG o.s.security.web.FilterChainProxy - Secured GET /styles/css/Fitrack.css
2025-06-05 08:56:18 [http-nio-8080-exec-9] DEBUG o.s.web.servlet.DispatcherServlet - GET "/fitrack/styles/css/Fitrack.css", parameters={}
2025-06-05 08:56:18 [http-nio-8080-exec-9] DEBUG o.s.w.s.h.SimpleUrlHandlerMapping - Mapped to ResourceHttpRequestHandler [classpath [static/], URL [file:uploads/], ServletContext [/]]
2025-06-05 08:56:18 [http-nio-8080-exec-9] DEBUG o.s.o.j.s.OpenEntityManagerInViewInterceptor - Opening JPA EntityManager in OpenEntityManagerInViewInterceptor
2025-06-05 08:56:18 [http-nio-8080-exec-9] DEBUG o.s.o.j.s.OpenEntityManagerInViewInterceptor - Closing JPA EntityManager in OpenEntityManagerInViewInterceptor
2025-06-05 08:56:18 [http-nio-8080-exec-9] DEBUG o.s.web.servlet.DispatcherServlet - Completed 200 OK
2025-06-05 08:56:18 [http-nio-8080-exec-9] DEBUG o.s.s.w.c.HttpSessionSecurityContextRepository - Retrieved SecurityContextImpl [Authentication=UsernamePasswordAuthenticationToken [Principal=org.springframework.security.core.userdetails.User [Username=charlenedilig@gmail.com, Password=[PROTECTED], Enabled=true, AccountNonExpired=true, CredentialsNonExpired=true, AccountNonLocked=true, Granted Authorities=[ROLE_USER]], Credentials=[PROTECTED], Authenticated=true, Details=WebAuthenticationDetails [RemoteIpAddress=127.0.0.1, SessionId=461E86EE87CA6F9A8EB217445B7543D3], Granted Authorities=[ROLE_USER]]]
2025-06-05 08:56:18 [http-nio-8080-exec-10] DEBUG o.s.security.web.FilterChainProxy - Securing GET /styles/scripts/dashboard.js
2025-06-05 08:56:18 [http-nio-8080-exec-8] DEBUG o.s.o.j.s.OpenEntityManagerInViewInterceptor - Closing JPA EntityManager in OpenEntityManagerInViewInterceptor
2025-06-05 08:56:18 [http-nio-8080-exec-10] DEBUG o.s.security.web.FilterChainProxy - Secured GET /styles/scripts/dashboard.js
2025-06-05 08:56:18 [http-nio-8080-exec-10] DEBUG o.s.web.servlet.DispatcherServlet - GET "/fitrack/styles/scripts/dashboard.js", parameters={}
2025-06-05 08:56:18 [http-nio-8080-exec-1] DEBUG o.s.security.web.FilterChainProxy - Securing GET /styles/scripts/analytics.js
2025-06-05 08:56:18 [http-nio-8080-exec-8] DEBUG o.s.web.servlet.DispatcherServlet - Completed 200 OK
2025-06-05 08:56:18 [http-nio-8080-exec-10] DEBUG o.s.w.s.h.SimpleUrlHandlerMapping - Mapped to ResourceHttpRequestHandler [classpath [static/], URL [file:uploads/], ServletContext [/]]
2025-06-05 08:56:18 [http-nio-8080-exec-1] DEBUG o.s.security.web.FilterChainProxy - Secured GET /styles/scripts/analytics.js
2025-06-05 08:56:18 [http-nio-8080-exec-1] DEBUG o.s.web.servlet.DispatcherServlet - GET "/fitrack/styles/scripts/analytics.js", parameters={}
2025-06-05 08:56:18 [http-nio-8080-exec-10] DEBUG o.s.o.j.s.OpenEntityManagerInViewInterceptor - Opening JPA EntityManager in OpenEntityManagerInViewInterceptor
2025-06-05 08:56:18 [http-nio-8080-exec-1] DEBUG o.s.w.s.h.SimpleUrlHandlerMapping - Mapped to ResourceHttpRequestHandler [classpath [static/], URL [file:uploads/], ServletContext [/]]
2025-06-05 08:56:18 [http-nio-8080-exec-1] DEBUG o.s.o.j.s.OpenEntityManagerInViewInterceptor - Opening JPA EntityManager in OpenEntityManagerInViewInterceptor
2025-06-05 08:56:18 [http-nio-8080-exec-10] DEBUG o.s.o.j.s.OpenEntityManagerInViewInterceptor - Closing JPA EntityManager in OpenEntityManagerInViewInterceptor
2025-06-05 08:56:18 [http-nio-8080-exec-10] DEBUG o.s.web.servlet.DispatcherServlet - Completed 200 OK
2025-06-05 08:56:18 [http-nio-8080-exec-10] DEBUG o.s.s.w.c.HttpSessionSecurityContextRepository - Retrieved SecurityContextImpl [Authentication=UsernamePasswordAuthenticationToken [Principal=org.springframework.security.core.userdetails.User [Username=charlenedilig@gmail.com, Password=[PROTECTED], Enabled=true, AccountNonExpired=true, CredentialsNonExpired=true, AccountNonLocked=true, Granted Authorities=[ROLE_USER]], Credentials=[PROTECTED], Authenticated=true, Details=WebAuthenticationDetails [RemoteIpAddress=127.0.0.1, SessionId=461E86EE87CA6F9A8EB217445B7543D3], Granted Authorities=[ROLE_USER]]]
2025-06-05 08:56:18 [http-nio-8080-exec-1] DEBUG o.s.o.j.s.OpenEntityManagerInViewInterceptor - Closing JPA EntityManager in OpenEntityManagerInViewInterceptor
2025-06-05 08:56:18 [http-nio-8080-exec-1] DEBUG o.s.web.servlet.DispatcherServlet - Completed 200 OK
2025-06-05 08:56:18 [http-nio-8080-exec-1] DEBUG o.s.s.w.c.HttpSessionSecurityContextRepository - Retrieved SecurityContextImpl [Authentication=UsernamePasswordAuthenticationToken [Principal=org.springframework.security.core.userdetails.User [Username=charlenedilig@gmail.com, Password=[PROTECTED], Enabled=true, AccountNonExpired=true, CredentialsNonExpired=true, AccountNonLocked=true, Granted Authorities=[ROLE_USER]], Credentials=[PROTECTED], Authenticated=true, Details=WebAuthenticationDetails [RemoteIpAddress=127.0.0.1, SessionId=461E86EE87CA6F9A8EB217445B7543D3], Granted Authorities=[ROLE_USER]]]
2025-06-05 08:56:18 [http-nio-8080-exec-3] DEBUG o.s.security.web.FilterChainProxy - Securing POST /workouts/estimate-calories
2025-06-05 08:56:18 [http-nio-8080-exec-5] DEBUG o.s.security.web.FilterChainProxy - Securing POST /workouts/estimate-calories
2025-06-05 08:56:18 [http-nio-8080-exec-2] DEBUG o.s.security.web.FilterChainProxy - Securing POST /workouts/estimate-calories
2025-06-05 08:56:18 [http-nio-8080-exec-4] DEBUG o.s.security.web.FilterChainProxy - Securing POST /workouts/estimate-calories
2025-06-05 08:56:18 [http-nio-8080-exec-6] DEBUG o.s.security.web.FilterChainProxy - Securing POST /workouts/estimate-calories
2025-06-05 08:56:18 [http-nio-8080-exec-5] DEBUG o.s.s.w.c.HttpSessionSecurityContextRepository - Retrieved SecurityContextImpl [Authentication=UsernamePasswordAuthenticationToken [Principal=org.springframework.security.core.userdetails.User [Username=charlenedilig@gmail.com, Password=[PROTECTED], Enabled=true, AccountNonExpired=true, CredentialsNonExpired=true, AccountNonLocked=true, Granted Authorities=[ROLE_USER]], Credentials=[PROTECTED], Authenticated=true, Details=WebAuthenticationDetails [RemoteIpAddress=127.0.0.1, SessionId=461E86EE87CA6F9A8EB217445B7543D3], Granted Authorities=[ROLE_USER]]]
2025-06-05 08:56:18 [http-nio-8080-exec-4] DEBUG o.s.s.w.c.HttpSessionSecurityContextRepository - Retrieved SecurityContextImpl [Authentication=UsernamePasswordAuthenticationToken [Principal=org.springframework.security.core.userdetails.User [Username=charlenedilig@gmail.com, Password=[PROTECTED], Enabled=true, AccountNonExpired=true, CredentialsNonExpired=true, AccountNonLocked=true, Granted Authorities=[ROLE_USER]], Credentials=[PROTECTED], Authenticated=true, Details=WebAuthenticationDetails [RemoteIpAddress=127.0.0.1, SessionId=461E86EE87CA6F9A8EB217445B7543D3], Granted Authorities=[ROLE_USER]]]
2025-06-05 08:56:18 [http-nio-8080-exec-2] DEBUG o.s.s.w.c.HttpSessionSecurityContextRepository - Retrieved SecurityContextImpl [Authentication=UsernamePasswordAuthenticationToken [Principal=org.springframework.security.core.userdetails.User [Username=charlenedilig@gmail.com, Password=[PROTECTED], Enabled=true, AccountNonExpired=true, CredentialsNonExpired=true, AccountNonLocked=true, Granted Authorities=[ROLE_USER]], Credentials=[PROTECTED], Authenticated=true, Details=WebAuthenticationDetails [RemoteIpAddress=127.0.0.1, SessionId=461E86EE87CA6F9A8EB217445B7543D3], Granted Authorities=[ROLE_USER]]]
2025-06-05 08:56:18 [http-nio-8080-exec-3] DEBUG o.s.s.w.c.HttpSessionSecurityContextRepository - Retrieved SecurityContextImpl [Authentication=UsernamePasswordAuthenticationToken [Principal=org.springframework.security.core.userdetails.User [Username=charlenedilig@gmail.com, Password=[PROTECTED], Enabled=true, AccountNonExpired=true, CredentialsNonExpired=true, AccountNonLocked=true, Granted Authorities=[ROLE_USER]], Credentials=[PROTECTED], Authenticated=true, Details=WebAuthenticationDetails [RemoteIpAddress=127.0.0.1, SessionId=461E86EE87CA6F9A8EB217445B7543D3], Granted Authorities=[ROLE_USER]]]
2025-06-05 08:56:18 [http-nio-8080-exec-7] DEBUG o.s.security.web.FilterChainProxy - Securing POST /workouts/estimate-calories
2025-06-05 08:56:18 [http-nio-8080-exec-5] DEBUG o.s.security.web.FilterChainProxy - Secured POST /workouts/estimate-calories
2025-06-05 08:56:18 [http-nio-8080-exec-6] DEBUG o.s.s.w.c.HttpSessionSecurityContextRepository - Retrieved SecurityContextImpl [Authentication=UsernamePasswordAuthenticationToken [Principal=org.springframework.security.core.userdetails.User [Username=charlenedilig@gmail.com, Password=[PROTECTED], Enabled=true, AccountNonExpired=true, CredentialsNonExpired=true, AccountNonLocked=true, Granted Authorities=[ROLE_USER]], Credentials=[PROTECTED], Authenticated=true, Details=WebAuthenticationDetails [RemoteIpAddress=127.0.0.1, SessionId=461E86EE87CA6F9A8EB217445B7543D3], Granted Authorities=[ROLE_USER]]]
2025-06-05 08:56:18 [http-nio-8080-exec-4] DEBUG o.s.security.web.FilterChainProxy - Secured POST /workouts/estimate-calories
2025-06-05 08:56:18 [http-nio-8080-exec-2] DEBUG o.s.security.web.FilterChainProxy - Secured POST /workouts/estimate-calories
2025-06-05 08:56:18 [http-nio-8080-exec-3] DEBUG o.s.security.web.FilterChainProxy - Secured POST /workouts/estimate-calories
2025-06-05 08:56:18 [http-nio-8080-exec-5] DEBUG o.s.web.servlet.DispatcherServlet - POST "/fitrack/workouts/estimate-calories", parameters={}
2025-06-05 08:56:18 [http-nio-8080-exec-4] DEBUG o.s.web.servlet.DispatcherServlet - POST "/fitrack/workouts/estimate-calories", parameters={}
2025-06-05 08:56:18 [http-nio-8080-exec-7] DEBUG o.s.s.w.c.HttpSessionSecurityContextRepository - Retrieved SecurityContextImpl [Authentication=UsernamePasswordAuthenticationToken [Principal=org.springframework.security.core.userdetails.User [Username=charlenedilig@gmail.com, Password=[PROTECTED], Enabled=true, AccountNonExpired=true, CredentialsNonExpired=true, AccountNonLocked=true, Granted Authorities=[ROLE_USER]], Credentials=[PROTECTED], Authenticated=true, Details=WebAuthenticationDetails [RemoteIpAddress=127.0.0.1, SessionId=461E86EE87CA6F9A8EB217445B7543D3], Granted Authorities=[ROLE_USER]]]
2025-06-05 08:56:18 [http-nio-8080-exec-2] DEBUG o.s.web.servlet.DispatcherServlet - POST "/fitrack/workouts/estimate-calories", parameters={}
2025-06-05 08:56:18 [http-nio-8080-exec-6] DEBUG o.s.security.web.FilterChainProxy - Secured POST /workouts/estimate-calories
2025-06-05 08:56:18 [http-nio-8080-exec-3] DEBUG o.s.web.servlet.DispatcherServlet - POST "/fitrack/workouts/estimate-calories", parameters={}
2025-06-05 08:56:18 [http-nio-8080-exec-5] DEBUG o.s.w.s.m.m.a.RequestMappingHandlerMapping - Mapped to com.app.fitrack.controller.WorkoutController#estimateCalories(Map)
2025-06-05 08:56:18 [http-nio-8080-exec-4] DEBUG o.s.w.s.m.m.a.RequestMappingHandlerMapping - Mapped to com.app.fitrack.controller.WorkoutController#estimateCalories(Map)
2025-06-05 08:56:18 [http-nio-8080-exec-7] DEBUG o.s.security.web.FilterChainProxy - Secured POST /workouts/estimate-calories
2025-06-05 08:56:18 [http-nio-8080-exec-2] DEBUG o.s.w.s.m.m.a.RequestMappingHandlerMapping - Mapped to com.app.fitrack.controller.WorkoutController#estimateCalories(Map)
2025-06-05 08:56:18 [http-nio-8080-exec-6] DEBUG o.s.web.servlet.DispatcherServlet - POST "/fitrack/workouts/estimate-calories", parameters={}
2025-06-05 08:56:18 [http-nio-8080-exec-3] DEBUG o.s.w.s.m.m.a.RequestMappingHandlerMapping - Mapped to com.app.fitrack.controller.WorkoutController#estimateCalories(Map)
2025-06-05 08:56:18 [http-nio-8080-exec-6] DEBUG o.s.w.s.m.m.a.RequestMappingHandlerMapping - Mapped to com.app.fitrack.controller.WorkoutController#estimateCalories(Map)
2025-06-05 08:56:18 [http-nio-8080-exec-5] DEBUG o.s.o.j.s.OpenEntityManagerInViewInterceptor - Opening JPA EntityManager in OpenEntityManagerInViewInterceptor
2025-06-05 08:56:18 [http-nio-8080-exec-4] DEBUG o.s.o.j.s.OpenEntityManagerInViewInterceptor - Opening JPA EntityManager in OpenEntityManagerInViewInterceptor
2025-06-05 08:56:18 [http-nio-8080-exec-7] DEBUG o.s.web.servlet.DispatcherServlet - POST "/fitrack/workouts/estimate-calories", parameters={}
2025-06-05 08:56:18 [http-nio-8080-exec-2] DEBUG o.s.o.j.s.OpenEntityManagerInViewInterceptor - Opening JPA EntityManager in OpenEntityManagerInViewInterceptor
2025-06-05 08:56:18 [http-nio-8080-exec-3] DEBUG o.s.o.j.s.OpenEntityManagerInViewInterceptor - Opening JPA EntityManager in OpenEntityManagerInViewInterceptor
2025-06-05 08:56:18 [http-nio-8080-exec-6] DEBUG o.s.o.j.s.OpenEntityManagerInViewInterceptor - Opening JPA EntityManager in OpenEntityManagerInViewInterceptor
2025-06-05 08:56:18 [http-nio-8080-exec-7] DEBUG o.s.w.s.m.m.a.RequestMappingHandlerMapping - Mapped to com.app.fitrack.controller.WorkoutController#estimateCalories(Map)
2025-06-05 08:56:18 [http-nio-8080-exec-7] DEBUG o.s.o.j.s.OpenEntityManagerInViewInterceptor - Opening JPA EntityManager in OpenEntityManagerInViewInterceptor
2025-06-05 08:56:18 [http-nio-8080-exec-5] DEBUG o.s.w.s.m.m.a.RequestResponseBodyMethodProcessor - Read "application/json;charset=UTF-8" to [{workoutName=Cycling, duration=30}]
2025-06-05 08:56:18 [http-nio-8080-exec-4] DEBUG o.s.w.s.m.m.a.RequestResponseBodyMethodProcessor - Read "application/json;charset=UTF-8" to [{workoutName=Push-ups, duration=15}]
2025-06-05 08:56:18 [http-nio-8080-exec-2] DEBUG o.s.w.s.m.m.a.RequestResponseBodyMethodProcessor - Read "application/json;charset=UTF-8" to [{workoutName=Brisk Walking, duration=30}]
2025-06-05 08:56:18 [http-nio-8080-exec-3] DEBUG o.s.w.s.m.m.a.RequestResponseBodyMethodProcessor - Read "application/json;charset=UTF-8" to [{workoutName=Running, duration=20}]
2025-06-05 08:56:18 [http-nio-8080-exec-7] DEBUG o.s.w.s.m.m.a.RequestResponseBodyMethodProcessor - Read "application/json;charset=UTF-8" to [{workoutName=Bench Press, duration=20}]
2025-06-05 08:56:18 [http-nio-8080-exec-6] DEBUG o.s.w.s.m.m.a.RequestResponseBodyMethodProcessor - Read "application/json;charset=UTF-8" to [{workoutName=Lunges, duration=15}]
2025-06-05 08:56:18 [http-nio-8080-exec-2] DEBUG o.s.orm.jpa.JpaTransactionManager - Found thread-bound EntityManager [SessionImpl(178506386<open>)] for JPA transaction
2025-06-05 08:56:18 [http-nio-8080-exec-4] DEBUG o.s.orm.jpa.JpaTransactionManager - Found thread-bound EntityManager [SessionImpl(807662518<open>)] for JPA transaction
2025-06-05 08:56:18 [http-nio-8080-exec-5] DEBUG o.s.orm.jpa.JpaTransactionManager - Found thread-bound EntityManager [SessionImpl(1431577794<open>)] for JPA transaction
2025-06-05 08:56:18 [http-nio-8080-exec-7] DEBUG o.s.orm.jpa.JpaTransactionManager - Found thread-bound EntityManager [SessionImpl(768410791<open>)] for JPA transaction
2025-06-05 08:56:18 [http-nio-8080-exec-3] DEBUG o.s.orm.jpa.JpaTransactionManager - Found thread-bound EntityManager [SessionImpl(1687530243<open>)] for JPA transaction
2025-06-05 08:56:18 [http-nio-8080-exec-6] DEBUG o.s.orm.jpa.JpaTransactionManager - Found thread-bound EntityManager [SessionImpl(567825563<open>)] for JPA transaction
2025-06-05 08:56:18 [http-nio-8080-exec-2] DEBUG o.s.orm.jpa.JpaTransactionManager - Creating new transaction with name [com.app.fitrack.service.UserService.getAuthenticatedUser]: PROPAGATION_REQUIRED,ISOLATION_DEFAULT
2025-06-05 08:56:18 [http-nio-8080-exec-4] DEBUG o.s.orm.jpa.JpaTransactionManager - Creating new transaction with name [com.app.fitrack.service.UserService.getAuthenticatedUser]: PROPAGATION_REQUIRED,ISOLATION_DEFAULT
2025-06-05 08:56:18 [http-nio-8080-exec-5] DEBUG o.s.orm.jpa.JpaTransactionManager - Creating new transaction with name [com.app.fitrack.service.UserService.getAuthenticatedUser]: PROPAGATION_REQUIRED,ISOLATION_DEFAULT
2025-06-05 08:56:18 [http-nio-8080-exec-7] DEBUG o.s.orm.jpa.JpaTransactionManager - Creating new transaction with name [com.app.fitrack.service.UserService.getAuthenticatedUser]: PROPAGATION_REQUIRED,ISOLATION_DEFAULT
2025-06-05 08:56:18 [http-nio-8080-exec-3] DEBUG o.s.orm.jpa.JpaTransactionManager - Creating new transaction with name [com.app.fitrack.service.UserService.getAuthenticatedUser]: PROPAGATION_REQUIRED,ISOLATION_DEFAULT
2025-06-05 08:56:18 [http-nio-8080-exec-6] DEBUG o.s.orm.jpa.JpaTransactionManager - Creating new transaction with name [com.app.fitrack.service.UserService.getAuthenticatedUser]: PROPAGATION_REQUIRED,ISOLATION_DEFAULT
2025-06-05 08:56:18 [http-nio-8080-exec-2] DEBUG o.s.orm.jpa.JpaTransactionManager - Exposing JPA transaction as JDBC [org.springframework.orm.jpa.vendor.HibernateJpaDialect$HibernateConnectionHandle@29909ed8]
2025-06-05 08:56:18 [http-nio-8080-exec-4] DEBUG o.s.orm.jpa.JpaTransactionManager - Exposing JPA transaction as JDBC [org.springframework.orm.jpa.vendor.HibernateJpaDialect$HibernateConnectionHandle@5880f30b]
2025-06-05 08:56:18 [http-nio-8080-exec-5] DEBUG o.s.orm.jpa.JpaTransactionManager - Exposing JPA transaction as JDBC [org.springframework.orm.jpa.vendor.HibernateJpaDialect$HibernateConnectionHandle@56d48fa8]
2025-06-05 08:56:18 [http-nio-8080-exec-7] DEBUG o.s.orm.jpa.JpaTransactionManager - Exposing JPA transaction as JDBC [org.springframework.orm.jpa.vendor.HibernateJpaDialect$HibernateConnectionHandle@2926afaa]
2025-06-05 08:56:18 [http-nio-8080-exec-2] TRACE o.s.t.i.TransactionInterceptor - Getting transaction for [com.app.fitrack.service.UserService.getAuthenticatedUser]
2025-06-05 08:56:18 [http-nio-8080-exec-3] DEBUG o.s.orm.jpa.JpaTransactionManager - Exposing JPA transaction as JDBC [org.springframework.orm.jpa.vendor.HibernateJpaDialect$HibernateConnectionHandle@554b5449]
2025-06-05 08:56:18 [http-nio-8080-exec-4] TRACE o.s.t.i.TransactionInterceptor - Getting transaction for [com.app.fitrack.service.UserService.getAuthenticatedUser]
2025-06-05 08:56:18 [http-nio-8080-exec-5] TRACE o.s.t.i.TransactionInterceptor - Getting transaction for [com.app.fitrack.service.UserService.getAuthenticatedUser]
2025-06-05 08:56:18 [http-nio-8080-exec-6] DEBUG o.s.orm.jpa.JpaTransactionManager - Exposing JPA transaction as JDBC [org.springframework.orm.jpa.vendor.HibernateJpaDialect$HibernateConnectionHandle@5148a4c4]
2025-06-05 08:56:18 [http-nio-8080-exec-7] TRACE o.s.t.i.TransactionInterceptor - Getting transaction for [com.app.fitrack.service.UserService.getAuthenticatedUser]
2025-06-05 08:56:18 [http-nio-8080-exec-2] TRACE o.s.t.i.TransactionInterceptor - No need to create transaction for [org.springframework.data.jpa.repository.support.SimpleJpaRepository.findByEmail]: This method is not transactional.
2025-06-05 08:56:18 [http-nio-8080-exec-3] TRACE o.s.t.i.TransactionInterceptor - Getting transaction for [com.app.fitrack.service.UserService.getAuthenticatedUser]
2025-06-05 08:56:18 [http-nio-8080-exec-4] TRACE o.s.t.i.TransactionInterceptor - No need to create transaction for [org.springframework.data.jpa.repository.support.SimpleJpaRepository.findByEmail]: This method is not transactional.
2025-06-05 08:56:18 [http-nio-8080-exec-5] TRACE o.s.t.i.TransactionInterceptor - No need to create transaction for [org.springframework.data.jpa.repository.support.SimpleJpaRepository.findByEmail]: This method is not transactional.
2025-06-05 08:56:18 [http-nio-8080-exec-6] TRACE o.s.t.i.TransactionInterceptor - Getting transaction for [com.app.fitrack.service.UserService.getAuthenticatedUser]
2025-06-05 08:56:18 [http-nio-8080-exec-5] DEBUG org.hibernate.SQL - 
    select
        u1_0.id,
        u1_0.age,
        u1_0.email,
        u1_0.email_change_code,
        u1_0.email_change_code_expiry,
        u1_0.firstname,
        u1_0.gender,
        u1_0.height,
        u1_0.lastname,
        u1_0.password,
        u1_0.pending_email,
        u1_0.profile_picture,
        u1_0.verified,
        u1_0.weight 
    from
        users u1_0 
    where
        u1_0.email=?
2025-06-05 08:56:18 [http-nio-8080-exec-7] TRACE o.s.t.i.TransactionInterceptor - No need to create transaction for [org.springframework.data.jpa.repository.support.SimpleJpaRepository.findByEmail]: This method is not transactional.
2025-06-05 08:56:18 [http-nio-8080-exec-3] TRACE o.s.t.i.TransactionInterceptor - No need to create transaction for [org.springframework.data.jpa.repository.support.SimpleJpaRepository.findByEmail]: This method is not transactional.
2025-06-05 08:56:18 [http-nio-8080-exec-2] DEBUG org.hibernate.SQL - 
    select
        u1_0.id,
        u1_0.age,
        u1_0.email,
        u1_0.email_change_code,
        u1_0.email_change_code_expiry,
        u1_0.firstname,
        u1_0.gender,
        u1_0.height,
        u1_0.lastname,
        u1_0.password,
        u1_0.pending_email,
        u1_0.profile_picture,
        u1_0.verified,
        u1_0.weight 
    from
        users u1_0 
    where
        u1_0.email=?
2025-06-05 08:56:18 [http-nio-8080-exec-4] DEBUG org.hibernate.SQL - 
    select
        u1_0.id,
        u1_0.age,
        u1_0.email,
        u1_0.email_change_code,
        u1_0.email_change_code_expiry,
        u1_0.firstname,
        u1_0.gender,
        u1_0.height,
        u1_0.lastname,
        u1_0.password,
        u1_0.pending_email,
        u1_0.profile_picture,
        u1_0.verified,
        u1_0.weight 
    from
        users u1_0 
    where
        u1_0.email=?
2025-06-05 08:56:18 [http-nio-8080-exec-6] TRACE o.s.t.i.TransactionInterceptor - No need to create transaction for [org.springframework.data.jpa.repository.support.SimpleJpaRepository.findByEmail]: This method is not transactional.
2025-06-05 08:56:18 [http-nio-8080-exec-7] DEBUG org.hibernate.SQL - 
    select
        u1_0.id,
        u1_0.age,
        u1_0.email,
        u1_0.email_change_code,
        u1_0.email_change_code_expiry,
        u1_0.firstname,
        u1_0.gender,
        u1_0.height,
        u1_0.lastname,
        u1_0.password,
        u1_0.pending_email,
        u1_0.profile_picture,
        u1_0.verified,
        u1_0.weight 
    from
        users u1_0 
    where
        u1_0.email=?
2025-06-05 08:56:18 [http-nio-8080-exec-3] DEBUG org.hibernate.SQL - 
    select
        u1_0.id,
        u1_0.age,
        u1_0.email,
        u1_0.email_change_code,
        u1_0.email_change_code_expiry,
        u1_0.firstname,
        u1_0.gender,
        u1_0.height,
        u1_0.lastname,
        u1_0.password,
        u1_0.pending_email,
        u1_0.profile_picture,
        u1_0.verified,
        u1_0.weight 
    from
        users u1_0 
    where
        u1_0.email=?
2025-06-05 08:56:18 [http-nio-8080-exec-5] TRACE o.s.t.i.TransactionInterceptor - Completing transaction for [com.app.fitrack.service.UserService.getAuthenticatedUser]
2025-06-05 08:56:18 [http-nio-8080-exec-6] DEBUG org.hibernate.SQL - 
    select
        u1_0.id,
        u1_0.age,
        u1_0.email,
        u1_0.email_change_code,
        u1_0.email_change_code_expiry,
        u1_0.firstname,
        u1_0.gender,
        u1_0.height,
        u1_0.lastname,
        u1_0.password,
        u1_0.pending_email,
        u1_0.profile_picture,
        u1_0.verified,
        u1_0.weight 
    from
        users u1_0 
    where
        u1_0.email=?
2025-06-05 08:56:18 [http-nio-8080-exec-2] TRACE o.s.t.i.TransactionInterceptor - Completing transaction for [com.app.fitrack.service.UserService.getAuthenticatedUser]
2025-06-05 08:56:18 [http-nio-8080-exec-4] TRACE o.s.t.i.TransactionInterceptor - Completing transaction for [com.app.fitrack.service.UserService.getAuthenticatedUser]
2025-06-05 08:56:18 [http-nio-8080-exec-5] DEBUG o.s.orm.jpa.JpaTransactionManager - Initiating transaction commit
2025-06-05 08:56:18 [http-nio-8080-exec-7] TRACE o.s.t.i.TransactionInterceptor - Completing transaction for [com.app.fitrack.service.UserService.getAuthenticatedUser]
2025-06-05 08:56:18 [http-nio-8080-exec-3] TRACE o.s.t.i.TransactionInterceptor - Completing transaction for [com.app.fitrack.service.UserService.getAuthenticatedUser]
2025-06-05 08:56:18 [http-nio-8080-exec-2] DEBUG o.s.orm.jpa.JpaTransactionManager - Initiating transaction commit
2025-06-05 08:56:18 [http-nio-8080-exec-4] DEBUG o.s.orm.jpa.JpaTransactionManager - Initiating transaction commit
2025-06-05 08:56:18 [http-nio-8080-exec-5] DEBUG o.s.orm.jpa.JpaTransactionManager - Committing JPA transaction on EntityManager [SessionImpl(1431577794<open>)]
2025-06-05 08:56:18 [http-nio-8080-exec-7] DEBUG o.s.orm.jpa.JpaTransactionManager - Initiating transaction commit
2025-06-05 08:56:18 [http-nio-8080-exec-3] DEBUG o.s.orm.jpa.JpaTransactionManager - Initiating transaction commit
2025-06-05 08:56:18 [http-nio-8080-exec-2] DEBUG o.s.orm.jpa.JpaTransactionManager - Committing JPA transaction on EntityManager [SessionImpl(178506386<open>)]
2025-06-05 08:56:18 [http-nio-8080-exec-4] DEBUG o.s.orm.jpa.JpaTransactionManager - Committing JPA transaction on EntityManager [SessionImpl(807662518<open>)]
2025-06-05 08:56:18 [http-nio-8080-exec-7] DEBUG o.s.orm.jpa.JpaTransactionManager - Committing JPA transaction on EntityManager [SessionImpl(768410791<open>)]
2025-06-05 08:56:18 [http-nio-8080-exec-6] TRACE o.s.t.i.TransactionInterceptor - Completing transaction for [com.app.fitrack.service.UserService.getAuthenticatedUser]
2025-06-05 08:56:18 [http-nio-8080-exec-3] DEBUG o.s.orm.jpa.JpaTransactionManager - Committing JPA transaction on EntityManager [SessionImpl(1687530243<open>)]
2025-06-05 08:56:18 [http-nio-8080-exec-5] DEBUG o.s.orm.jpa.JpaTransactionManager - Not closing pre-bound JPA EntityManager after transaction
2025-06-05 08:56:18 [http-nio-8080-exec-6] DEBUG o.s.orm.jpa.JpaTransactionManager - Initiating transaction commit
2025-06-05 08:56:18 [http-nio-8080-exec-4] DEBUG o.s.orm.jpa.JpaTransactionManager - Not closing pre-bound JPA EntityManager after transaction
2025-06-05 08:56:18 [http-nio-8080-exec-7] DEBUG o.s.orm.jpa.JpaTransactionManager - Not closing pre-bound JPA EntityManager after transaction
2025-06-05 08:56:18 [http-nio-8080-exec-2] DEBUG o.s.orm.jpa.JpaTransactionManager - Not closing pre-bound JPA EntityManager after transaction
2025-06-05 08:56:18 [http-nio-8080-exec-6] DEBUG o.s.orm.jpa.JpaTransactionManager - Committing JPA transaction on EntityManager [SessionImpl(567825563<open>)]
2025-06-05 08:56:18 [http-nio-8080-exec-5] INFO  c.a.f.service.NutritionixService - Sending request to Nutritionix for exercise calorie estimation:
2025-06-05 08:56:18 [http-nio-8080-exec-4] INFO  c.a.f.service.NutritionixService - Sending request to Nutritionix for exercise calorie estimation:
2025-06-05 08:56:18 [http-nio-8080-exec-3] DEBUG o.s.orm.jpa.JpaTransactionManager - Not closing pre-bound JPA EntityManager after transaction
2025-06-05 08:56:18 [http-nio-8080-exec-7] INFO  c.a.f.service.NutritionixService - Sending request to Nutritionix for exercise calorie estimation:
2025-06-05 08:56:18 [http-nio-8080-exec-2] INFO  c.a.f.service.NutritionixService - Sending request to Nutritionix for exercise calorie estimation:
2025-06-05 08:56:18 [http-nio-8080-exec-5] INFO  c.a.f.service.NutritionixService - URL: https://trackapi.nutritionix.com/v2/natural/exercise
2025-06-05 08:56:18 [http-nio-8080-exec-4] INFO  c.a.f.service.NutritionixService - URL: https://trackapi.nutritionix.com/v2/natural/exercise
2025-06-05 08:56:18 [http-nio-8080-exec-3] INFO  c.a.f.service.NutritionixService - Sending request to Nutritionix for exercise calorie estimation:
2025-06-05 08:56:18 [http-nio-8080-exec-7] INFO  c.a.f.service.NutritionixService - URL: https://trackapi.nutritionix.com/v2/natural/exercise
2025-06-05 08:56:18 [http-nio-8080-exec-6] DEBUG o.s.orm.jpa.JpaTransactionManager - Not closing pre-bound JPA EntityManager after transaction
2025-06-05 08:56:18 [http-nio-8080-exec-2] INFO  c.a.f.service.NutritionixService - URL: https://trackapi.nutritionix.com/v2/natural/exercise
2025-06-05 08:56:18 [http-nio-8080-exec-5] INFO  c.a.f.service.NutritionixService - Request Body: {weight_kg=67.5, gender=female, height_cm=149.0, query=30 minutes of Cycling, age=21}
2025-06-05 08:56:18 [http-nio-8080-exec-4] INFO  c.a.f.service.NutritionixService - Request Body: {weight_kg=67.5, gender=female, height_cm=149.0, query=15 minutes of Push-ups, age=21}
2025-06-05 08:56:18 [http-nio-8080-exec-3] INFO  c.a.f.service.NutritionixService - URL: https://trackapi.nutritionix.com/v2/natural/exercise
2025-06-05 08:56:18 [http-nio-8080-exec-7] INFO  c.a.f.service.NutritionixService - Request Body: {weight_kg=67.5, gender=female, height_cm=149.0, query=20 minutes of Bench Press, age=21}
2025-06-05 08:56:18 [http-nio-8080-exec-6] INFO  c.a.f.service.NutritionixService - Sending request to Nutritionix for exercise calorie estimation:
2025-06-05 08:56:18 [http-nio-8080-exec-2] INFO  c.a.f.service.NutritionixService - Request Body: {weight_kg=67.5, gender=female, height_cm=149.0, query=30 minutes of Brisk Walking, age=21}
2025-06-05 08:56:18 [http-nio-8080-exec-3] INFO  c.a.f.service.NutritionixService - Request Body: {weight_kg=67.5, gender=female, height_cm=149.0, query=20 minutes of Running, age=21}
2025-06-05 08:56:18 [http-nio-8080-exec-6] INFO  c.a.f.service.NutritionixService - URL: https://trackapi.nutritionix.com/v2/natural/exercise
2025-06-05 08:56:18 [http-nio-8080-exec-6] INFO  c.a.f.service.NutritionixService - Request Body: {weight_kg=67.5, gender=female, height_cm=149.0, query=15 minutes of Lunges, age=21}
2025-06-05 08:56:18 [http-nio-8080-exec-6] DEBUG o.s.web.client.RestTemplate - HTTP POST https://trackapi.nutritionix.com/v2/natural/exercise
2025-06-05 08:56:18 [http-nio-8080-exec-7] DEBUG o.s.web.client.RestTemplate - HTTP POST https://trackapi.nutritionix.com/v2/natural/exercise
2025-06-05 08:56:18 [http-nio-8080-exec-5] DEBUG o.s.web.client.RestTemplate - HTTP POST https://trackapi.nutritionix.com/v2/natural/exercise
2025-06-05 08:56:18 [http-nio-8080-exec-2] DEBUG o.s.web.client.RestTemplate - HTTP POST https://trackapi.nutritionix.com/v2/natural/exercise
2025-06-05 08:56:18 [http-nio-8080-exec-3] DEBUG o.s.web.client.RestTemplate - HTTP POST https://trackapi.nutritionix.com/v2/natural/exercise
2025-06-05 08:56:18 [http-nio-8080-exec-4] DEBUG o.s.web.client.RestTemplate - HTTP POST https://trackapi.nutritionix.com/v2/natural/exercise
2025-06-05 08:56:18 [http-nio-8080-exec-6] DEBUG o.s.web.client.RestTemplate - Accept=[application/json, application/*+json]
2025-06-05 08:56:18 [http-nio-8080-exec-7] DEBUG o.s.web.client.RestTemplate - Accept=[application/json, application/*+json]
2025-06-05 08:56:18 [http-nio-8080-exec-3] DEBUG o.s.web.client.RestTemplate - Accept=[application/json, application/*+json]
2025-06-05 08:56:18 [http-nio-8080-exec-5] DEBUG o.s.web.client.RestTemplate - Accept=[application/json, application/*+json]
2025-06-05 08:56:18 [http-nio-8080-exec-4] DEBUG o.s.web.client.RestTemplate - Accept=[application/json, application/*+json]
2025-06-05 08:56:18 [http-nio-8080-exec-2] DEBUG o.s.web.client.RestTemplate - Accept=[application/json, application/*+json]
2025-06-05 08:56:18 [http-nio-8080-exec-5] DEBUG o.s.web.client.RestTemplate - Writing [{weight_kg=67.5, gender=female, height_cm=149.0, query=30 minutes of Cycling, age=21}] as "application/json"
2025-06-05 08:56:18 [http-nio-8080-exec-4] DEBUG o.s.web.client.RestTemplate - Writing [{weight_kg=67.5, gender=female, height_cm=149.0, query=15 minutes of Push-ups, age=21}] as "application/json"
2025-06-05 08:56:18 [http-nio-8080-exec-2] DEBUG o.s.web.client.RestTemplate - Writing [{weight_kg=67.5, gender=female, height_cm=149.0, query=30 minutes of Brisk Walking, age=21}] as "application/json"
2025-06-05 08:56:18 [http-nio-8080-exec-7] DEBUG o.s.web.client.RestTemplate - Writing [{weight_kg=67.5, gender=female, height_cm=149.0, query=20 minutes of Bench Press, age=21}] as "application/json"
2025-06-05 08:56:18 [http-nio-8080-exec-3] DEBUG o.s.web.client.RestTemplate - Writing [{weight_kg=67.5, gender=female, height_cm=149.0, query=20 minutes of Running, age=21}] as "application/json"
2025-06-05 08:56:18 [http-nio-8080-exec-6] DEBUG o.s.web.client.RestTemplate - Writing [{weight_kg=67.5, gender=female, height_cm=149.0, query=15 minutes of Lunges, age=21}] as "application/json"
2025-06-05 08:56:20 [http-nio-8080-exec-3] DEBUG o.s.web.client.RestTemplate - Response 200 OK
2025-06-05 08:56:20 [http-nio-8080-exec-6] DEBUG o.s.web.client.RestTemplate - Response 200 OK
2025-06-05 08:56:20 [http-nio-8080-exec-7] DEBUG o.s.web.client.RestTemplate - Response 200 OK
2025-06-05 08:56:20 [http-nio-8080-exec-5] DEBUG o.s.web.client.RestTemplate - Response 200 OK
2025-06-05 08:56:20 [http-nio-8080-exec-2] DEBUG o.s.web.client.RestTemplate - Response 200 OK
2025-06-05 08:56:20 [http-nio-8080-exec-4] DEBUG o.s.web.client.RestTemplate - Response 200 OK
2025-06-05 08:56:20 [http-nio-8080-exec-7] DEBUG o.s.web.client.RestTemplate - Reading to [com.fasterxml.jackson.databind.JsonNode]
2025-06-05 08:56:20 [http-nio-8080-exec-6] DEBUG o.s.web.client.RestTemplate - Reading to [com.fasterxml.jackson.databind.JsonNode]
2025-06-05 08:56:20 [http-nio-8080-exec-2] DEBUG o.s.web.client.RestTemplate - Reading to [com.fasterxml.jackson.databind.JsonNode]
2025-06-05 08:56:20 [http-nio-8080-exec-5] DEBUG o.s.web.client.RestTemplate - Reading to [com.fasterxml.jackson.databind.JsonNode]
2025-06-05 08:56:20 [http-nio-8080-exec-4] DEBUG o.s.web.client.RestTemplate - Reading to [com.fasterxml.jackson.databind.JsonNode]
2025-06-05 08:56:20 [http-nio-8080-exec-3] DEBUG o.s.web.client.RestTemplate - Reading to [com.fasterxml.jackson.databind.JsonNode]
2025-06-05 08:56:20 [http-nio-8080-exec-2] INFO  c.a.f.service.NutritionixService - Nutritionix Response: {"exercises":[{"tag_id":100,"user_input":"walking","duration_min":30,"met":3.5,"nf_calories":118.13,"photo":{"highres":"https://d2xdmhkmkbyw75.cloudfront.net/exercise/100_highres.jpg","thumb":"https://d2xdmhkmkbyw75.cloudfront.net/exercise/100_thumb.jpg","is_user_uploaded":false},"compendium_code":17190,"name":"walking","description":null,"benefits":null}]}
2025-06-05 08:56:20 [http-nio-8080-exec-3] INFO  c.a.f.service.NutritionixService - Nutritionix Response: {"exercises":[{"tag_id":317,"user_input":"running","duration_min":20,"met":9.8,"nf_calories":220.5,"photo":{"highres":"https://d2xdmhkmkbyw75.cloudfront.net/exercise/317_highres.jpg","thumb":"https://d2xdmhkmkbyw75.cloudfront.net/exercise/317_thumb.jpg","is_user_uploaded":false},"compendium_code":12050,"name":"running","description":null,"benefits":null}]}
2025-06-05 08:56:20 [http-nio-8080-exec-6] INFO  c.a.f.service.NutritionixService - Nutritionix Response: {"exercises":[{"tag_id":771,"user_input":"lunges","duration_min":15,"met":3.8,"nf_calories":64.13,"photo":{"highres":"https://d2xdmhkmkbyw75.cloudfront.net/exercise/771_highres.jpg","thumb":"https://d2xdmhkmkbyw75.cloudfront.net/exercise/771_thumb.jpg","is_user_uploaded":false},"compendium_code":2022,"name":"calisthenics","description":null,"benefits":null}]}
2025-06-05 08:56:20 [http-nio-8080-exec-4] INFO  c.a.f.service.NutritionixService - Nutritionix Response: {"exercises":[{"tag_id":824,"user_input":"push ups","duration_min":15,"met":3.8,"nf_calories":64.13,"photo":{"highres":"https://d2xdmhkmkbyw75.cloudfront.net/exercise/824_highres.jpg","thumb":"https://d2xdmhkmkbyw75.cloudfront.net/exercise/824_thumb.jpg","is_user_uploaded":false},"compendium_code":2022,"name":"push-up","description":null,"benefits":null}]}
2025-06-05 08:56:20 [http-nio-8080-exec-7] INFO  c.a.f.service.NutritionixService - Nutritionix Response: {"exercises":[{"tag_id":766,"user_input":"bench press","duration_min":20,"met":3.5,"nf_calories":78.75,"photo":{"highres":"https://d2xdmhkmkbyw75.cloudfront.net/exercise/766_highres.jpg","thumb":"https://d2xdmhkmkbyw75.cloudfront.net/exercise/766_thumb.jpg","is_user_uploaded":false},"compendium_code":2054,"name":"weight lifting","description":null,"benefits":null}]}
2025-06-05 08:56:20 [http-nio-8080-exec-5] INFO  c.a.f.service.NutritionixService - Nutritionix Response: {"exercises":[{"tag_id":5,"user_input":"cycling","duration_min":30,"met":10,"nf_calories":337.5,"photo":{"highres":"https://d2xdmhkmkbyw75.cloudfront.net/exercise/5_highres.jpg","thumb":"https://d2xdmhkmkbyw75.cloudfront.net/exercise/5_thumb.jpg","is_user_uploaded":false},"compendium_code":1040,"name":"road cycling","description":null,"benefits":null}]}
2025-06-05 08:56:20 [http-nio-8080-exec-2] INFO  c.a.f.service.NutritionixService - Calculated calories: 118.13
2025-06-05 08:56:20 [http-nio-8080-exec-3] INFO  c.a.f.service.NutritionixService - Calculated calories: 220.5
2025-06-05 08:56:20 [http-nio-8080-exec-6] INFO  c.a.f.service.NutritionixService - Calculated calories: 64.13
2025-06-05 08:56:20 [http-nio-8080-exec-4] INFO  c.a.f.service.NutritionixService - Calculated calories: 64.13
2025-06-05 08:56:20 [http-nio-8080-exec-7] INFO  c.a.f.service.NutritionixService - Calculated calories: 78.75
2025-06-05 08:56:20 [http-nio-8080-exec-5] INFO  c.a.f.service.NutritionixService - Calculated calories: 337.5
2025-06-05 08:56:20 [http-nio-8080-exec-7] DEBUG o.s.w.s.m.m.a.HttpEntityMethodProcessor - Using 'application/json', given [*/*] and supported [application/json, application/*+json]
2025-06-05 08:56:20 [http-nio-8080-exec-2] DEBUG o.s.w.s.m.m.a.HttpEntityMethodProcessor - Using 'application/json', given [*/*] and supported [application/json, application/*+json]
2025-06-05 08:56:20 [http-nio-8080-exec-5] DEBUG o.s.w.s.m.m.a.HttpEntityMethodProcessor - Using 'application/json', given [*/*] and supported [application/json, application/*+json]
2025-06-05 08:56:20 [http-nio-8080-exec-3] DEBUG o.s.w.s.m.m.a.HttpEntityMethodProcessor - Using 'application/json', given [*/*] and supported [application/json, application/*+json]
2025-06-05 08:56:20 [http-nio-8080-exec-4] DEBUG o.s.w.s.m.m.a.HttpEntityMethodProcessor - Using 'application/json', given [*/*] and supported [application/json, application/*+json]
2025-06-05 08:56:20 [http-nio-8080-exec-6] DEBUG o.s.w.s.m.m.a.HttpEntityMethodProcessor - Using 'application/json', given [*/*] and supported [application/json, application/*+json]
2025-06-05 08:56:20 [http-nio-8080-exec-7] DEBUG o.s.w.s.m.m.a.HttpEntityMethodProcessor - Writing [{calories=79}]
2025-06-05 08:56:20 [http-nio-8080-exec-2] DEBUG o.s.w.s.m.m.a.HttpEntityMethodProcessor - Writing [{calories=118}]
2025-06-05 08:56:20 [http-nio-8080-exec-5] DEBUG o.s.w.s.m.m.a.HttpEntityMethodProcessor - Writing [{calories=338}]
2025-06-05 08:56:20 [http-nio-8080-exec-3] DEBUG o.s.w.s.m.m.a.HttpEntityMethodProcessor - Writing [{calories=221}]
2025-06-05 08:56:20 [http-nio-8080-exec-4] DEBUG o.s.w.s.m.m.a.HttpEntityMethodProcessor - Writing [{calories=64}]
2025-06-05 08:56:20 [http-nio-8080-exec-6] DEBUG o.s.w.s.m.m.a.HttpEntityMethodProcessor - Writing [{calories=64}]
2025-06-05 08:56:20 [http-nio-8080-exec-4] DEBUG o.s.o.j.s.OpenEntityManagerInViewInterceptor - Closing JPA EntityManager in OpenEntityManagerInViewInterceptor
2025-06-05 08:56:20 [http-nio-8080-exec-5] DEBUG o.s.o.j.s.OpenEntityManagerInViewInterceptor - Closing JPA EntityManager in OpenEntityManagerInViewInterceptor
2025-06-05 08:56:20 [http-nio-8080-exec-2] DEBUG o.s.o.j.s.OpenEntityManagerInViewInterceptor - Closing JPA EntityManager in OpenEntityManagerInViewInterceptor
2025-06-05 08:56:20 [http-nio-8080-exec-3] DEBUG o.s.o.j.s.OpenEntityManagerInViewInterceptor - Closing JPA EntityManager in OpenEntityManagerInViewInterceptor
2025-06-05 08:56:20 [http-nio-8080-exec-7] DEBUG o.s.o.j.s.OpenEntityManagerInViewInterceptor - Closing JPA EntityManager in OpenEntityManagerInViewInterceptor
2025-06-05 08:56:20 [http-nio-8080-exec-6] DEBUG o.s.o.j.s.OpenEntityManagerInViewInterceptor - Closing JPA EntityManager in OpenEntityManagerInViewInterceptor
2025-06-05 08:56:20 [http-nio-8080-exec-4] DEBUG o.s.web.servlet.DispatcherServlet - Completed 200 OK
2025-06-05 08:56:20 [http-nio-8080-exec-5] DEBUG o.s.web.servlet.DispatcherServlet - Completed 200 OK
2025-06-05 08:56:20 [http-nio-8080-exec-2] DEBUG o.s.web.servlet.DispatcherServlet - Completed 200 OK
2025-06-05 08:56:20 [http-nio-8080-exec-3] DEBUG o.s.web.servlet.DispatcherServlet - Completed 200 OK
2025-06-05 08:56:20 [http-nio-8080-exec-7] DEBUG o.s.web.servlet.DispatcherServlet - Completed 200 OK
2025-06-05 08:56:20 [http-nio-8080-exec-6] DEBUG o.s.web.servlet.DispatcherServlet - Completed 200 OK
2025-06-05 08:56:20 [http-nio-8080-exec-4] DEBUG o.s.security.web.FilterChainProxy - Securing POST /workouts/estimate-calories
2025-06-05 08:56:20 [http-nio-8080-exec-8] DEBUG o.s.security.web.FilterChainProxy - Securing POST /workouts/estimate-calories
2025-06-05 08:56:20 [http-nio-8080-exec-10] DEBUG o.s.security.web.FilterChainProxy - Securing POST /workouts/estimate-calories
2025-06-05 08:56:20 [http-nio-8080-exec-9] DEBUG o.s.security.web.FilterChainProxy - Securing POST /workouts/estimate-calories
2025-06-05 08:56:20 [http-nio-8080-exec-1] DEBUG o.s.security.web.FilterChainProxy - Securing POST /workouts/estimate-calories
2025-06-05 08:56:20 [http-nio-8080-exec-2] DEBUG o.s.security.web.FilterChainProxy - Securing POST /workouts/estimate-calories
2025-06-05 08:56:20 [http-nio-8080-exec-4] DEBUG o.s.s.w.c.HttpSessionSecurityContextRepository - Retrieved SecurityContextImpl [Authentication=UsernamePasswordAuthenticationToken [Principal=org.springframework.security.core.userdetails.User [Username=charlenedilig@gmail.com, Password=[PROTECTED], Enabled=true, AccountNonExpired=true, CredentialsNonExpired=true, AccountNonLocked=true, Granted Authorities=[ROLE_USER]], Credentials=[PROTECTED], Authenticated=true, Details=WebAuthenticationDetails [RemoteIpAddress=127.0.0.1, SessionId=461E86EE87CA6F9A8EB217445B7543D3], Granted Authorities=[ROLE_USER]]]
2025-06-05 08:56:20 [http-nio-8080-exec-10] DEBUG o.s.s.w.c.HttpSessionSecurityContextRepository - Retrieved SecurityContextImpl [Authentication=UsernamePasswordAuthenticationToken [Principal=org.springframework.security.core.userdetails.User [Username=charlenedilig@gmail.com, Password=[PROTECTED], Enabled=true, AccountNonExpired=true, CredentialsNonExpired=true, AccountNonLocked=true, Granted Authorities=[ROLE_USER]], Credentials=[PROTECTED], Authenticated=true, Details=WebAuthenticationDetails [RemoteIpAddress=127.0.0.1, SessionId=461E86EE87CA6F9A8EB217445B7543D3], Granted Authorities=[ROLE_USER]]]
2025-06-05 08:56:20 [http-nio-8080-exec-8] DEBUG o.s.s.w.c.HttpSessionSecurityContextRepository - Retrieved SecurityContextImpl [Authentication=UsernamePasswordAuthenticationToken [Principal=org.springframework.security.core.userdetails.User [Username=charlenedilig@gmail.com, Password=[PROTECTED], Enabled=true, AccountNonExpired=true, CredentialsNonExpired=true, AccountNonLocked=true, Granted Authorities=[ROLE_USER]], Credentials=[PROTECTED], Authenticated=true, Details=WebAuthenticationDetails [RemoteIpAddress=127.0.0.1, SessionId=461E86EE87CA6F9A8EB217445B7543D3], Granted Authorities=[ROLE_USER]]]
2025-06-05 08:56:20 [http-nio-8080-exec-9] DEBUG o.s.s.w.c.HttpSessionSecurityContextRepository - Retrieved SecurityContextImpl [Authentication=UsernamePasswordAuthenticationToken [Principal=org.springframework.security.core.userdetails.User [Username=charlenedilig@gmail.com, Password=[PROTECTED], Enabled=true, AccountNonExpired=true, CredentialsNonExpired=true, AccountNonLocked=true, Granted Authorities=[ROLE_USER]], Credentials=[PROTECTED], Authenticated=true, Details=WebAuthenticationDetails [RemoteIpAddress=127.0.0.1, SessionId=461E86EE87CA6F9A8EB217445B7543D3], Granted Authorities=[ROLE_USER]]]
2025-06-05 08:56:20 [http-nio-8080-exec-1] DEBUG o.s.s.w.c.HttpSessionSecurityContextRepository - Retrieved SecurityContextImpl [Authentication=UsernamePasswordAuthenticationToken [Principal=org.springframework.security.core.userdetails.User [Username=charlenedilig@gmail.com, Password=[PROTECTED], Enabled=true, AccountNonExpired=true, CredentialsNonExpired=true, AccountNonLocked=true, Granted Authorities=[ROLE_USER]], Credentials=[PROTECTED], Authenticated=true, Details=WebAuthenticationDetails [RemoteIpAddress=127.0.0.1, SessionId=461E86EE87CA6F9A8EB217445B7543D3], Granted Authorities=[ROLE_USER]]]
2025-06-05 08:56:20 [http-nio-8080-exec-2] DEBUG o.s.s.w.c.HttpSessionSecurityContextRepository - Retrieved SecurityContextImpl [Authentication=UsernamePasswordAuthenticationToken [Principal=org.springframework.security.core.userdetails.User [Username=charlenedilig@gmail.com, Password=[PROTECTED], Enabled=true, AccountNonExpired=true, CredentialsNonExpired=true, AccountNonLocked=true, Granted Authorities=[ROLE_USER]], Credentials=[PROTECTED], Authenticated=true, Details=WebAuthenticationDetails [RemoteIpAddress=127.0.0.1, SessionId=461E86EE87CA6F9A8EB217445B7543D3], Granted Authorities=[ROLE_USER]]]
2025-06-05 08:56:20 [http-nio-8080-exec-4] DEBUG o.s.security.web.FilterChainProxy - Secured POST /workouts/estimate-calories
2025-06-05 08:56:20 [http-nio-8080-exec-10] DEBUG o.s.security.web.FilterChainProxy - Secured POST /workouts/estimate-calories
2025-06-05 08:56:20 [http-nio-8080-exec-8] DEBUG o.s.security.web.FilterChainProxy - Secured POST /workouts/estimate-calories
2025-06-05 08:56:20 [http-nio-8080-exec-9] DEBUG o.s.security.web.FilterChainProxy - Secured POST /workouts/estimate-calories
2025-06-05 08:56:20 [http-nio-8080-exec-1] DEBUG o.s.security.web.FilterChainProxy - Secured POST /workouts/estimate-calories
2025-06-05 08:56:20 [http-nio-8080-exec-2] DEBUG o.s.security.web.FilterChainProxy - Secured POST /workouts/estimate-calories
2025-06-05 08:56:20 [http-nio-8080-exec-4] DEBUG o.s.web.servlet.DispatcherServlet - POST "/fitrack/workouts/estimate-calories", parameters={}
2025-06-05 08:56:20 [http-nio-8080-exec-10] DEBUG o.s.web.servlet.DispatcherServlet - POST "/fitrack/workouts/estimate-calories", parameters={}
2025-06-05 08:56:20 [http-nio-8080-exec-8] DEBUG o.s.web.servlet.DispatcherServlet - POST "/fitrack/workouts/estimate-calories", parameters={}
2025-06-05 08:56:20 [http-nio-8080-exec-9] DEBUG o.s.web.servlet.DispatcherServlet - POST "/fitrack/workouts/estimate-calories", parameters={}
2025-06-05 08:56:20 [http-nio-8080-exec-1] DEBUG o.s.web.servlet.DispatcherServlet - POST "/fitrack/workouts/estimate-calories", parameters={}
2025-06-05 08:56:20 [http-nio-8080-exec-9] DEBUG o.s.w.s.m.m.a.RequestMappingHandlerMapping - Mapped to com.app.fitrack.controller.WorkoutController#estimateCalories(Map)
2025-06-05 08:56:20 [http-nio-8080-exec-2] DEBUG o.s.web.servlet.DispatcherServlet - POST "/fitrack/workouts/estimate-calories", parameters={}
2025-06-05 08:56:20 [http-nio-8080-exec-4] DEBUG o.s.w.s.m.m.a.RequestMappingHandlerMapping - Mapped to com.app.fitrack.controller.WorkoutController#estimateCalories(Map)
2025-06-05 08:56:20 [http-nio-8080-exec-10] DEBUG o.s.w.s.m.m.a.RequestMappingHandlerMapping - Mapped to com.app.fitrack.controller.WorkoutController#estimateCalories(Map)
2025-06-05 08:56:20 [http-nio-8080-exec-8] DEBUG o.s.w.s.m.m.a.RequestMappingHandlerMapping - Mapped to com.app.fitrack.controller.WorkoutController#estimateCalories(Map)
2025-06-05 08:56:20 [http-nio-8080-exec-1] DEBUG o.s.w.s.m.m.a.RequestMappingHandlerMapping - Mapped to com.app.fitrack.controller.WorkoutController#estimateCalories(Map)
2025-06-05 08:56:20 [http-nio-8080-exec-9] DEBUG o.s.o.j.s.OpenEntityManagerInViewInterceptor - Opening JPA EntityManager in OpenEntityManagerInViewInterceptor
2025-06-05 08:56:20 [http-nio-8080-exec-2] DEBUG o.s.w.s.m.m.a.RequestMappingHandlerMapping - Mapped to com.app.fitrack.controller.WorkoutController#estimateCalories(Map)
2025-06-05 08:56:20 [http-nio-8080-exec-4] DEBUG o.s.o.j.s.OpenEntityManagerInViewInterceptor - Opening JPA EntityManager in OpenEntityManagerInViewInterceptor
2025-06-05 08:56:20 [http-nio-8080-exec-10] DEBUG o.s.o.j.s.OpenEntityManagerInViewInterceptor - Opening JPA EntityManager in OpenEntityManagerInViewInterceptor
2025-06-05 08:56:20 [http-nio-8080-exec-8] DEBUG o.s.o.j.s.OpenEntityManagerInViewInterceptor - Opening JPA EntityManager in OpenEntityManagerInViewInterceptor
2025-06-05 08:56:20 [http-nio-8080-exec-1] DEBUG o.s.o.j.s.OpenEntityManagerInViewInterceptor - Opening JPA EntityManager in OpenEntityManagerInViewInterceptor
2025-06-05 08:56:20 [http-nio-8080-exec-2] DEBUG o.s.o.j.s.OpenEntityManagerInViewInterceptor - Opening JPA EntityManager in OpenEntityManagerInViewInterceptor
2025-06-05 08:56:20 [http-nio-8080-exec-9] DEBUG o.s.w.s.m.m.a.RequestResponseBodyMethodProcessor - Read "application/json;charset=UTF-8" to [{workoutName=Squats, duration=20}]
2025-06-05 08:56:20 [http-nio-8080-exec-4] DEBUG o.s.w.s.m.m.a.RequestResponseBodyMethodProcessor - Read "application/json;charset=UTF-8" to [{workoutName=Pilates (e.g., The Hundred), duration=20}]
2025-06-05 08:56:20 [http-nio-8080-exec-10] DEBUG o.s.w.s.m.m.a.RequestResponseBodyMethodProcessor - Read "application/json;charset=UTF-8" to [{workoutName=Quad Stretch, duration=5}]
2025-06-05 08:56:20 [http-nio-8080-exec-8] DEBUG o.s.w.s.m.m.a.RequestResponseBodyMethodProcessor - Read "application/json;charset=UTF-8" to [{workoutName=Yoga (e.g., Downward Dog), duration=20}]
2025-06-05 08:56:20 [http-nio-8080-exec-1] DEBUG o.s.w.s.m.m.a.RequestResponseBodyMethodProcessor - Read "application/json;charset=UTF-8" to [{workoutName=Hamstring Stretch, duration=5}]
2025-06-05 08:56:20 [http-nio-8080-exec-9] DEBUG o.s.orm.jpa.JpaTransactionManager - Found thread-bound EntityManager [SessionImpl(99964182<open>)] for JPA transaction
2025-06-05 08:56:20 [http-nio-8080-exec-4] DEBUG o.s.orm.jpa.JpaTransactionManager - Found thread-bound EntityManager [SessionImpl(52120284<open>)] for JPA transaction
2025-06-05 08:56:20 [http-nio-8080-exec-2] DEBUG o.s.w.s.m.m.a.RequestResponseBodyMethodProcessor - Read "application/json;charset=UTF-8" to [{workoutName=Medicine Ball Slams, duration=10}]
2025-06-05 08:56:20 [http-nio-8080-exec-10] DEBUG o.s.orm.jpa.JpaTransactionManager - Found thread-bound EntityManager [SessionImpl(1779976958<open>)] for JPA transaction
2025-06-05 08:56:20 [http-nio-8080-exec-8] DEBUG o.s.orm.jpa.JpaTransactionManager - Found thread-bound EntityManager [SessionImpl(147589964<open>)] for JPA transaction
2025-06-05 08:56:20 [http-nio-8080-exec-1] DEBUG o.s.orm.jpa.JpaTransactionManager - Found thread-bound EntityManager [SessionImpl(1838421838<open>)] for JPA transaction
2025-06-05 08:56:20 [http-nio-8080-exec-9] DEBUG o.s.orm.jpa.JpaTransactionManager - Creating new transaction with name [com.app.fitrack.service.UserService.getAuthenticatedUser]: PROPAGATION_REQUIRED,ISOLATION_DEFAULT
2025-06-05 08:56:20 [http-nio-8080-exec-4] DEBUG o.s.orm.jpa.JpaTransactionManager - Creating new transaction with name [com.app.fitrack.service.UserService.getAuthenticatedUser]: PROPAGATION_REQUIRED,ISOLATION_DEFAULT
2025-06-05 08:56:20 [http-nio-8080-exec-2] DEBUG o.s.orm.jpa.JpaTransactionManager - Found thread-bound EntityManager [SessionImpl(1421266258<open>)] for JPA transaction
2025-06-05 08:56:20 [http-nio-8080-exec-10] DEBUG o.s.orm.jpa.JpaTransactionManager - Creating new transaction with name [com.app.fitrack.service.UserService.getAuthenticatedUser]: PROPAGATION_REQUIRED,ISOLATION_DEFAULT
2025-06-05 08:56:20 [http-nio-8080-exec-8] DEBUG o.s.orm.jpa.JpaTransactionManager - Creating new transaction with name [com.app.fitrack.service.UserService.getAuthenticatedUser]: PROPAGATION_REQUIRED,ISOLATION_DEFAULT
2025-06-05 08:56:20 [http-nio-8080-exec-1] DEBUG o.s.orm.jpa.JpaTransactionManager - Creating new transaction with name [com.app.fitrack.service.UserService.getAuthenticatedUser]: PROPAGATION_REQUIRED,ISOLATION_DEFAULT
2025-06-05 08:56:20 [http-nio-8080-exec-2] DEBUG o.s.orm.jpa.JpaTransactionManager - Creating new transaction with name [com.app.fitrack.service.UserService.getAuthenticatedUser]: PROPAGATION_REQUIRED,ISOLATION_DEFAULT
2025-06-05 08:56:20 [http-nio-8080-exec-9] DEBUG o.s.orm.jpa.JpaTransactionManager - Exposing JPA transaction as JDBC [org.springframework.orm.jpa.vendor.HibernateJpaDialect$HibernateConnectionHandle@40f7dbcc]
2025-06-05 08:56:20 [http-nio-8080-exec-4] DEBUG o.s.orm.jpa.JpaTransactionManager - Exposing JPA transaction as JDBC [org.springframework.orm.jpa.vendor.HibernateJpaDialect$HibernateConnectionHandle@5037947e]
2025-06-05 08:56:20 [http-nio-8080-exec-10] DEBUG o.s.orm.jpa.JpaTransactionManager - Exposing JPA transaction as JDBC [org.springframework.orm.jpa.vendor.HibernateJpaDialect$HibernateConnectionHandle@2f1ac9d9]
2025-06-05 08:56:20 [http-nio-8080-exec-8] DEBUG o.s.orm.jpa.JpaTransactionManager - Exposing JPA transaction as JDBC [org.springframework.orm.jpa.vendor.HibernateJpaDialect$HibernateConnectionHandle@4c29e046]
2025-06-05 08:56:20 [http-nio-8080-exec-1] DEBUG o.s.orm.jpa.JpaTransactionManager - Exposing JPA transaction as JDBC [org.springframework.orm.jpa.vendor.HibernateJpaDialect$HibernateConnectionHandle@4bf69480]
2025-06-05 08:56:20 [http-nio-8080-exec-2] DEBUG o.s.orm.jpa.JpaTransactionManager - Exposing JPA transaction as JDBC [org.springframework.orm.jpa.vendor.HibernateJpaDialect$HibernateConnectionHandle@5f29e0f]
2025-06-05 08:56:20 [http-nio-8080-exec-9] TRACE o.s.t.i.TransactionInterceptor - Getting transaction for [com.app.fitrack.service.UserService.getAuthenticatedUser]
2025-06-05 08:56:20 [http-nio-8080-exec-4] TRACE o.s.t.i.TransactionInterceptor - Getting transaction for [com.app.fitrack.service.UserService.getAuthenticatedUser]
2025-06-05 08:56:20 [http-nio-8080-exec-10] TRACE o.s.t.i.TransactionInterceptor - Getting transaction for [com.app.fitrack.service.UserService.getAuthenticatedUser]
2025-06-05 08:56:20 [http-nio-8080-exec-8] TRACE o.s.t.i.TransactionInterceptor - Getting transaction for [com.app.fitrack.service.UserService.getAuthenticatedUser]
2025-06-05 08:56:20 [http-nio-8080-exec-1] TRACE o.s.t.i.TransactionInterceptor - Getting transaction for [com.app.fitrack.service.UserService.getAuthenticatedUser]
2025-06-05 08:56:20 [http-nio-8080-exec-2] TRACE o.s.t.i.TransactionInterceptor - Getting transaction for [com.app.fitrack.service.UserService.getAuthenticatedUser]
2025-06-05 08:56:20 [http-nio-8080-exec-9] TRACE o.s.t.i.TransactionInterceptor - No need to create transaction for [org.springframework.data.jpa.repository.support.SimpleJpaRepository.findByEmail]: This method is not transactional.
2025-06-05 08:56:20 [http-nio-8080-exec-4] TRACE o.s.t.i.TransactionInterceptor - No need to create transaction for [org.springframework.data.jpa.repository.support.SimpleJpaRepository.findByEmail]: This method is not transactional.
2025-06-05 08:56:20 [http-nio-8080-exec-10] TRACE o.s.t.i.TransactionInterceptor - No need to create transaction for [org.springframework.data.jpa.repository.support.SimpleJpaRepository.findByEmail]: This method is not transactional.
2025-06-05 08:56:20 [http-nio-8080-exec-8] TRACE o.s.t.i.TransactionInterceptor - No need to create transaction for [org.springframework.data.jpa.repository.support.SimpleJpaRepository.findByEmail]: This method is not transactional.
2025-06-05 08:56:20 [http-nio-8080-exec-1] TRACE o.s.t.i.TransactionInterceptor - No need to create transaction for [org.springframework.data.jpa.repository.support.SimpleJpaRepository.findByEmail]: This method is not transactional.
2025-06-05 08:56:20 [http-nio-8080-exec-2] TRACE o.s.t.i.TransactionInterceptor - No need to create transaction for [org.springframework.data.jpa.repository.support.SimpleJpaRepository.findByEmail]: This method is not transactional.
2025-06-05 08:56:20 [http-nio-8080-exec-9] DEBUG org.hibernate.SQL - 
    select
        u1_0.id,
        u1_0.age,
        u1_0.email,
        u1_0.email_change_code,
        u1_0.email_change_code_expiry,
        u1_0.firstname,
        u1_0.gender,
        u1_0.height,
        u1_0.lastname,
        u1_0.password,
        u1_0.pending_email,
        u1_0.profile_picture,
        u1_0.verified,
        u1_0.weight 
    from
        users u1_0 
    where
        u1_0.email=?
2025-06-05 08:56:20 [http-nio-8080-exec-4] DEBUG org.hibernate.SQL - 
    select
        u1_0.id,
        u1_0.age,
        u1_0.email,
        u1_0.email_change_code,
        u1_0.email_change_code_expiry,
        u1_0.firstname,
        u1_0.gender,
        u1_0.height,
        u1_0.lastname,
        u1_0.password,
        u1_0.pending_email,
        u1_0.profile_picture,
        u1_0.verified,
        u1_0.weight 
    from
        users u1_0 
    where
        u1_0.email=?
2025-06-05 08:56:20 [http-nio-8080-exec-10] DEBUG org.hibernate.SQL - 
    select
        u1_0.id,
        u1_0.age,
        u1_0.email,
        u1_0.email_change_code,
        u1_0.email_change_code_expiry,
        u1_0.firstname,
        u1_0.gender,
        u1_0.height,
        u1_0.lastname,
        u1_0.password,
        u1_0.pending_email,
        u1_0.profile_picture,
        u1_0.verified,
        u1_0.weight 
    from
        users u1_0 
    where
        u1_0.email=?
2025-06-05 08:56:20 [http-nio-8080-exec-8] DEBUG org.hibernate.SQL - 
    select
        u1_0.id,
        u1_0.age,
        u1_0.email,
        u1_0.email_change_code,
        u1_0.email_change_code_expiry,
        u1_0.firstname,
        u1_0.gender,
        u1_0.height,
        u1_0.lastname,
        u1_0.password,
        u1_0.pending_email,
        u1_0.profile_picture,
        u1_0.verified,
        u1_0.weight 
    from
        users u1_0 
    where
        u1_0.email=?
2025-06-05 08:56:20 [http-nio-8080-exec-1] DEBUG org.hibernate.SQL - 
    select
        u1_0.id,
        u1_0.age,
        u1_0.email,
        u1_0.email_change_code,
        u1_0.email_change_code_expiry,
        u1_0.firstname,
        u1_0.gender,
        u1_0.height,
        u1_0.lastname,
        u1_0.password,
        u1_0.pending_email,
        u1_0.profile_picture,
        u1_0.verified,
        u1_0.weight 
    from
        users u1_0 
    where
        u1_0.email=?
2025-06-05 08:56:20 [http-nio-8080-exec-2] DEBUG org.hibernate.SQL - 
    select
        u1_0.id,
        u1_0.age,
        u1_0.email,
        u1_0.email_change_code,
        u1_0.email_change_code_expiry,
        u1_0.firstname,
        u1_0.gender,
        u1_0.height,
        u1_0.lastname,
        u1_0.password,
        u1_0.pending_email,
        u1_0.profile_picture,
        u1_0.verified,
        u1_0.weight 
    from
        users u1_0 
    where
        u1_0.email=?
2025-06-05 08:56:20 [http-nio-8080-exec-9] TRACE o.s.t.i.TransactionInterceptor - Completing transaction for [com.app.fitrack.service.UserService.getAuthenticatedUser]
2025-06-05 08:56:20 [http-nio-8080-exec-4] TRACE o.s.t.i.TransactionInterceptor - Completing transaction for [com.app.fitrack.service.UserService.getAuthenticatedUser]
2025-06-05 08:56:20 [http-nio-8080-exec-10] TRACE o.s.t.i.TransactionInterceptor - Completing transaction for [com.app.fitrack.service.UserService.getAuthenticatedUser]
2025-06-05 08:56:20 [http-nio-8080-exec-8] TRACE o.s.t.i.TransactionInterceptor - Completing transaction for [com.app.fitrack.service.UserService.getAuthenticatedUser]
2025-06-05 08:56:20 [http-nio-8080-exec-9] DEBUG o.s.orm.jpa.JpaTransactionManager - Initiating transaction commit
2025-06-05 08:56:20 [http-nio-8080-exec-1] TRACE o.s.t.i.TransactionInterceptor - Completing transaction for [com.app.fitrack.service.UserService.getAuthenticatedUser]
2025-06-05 08:56:20 [http-nio-8080-exec-4] DEBUG o.s.orm.jpa.JpaTransactionManager - Initiating transaction commit
2025-06-05 08:56:20 [http-nio-8080-exec-10] DEBUG o.s.orm.jpa.JpaTransactionManager - Initiating transaction commit
2025-06-05 08:56:20 [http-nio-8080-exec-8] DEBUG o.s.orm.jpa.JpaTransactionManager - Initiating transaction commit
2025-06-05 08:56:20 [http-nio-8080-exec-9] DEBUG o.s.orm.jpa.JpaTransactionManager - Committing JPA transaction on EntityManager [SessionImpl(99964182<open>)]
2025-06-05 08:56:20 [http-nio-8080-exec-2] TRACE o.s.t.i.TransactionInterceptor - Completing transaction for [com.app.fitrack.service.UserService.getAuthenticatedUser]
2025-06-05 08:56:20 [http-nio-8080-exec-1] DEBUG o.s.orm.jpa.JpaTransactionManager - Initiating transaction commit
2025-06-05 08:56:20 [http-nio-8080-exec-4] DEBUG o.s.orm.jpa.JpaTransactionManager - Committing JPA transaction on EntityManager [SessionImpl(52120284<open>)]
2025-06-05 08:56:20 [http-nio-8080-exec-10] DEBUG o.s.orm.jpa.JpaTransactionManager - Committing JPA transaction on EntityManager [SessionImpl(1779976958<open>)]
2025-06-05 08:56:20 [http-nio-8080-exec-8] DEBUG o.s.orm.jpa.JpaTransactionManager - Committing JPA transaction on EntityManager [SessionImpl(147589964<open>)]
2025-06-05 08:56:20 [http-nio-8080-exec-2] DEBUG o.s.orm.jpa.JpaTransactionManager - Initiating transaction commit
2025-06-05 08:56:20 [http-nio-8080-exec-1] DEBUG o.s.orm.jpa.JpaTransactionManager - Committing JPA transaction on EntityManager [SessionImpl(1838421838<open>)]
2025-06-05 08:56:20 [http-nio-8080-exec-9] DEBUG o.s.orm.jpa.JpaTransactionManager - Not closing pre-bound JPA EntityManager after transaction
2025-06-05 08:56:20 [http-nio-8080-exec-4] DEBUG o.s.orm.jpa.JpaTransactionManager - Not closing pre-bound JPA EntityManager after transaction
2025-06-05 08:56:20 [http-nio-8080-exec-2] DEBUG o.s.orm.jpa.JpaTransactionManager - Committing JPA transaction on EntityManager [SessionImpl(1421266258<open>)]
2025-06-05 08:56:20 [http-nio-8080-exec-10] DEBUG o.s.orm.jpa.JpaTransactionManager - Not closing pre-bound JPA EntityManager after transaction
2025-06-05 08:56:20 [http-nio-8080-exec-8] DEBUG o.s.orm.jpa.JpaTransactionManager - Not closing pre-bound JPA EntityManager after transaction
2025-06-05 08:56:20 [http-nio-8080-exec-9] INFO  c.a.f.service.NutritionixService - Sending request to Nutritionix for exercise calorie estimation:
2025-06-05 08:56:20 [http-nio-8080-exec-4] INFO  c.a.f.service.NutritionixService - Sending request to Nutritionix for exercise calorie estimation:
2025-06-05 08:56:20 [http-nio-8080-exec-1] DEBUG o.s.orm.jpa.JpaTransactionManager - Not closing pre-bound JPA EntityManager after transaction
2025-06-05 08:56:20 [http-nio-8080-exec-10] INFO  c.a.f.service.NutritionixService - Sending request to Nutritionix for exercise calorie estimation:
2025-06-05 08:56:20 [http-nio-8080-exec-8] INFO  c.a.f.service.NutritionixService - Sending request to Nutritionix for exercise calorie estimation:
2025-06-05 08:56:20 [http-nio-8080-exec-2] DEBUG o.s.orm.jpa.JpaTransactionManager - Not closing pre-bound JPA EntityManager after transaction
2025-06-05 08:56:20 [http-nio-8080-exec-9] INFO  c.a.f.service.NutritionixService - URL: https://trackapi.nutritionix.com/v2/natural/exercise
2025-06-05 08:56:20 [http-nio-8080-exec-4] INFO  c.a.f.service.NutritionixService - URL: https://trackapi.nutritionix.com/v2/natural/exercise
2025-06-05 08:56:20 [http-nio-8080-exec-1] INFO  c.a.f.service.NutritionixService - Sending request to Nutritionix for exercise calorie estimation:
2025-06-05 08:56:20 [http-nio-8080-exec-10] INFO  c.a.f.service.NutritionixService - URL: https://trackapi.nutritionix.com/v2/natural/exercise
2025-06-05 08:56:20 [http-nio-8080-exec-8] INFO  c.a.f.service.NutritionixService - URL: https://trackapi.nutritionix.com/v2/natural/exercise
2025-06-05 08:56:20 [http-nio-8080-exec-2] INFO  c.a.f.service.NutritionixService - Sending request to Nutritionix for exercise calorie estimation:
2025-06-05 08:56:20 [http-nio-8080-exec-9] INFO  c.a.f.service.NutritionixService - Request Body: {weight_kg=67.5, gender=female, height_cm=149.0, query=20 minutes of Squats, age=21}
2025-06-05 08:56:20 [http-nio-8080-exec-4] INFO  c.a.f.service.NutritionixService - Request Body: {weight_kg=67.5, gender=female, height_cm=149.0, query=20 minutes of Pilates (e.g., The Hundred), age=21}
2025-06-05 08:56:20 [http-nio-8080-exec-1] INFO  c.a.f.service.NutritionixService - URL: https://trackapi.nutritionix.com/v2/natural/exercise
2025-06-05 08:56:20 [http-nio-8080-exec-10] INFO  c.a.f.service.NutritionixService - Request Body: {weight_kg=67.5, gender=female, height_cm=149.0, query=5 minutes of Quad Stretch, age=21}
2025-06-05 08:56:20 [http-nio-8080-exec-8] INFO  c.a.f.service.NutritionixService - Request Body: {weight_kg=67.5, gender=female, height_cm=149.0, query=20 minutes of Yoga (e.g., Downward Dog), age=21}
2025-06-05 08:56:20 [http-nio-8080-exec-2] INFO  c.a.f.service.NutritionixService - URL: https://trackapi.nutritionix.com/v2/natural/exercise
2025-06-05 08:56:20 [http-nio-8080-exec-9] DEBUG o.s.web.client.RestTemplate - HTTP POST https://trackapi.nutritionix.com/v2/natural/exercise
2025-06-05 08:56:20 [http-nio-8080-exec-4] DEBUG o.s.web.client.RestTemplate - HTTP POST https://trackapi.nutritionix.com/v2/natural/exercise
2025-06-05 08:56:20 [http-nio-8080-exec-1] INFO  c.a.f.service.NutritionixService - Request Body: {weight_kg=67.5, gender=female, height_cm=149.0, query=5 minutes of Hamstring Stretch, age=21}
2025-06-05 08:56:20 [http-nio-8080-exec-10] DEBUG o.s.web.client.RestTemplate - HTTP POST https://trackapi.nutritionix.com/v2/natural/exercise
2025-06-05 08:56:20 [http-nio-8080-exec-8] DEBUG o.s.web.client.RestTemplate - HTTP POST https://trackapi.nutritionix.com/v2/natural/exercise
2025-06-05 08:56:20 [http-nio-8080-exec-2] INFO  c.a.f.service.NutritionixService - Request Body: {weight_kg=67.5, gender=female, height_cm=149.0, query=10 minutes of Medicine Ball Slams, age=21}
2025-06-05 08:56:20 [http-nio-8080-exec-4] DEBUG o.s.web.client.RestTemplate - Accept=[application/json, application/*+json]
2025-06-05 08:56:20 [http-nio-8080-exec-9] DEBUG o.s.web.client.RestTemplate - Accept=[application/json, application/*+json]
2025-06-05 08:56:20 [http-nio-8080-exec-1] DEBUG o.s.web.client.RestTemplate - HTTP POST https://trackapi.nutritionix.com/v2/natural/exercise
2025-06-05 08:56:20 [http-nio-8080-exec-10] DEBUG o.s.web.client.RestTemplate - Accept=[application/json, application/*+json]
2025-06-05 08:56:20 [http-nio-8080-exec-8] DEBUG o.s.web.client.RestTemplate - Accept=[application/json, application/*+json]
2025-06-05 08:56:20 [http-nio-8080-exec-2] DEBUG o.s.web.client.RestTemplate - HTTP POST https://trackapi.nutritionix.com/v2/natural/exercise
2025-06-05 08:56:20 [http-nio-8080-exec-4] DEBUG o.s.web.client.RestTemplate - Writing [{weight_kg=67.5, gender=female, height_cm=149.0, query=20 minutes of Pilates (e.g., The Hundred), age=21}] as "application/json"
2025-06-05 08:56:20 [http-nio-8080-exec-9] DEBUG o.s.web.client.RestTemplate - Writing [{weight_kg=67.5, gender=female, height_cm=149.0, query=20 minutes of Squats, age=21}] as "application/json"
2025-06-05 08:56:20 [http-nio-8080-exec-1] DEBUG o.s.web.client.RestTemplate - Accept=[application/json, application/*+json]
2025-06-05 08:56:20 [http-nio-8080-exec-10] DEBUG o.s.web.client.RestTemplate - Writing [{weight_kg=67.5, gender=female, height_cm=149.0, query=5 minutes of Quad Stretch, age=21}] as "application/json"
2025-06-05 08:56:20 [http-nio-8080-exec-8] DEBUG o.s.web.client.RestTemplate - Writing [{weight_kg=67.5, gender=female, height_cm=149.0, query=20 minutes of Yoga (e.g., Downward Dog), age=21}] as "application/json"
2025-06-05 08:56:20 [http-nio-8080-exec-2] DEBUG o.s.web.client.RestTemplate - Accept=[application/json, application/*+json]
2025-06-05 08:56:20 [http-nio-8080-exec-1] DEBUG o.s.web.client.RestTemplate - Writing [{weight_kg=67.5, gender=female, height_cm=149.0, query=5 minutes of Hamstring Stretch, age=21}] as "application/json"
2025-06-05 08:56:20 [http-nio-8080-exec-2] DEBUG o.s.web.client.RestTemplate - Writing [{weight_kg=67.5, gender=female, height_cm=149.0, query=10 minutes of Medicine Ball Slams, age=21}] as "application/json"
2025-06-05 08:56:20 [http-nio-8080-exec-10] DEBUG o.s.web.client.RestTemplate - Response 200 OK
2025-06-05 08:56:20 [http-nio-8080-exec-10] DEBUG o.s.web.client.RestTemplate - Reading to [com.fasterxml.jackson.databind.JsonNode]
2025-06-05 08:56:20 [http-nio-8080-exec-1] DEBUG o.s.web.client.RestTemplate - Response 200 OK
2025-06-05 08:56:20 [http-nio-8080-exec-1] DEBUG o.s.web.client.RestTemplate - Reading to [com.fasterxml.jackson.databind.JsonNode]
2025-06-05 08:56:20 [http-nio-8080-exec-10] INFO  c.a.f.service.NutritionixService - Nutritionix Response: {"exercises":[{"tag_id":758,"user_input":"stretch","duration_min":5,"met":2.3,"nf_calories":12.94,"photo":{"highres":"https://d2xdmhkmkbyw75.cloudfront.net/exercise/758_highres.jpg","thumb":"https://d2xdmhkmkbyw75.cloudfront.net/exercise/758_thumb.jpg","is_user_uploaded":false},"compendium_code":2101,"name":"stretching","description":null,"benefits":null}]}
2025-06-05 08:56:20 [http-nio-8080-exec-8] DEBUG o.s.web.client.RestTemplate - Response 200 OK
2025-06-05 08:56:20 [http-nio-8080-exec-1] INFO  c.a.f.service.NutritionixService - Nutritionix Response: {"exercises":[{"tag_id":1048,"user_input":"hamstring","duration_min":5,"met":3.5,"nf_calories":19.69,"photo":{"highres":"https://d2xdmhkmkbyw75.cloudfront.net/exercise/1048_highres.jpg","thumb":"https://d2xdmhkmkbyw75.cloudfront.net/exercise/1048_thumb.jpg","is_user_uploaded":false},"compendium_code":2054,"name":"hamstring curl","description":null,"benefits":null},{"tag_id":758,"user_input":"stretch","duration_min":15,"met":2.3,"nf_calories":38.81,"photo":{"highres":"https://d2xdmhkmkbyw75.cloudfront.net/exercise/758_highres.jpg","thumb":"https://d2xdmhkmkbyw75.cloudfront.net/exercise/758_thumb.jpg","is_user_uploaded":false},"compendium_code":2101,"name":"stretching","description":null,"benefits":null}]}
2025-06-05 08:56:20 [http-nio-8080-exec-10] INFO  c.a.f.service.NutritionixService - Calculated calories: 12.94
2025-06-05 08:56:20 [http-nio-8080-exec-8] DEBUG o.s.web.client.RestTemplate - Reading to [com.fasterxml.jackson.databind.JsonNode]
2025-06-05 08:56:20 [http-nio-8080-exec-9] DEBUG o.s.web.client.RestTemplate - Response 200 OK
2025-06-05 08:56:20 [http-nio-8080-exec-1] INFO  c.a.f.service.NutritionixService - Calculated calories: 19.69
2025-06-05 08:56:20 [http-nio-8080-exec-2] DEBUG o.s.web.client.RestTemplate - Response 200 OK
2025-06-05 08:56:20 [http-nio-8080-exec-10] DEBUG o.s.w.s.m.m.a.HttpEntityMethodProcessor - Using 'application/json', given [*/*] and supported [application/json, application/*+json]
2025-06-05 08:56:20 [http-nio-8080-exec-9] DEBUG o.s.web.client.RestTemplate - Reading to [com.fasterxml.jackson.databind.JsonNode]
2025-06-05 08:56:20 [http-nio-8080-exec-8] INFO  c.a.f.service.NutritionixService - Nutritionix Response: {"exercises":[{"tag_id":765,"user_input":"yoga","duration_min":20,"met":3.3,"nf_calories":74.25,"photo":{"highres":"https://d2xdmhkmkbyw75.cloudfront.net/exercise/765_highres.jpg","thumb":"https://d2xdmhkmkbyw75.cloudfront.net/exercise/765_thumb.jpg","is_user_uploaded":false},"compendium_code":2180,"name":"yoga","description":null,"benefits":null}]}
2025-06-05 08:56:20 [http-nio-8080-exec-1] DEBUG o.s.w.s.m.m.a.HttpEntityMethodProcessor - Using 'application/json', given [*/*] and supported [application/json, application/*+json]
2025-06-05 08:56:20 [http-nio-8080-exec-2] DEBUG o.s.web.client.RestTemplate - Reading to [com.fasterxml.jackson.databind.JsonNode]
2025-06-05 08:56:20 [http-nio-8080-exec-10] DEBUG o.s.w.s.m.m.a.HttpEntityMethodProcessor - Writing [{calories=13}]
2025-06-05 08:56:20 [http-nio-8080-exec-9] INFO  c.a.f.service.NutritionixService - Nutritionix Response: {"exercises":[{"tag_id":780,"user_input":"squats","duration_min":20,"met":5,"nf_calories":112.5,"photo":{"highres":"https://d2xdmhkmkbyw75.cloudfront.net/exercise/780_highres.jpg","thumb":"https://d2xdmhkmkbyw75.cloudfront.net/exercise/780_thumb.jpg","is_user_uploaded":false},"compendium_code":2052,"name":"squats","description":null,"benefits":null}]}
2025-06-05 08:56:20 [http-nio-8080-exec-8] INFO  c.a.f.service.NutritionixService - Calculated calories: 74.25
2025-06-05 08:56:20 [http-nio-8080-exec-1] DEBUG o.s.w.s.m.m.a.HttpEntityMethodProcessor - Writing [{calories=20}]
2025-06-05 08:56:20 [http-nio-8080-exec-9] INFO  c.a.f.service.NutritionixService - Calculated calories: 112.5
2025-06-05 08:56:20 [http-nio-8080-exec-8] DEBUG o.s.w.s.m.m.a.HttpEntityMethodProcessor - Using 'application/json', given [*/*] and supported [application/json, application/*+json]
2025-06-05 08:56:20 [http-nio-8080-exec-10] DEBUG o.s.o.j.s.OpenEntityManagerInViewInterceptor - Closing JPA EntityManager in OpenEntityManagerInViewInterceptor
2025-06-05 08:56:20 [http-nio-8080-exec-1] DEBUG o.s.o.j.s.OpenEntityManagerInViewInterceptor - Closing JPA EntityManager in OpenEntityManagerInViewInterceptor
2025-06-05 08:56:20 [http-nio-8080-exec-9] DEBUG o.s.w.s.m.m.a.HttpEntityMethodProcessor - Using 'application/json', given [*/*] and supported [application/json, application/*+json]
2025-06-05 08:56:20 [http-nio-8080-exec-8] DEBUG o.s.w.s.m.m.a.HttpEntityMethodProcessor - Writing [{calories=74}]
2025-06-05 08:56:20 [http-nio-8080-exec-10] DEBUG o.s.web.servlet.DispatcherServlet - Completed 200 OK
2025-06-05 08:56:20 [http-nio-8080-exec-1] DEBUG o.s.web.servlet.DispatcherServlet - Completed 200 OK
2025-06-05 08:56:20 [http-nio-8080-exec-9] DEBUG o.s.w.s.m.m.a.HttpEntityMethodProcessor - Writing [{calories=113}]
2025-06-05 08:56:20 [http-nio-8080-exec-8] DEBUG o.s.o.j.s.OpenEntityManagerInViewInterceptor - Closing JPA EntityManager in OpenEntityManagerInViewInterceptor
2025-06-05 08:56:20 [http-nio-8080-exec-9] DEBUG o.s.o.j.s.OpenEntityManagerInViewInterceptor - Closing JPA EntityManager in OpenEntityManagerInViewInterceptor
2025-06-05 08:56:20 [http-nio-8080-exec-8] DEBUG o.s.web.servlet.DispatcherServlet - Completed 200 OK
2025-06-05 08:56:20 [http-nio-8080-exec-9] DEBUG o.s.web.servlet.DispatcherServlet - Completed 200 OK
2025-06-05 08:56:20 [http-nio-8080-exec-3] DEBUG o.s.security.web.FilterChainProxy - Securing POST /workouts/estimate-calories
2025-06-05 08:56:20 [http-nio-8080-exec-5] DEBUG o.s.security.web.FilterChainProxy - Securing POST /workouts/estimate-calories
2025-06-05 08:56:20 [http-nio-8080-exec-6] DEBUG o.s.security.web.FilterChainProxy - Securing POST /workouts/estimate-calories
2025-06-05 08:56:20 [http-nio-8080-exec-7] DEBUG o.s.security.web.FilterChainProxy - Securing POST /workouts/estimate-calories
2025-06-05 08:56:20 [http-nio-8080-exec-5] DEBUG o.s.s.w.c.HttpSessionSecurityContextRepository - Retrieved SecurityContextImpl [Authentication=UsernamePasswordAuthenticationToken [Principal=org.springframework.security.core.userdetails.User [Username=charlenedilig@gmail.com, Password=[PROTECTED], Enabled=true, AccountNonExpired=true, CredentialsNonExpired=true, AccountNonLocked=true, Granted Authorities=[ROLE_USER]], Credentials=[PROTECTED], Authenticated=true, Details=WebAuthenticationDetails [RemoteIpAddress=127.0.0.1, SessionId=461E86EE87CA6F9A8EB217445B7543D3], Granted Authorities=[ROLE_USER]]]
2025-06-05 08:56:20 [http-nio-8080-exec-3] DEBUG o.s.s.w.c.HttpSessionSecurityContextRepository - Retrieved SecurityContextImpl [Authentication=UsernamePasswordAuthenticationToken [Principal=org.springframework.security.core.userdetails.User [Username=charlenedilig@gmail.com, Password=[PROTECTED], Enabled=true, AccountNonExpired=true, CredentialsNonExpired=true, AccountNonLocked=true, Granted Authorities=[ROLE_USER]], Credentials=[PROTECTED], Authenticated=true, Details=WebAuthenticationDetails [RemoteIpAddress=127.0.0.1, SessionId=461E86EE87CA6F9A8EB217445B7543D3], Granted Authorities=[ROLE_USER]]]
2025-06-05 08:56:20 [http-nio-8080-exec-6] DEBUG o.s.s.w.c.HttpSessionSecurityContextRepository - Retrieved SecurityContextImpl [Authentication=UsernamePasswordAuthenticationToken [Principal=org.springframework.security.core.userdetails.User [Username=charlenedilig@gmail.com, Password=[PROTECTED], Enabled=true, AccountNonExpired=true, CredentialsNonExpired=true, AccountNonLocked=true, Granted Authorities=[ROLE_USER]], Credentials=[PROTECTED], Authenticated=true, Details=WebAuthenticationDetails [RemoteIpAddress=127.0.0.1, SessionId=461E86EE87CA6F9A8EB217445B7543D3], Granted Authorities=[ROLE_USER]]]
2025-06-05 08:56:20 [http-nio-8080-exec-7] DEBUG o.s.s.w.c.HttpSessionSecurityContextRepository - Retrieved SecurityContextImpl [Authentication=UsernamePasswordAuthenticationToken [Principal=org.springframework.security.core.userdetails.User [Username=charlenedilig@gmail.com, Password=[PROTECTED], Enabled=true, AccountNonExpired=true, CredentialsNonExpired=true, AccountNonLocked=true, Granted Authorities=[ROLE_USER]], Credentials=[PROTECTED], Authenticated=true, Details=WebAuthenticationDetails [RemoteIpAddress=127.0.0.1, SessionId=461E86EE87CA6F9A8EB217445B7543D3], Granted Authorities=[ROLE_USER]]]
2025-06-05 08:56:20 [http-nio-8080-exec-5] DEBUG o.s.security.web.FilterChainProxy - Secured POST /workouts/estimate-calories
2025-06-05 08:56:20 [http-nio-8080-exec-3] DEBUG o.s.security.web.FilterChainProxy - Secured POST /workouts/estimate-calories
2025-06-05 08:56:20 [http-nio-8080-exec-6] DEBUG o.s.security.web.FilterChainProxy - Secured POST /workouts/estimate-calories
2025-06-05 08:56:20 [http-nio-8080-exec-7] DEBUG o.s.security.web.FilterChainProxy - Secured POST /workouts/estimate-calories
2025-06-05 08:56:20 [http-nio-8080-exec-5] DEBUG o.s.web.servlet.DispatcherServlet - POST "/fitrack/workouts/estimate-calories", parameters={}
2025-06-05 08:56:20 [http-nio-8080-exec-3] DEBUG o.s.web.servlet.DispatcherServlet - POST "/fitrack/workouts/estimate-calories", parameters={}
2025-06-05 08:56:20 [http-nio-8080-exec-6] DEBUG o.s.web.servlet.DispatcherServlet - POST "/fitrack/workouts/estimate-calories", parameters={}
2025-06-05 08:56:20 [http-nio-8080-exec-7] DEBUG o.s.web.servlet.DispatcherServlet - POST "/fitrack/workouts/estimate-calories", parameters={}
2025-06-05 08:56:20 [http-nio-8080-exec-5] DEBUG o.s.w.s.m.m.a.RequestMappingHandlerMapping - Mapped to com.app.fitrack.controller.WorkoutController#estimateCalories(Map)
2025-06-05 08:56:20 [http-nio-8080-exec-3] DEBUG o.s.w.s.m.m.a.RequestMappingHandlerMapping - Mapped to com.app.fitrack.controller.WorkoutController#estimateCalories(Map)
2025-06-05 08:56:20 [http-nio-8080-exec-6] DEBUG o.s.w.s.m.m.a.RequestMappingHandlerMapping - Mapped to com.app.fitrack.controller.WorkoutController#estimateCalories(Map)
2025-06-05 08:56:20 [http-nio-8080-exec-7] DEBUG o.s.w.s.m.m.a.RequestMappingHandlerMapping - Mapped to com.app.fitrack.controller.WorkoutController#estimateCalories(Map)
2025-06-05 08:56:20 [http-nio-8080-exec-5] DEBUG o.s.o.j.s.OpenEntityManagerInViewInterceptor - Opening JPA EntityManager in OpenEntityManagerInViewInterceptor
2025-06-05 08:56:20 [http-nio-8080-exec-3] DEBUG o.s.o.j.s.OpenEntityManagerInViewInterceptor - Opening JPA EntityManager in OpenEntityManagerInViewInterceptor
2025-06-05 08:56:20 [http-nio-8080-exec-6] DEBUG o.s.o.j.s.OpenEntityManagerInViewInterceptor - Opening JPA EntityManager in OpenEntityManagerInViewInterceptor
2025-06-05 08:56:20 [http-nio-8080-exec-7] DEBUG o.s.o.j.s.OpenEntityManagerInViewInterceptor - Opening JPA EntityManager in OpenEntityManagerInViewInterceptor
2025-06-05 08:56:20 [http-nio-8080-exec-5] DEBUG o.s.w.s.m.m.a.RequestResponseBodyMethodProcessor - Read "application/json;charset=UTF-8" to [{workoutName=Farmer's Walks, duration=10}]
2025-06-05 08:56:20 [http-nio-8080-exec-3] DEBUG o.s.w.s.m.m.a.RequestResponseBodyMethodProcessor - Read "application/json;charset=UTF-8" to [{workoutName=Kettlebell Swings, duration=15}]
2025-06-05 08:56:20 [http-nio-8080-exec-6] DEBUG o.s.w.s.m.m.a.RequestResponseBodyMethodProcessor - Read "application/json;charset=UTF-8" to [{workoutName=Heel-to-Toe Walk, duration=5}]
2025-06-05 08:56:20 [http-nio-8080-exec-7] DEBUG o.s.w.s.m.m.a.RequestResponseBodyMethodProcessor - Read "application/json;charset=UTF-8" to [{workoutName=Tai Chi movements, duration=20}]
2025-06-05 08:56:20 [http-nio-8080-exec-5] DEBUG o.s.orm.jpa.JpaTransactionManager - Found thread-bound EntityManager [SessionImpl(1590424889<open>)] for JPA transaction
2025-06-05 08:56:20 [http-nio-8080-exec-3] DEBUG o.s.orm.jpa.JpaTransactionManager - Found thread-bound EntityManager [SessionImpl(1334415231<open>)] for JPA transaction
2025-06-05 08:56:20 [http-nio-8080-exec-6] DEBUG o.s.orm.jpa.JpaTransactionManager - Found thread-bound EntityManager [SessionImpl(1923443816<open>)] for JPA transaction
2025-06-05 08:56:20 [http-nio-8080-exec-7] DEBUG o.s.orm.jpa.JpaTransactionManager - Found thread-bound EntityManager [SessionImpl(374745955<open>)] for JPA transaction
2025-06-05 08:56:20 [http-nio-8080-exec-5] DEBUG o.s.orm.jpa.JpaTransactionManager - Creating new transaction with name [com.app.fitrack.service.UserService.getAuthenticatedUser]: PROPAGATION_REQUIRED,ISOLATION_DEFAULT
2025-06-05 08:56:20 [http-nio-8080-exec-3] DEBUG o.s.orm.jpa.JpaTransactionManager - Creating new transaction with name [com.app.fitrack.service.UserService.getAuthenticatedUser]: PROPAGATION_REQUIRED,ISOLATION_DEFAULT
2025-06-05 08:56:20 [http-nio-8080-exec-6] DEBUG o.s.orm.jpa.JpaTransactionManager - Creating new transaction with name [com.app.fitrack.service.UserService.getAuthenticatedUser]: PROPAGATION_REQUIRED,ISOLATION_DEFAULT
2025-06-05 08:56:20 [http-nio-8080-exec-7] DEBUG o.s.orm.jpa.JpaTransactionManager - Creating new transaction with name [com.app.fitrack.service.UserService.getAuthenticatedUser]: PROPAGATION_REQUIRED,ISOLATION_DEFAULT
2025-06-05 08:56:20 [http-nio-8080-exec-5] DEBUG o.s.orm.jpa.JpaTransactionManager - Exposing JPA transaction as JDBC [org.springframework.orm.jpa.vendor.HibernateJpaDialect$HibernateConnectionHandle@9f70c63]
2025-06-05 08:56:20 [http-nio-8080-exec-3] DEBUG o.s.orm.jpa.JpaTransactionManager - Exposing JPA transaction as JDBC [org.springframework.orm.jpa.vendor.HibernateJpaDialect$HibernateConnectionHandle@3d0cde4c]
2025-06-05 08:56:20 [http-nio-8080-exec-6] DEBUG o.s.orm.jpa.JpaTransactionManager - Exposing JPA transaction as JDBC [org.springframework.orm.jpa.vendor.HibernateJpaDialect$HibernateConnectionHandle@78b9fe43]
2025-06-05 08:56:20 [http-nio-8080-exec-5] TRACE o.s.t.i.TransactionInterceptor - Getting transaction for [com.app.fitrack.service.UserService.getAuthenticatedUser]
2025-06-05 08:56:20 [http-nio-8080-exec-7] DEBUG o.s.orm.jpa.JpaTransactionManager - Exposing JPA transaction as JDBC [org.springframework.orm.jpa.vendor.HibernateJpaDialect$HibernateConnectionHandle@3f7e3489]
2025-06-05 08:56:20 [http-nio-8080-exec-3] TRACE o.s.t.i.TransactionInterceptor - Getting transaction for [com.app.fitrack.service.UserService.getAuthenticatedUser]
2025-06-05 08:56:20 [http-nio-8080-exec-6] TRACE o.s.t.i.TransactionInterceptor - Getting transaction for [com.app.fitrack.service.UserService.getAuthenticatedUser]
2025-06-05 08:56:20 [http-nio-8080-exec-5] TRACE o.s.t.i.TransactionInterceptor - No need to create transaction for [org.springframework.data.jpa.repository.support.SimpleJpaRepository.findByEmail]: This method is not transactional.
2025-06-05 08:56:20 [http-nio-8080-exec-7] TRACE o.s.t.i.TransactionInterceptor - Getting transaction for [com.app.fitrack.service.UserService.getAuthenticatedUser]
2025-06-05 08:56:20 [http-nio-8080-exec-3] TRACE o.s.t.i.TransactionInterceptor - No need to create transaction for [org.springframework.data.jpa.repository.support.SimpleJpaRepository.findByEmail]: This method is not transactional.
2025-06-05 08:56:20 [http-nio-8080-exec-6] TRACE o.s.t.i.TransactionInterceptor - No need to create transaction for [org.springframework.data.jpa.repository.support.SimpleJpaRepository.findByEmail]: This method is not transactional.
2025-06-05 08:56:20 [http-nio-8080-exec-7] TRACE o.s.t.i.TransactionInterceptor - No need to create transaction for [org.springframework.data.jpa.repository.support.SimpleJpaRepository.findByEmail]: This method is not transactional.
2025-06-05 08:56:20 [http-nio-8080-exec-6] DEBUG org.hibernate.SQL - 
    select
        u1_0.id,
        u1_0.age,
        u1_0.email,
        u1_0.email_change_code,
        u1_0.email_change_code_expiry,
        u1_0.firstname,
        u1_0.gender,
        u1_0.height,
        u1_0.lastname,
        u1_0.password,
        u1_0.pending_email,
        u1_0.profile_picture,
        u1_0.verified,
        u1_0.weight 
    from
        users u1_0 
    where
        u1_0.email=?
2025-06-05 08:56:20 [http-nio-8080-exec-5] DEBUG org.hibernate.SQL - 
    select
        u1_0.id,
        u1_0.age,
        u1_0.email,
        u1_0.email_change_code,
        u1_0.email_change_code_expiry,
        u1_0.firstname,
        u1_0.gender,
        u1_0.height,
        u1_0.lastname,
        u1_0.password,
        u1_0.pending_email,
        u1_0.profile_picture,
        u1_0.verified,
        u1_0.weight 
    from
        users u1_0 
    where
        u1_0.email=?
2025-06-05 08:56:20 [http-nio-8080-exec-3] DEBUG org.hibernate.SQL - 
    select
        u1_0.id,
        u1_0.age,
        u1_0.email,
        u1_0.email_change_code,
        u1_0.email_change_code_expiry,
        u1_0.firstname,
        u1_0.gender,
        u1_0.height,
        u1_0.lastname,
        u1_0.password,
        u1_0.pending_email,
        u1_0.profile_picture,
        u1_0.verified,
        u1_0.weight 
    from
        users u1_0 
    where
        u1_0.email=?
2025-06-05 08:56:20 [http-nio-8080-exec-7] DEBUG org.hibernate.SQL - 
    select
        u1_0.id,
        u1_0.age,
        u1_0.email,
        u1_0.email_change_code,
        u1_0.email_change_code_expiry,
        u1_0.firstname,
        u1_0.gender,
        u1_0.height,
        u1_0.lastname,
        u1_0.password,
        u1_0.pending_email,
        u1_0.profile_picture,
        u1_0.verified,
        u1_0.weight 
    from
        users u1_0 
    where
        u1_0.email=?
2025-06-05 08:56:20 [http-nio-8080-exec-6] TRACE o.s.t.i.TransactionInterceptor - Completing transaction for [com.app.fitrack.service.UserService.getAuthenticatedUser]
2025-06-05 08:56:20 [http-nio-8080-exec-5] TRACE o.s.t.i.TransactionInterceptor - Completing transaction for [com.app.fitrack.service.UserService.getAuthenticatedUser]
2025-06-05 08:56:20 [http-nio-8080-exec-6] DEBUG o.s.orm.jpa.JpaTransactionManager - Initiating transaction commit
2025-06-05 08:56:20 [http-nio-8080-exec-3] TRACE o.s.t.i.TransactionInterceptor - Completing transaction for [com.app.fitrack.service.UserService.getAuthenticatedUser]
2025-06-05 08:56:20 [http-nio-8080-exec-5] DEBUG o.s.orm.jpa.JpaTransactionManager - Initiating transaction commit
2025-06-05 08:56:20 [http-nio-8080-exec-6] DEBUG o.s.orm.jpa.JpaTransactionManager - Committing JPA transaction on EntityManager [SessionImpl(1923443816<open>)]
2025-06-05 08:56:20 [http-nio-8080-exec-3] DEBUG o.s.orm.jpa.JpaTransactionManager - Initiating transaction commit
2025-06-05 08:56:20 [http-nio-8080-exec-5] DEBUG o.s.orm.jpa.JpaTransactionManager - Committing JPA transaction on EntityManager [SessionImpl(1590424889<open>)]
2025-06-05 08:56:20 [http-nio-8080-exec-7] TRACE o.s.t.i.TransactionInterceptor - Completing transaction for [com.app.fitrack.service.UserService.getAuthenticatedUser]
2025-06-05 08:56:20 [http-nio-8080-exec-3] DEBUG o.s.orm.jpa.JpaTransactionManager - Committing JPA transaction on EntityManager [SessionImpl(1334415231<open>)]
2025-06-05 08:56:20 [http-nio-8080-exec-6] DEBUG o.s.orm.jpa.JpaTransactionManager - Not closing pre-bound JPA EntityManager after transaction
2025-06-05 08:56:20 [http-nio-8080-exec-7] DEBUG o.s.orm.jpa.JpaTransactionManager - Initiating transaction commit
2025-06-05 08:56:20 [http-nio-8080-exec-5] DEBUG o.s.orm.jpa.JpaTransactionManager - Not closing pre-bound JPA EntityManager after transaction
2025-06-05 08:56:20 [http-nio-8080-exec-6] INFO  c.a.f.service.NutritionixService - Sending request to Nutritionix for exercise calorie estimation:
2025-06-05 08:56:20 [http-nio-8080-exec-7] DEBUG o.s.orm.jpa.JpaTransactionManager - Committing JPA transaction on EntityManager [SessionImpl(374745955<open>)]
2025-06-05 08:56:20 [http-nio-8080-exec-3] DEBUG o.s.orm.jpa.JpaTransactionManager - Not closing pre-bound JPA EntityManager after transaction
2025-06-05 08:56:20 [http-nio-8080-exec-5] INFO  c.a.f.service.NutritionixService - Sending request to Nutritionix for exercise calorie estimation:
2025-06-05 08:56:20 [http-nio-8080-exec-6] INFO  c.a.f.service.NutritionixService - URL: https://trackapi.nutritionix.com/v2/natural/exercise
2025-06-05 08:56:20 [http-nio-8080-exec-3] INFO  c.a.f.service.NutritionixService - Sending request to Nutritionix for exercise calorie estimation:
2025-06-05 08:56:20 [http-nio-8080-exec-5] INFO  c.a.f.service.NutritionixService - URL: https://trackapi.nutritionix.com/v2/natural/exercise
2025-06-05 08:56:20 [http-nio-8080-exec-7] DEBUG o.s.orm.jpa.JpaTransactionManager - Not closing pre-bound JPA EntityManager after transaction
2025-06-05 08:56:20 [http-nio-8080-exec-6] INFO  c.a.f.service.NutritionixService - Request Body: {weight_kg=67.5, gender=female, height_cm=149.0, query=5 minutes of Heel-to-Toe Walk, age=21}
2025-06-05 08:56:20 [http-nio-8080-exec-3] INFO  c.a.f.service.NutritionixService - URL: https://trackapi.nutritionix.com/v2/natural/exercise
2025-06-05 08:56:20 [http-nio-8080-exec-5] INFO  c.a.f.service.NutritionixService - Request Body: {weight_kg=67.5, gender=female, height_cm=149.0, query=10 minutes of Farmer's Walks, age=21}
2025-06-05 08:56:20 [http-nio-8080-exec-7] INFO  c.a.f.service.NutritionixService - Sending request to Nutritionix for exercise calorie estimation:
2025-06-05 08:56:20 [http-nio-8080-exec-3] INFO  c.a.f.service.NutritionixService - Request Body: {weight_kg=67.5, gender=female, height_cm=149.0, query=15 minutes of Kettlebell Swings, age=21}
2025-06-05 08:56:20 [http-nio-8080-exec-6] DEBUG o.s.web.client.RestTemplate - HTTP POST https://trackapi.nutritionix.com/v2/natural/exercise
2025-06-05 08:56:20 [http-nio-8080-exec-5] DEBUG o.s.web.client.RestTemplate - HTTP POST https://trackapi.nutritionix.com/v2/natural/exercise
2025-06-05 08:56:20 [http-nio-8080-exec-7] INFO  c.a.f.service.NutritionixService - URL: https://trackapi.nutritionix.com/v2/natural/exercise
2025-06-05 08:56:20 [http-nio-8080-exec-3] DEBUG o.s.web.client.RestTemplate - HTTP POST https://trackapi.nutritionix.com/v2/natural/exercise
2025-06-05 08:56:20 [http-nio-8080-exec-5] DEBUG o.s.web.client.RestTemplate - Accept=[application/json, application/*+json]
2025-06-05 08:56:20 [http-nio-8080-exec-6] DEBUG o.s.web.client.RestTemplate - Accept=[application/json, application/*+json]
2025-06-05 08:56:20 [http-nio-8080-exec-5] DEBUG o.s.web.client.RestTemplate - Writing [{weight_kg=67.5, gender=female, height_cm=149.0, query=10 minutes of Farmer's Walks, age=21}] as "application/json"
2025-06-05 08:56:20 [http-nio-8080-exec-7] INFO  c.a.f.service.NutritionixService - Request Body: {weight_kg=67.5, gender=female, height_cm=149.0, query=20 minutes of Tai Chi movements, age=21}
2025-06-05 08:56:20 [http-nio-8080-exec-3] DEBUG o.s.web.client.RestTemplate - Accept=[application/json, application/*+json]
2025-06-05 08:56:20 [http-nio-8080-exec-6] DEBUG o.s.web.client.RestTemplate - Writing [{weight_kg=67.5, gender=female, height_cm=149.0, query=5 minutes of Heel-to-Toe Walk, age=21}] as "application/json"
2025-06-05 08:56:20 [http-nio-8080-exec-7] DEBUG o.s.web.client.RestTemplate - HTTP POST https://trackapi.nutritionix.com/v2/natural/exercise
2025-06-05 08:56:20 [http-nio-8080-exec-3] DEBUG o.s.web.client.RestTemplate - Writing [{weight_kg=67.5, gender=female, height_cm=149.0, query=15 minutes of Kettlebell Swings, age=21}] as "application/json"
2025-06-05 08:56:20 [http-nio-8080-exec-7] DEBUG o.s.web.client.RestTemplate - Accept=[application/json, application/*+json]
2025-06-05 08:56:20 [http-nio-8080-exec-7] DEBUG o.s.web.client.RestTemplate - Writing [{weight_kg=67.5, gender=female, height_cm=149.0, query=20 minutes of Tai Chi movements, age=21}] as "application/json"
2025-06-05 08:56:20 [http-nio-8080-exec-2] INFO  c.a.f.service.NutritionixService - Nutritionix Response: {"exercises":[{"tag_id":174,"user_input":"ball","duration_min":10,"met":2.5,"nf_calories":28.13,"photo":{"highres":"https://d2xdmhkmkbyw75.cloudfront.net/exercise/174_highres.jpg","thumb":"https://d2xdmhkmkbyw75.cloudfront.net/exercise/174_thumb.jpg","is_user_uploaded":false},"compendium_code":15235,"name":"playing catch","description":null,"benefits":null}]}
2025-06-05 08:56:20 [http-nio-8080-exec-4] DEBUG o.s.web.client.RestTemplate - Response 200 OK
2025-06-05 08:56:20 [http-nio-8080-exec-2] INFO  c.a.f.service.NutritionixService - Calculated calories: 28.13
2025-06-05 08:56:20 [http-nio-8080-exec-4] DEBUG o.s.web.client.RestTemplate - Reading to [com.fasterxml.jackson.databind.JsonNode]
2025-06-05 08:56:20 [http-nio-8080-exec-2] DEBUG o.s.w.s.m.m.a.HttpEntityMethodProcessor - Using 'application/json', given [*/*] and supported [application/json, application/*+json]
2025-06-05 08:56:20 [http-nio-8080-exec-2] DEBUG o.s.w.s.m.m.a.HttpEntityMethodProcessor - Writing [{calories=28}]
2025-06-05 08:56:20 [http-nio-8080-exec-4] INFO  c.a.f.service.NutritionixService - Nutritionix Response: {"exercises":[{"tag_id":764,"user_input":"pilates","duration_min":20,"met":3,"nf_calories":67.5,"photo":{"highres":"https://d2xdmhkmkbyw75.cloudfront.net/exercise/764_highres.jpg","thumb":"https://d2xdmhkmkbyw75.cloudfront.net/exercise/764_thumb.jpg","is_user_uploaded":false},"compendium_code":2105,"name":"pilates","description":null,"benefits":null}]}
2025-06-05 08:56:20 [http-nio-8080-exec-4] INFO  c.a.f.service.NutritionixService - Calculated calories: 67.5
2025-06-05 08:56:20 [http-nio-8080-exec-2] DEBUG o.s.o.j.s.OpenEntityManagerInViewInterceptor - Closing JPA EntityManager in OpenEntityManagerInViewInterceptor
2025-06-05 08:56:20 [http-nio-8080-exec-4] DEBUG o.s.w.s.m.m.a.HttpEntityMethodProcessor - Using 'application/json', given [*/*] and supported [application/json, application/*+json]
2025-06-05 08:56:20 [http-nio-8080-exec-2] DEBUG o.s.web.servlet.DispatcherServlet - Completed 200 OK
2025-06-05 08:56:20 [http-nio-8080-exec-4] DEBUG o.s.w.s.m.m.a.HttpEntityMethodProcessor - Writing [{calories=68}]
2025-06-05 08:56:20 [http-nio-8080-exec-4] DEBUG o.s.o.j.s.OpenEntityManagerInViewInterceptor - Closing JPA EntityManager in OpenEntityManagerInViewInterceptor
2025-06-05 08:56:20 [http-nio-8080-exec-4] DEBUG o.s.web.servlet.DispatcherServlet - Completed 200 OK
2025-06-05 08:56:20 [http-nio-8080-exec-10] DEBUG o.s.security.web.FilterChainProxy - Securing POST /workouts/estimate-calories
2025-06-05 08:56:20 [http-nio-8080-exec-1] DEBUG o.s.security.web.FilterChainProxy - Securing POST /workouts/estimate-calories
2025-06-05 08:56:20 [http-nio-8080-exec-10] DEBUG o.s.s.w.c.HttpSessionSecurityContextRepository - Retrieved SecurityContextImpl [Authentication=UsernamePasswordAuthenticationToken [Principal=org.springframework.security.core.userdetails.User [Username=charlenedilig@gmail.com, Password=[PROTECTED], Enabled=true, AccountNonExpired=true, CredentialsNonExpired=true, AccountNonLocked=true, Granted Authorities=[ROLE_USER]], Credentials=[PROTECTED], Authenticated=true, Details=WebAuthenticationDetails [RemoteIpAddress=127.0.0.1, SessionId=461E86EE87CA6F9A8EB217445B7543D3], Granted Authorities=[ROLE_USER]]]
2025-06-05 08:56:20 [http-nio-8080-exec-1] DEBUG o.s.s.w.c.HttpSessionSecurityContextRepository - Retrieved SecurityContextImpl [Authentication=UsernamePasswordAuthenticationToken [Principal=org.springframework.security.core.userdetails.User [Username=charlenedilig@gmail.com, Password=[PROTECTED], Enabled=true, AccountNonExpired=true, CredentialsNonExpired=true, AccountNonLocked=true, Granted Authorities=[ROLE_USER]], Credentials=[PROTECTED], Authenticated=true, Details=WebAuthenticationDetails [RemoteIpAddress=127.0.0.1, SessionId=461E86EE87CA6F9A8EB217445B7543D3], Granted Authorities=[ROLE_USER]]]
2025-06-05 08:56:20 [http-nio-8080-exec-10] DEBUG o.s.security.web.FilterChainProxy - Secured POST /workouts/estimate-calories
2025-06-05 08:56:20 [http-nio-8080-exec-10] DEBUG o.s.web.servlet.DispatcherServlet - POST "/fitrack/workouts/estimate-calories", parameters={}
2025-06-05 08:56:20 [http-nio-8080-exec-1] DEBUG o.s.security.web.FilterChainProxy - Secured POST /workouts/estimate-calories
2025-06-05 08:56:20 [http-nio-8080-exec-1] DEBUG o.s.web.servlet.DispatcherServlet - POST "/fitrack/workouts/estimate-calories", parameters={}
2025-06-05 08:56:20 [http-nio-8080-exec-10] DEBUG o.s.w.s.m.m.a.RequestMappingHandlerMapping - Mapped to com.app.fitrack.controller.WorkoutController#estimateCalories(Map)
2025-06-05 08:56:20 [http-nio-8080-exec-1] DEBUG o.s.w.s.m.m.a.RequestMappingHandlerMapping - Mapped to com.app.fitrack.controller.WorkoutController#estimateCalories(Map)
2025-06-05 08:56:20 [http-nio-8080-exec-10] DEBUG o.s.o.j.s.OpenEntityManagerInViewInterceptor - Opening JPA EntityManager in OpenEntityManagerInViewInterceptor
2025-06-05 08:56:20 [http-nio-8080-exec-1] DEBUG o.s.o.j.s.OpenEntityManagerInViewInterceptor - Opening JPA EntityManager in OpenEntityManagerInViewInterceptor
2025-06-05 08:56:20 [http-nio-8080-exec-1] DEBUG o.s.w.s.m.m.a.RequestResponseBodyMethodProcessor - Read "application/json;charset=UTF-8" to [{workoutName=Basketball, duration=30}]
2025-06-05 08:56:20 [http-nio-8080-exec-10] DEBUG o.s.w.s.m.m.a.RequestResponseBodyMethodProcessor - Read "application/json;charset=UTF-8" to [{workoutName=Single-Leg Stands, duration=5}]
2025-06-05 08:56:20 [http-nio-8080-exec-1] DEBUG o.s.orm.jpa.JpaTransactionManager - Found thread-bound EntityManager [SessionImpl(285716869<open>)] for JPA transaction
2025-06-05 08:56:20 [http-nio-8080-exec-10] DEBUG o.s.orm.jpa.JpaTransactionManager - Found thread-bound EntityManager [SessionImpl(1490922930<open>)] for JPA transaction
2025-06-05 08:56:20 [http-nio-8080-exec-1] DEBUG o.s.orm.jpa.JpaTransactionManager - Creating new transaction with name [com.app.fitrack.service.UserService.getAuthenticatedUser]: PROPAGATION_REQUIRED,ISOLATION_DEFAULT
2025-06-05 08:56:20 [http-nio-8080-exec-10] DEBUG o.s.orm.jpa.JpaTransactionManager - Creating new transaction with name [com.app.fitrack.service.UserService.getAuthenticatedUser]: PROPAGATION_REQUIRED,ISOLATION_DEFAULT
2025-06-05 08:56:20 [http-nio-8080-exec-10] DEBUG o.s.orm.jpa.JpaTransactionManager - Exposing JPA transaction as JDBC [org.springframework.orm.jpa.vendor.HibernateJpaDialect$HibernateConnectionHandle@2d9c8fb9]
2025-06-05 08:56:20 [http-nio-8080-exec-1] DEBUG o.s.orm.jpa.JpaTransactionManager - Exposing JPA transaction as JDBC [org.springframework.orm.jpa.vendor.HibernateJpaDialect$HibernateConnectionHandle@cbedd43]
2025-06-05 08:56:20 [http-nio-8080-exec-10] TRACE o.s.t.i.TransactionInterceptor - Getting transaction for [com.app.fitrack.service.UserService.getAuthenticatedUser]
2025-06-05 08:56:20 [http-nio-8080-exec-1] TRACE o.s.t.i.TransactionInterceptor - Getting transaction for [com.app.fitrack.service.UserService.getAuthenticatedUser]
2025-06-05 08:56:20 [http-nio-8080-exec-10] TRACE o.s.t.i.TransactionInterceptor - No need to create transaction for [org.springframework.data.jpa.repository.support.SimpleJpaRepository.findByEmail]: This method is not transactional.
2025-06-05 08:56:20 [http-nio-8080-exec-1] TRACE o.s.t.i.TransactionInterceptor - No need to create transaction for [org.springframework.data.jpa.repository.support.SimpleJpaRepository.findByEmail]: This method is not transactional.
2025-06-05 08:56:20 [http-nio-8080-exec-10] DEBUG org.hibernate.SQL - 
    select
        u1_0.id,
        u1_0.age,
        u1_0.email,
        u1_0.email_change_code,
        u1_0.email_change_code_expiry,
        u1_0.firstname,
        u1_0.gender,
        u1_0.height,
        u1_0.lastname,
        u1_0.password,
        u1_0.pending_email,
        u1_0.profile_picture,
        u1_0.verified,
        u1_0.weight 
    from
        users u1_0 
    where
        u1_0.email=?
2025-06-05 08:56:20 [http-nio-8080-exec-1] DEBUG org.hibernate.SQL - 
    select
        u1_0.id,
        u1_0.age,
        u1_0.email,
        u1_0.email_change_code,
        u1_0.email_change_code_expiry,
        u1_0.firstname,
        u1_0.gender,
        u1_0.height,
        u1_0.lastname,
        u1_0.password,
        u1_0.pending_email,
        u1_0.profile_picture,
        u1_0.verified,
        u1_0.weight 
    from
        users u1_0 
    where
        u1_0.email=?
2025-06-05 08:56:20 [http-nio-8080-exec-10] TRACE o.s.t.i.TransactionInterceptor - Completing transaction for [com.app.fitrack.service.UserService.getAuthenticatedUser]
2025-06-05 08:56:20 [http-nio-8080-exec-10] DEBUG o.s.orm.jpa.JpaTransactionManager - Initiating transaction commit
2025-06-05 08:56:20 [http-nio-8080-exec-10] DEBUG o.s.orm.jpa.JpaTransactionManager - Committing JPA transaction on EntityManager [SessionImpl(1490922930<open>)]
2025-06-05 08:56:20 [http-nio-8080-exec-1] TRACE o.s.t.i.TransactionInterceptor - Completing transaction for [com.app.fitrack.service.UserService.getAuthenticatedUser]
2025-06-05 08:56:20 [http-nio-8080-exec-1] DEBUG o.s.orm.jpa.JpaTransactionManager - Initiating transaction commit
2025-06-05 08:56:20 [http-nio-8080-exec-10] DEBUG o.s.orm.jpa.JpaTransactionManager - Not closing pre-bound JPA EntityManager after transaction
2025-06-05 08:56:20 [http-nio-8080-exec-1] DEBUG o.s.orm.jpa.JpaTransactionManager - Committing JPA transaction on EntityManager [SessionImpl(285716869<open>)]
2025-06-05 08:56:20 [http-nio-8080-exec-10] INFO  c.a.f.service.NutritionixService - Sending request to Nutritionix for exercise calorie estimation:
2025-06-05 08:56:20 [http-nio-8080-exec-10] INFO  c.a.f.service.NutritionixService - URL: https://trackapi.nutritionix.com/v2/natural/exercise
2025-06-05 08:56:20 [http-nio-8080-exec-10] INFO  c.a.f.service.NutritionixService - Request Body: {weight_kg=67.5, gender=female, height_cm=149.0, query=5 minutes of Single-Leg Stands, age=21}
2025-06-05 08:56:20 [http-nio-8080-exec-1] DEBUG o.s.orm.jpa.JpaTransactionManager - Not closing pre-bound JPA EntityManager after transaction
2025-06-05 08:56:20 [http-nio-8080-exec-1] INFO  c.a.f.service.NutritionixService - Sending request to Nutritionix for exercise calorie estimation:
2025-06-05 08:56:20 [http-nio-8080-exec-10] DEBUG o.s.web.client.RestTemplate - HTTP POST https://trackapi.nutritionix.com/v2/natural/exercise
2025-06-05 08:56:20 [http-nio-8080-exec-1] INFO  c.a.f.service.NutritionixService - URL: https://trackapi.nutritionix.com/v2/natural/exercise
2025-06-05 08:56:20 [http-nio-8080-exec-1] INFO  c.a.f.service.NutritionixService - Request Body: {weight_kg=67.5, gender=female, height_cm=149.0, query=30 minutes of Basketball, age=21}
2025-06-05 08:56:20 [http-nio-8080-exec-10] DEBUG o.s.web.client.RestTemplate - Accept=[application/json, application/*+json]
2025-06-05 08:56:20 [http-nio-8080-exec-1] DEBUG o.s.web.client.RestTemplate - HTTP POST https://trackapi.nutritionix.com/v2/natural/exercise
2025-06-05 08:56:20 [http-nio-8080-exec-10] DEBUG o.s.web.client.RestTemplate - Writing [{weight_kg=67.5, gender=female, height_cm=149.0, query=5 minutes of Single-Leg Stands, age=21}] as "application/json"
2025-06-05 08:56:20 [http-nio-8080-exec-1] DEBUG o.s.web.client.RestTemplate - Accept=[application/json, application/*+json]
2025-06-05 08:56:20 [http-nio-8080-exec-1] DEBUG o.s.web.client.RestTemplate - Writing [{weight_kg=67.5, gender=female, height_cm=149.0, query=30 minutes of Basketball, age=21}] as "application/json"
2025-06-05 08:56:22 [http-nio-8080-exec-6] DEBUG o.s.web.client.RestTemplate - Response 200 OK
2025-06-05 08:56:22 [http-nio-8080-exec-6] DEBUG o.s.web.client.RestTemplate - Reading to [com.fasterxml.jackson.databind.JsonNode]
2025-06-05 08:56:22 [http-nio-8080-exec-6] INFO  c.a.f.service.NutritionixService - Nutritionix Response: {"exercises":[{"tag_id":100,"user_input":"walk","duration_min":5,"met":3.5,"nf_calories":19.69,"photo":{"highres":"https://d2xdmhkmkbyw75.cloudfront.net/exercise/100_highres.jpg","thumb":"https://d2xdmhkmkbyw75.cloudfront.net/exercise/100_thumb.jpg","is_user_uploaded":false},"compendium_code":17190,"name":"walking","description":null,"benefits":null}]}
2025-06-05 08:56:22 [http-nio-8080-exec-6] INFO  c.a.f.service.NutritionixService - Calculated calories: 19.69
2025-06-05 08:56:22 [http-nio-8080-exec-6] DEBUG o.s.w.s.m.m.a.HttpEntityMethodProcessor - Using 'application/json', given [*/*] and supported [application/json, application/*+json]
2025-06-05 08:56:22 [http-nio-8080-exec-6] DEBUG o.s.w.s.m.m.a.HttpEntityMethodProcessor - Writing [{calories=20}]
2025-06-05 08:56:22 [http-nio-8080-exec-6] DEBUG o.s.o.j.s.OpenEntityManagerInViewInterceptor - Closing JPA EntityManager in OpenEntityManagerInViewInterceptor
2025-06-05 08:56:22 [http-nio-8080-exec-6] DEBUG o.s.web.servlet.DispatcherServlet - Completed 200 OK
2025-06-05 08:56:22 [http-nio-8080-exec-9] DEBUG o.s.security.web.FilterChainProxy - Securing POST /workouts/estimate-calories
2025-06-05 08:56:22 [http-nio-8080-exec-9] DEBUG o.s.s.w.c.HttpSessionSecurityContextRepository - Retrieved SecurityContextImpl [Authentication=UsernamePasswordAuthenticationToken [Principal=org.springframework.security.core.userdetails.User [Username=charlenedilig@gmail.com, Password=[PROTECTED], Enabled=true, AccountNonExpired=true, CredentialsNonExpired=true, AccountNonLocked=true, Granted Authorities=[ROLE_USER]], Credentials=[PROTECTED], Authenticated=true, Details=WebAuthenticationDetails [RemoteIpAddress=127.0.0.1, SessionId=461E86EE87CA6F9A8EB217445B7543D3], Granted Authorities=[ROLE_USER]]]
2025-06-05 08:56:22 [http-nio-8080-exec-9] DEBUG o.s.security.web.FilterChainProxy - Secured POST /workouts/estimate-calories
2025-06-05 08:56:22 [http-nio-8080-exec-9] DEBUG o.s.web.servlet.DispatcherServlet - POST "/fitrack/workouts/estimate-calories", parameters={}
2025-06-05 08:56:22 [http-nio-8080-exec-9] DEBUG o.s.w.s.m.m.a.RequestMappingHandlerMapping - Mapped to com.app.fitrack.controller.WorkoutController#estimateCalories(Map)
2025-06-05 08:56:22 [http-nio-8080-exec-9] DEBUG o.s.o.j.s.OpenEntityManagerInViewInterceptor - Opening JPA EntityManager in OpenEntityManagerInViewInterceptor
2025-06-05 08:56:22 [http-nio-8080-exec-9] DEBUG o.s.w.s.m.m.a.RequestResponseBodyMethodProcessor - Read "application/json;charset=UTF-8" to [{workoutName=Dancing, duration=30}]
2025-06-05 08:56:22 [http-nio-8080-exec-9] DEBUG o.s.orm.jpa.JpaTransactionManager - Found thread-bound EntityManager [SessionImpl(1724829445<open>)] for JPA transaction
2025-06-05 08:56:22 [http-nio-8080-exec-9] DEBUG o.s.orm.jpa.JpaTransactionManager - Creating new transaction with name [com.app.fitrack.service.UserService.getAuthenticatedUser]: PROPAGATION_REQUIRED,ISOLATION_DEFAULT
2025-06-05 08:56:22 [http-nio-8080-exec-9] DEBUG o.s.orm.jpa.JpaTransactionManager - Exposing JPA transaction as JDBC [org.springframework.orm.jpa.vendor.HibernateJpaDialect$HibernateConnectionHandle@450b30fc]
2025-06-05 08:56:22 [http-nio-8080-exec-9] TRACE o.s.t.i.TransactionInterceptor - Getting transaction for [com.app.fitrack.service.UserService.getAuthenticatedUser]
2025-06-05 08:56:22 [http-nio-8080-exec-9] TRACE o.s.t.i.TransactionInterceptor - No need to create transaction for [org.springframework.data.jpa.repository.support.SimpleJpaRepository.findByEmail]: This method is not transactional.
2025-06-05 08:56:22 [http-nio-8080-exec-9] DEBUG org.hibernate.SQL - 
    select
        u1_0.id,
        u1_0.age,
        u1_0.email,
        u1_0.email_change_code,
        u1_0.email_change_code_expiry,
        u1_0.firstname,
        u1_0.gender,
        u1_0.height,
        u1_0.lastname,
        u1_0.password,
        u1_0.pending_email,
        u1_0.profile_picture,
        u1_0.verified,
        u1_0.weight 
    from
        users u1_0 
    where
        u1_0.email=?
2025-06-05 08:56:22 [http-nio-8080-exec-9] TRACE o.s.t.i.TransactionInterceptor - Completing transaction for [com.app.fitrack.service.UserService.getAuthenticatedUser]
2025-06-05 08:56:22 [http-nio-8080-exec-9] DEBUG o.s.orm.jpa.JpaTransactionManager - Initiating transaction commit
2025-06-05 08:56:22 [http-nio-8080-exec-9] DEBUG o.s.orm.jpa.JpaTransactionManager - Committing JPA transaction on EntityManager [SessionImpl(1724829445<open>)]
2025-06-05 08:56:22 [http-nio-8080-exec-9] DEBUG o.s.orm.jpa.JpaTransactionManager - Not closing pre-bound JPA EntityManager after transaction
2025-06-05 08:56:22 [http-nio-8080-exec-9] INFO  c.a.f.service.NutritionixService - Sending request to Nutritionix for exercise calorie estimation:
2025-06-05 08:56:22 [http-nio-8080-exec-9] INFO  c.a.f.service.NutritionixService - URL: https://trackapi.nutritionix.com/v2/natural/exercise
2025-06-05 08:56:22 [http-nio-8080-exec-9] INFO  c.a.f.service.NutritionixService - Request Body: {weight_kg=67.5, gender=female, height_cm=149.0, query=30 minutes of Dancing, age=21}
2025-06-05 08:56:22 [http-nio-8080-exec-9] DEBUG o.s.web.client.RestTemplate - HTTP POST https://trackapi.nutritionix.com/v2/natural/exercise
2025-06-05 08:56:22 [http-nio-8080-exec-9] DEBUG o.s.web.client.RestTemplate - Accept=[application/json, application/*+json]
2025-06-05 08:56:22 [http-nio-8080-exec-9] DEBUG o.s.web.client.RestTemplate - Writing [{weight_kg=67.5, gender=female, height_cm=149.0, query=30 minutes of Dancing, age=21}] as "application/json"
2025-06-05 08:56:22 [http-nio-8080-exec-5] DEBUG o.s.web.client.RestTemplate - Response 200 OK
2025-06-05 08:56:22 [http-nio-8080-exec-5] DEBUG o.s.web.client.RestTemplate - Reading to [com.fasterxml.jackson.databind.JsonNode]
2025-06-05 08:56:22 [http-nio-8080-exec-7] DEBUG o.s.web.client.RestTemplate - Response 200 OK
2025-06-05 08:56:22 [http-nio-8080-exec-7] DEBUG o.s.web.client.RestTemplate - Reading to [com.fasterxml.jackson.databind.JsonNode]
2025-06-05 08:56:22 [http-nio-8080-exec-3] DEBUG o.s.web.client.RestTemplate - Response 200 OK
2025-06-05 08:56:22 [http-nio-8080-exec-3] DEBUG o.s.web.client.RestTemplate - Reading to [com.fasterxml.jackson.databind.JsonNode]
2025-06-05 08:56:22 [http-nio-8080-exec-5] INFO  c.a.f.service.NutritionixService - Nutritionix Response: {"exercises":[{"tag_id":100,"user_input":"walks","duration_min":10,"met":3.5,"nf_calories":39.38,"photo":{"highres":"https://d2xdmhkmkbyw75.cloudfront.net/exercise/100_highres.jpg","thumb":"https://d2xdmhkmkbyw75.cloudfront.net/exercise/100_thumb.jpg","is_user_uploaded":false},"compendium_code":17190,"name":"walking","description":null,"benefits":null}]}
2025-06-05 08:56:22 [http-nio-8080-exec-7] INFO  c.a.f.service.NutritionixService - Nutritionix Response: {"exercises":[{"tag_id":179,"user_input":"tai chi","duration_min":20,"met":3,"nf_calories":67.5,"photo":{"highres":"https://d2xdmhkmkbyw75.cloudfront.net/exercise/179_highres.jpg","thumb":"https://d2xdmhkmkbyw75.cloudfront.net/exercise/179_thumb.jpg","is_user_uploaded":false},"compendium_code":15670,"name":"tai chi","description":null,"benefits":null}]}
2025-06-05 08:56:22 [http-nio-8080-exec-1] DEBUG o.s.web.client.RestTemplate - Response 200 OK
2025-06-05 08:56:22 [http-nio-8080-exec-5] INFO  c.a.f.service.NutritionixService - Calculated calories: 39.38
2025-06-05 08:56:22 [http-nio-8080-exec-3] INFO  c.a.f.service.NutritionixService - Nutritionix Response: {"exercises":[{"tag_id":847,"user_input":"kettlebell","duration_min":15,"met":3.5,"nf_calories":59.06,"photo":{"highres":"https://d2xdmhkmkbyw75.cloudfront.net/exercise/847_highres.jpg","thumb":"https://d2xdmhkmkbyw75.cloudfront.net/exercise/847_thumb.jpg","is_user_uploaded":false},"compendium_code":2054,"name":"kettlebells","description":null,"benefits":null},{"tag_id":969,"user_input":"swings","duration_min":15,"met":4,"nf_calories":67.5,"photo":{"highres":"https://d2xdmhkmkbyw75.cloudfront.net/exercise/969_highres.jpg","thumb":"https://d2xdmhkmkbyw75.cloudfront.net/exercise/969_thumb.jpg","is_user_uploaded":false},"compendium_code":15335,"name":"swinging","description":null,"benefits":null}]}
2025-06-05 08:56:22 [http-nio-8080-exec-7] INFO  c.a.f.service.NutritionixService - Calculated calories: 67.5
2025-06-05 08:56:22 [http-nio-8080-exec-10] DEBUG o.s.web.client.RestTemplate - Response 200 OK
2025-06-05 08:56:22 [http-nio-8080-exec-1] DEBUG o.s.web.client.RestTemplate - Reading to [com.fasterxml.jackson.databind.JsonNode]
2025-06-05 08:56:22 [http-nio-8080-exec-5] DEBUG o.s.w.s.m.m.a.HttpEntityMethodProcessor - Using 'application/json', given [*/*] and supported [application/json, application/*+json]
2025-06-05 08:56:22 [http-nio-8080-exec-3] INFO  c.a.f.service.NutritionixService - Calculated calories: 59.06
2025-06-05 08:56:22 [http-nio-8080-exec-7] DEBUG o.s.w.s.m.m.a.HttpEntityMethodProcessor - Using 'application/json', given [*/*] and supported [application/json, application/*+json]
2025-06-05 08:56:22 [http-nio-8080-exec-10] DEBUG o.s.web.client.RestTemplate - Reading to [com.fasterxml.jackson.databind.JsonNode]
2025-06-05 08:56:22 [http-nio-8080-exec-5] DEBUG o.s.w.s.m.m.a.HttpEntityMethodProcessor - Writing [{calories=39}]
2025-06-05 08:56:22 [http-nio-8080-exec-1] INFO  c.a.f.service.NutritionixService - Nutritionix Response: {"exercises":[{"tag_id":242,"user_input":"basketball","duration_min":30,"met":6.5,"nf_calories":219.38,"photo":{"highres":"https://d2xdmhkmkbyw75.cloudfront.net/exercise/242_highres.jpg","thumb":"https://d2xdmhkmkbyw75.cloudfront.net/exercise/242_thumb.jpg","is_user_uploaded":false},"compendium_code":15055,"name":"basketball","description":null,"benefits":null}]}
2025-06-05 08:56:22 [http-nio-8080-exec-3] DEBUG o.s.w.s.m.m.a.HttpEntityMethodProcessor - Using 'application/json', given [*/*] and supported [application/json, application/*+json]
2025-06-05 08:56:22 [http-nio-8080-exec-7] DEBUG o.s.w.s.m.m.a.HttpEntityMethodProcessor - Writing [{calories=68}]
2025-06-05 08:56:22 [http-nio-8080-exec-10] INFO  c.a.f.service.NutritionixService - Nutritionix Response: {"exercises":[{"tag_id":841,"user_input":"leg","duration_min":5,"met":3.5,"nf_calories":19.69,"photo":{"highres":"https://d2xdmhkmkbyw75.cloudfront.net/exercise/841_highres.jpg","thumb":"https://d2xdmhkmkbyw75.cloudfront.net/exercise/841_thumb.jpg","is_user_uploaded":false},"compendium_code":2054,"name":"leg workout","description":null,"benefits":null},{"tag_id":517,"user_input":"stands","duration_min":30,"met":2.5,"nf_calories":84.38,"photo":{"highres":null,"thumb":null,"is_user_uploaded":false},"compendium_code":9071,"name":"standing","description":null,"benefits":null}]}
2025-06-05 08:56:22 [http-nio-8080-exec-1] INFO  c.a.f.service.NutritionixService - Calculated calories: 219.38
2025-06-05 08:56:22 [http-nio-8080-exec-5] DEBUG o.s.o.j.s.OpenEntityManagerInViewInterceptor - Closing JPA EntityManager in OpenEntityManagerInViewInterceptor
2025-06-05 08:56:22 [http-nio-8080-exec-3] DEBUG o.s.w.s.m.m.a.HttpEntityMethodProcessor - Writing [{calories=59}]
2025-06-05 08:56:22 [http-nio-8080-exec-7] DEBUG o.s.o.j.s.OpenEntityManagerInViewInterceptor - Closing JPA EntityManager in OpenEntityManagerInViewInterceptor
2025-06-05 08:56:22 [http-nio-8080-exec-10] INFO  c.a.f.service.NutritionixService - Calculated calories: 19.69
2025-06-05 08:56:22 [http-nio-8080-exec-1] DEBUG o.s.w.s.m.m.a.HttpEntityMethodProcessor - Using 'application/json', given [*/*] and supported [application/json, application/*+json]
2025-06-05 08:56:22 [http-nio-8080-exec-5] DEBUG o.s.web.servlet.DispatcherServlet - Completed 200 OK
2025-06-05 08:56:22 [http-nio-8080-exec-1] DEBUG o.s.w.s.m.m.a.HttpEntityMethodProcessor - Writing [{calories=219}]
2025-06-05 08:56:22 [http-nio-8080-exec-10] DEBUG o.s.w.s.m.m.a.HttpEntityMethodProcessor - Using 'application/json', given [*/*] and supported [application/json, application/*+json]
2025-06-05 08:56:22 [http-nio-8080-exec-10] DEBUG o.s.w.s.m.m.a.HttpEntityMethodProcessor - Writing [{calories=20}]
2025-06-05 08:56:22 [http-nio-8080-exec-7] DEBUG o.s.web.servlet.DispatcherServlet - Completed 200 OK
2025-06-05 08:56:22 [http-nio-8080-exec-3] DEBUG o.s.o.j.s.OpenEntityManagerInViewInterceptor - Closing JPA EntityManager in OpenEntityManagerInViewInterceptor
2025-06-05 08:56:22 [http-nio-8080-exec-1] DEBUG o.s.o.j.s.OpenEntityManagerInViewInterceptor - Closing JPA EntityManager in OpenEntityManagerInViewInterceptor
2025-06-05 08:56:22 [http-nio-8080-exec-10] DEBUG o.s.o.j.s.OpenEntityManagerInViewInterceptor - Closing JPA EntityManager in OpenEntityManagerInViewInterceptor
2025-06-05 08:56:22 [http-nio-8080-exec-3] DEBUG o.s.web.servlet.DispatcherServlet - Completed 200 OK
2025-06-05 08:56:22 [http-nio-8080-exec-1] DEBUG o.s.web.servlet.DispatcherServlet - Completed 200 OK
2025-06-05 08:56:22 [http-nio-8080-exec-10] DEBUG o.s.web.servlet.DispatcherServlet - Completed 200 OK
2025-06-05 08:56:22 [http-nio-8080-exec-8] DEBUG o.s.security.web.FilterChainProxy - Securing POST /workouts/estimate-calories
2025-06-05 08:56:22 [http-nio-8080-exec-8] DEBUG o.s.s.w.c.HttpSessionSecurityContextRepository - Retrieved SecurityContextImpl [Authentication=UsernamePasswordAuthenticationToken [Principal=org.springframework.security.core.userdetails.User [Username=charlenedilig@gmail.com, Password=[PROTECTED], Enabled=true, AccountNonExpired=true, CredentialsNonExpired=true, AccountNonLocked=true, Granted Authorities=[ROLE_USER]], Credentials=[PROTECTED], Authenticated=true, Details=WebAuthenticationDetails [RemoteIpAddress=127.0.0.1, SessionId=461E86EE87CA6F9A8EB217445B7543D3], Granted Authorities=[ROLE_USER]]]
2025-06-05 08:56:22 [http-nio-8080-exec-8] DEBUG o.s.security.web.FilterChainProxy - Secured POST /workouts/estimate-calories
2025-06-05 08:56:22 [http-nio-8080-exec-8] DEBUG o.s.web.servlet.DispatcherServlet - POST "/fitrack/workouts/estimate-calories", parameters={}
2025-06-05 08:56:22 [http-nio-8080-exec-8] DEBUG o.s.w.s.m.m.a.RequestMappingHandlerMapping - Mapped to com.app.fitrack.controller.WorkoutController#estimateCalories(Map)
2025-06-05 08:56:22 [http-nio-8080-exec-8] DEBUG o.s.o.j.s.OpenEntityManagerInViewInterceptor - Opening JPA EntityManager in OpenEntityManagerInViewInterceptor
2025-06-05 08:56:22 [http-nio-8080-exec-8] DEBUG o.s.w.s.m.m.a.RequestResponseBodyMethodProcessor - Read "application/json;charset=UTF-8" to [{workoutName=Hiking, duration=45}]
2025-06-05 08:56:22 [http-nio-8080-exec-8] DEBUG o.s.orm.jpa.JpaTransactionManager - Found thread-bound EntityManager [SessionImpl(1294296890<open>)] for JPA transaction
2025-06-05 08:56:22 [http-nio-8080-exec-8] DEBUG o.s.orm.jpa.JpaTransactionManager - Creating new transaction with name [com.app.fitrack.service.UserService.getAuthenticatedUser]: PROPAGATION_REQUIRED,ISOLATION_DEFAULT
2025-06-05 08:56:22 [http-nio-8080-exec-8] DEBUG o.s.orm.jpa.JpaTransactionManager - Exposing JPA transaction as JDBC [org.springframework.orm.jpa.vendor.HibernateJpaDialect$HibernateConnectionHandle@446171b2]
2025-06-05 08:56:22 [http-nio-8080-exec-8] TRACE o.s.t.i.TransactionInterceptor - Getting transaction for [com.app.fitrack.service.UserService.getAuthenticatedUser]
2025-06-05 08:56:22 [http-nio-8080-exec-8] TRACE o.s.t.i.TransactionInterceptor - No need to create transaction for [org.springframework.data.jpa.repository.support.SimpleJpaRepository.findByEmail]: This method is not transactional.
2025-06-05 08:56:22 [http-nio-8080-exec-8] DEBUG org.hibernate.SQL - 
    select
        u1_0.id,
        u1_0.age,
        u1_0.email,
        u1_0.email_change_code,
        u1_0.email_change_code_expiry,
        u1_0.firstname,
        u1_0.gender,
        u1_0.height,
        u1_0.lastname,
        u1_0.password,
        u1_0.pending_email,
        u1_0.profile_picture,
        u1_0.verified,
        u1_0.weight 
    from
        users u1_0 
    where
        u1_0.email=?
2025-06-05 08:56:22 [http-nio-8080-exec-8] TRACE o.s.t.i.TransactionInterceptor - Completing transaction for [com.app.fitrack.service.UserService.getAuthenticatedUser]
2025-06-05 08:56:22 [http-nio-8080-exec-8] DEBUG o.s.orm.jpa.JpaTransactionManager - Initiating transaction commit
2025-06-05 08:56:22 [http-nio-8080-exec-8] DEBUG o.s.orm.jpa.JpaTransactionManager - Committing JPA transaction on EntityManager [SessionImpl(1294296890<open>)]
2025-06-05 08:56:22 [http-nio-8080-exec-8] DEBUG o.s.orm.jpa.JpaTransactionManager - Not closing pre-bound JPA EntityManager after transaction
2025-06-05 08:56:22 [http-nio-8080-exec-8] INFO  c.a.f.service.NutritionixService - Sending request to Nutritionix for exercise calorie estimation:
2025-06-05 08:56:22 [http-nio-8080-exec-8] INFO  c.a.f.service.NutritionixService - URL: https://trackapi.nutritionix.com/v2/natural/exercise
2025-06-05 08:56:22 [http-nio-8080-exec-8] INFO  c.a.f.service.NutritionixService - Request Body: {weight_kg=67.5, gender=female, height_cm=149.0, query=45 minutes of Hiking, age=21}
2025-06-05 08:56:22 [http-nio-8080-exec-8] DEBUG o.s.web.client.RestTemplate - HTTP POST https://trackapi.nutritionix.com/v2/natural/exercise
2025-06-05 08:56:22 [http-nio-8080-exec-8] DEBUG o.s.web.client.RestTemplate - Accept=[application/json, application/*+json]
2025-06-05 08:56:22 [http-nio-8080-exec-8] DEBUG o.s.web.client.RestTemplate - Writing [{weight_kg=67.5, gender=female, height_cm=149.0, query=45 minutes of Hiking, age=21}] as "application/json"
2025-06-05 08:56:22 [http-nio-8080-exec-9] DEBUG o.s.web.client.RestTemplate - Response 200 OK
2025-06-05 08:56:22 [http-nio-8080-exec-9] DEBUG o.s.web.client.RestTemplate - Reading to [com.fasterxml.jackson.databind.JsonNode]
2025-06-05 08:56:22 [http-nio-8080-exec-9] INFO  c.a.f.service.NutritionixService - Nutritionix Response: {"exercises":[{"tag_id":750,"user_input":"dancing","duration_min":30,"met":7.8,"nf_calories":263.25,"photo":{"highres":"https://d2xdmhkmkbyw75.cloudfront.net/exercise/750_highres.jpg","thumb":"https://d2xdmhkmkbyw75.cloudfront.net/exercise/750_thumb.jpg","is_user_uploaded":false},"compendium_code":3031,"name":"dancing","description":null,"benefits":null}]}
2025-06-05 08:56:22 [http-nio-8080-exec-9] INFO  c.a.f.service.NutritionixService - Calculated calories: 263.25
2025-06-05 08:56:22 [http-nio-8080-exec-9] DEBUG o.s.w.s.m.m.a.HttpEntityMethodProcessor - Using 'application/json', given [*/*] and supported [application/json, application/*+json]
2025-06-05 08:56:22 [http-nio-8080-exec-9] DEBUG o.s.w.s.m.m.a.HttpEntityMethodProcessor - Writing [{calories=263}]
2025-06-05 08:56:22 [http-nio-8080-exec-9] DEBUG o.s.o.j.s.OpenEntityManagerInViewInterceptor - Closing JPA EntityManager in OpenEntityManagerInViewInterceptor
2025-06-05 08:56:22 [http-nio-8080-exec-9] DEBUG o.s.web.servlet.DispatcherServlet - Completed 200 OK
2025-06-05 08:56:23 [http-nio-8080-exec-8] DEBUG o.s.web.client.RestTemplate - Response 200 OK
2025-06-05 08:56:23 [http-nio-8080-exec-8] DEBUG o.s.web.client.RestTemplate - Reading to [com.fasterxml.jackson.databind.JsonNode]
2025-06-05 08:56:23 [http-nio-8080-exec-8] INFO  c.a.f.service.NutritionixService - Nutritionix Response: {"exercises":[{"tag_id":129,"user_input":"hiking","duration_min":45,"met":7.8,"nf_calories":394.88,"photo":{"highres":"https://d2xdmhkmkbyw75.cloudfront.net/exercise/129_highres.jpg","thumb":"https://d2xdmhkmkbyw75.cloudfront.net/exercise/129_thumb.jpg","is_user_uploaded":false},"compendium_code":17012,"name":"hiking","description":null,"benefits":null}]}
2025-06-05 08:56:23 [http-nio-8080-exec-8] INFO  c.a.f.service.NutritionixService - Calculated calories: 394.88
2025-06-05 08:56:23 [http-nio-8080-exec-8] DEBUG o.s.w.s.m.m.a.HttpEntityMethodProcessor - Using 'application/json', given [*/*] and supported [application/json, application/*+json]
2025-06-05 08:56:23 [http-nio-8080-exec-8] DEBUG o.s.w.s.m.m.a.HttpEntityMethodProcessor - Writing [{calories=395}]
2025-06-05 08:56:23 [http-nio-8080-exec-8] DEBUG o.s.o.j.s.OpenEntityManagerInViewInterceptor - Closing JPA EntityManager in OpenEntityManagerInViewInterceptor
2025-06-05 08:56:23 [http-nio-8080-exec-8] DEBUG o.s.web.servlet.DispatcherServlet - Completed 200 OK
2025-06-05 08:56:24 [http-nio-8080-exec-2] DEBUG o.s.security.web.FilterChainProxy - Securing POST /workouts/estimate-calories
2025-06-05 08:56:24 [http-nio-8080-exec-4] DEBUG o.s.security.web.FilterChainProxy - Securing POST /workouts/estimate-calories
2025-06-05 08:56:24 [http-nio-8080-exec-2] DEBUG o.s.s.w.c.HttpSessionSecurityContextRepository - Retrieved SecurityContextImpl [Authentication=UsernamePasswordAuthenticationToken [Principal=org.springframework.security.core.userdetails.User [Username=charlenedilig@gmail.com, Password=[PROTECTED], Enabled=true, AccountNonExpired=true, CredentialsNonExpired=true, AccountNonLocked=true, Granted Authorities=[ROLE_USER]], Credentials=[PROTECTED], Authenticated=true, Details=WebAuthenticationDetails [RemoteIpAddress=127.0.0.1, SessionId=461E86EE87CA6F9A8EB217445B7543D3], Granted Authorities=[ROLE_USER]]]
2025-06-05 08:56:24 [http-nio-8080-exec-4] DEBUG o.s.s.w.c.HttpSessionSecurityContextRepository - Retrieved SecurityContextImpl [Authentication=UsernamePasswordAuthenticationToken [Principal=org.springframework.security.core.userdetails.User [Username=charlenedilig@gmail.com, Password=[PROTECTED], Enabled=true, AccountNonExpired=true, CredentialsNonExpired=true, AccountNonLocked=true, Granted Authorities=[ROLE_USER]], Credentials=[PROTECTED], Authenticated=true, Details=WebAuthenticationDetails [RemoteIpAddress=127.0.0.1, SessionId=461E86EE87CA6F9A8EB217445B7543D3], Granted Authorities=[ROLE_USER]]]
2025-06-05 08:56:24 [http-nio-8080-exec-6] DEBUG o.s.security.web.FilterChainProxy - Securing POST /workouts/estimate-calories
2025-06-05 08:56:24 [http-nio-8080-exec-2] DEBUG o.s.security.web.FilterChainProxy - Secured POST /workouts/estimate-calories
2025-06-05 08:56:24 [http-nio-8080-exec-4] DEBUG o.s.security.web.FilterChainProxy - Secured POST /workouts/estimate-calories
2025-06-05 08:56:24 [http-nio-8080-exec-2] DEBUG o.s.web.servlet.DispatcherServlet - POST "/fitrack/workouts/estimate-calories", parameters={}
2025-06-05 08:56:24 [http-nio-8080-exec-4] DEBUG o.s.web.servlet.DispatcherServlet - POST "/fitrack/workouts/estimate-calories", parameters={}
2025-06-05 08:56:24 [http-nio-8080-exec-2] DEBUG o.s.w.s.m.m.a.RequestMappingHandlerMapping - Mapped to com.app.fitrack.controller.WorkoutController#estimateCalories(Map)
2025-06-05 08:56:24 [http-nio-8080-exec-4] DEBUG o.s.w.s.m.m.a.RequestMappingHandlerMapping - Mapped to com.app.fitrack.controller.WorkoutController#estimateCalories(Map)
2025-06-05 08:56:24 [http-nio-8080-exec-6] DEBUG o.s.s.w.c.HttpSessionSecurityContextRepository - Retrieved SecurityContextImpl [Authentication=UsernamePasswordAuthenticationToken [Principal=org.springframework.security.core.userdetails.User [Username=charlenedilig@gmail.com, Password=[PROTECTED], Enabled=true, AccountNonExpired=true, CredentialsNonExpired=true, AccountNonLocked=true, Granted Authorities=[ROLE_USER]], Credentials=[PROTECTED], Authenticated=true, Details=WebAuthenticationDetails [RemoteIpAddress=127.0.0.1, SessionId=461E86EE87CA6F9A8EB217445B7543D3], Granted Authorities=[ROLE_USER]]]
2025-06-05 08:56:24 [http-nio-8080-exec-2] DEBUG o.s.o.j.s.OpenEntityManagerInViewInterceptor - Opening JPA EntityManager in OpenEntityManagerInViewInterceptor
2025-06-05 08:56:24 [http-nio-8080-exec-4] DEBUG o.s.o.j.s.OpenEntityManagerInViewInterceptor - Opening JPA EntityManager in OpenEntityManagerInViewInterceptor
2025-06-05 08:56:24 [http-nio-8080-exec-6] DEBUG o.s.security.web.FilterChainProxy - Secured POST /workouts/estimate-calories
2025-06-05 08:56:24 [http-nio-8080-exec-6] DEBUG o.s.web.servlet.DispatcherServlet - POST "/fitrack/workouts/estimate-calories", parameters={}
2025-06-05 08:56:24 [http-nio-8080-exec-6] DEBUG o.s.w.s.m.m.a.RequestMappingHandlerMapping - Mapped to com.app.fitrack.controller.WorkoutController#estimateCalories(Map)
2025-06-05 08:56:24 [http-nio-8080-exec-2] DEBUG o.s.w.s.m.m.a.RequestResponseBodyMethodProcessor - Read "application/json;charset=UTF-8" to [{workoutName=Jumping Jacks, duration=10}]
2025-06-05 08:56:24 [http-nio-8080-exec-4] DEBUG o.s.w.s.m.m.a.RequestResponseBodyMethodProcessor - Read "application/json;charset=UTF-8" to [{workoutName=Running, duration=20}]
2025-06-05 08:56:24 [http-nio-8080-exec-6] DEBUG o.s.o.j.s.OpenEntityManagerInViewInterceptor - Opening JPA EntityManager in OpenEntityManagerInViewInterceptor
2025-06-05 08:56:24 [http-nio-8080-exec-2] DEBUG o.s.orm.jpa.JpaTransactionManager - Found thread-bound EntityManager [SessionImpl(1889942600<open>)] for JPA transaction
2025-06-05 08:56:24 [http-nio-8080-exec-4] DEBUG o.s.orm.jpa.JpaTransactionManager - Found thread-bound EntityManager [SessionImpl(18842245<open>)] for JPA transaction
2025-06-05 08:56:24 [http-nio-8080-exec-2] DEBUG o.s.orm.jpa.JpaTransactionManager - Creating new transaction with name [com.app.fitrack.service.UserService.getAuthenticatedUser]: PROPAGATION_REQUIRED,ISOLATION_DEFAULT
2025-06-05 08:56:24 [http-nio-8080-exec-4] DEBUG o.s.orm.jpa.JpaTransactionManager - Creating new transaction with name [com.app.fitrack.service.UserService.getAuthenticatedUser]: PROPAGATION_REQUIRED,ISOLATION_DEFAULT
2025-06-05 08:56:24 [http-nio-8080-exec-6] DEBUG o.s.w.s.m.m.a.RequestResponseBodyMethodProcessor - Read "application/json;charset=UTF-8" to [{workoutName=Brisk Walking, duration=30}]
2025-06-05 08:56:24 [http-nio-8080-exec-2] DEBUG o.s.orm.jpa.JpaTransactionManager - Exposing JPA transaction as JDBC [org.springframework.orm.jpa.vendor.HibernateJpaDialect$HibernateConnectionHandle@2a5d0bfa]
2025-06-05 08:56:24 [http-nio-8080-exec-6] DEBUG o.s.orm.jpa.JpaTransactionManager - Found thread-bound EntityManager [SessionImpl(2078530466<open>)] for JPA transaction
2025-06-05 08:56:24 [http-nio-8080-exec-4] DEBUG o.s.orm.jpa.JpaTransactionManager - Exposing JPA transaction as JDBC [org.springframework.orm.jpa.vendor.HibernateJpaDialect$HibernateConnectionHandle@10c53d11]
2025-06-05 08:56:24 [http-nio-8080-exec-2] TRACE o.s.t.i.TransactionInterceptor - Getting transaction for [com.app.fitrack.service.UserService.getAuthenticatedUser]
2025-06-05 08:56:24 [http-nio-8080-exec-5] DEBUG o.s.security.web.FilterChainProxy - Securing POST /workouts/estimate-calories
2025-06-05 08:56:24 [http-nio-8080-exec-6] DEBUG o.s.orm.jpa.JpaTransactionManager - Creating new transaction with name [com.app.fitrack.service.UserService.getAuthenticatedUser]: PROPAGATION_REQUIRED,ISOLATION_DEFAULT
2025-06-05 08:56:24 [http-nio-8080-exec-4] TRACE o.s.t.i.TransactionInterceptor - Getting transaction for [com.app.fitrack.service.UserService.getAuthenticatedUser]
2025-06-05 08:56:24 [http-nio-8080-exec-7] DEBUG o.s.security.web.FilterChainProxy - Securing POST /workouts/estimate-calories
2025-06-05 08:56:24 [http-nio-8080-exec-1] DEBUG o.s.security.web.FilterChainProxy - Securing POST /workouts/estimate-calories
2025-06-05 08:56:24 [http-nio-8080-exec-2] TRACE o.s.t.i.TransactionInterceptor - No need to create transaction for [org.springframework.data.jpa.repository.support.SimpleJpaRepository.findByEmail]: This method is not transactional.
2025-06-05 08:56:24 [http-nio-8080-exec-4] TRACE o.s.t.i.TransactionInterceptor - No need to create transaction for [org.springframework.data.jpa.repository.support.SimpleJpaRepository.findByEmail]: This method is not transactional.
2025-06-05 08:56:24 [http-nio-8080-exec-3] DEBUG o.s.security.web.FilterChainProxy - Securing POST /workouts/estimate-calories
2025-06-05 08:56:24 [http-nio-8080-exec-4] DEBUG org.hibernate.SQL - 
    select
        u1_0.id,
        u1_0.age,
        u1_0.email,
        u1_0.email_change_code,
        u1_0.email_change_code_expiry,
        u1_0.firstname,
        u1_0.gender,
        u1_0.height,
        u1_0.lastname,
        u1_0.password,
        u1_0.pending_email,
        u1_0.profile_picture,
        u1_0.verified,
        u1_0.weight 
    from
        users u1_0 
    where
        u1_0.email=?
2025-06-05 08:56:24 [http-nio-8080-exec-5] DEBUG o.s.s.w.c.HttpSessionSecurityContextRepository - Retrieved SecurityContextImpl [Authentication=UsernamePasswordAuthenticationToken [Principal=org.springframework.security.core.userdetails.User [Username=charlenedilig@gmail.com, Password=[PROTECTED], Enabled=true, AccountNonExpired=true, CredentialsNonExpired=true, AccountNonLocked=true, Granted Authorities=[ROLE_USER]], Credentials=[PROTECTED], Authenticated=true, Details=WebAuthenticationDetails [RemoteIpAddress=127.0.0.1, SessionId=461E86EE87CA6F9A8EB217445B7543D3], Granted Authorities=[ROLE_USER]]]
2025-06-05 08:56:24 [http-nio-8080-exec-6] DEBUG o.s.orm.jpa.JpaTransactionManager - Exposing JPA transaction as JDBC [org.springframework.orm.jpa.vendor.HibernateJpaDialect$HibernateConnectionHandle@4026c81c]
2025-06-05 08:56:24 [http-nio-8080-exec-2] DEBUG org.hibernate.SQL - 
    select
        u1_0.id,
        u1_0.age,
        u1_0.email,
        u1_0.email_change_code,
        u1_0.email_change_code_expiry,
        u1_0.firstname,
        u1_0.gender,
        u1_0.height,
        u1_0.lastname,
        u1_0.password,
        u1_0.pending_email,
        u1_0.profile_picture,
        u1_0.verified,
        u1_0.weight 
    from
        users u1_0 
    where
        u1_0.email=?
2025-06-05 08:56:24 [http-nio-8080-exec-7] DEBUG o.s.s.w.c.HttpSessionSecurityContextRepository - Retrieved SecurityContextImpl [Authentication=UsernamePasswordAuthenticationToken [Principal=org.springframework.security.core.userdetails.User [Username=charlenedilig@gmail.com, Password=[PROTECTED], Enabled=true, AccountNonExpired=true, CredentialsNonExpired=true, AccountNonLocked=true, Granted Authorities=[ROLE_USER]], Credentials=[PROTECTED], Authenticated=true, Details=WebAuthenticationDetails [RemoteIpAddress=127.0.0.1, SessionId=461E86EE87CA6F9A8EB217445B7543D3], Granted Authorities=[ROLE_USER]]]
2025-06-05 08:56:24 [http-nio-8080-exec-1] DEBUG o.s.s.w.c.HttpSessionSecurityContextRepository - Retrieved SecurityContextImpl [Authentication=UsernamePasswordAuthenticationToken [Principal=org.springframework.security.core.userdetails.User [Username=charlenedilig@gmail.com, Password=[PROTECTED], Enabled=true, AccountNonExpired=true, CredentialsNonExpired=true, AccountNonLocked=true, Granted Authorities=[ROLE_USER]], Credentials=[PROTECTED], Authenticated=true, Details=WebAuthenticationDetails [RemoteIpAddress=127.0.0.1, SessionId=461E86EE87CA6F9A8EB217445B7543D3], Granted Authorities=[ROLE_USER]]]
2025-06-05 08:56:24 [http-nio-8080-exec-10] DEBUG o.s.security.web.FilterChainProxy - Securing POST /workouts/estimate-calories
2025-06-05 08:56:24 [http-nio-8080-exec-3] DEBUG o.s.s.w.c.HttpSessionSecurityContextRepository - Retrieved SecurityContextImpl [Authentication=UsernamePasswordAuthenticationToken [Principal=org.springframework.security.core.userdetails.User [Username=charlenedilig@gmail.com, Password=[PROTECTED], Enabled=true, AccountNonExpired=true, CredentialsNonExpired=true, AccountNonLocked=true, Granted Authorities=[ROLE_USER]], Credentials=[PROTECTED], Authenticated=true, Details=WebAuthenticationDetails [RemoteIpAddress=127.0.0.1, SessionId=461E86EE87CA6F9A8EB217445B7543D3], Granted Authorities=[ROLE_USER]]]
2025-06-05 08:56:24 [http-nio-8080-exec-5] DEBUG o.s.security.web.FilterChainProxy - Secured POST /workouts/estimate-calories
2025-06-05 08:56:24 [http-nio-8080-exec-9] DEBUG o.s.security.web.FilterChainProxy - Securing POST /workouts/estimate-calories
2025-06-05 08:56:24 [http-nio-8080-exec-6] TRACE o.s.t.i.TransactionInterceptor - Getting transaction for [com.app.fitrack.service.UserService.getAuthenticatedUser]
2025-06-05 08:56:24 [http-nio-8080-exec-4] TRACE o.s.t.i.TransactionInterceptor - Completing transaction for [com.app.fitrack.service.UserService.getAuthenticatedUser]
2025-06-05 08:56:24 [http-nio-8080-exec-7] DEBUG o.s.security.web.FilterChainProxy - Secured POST /workouts/estimate-calories
2025-06-05 08:56:24 [http-nio-8080-exec-1] DEBUG o.s.security.web.FilterChainProxy - Secured POST /workouts/estimate-calories
2025-06-05 08:56:24 [http-nio-8080-exec-3] DEBUG o.s.security.web.FilterChainProxy - Secured POST /workouts/estimate-calories
2025-06-05 08:56:24 [http-nio-8080-exec-5] DEBUG o.s.web.servlet.DispatcherServlet - POST "/fitrack/workouts/estimate-calories", parameters={}
2025-06-05 08:56:24 [http-nio-8080-exec-10] DEBUG o.s.s.w.c.HttpSessionSecurityContextRepository - Retrieved SecurityContextImpl [Authentication=UsernamePasswordAuthenticationToken [Principal=org.springframework.security.core.userdetails.User [Username=charlenedilig@gmail.com, Password=[PROTECTED], Enabled=true, AccountNonExpired=true, CredentialsNonExpired=true, AccountNonLocked=true, Granted Authorities=[ROLE_USER]], Credentials=[PROTECTED], Authenticated=true, Details=WebAuthenticationDetails [RemoteIpAddress=127.0.0.1, SessionId=461E86EE87CA6F9A8EB217445B7543D3], Granted Authorities=[ROLE_USER]]]
2025-06-05 08:56:24 [http-nio-8080-exec-2] TRACE o.s.t.i.TransactionInterceptor - Completing transaction for [com.app.fitrack.service.UserService.getAuthenticatedUser]
2025-06-05 08:56:24 [http-nio-8080-exec-6] TRACE o.s.t.i.TransactionInterceptor - No need to create transaction for [org.springframework.data.jpa.repository.support.SimpleJpaRepository.findByEmail]: This method is not transactional.
2025-06-05 08:56:24 [http-nio-8080-exec-9] DEBUG o.s.s.w.c.HttpSessionSecurityContextRepository - Retrieved SecurityContextImpl [Authentication=UsernamePasswordAuthenticationToken [Principal=org.springframework.security.core.userdetails.User [Username=charlenedilig@gmail.com, Password=[PROTECTED], Enabled=true, AccountNonExpired=true, CredentialsNonExpired=true, AccountNonLocked=true, Granted Authorities=[ROLE_USER]], Credentials=[PROTECTED], Authenticated=true, Details=WebAuthenticationDetails [RemoteIpAddress=127.0.0.1, SessionId=461E86EE87CA6F9A8EB217445B7543D3], Granted Authorities=[ROLE_USER]]]
2025-06-05 08:56:24 [http-nio-8080-exec-4] DEBUG o.s.orm.jpa.JpaTransactionManager - Initiating transaction commit
2025-06-05 08:56:24 [http-nio-8080-exec-7] DEBUG o.s.web.servlet.DispatcherServlet - POST "/fitrack/workouts/estimate-calories", parameters={}
2025-06-05 08:56:24 [http-nio-8080-exec-1] DEBUG o.s.web.servlet.DispatcherServlet - POST "/fitrack/workouts/estimate-calories", parameters={}
2025-06-05 08:56:24 [http-nio-8080-exec-3] DEBUG o.s.web.servlet.DispatcherServlet - POST "/fitrack/workouts/estimate-calories", parameters={}
2025-06-05 08:56:24 [http-nio-8080-exec-5] DEBUG o.s.w.s.m.m.a.RequestMappingHandlerMapping - Mapped to com.app.fitrack.controller.WorkoutController#estimateCalories(Map)
2025-06-05 08:56:24 [http-nio-8080-exec-2] DEBUG o.s.orm.jpa.JpaTransactionManager - Initiating transaction commit
2025-06-05 08:56:24 [http-nio-8080-exec-10] DEBUG o.s.security.web.FilterChainProxy - Secured POST /workouts/estimate-calories
2025-06-05 08:56:24 [http-nio-8080-exec-6] DEBUG org.hibernate.SQL - 
    select
        u1_0.id,
        u1_0.age,
        u1_0.email,
        u1_0.email_change_code,
        u1_0.email_change_code_expiry,
        u1_0.firstname,
        u1_0.gender,
        u1_0.height,
        u1_0.lastname,
        u1_0.password,
        u1_0.pending_email,
        u1_0.profile_picture,
        u1_0.verified,
        u1_0.weight 
    from
        users u1_0 
    where
        u1_0.email=?
2025-06-05 08:56:24 [http-nio-8080-exec-4] DEBUG o.s.orm.jpa.JpaTransactionManager - Committing JPA transaction on EntityManager [SessionImpl(18842245<open>)]
2025-06-05 08:56:24 [http-nio-8080-exec-9] DEBUG o.s.security.web.FilterChainProxy - Secured POST /workouts/estimate-calories
2025-06-05 08:56:24 [http-nio-8080-exec-1] DEBUG o.s.w.s.m.m.a.RequestMappingHandlerMapping - Mapped to com.app.fitrack.controller.WorkoutController#estimateCalories(Map)
2025-06-05 08:56:24 [http-nio-8080-exec-9] DEBUG o.s.web.servlet.DispatcherServlet - POST "/fitrack/workouts/estimate-calories", parameters={}
2025-06-05 08:56:24 [http-nio-8080-exec-7] DEBUG o.s.w.s.m.m.a.RequestMappingHandlerMapping - Mapped to com.app.fitrack.controller.WorkoutController#estimateCalories(Map)
2025-06-05 08:56:24 [http-nio-8080-exec-3] DEBUG o.s.w.s.m.m.a.RequestMappingHandlerMapping - Mapped to com.app.fitrack.controller.WorkoutController#estimateCalories(Map)
2025-06-05 08:56:24 [http-nio-8080-exec-5] DEBUG o.s.o.j.s.OpenEntityManagerInViewInterceptor - Opening JPA EntityManager in OpenEntityManagerInViewInterceptor
2025-06-05 08:56:24 [http-nio-8080-exec-2] DEBUG o.s.orm.jpa.JpaTransactionManager - Committing JPA transaction on EntityManager [SessionImpl(1889942600<open>)]
2025-06-05 08:56:24 [http-nio-8080-exec-10] DEBUG o.s.web.servlet.DispatcherServlet - POST "/fitrack/workouts/estimate-calories", parameters={}
2025-06-05 08:56:24 [http-nio-8080-exec-4] DEBUG o.s.orm.jpa.JpaTransactionManager - Not closing pre-bound JPA EntityManager after transaction
2025-06-05 08:56:24 [http-nio-8080-exec-1] DEBUG o.s.o.j.s.OpenEntityManagerInViewInterceptor - Opening JPA EntityManager in OpenEntityManagerInViewInterceptor
2025-06-05 08:56:24 [http-nio-8080-exec-7] DEBUG o.s.o.j.s.OpenEntityManagerInViewInterceptor - Opening JPA EntityManager in OpenEntityManagerInViewInterceptor
2025-06-05 08:56:24 [http-nio-8080-exec-9] DEBUG o.s.w.s.m.m.a.RequestMappingHandlerMapping - Mapped to com.app.fitrack.controller.WorkoutController#estimateCalories(Map)
2025-06-05 08:56:24 [http-nio-8080-exec-3] DEBUG o.s.o.j.s.OpenEntityManagerInViewInterceptor - Opening JPA EntityManager in OpenEntityManagerInViewInterceptor
2025-06-05 08:56:24 [http-nio-8080-exec-6] TRACE o.s.t.i.TransactionInterceptor - Completing transaction for [com.app.fitrack.service.UserService.getAuthenticatedUser]
2025-06-05 08:56:24 [http-nio-8080-exec-4] INFO  c.a.f.service.NutritionixService - Sending request to Nutritionix for exercise calorie estimation:
2025-06-05 08:56:24 [http-nio-8080-exec-10] DEBUG o.s.w.s.m.m.a.RequestMappingHandlerMapping - Mapped to com.app.fitrack.controller.WorkoutController#estimateCalories(Map)
2025-06-05 08:56:24 [http-nio-8080-exec-5] DEBUG o.s.w.s.m.m.a.RequestResponseBodyMethodProcessor - Read "application/json;charset=UTF-8" to [{workoutName=Lunges, duration=15}]
2025-06-05 08:56:24 [http-nio-8080-exec-2] DEBUG o.s.orm.jpa.JpaTransactionManager - Not closing pre-bound JPA EntityManager after transaction
2025-06-05 08:56:24 [http-nio-8080-exec-9] DEBUG o.s.o.j.s.OpenEntityManagerInViewInterceptor - Opening JPA EntityManager in OpenEntityManagerInViewInterceptor
2025-06-05 08:56:24 [http-nio-8080-exec-1] DEBUG o.s.w.s.m.m.a.RequestResponseBodyMethodProcessor - Read "application/json;charset=UTF-8" to [{workoutName=Plank, duration=1}]
2025-06-05 08:56:24 [http-nio-8080-exec-7] DEBUG o.s.w.s.m.m.a.RequestResponseBodyMethodProcessor - Read "application/json;charset=UTF-8" to [{workoutName=Push-ups, duration=15}]
2025-06-05 08:56:24 [http-nio-8080-exec-6] DEBUG o.s.orm.jpa.JpaTransactionManager - Initiating transaction commit
2025-06-05 08:56:24 [http-nio-8080-exec-4] INFO  c.a.f.service.NutritionixService - URL: https://trackapi.nutritionix.com/v2/natural/exercise
2025-06-05 08:56:24 [http-nio-8080-exec-3] DEBUG o.s.w.s.m.m.a.RequestResponseBodyMethodProcessor - Read "application/json;charset=UTF-8" to [{workoutName=Quad Stretch, duration=5}]
2025-06-05 08:56:24 [http-nio-8080-exec-10] DEBUG o.s.o.j.s.OpenEntityManagerInViewInterceptor - Opening JPA EntityManager in OpenEntityManagerInViewInterceptor
2025-06-05 08:56:24 [http-nio-8080-exec-2] INFO  c.a.f.service.NutritionixService - Sending request to Nutritionix for exercise calorie estimation:
2025-06-05 08:56:24 [http-nio-8080-exec-5] DEBUG o.s.orm.jpa.JpaTransactionManager - Found thread-bound EntityManager [SessionImpl(2084845748<open>)] for JPA transaction
2025-06-05 08:56:24 [http-nio-8080-exec-1] DEBUG o.s.orm.jpa.JpaTransactionManager - Found thread-bound EntityManager [SessionImpl(502156270<open>)] for JPA transaction
2025-06-05 08:56:24 [http-nio-8080-exec-6] DEBUG o.s.orm.jpa.JpaTransactionManager - Committing JPA transaction on EntityManager [SessionImpl(2078530466<open>)]
2025-06-05 08:56:24 [http-nio-8080-exec-4] INFO  c.a.f.service.NutritionixService - Request Body: {weight_kg=67.5, gender=female, height_cm=149.0, query=20 minutes of Running, age=21}
2025-06-05 08:56:24 [http-nio-8080-exec-7] DEBUG o.s.orm.jpa.JpaTransactionManager - Found thread-bound EntityManager [SessionImpl(379174356<open>)] for JPA transaction
2025-06-05 08:56:24 [http-nio-8080-exec-3] DEBUG o.s.orm.jpa.JpaTransactionManager - Found thread-bound EntityManager [SessionImpl(1715671301<open>)] for JPA transaction
2025-06-05 08:56:24 [http-nio-8080-exec-9] DEBUG o.s.w.s.m.m.a.RequestResponseBodyMethodProcessor - Read "application/json;charset=UTF-8" to [{workoutName=Yoga (e.g., Downward Dog), duration=20}]
2025-06-05 08:56:24 [http-nio-8080-exec-2] INFO  c.a.f.service.NutritionixService - URL: https://trackapi.nutritionix.com/v2/natural/exercise
2025-06-05 08:56:24 [http-nio-8080-exec-5] DEBUG o.s.orm.jpa.JpaTransactionManager - Creating new transaction with name [com.app.fitrack.service.UserService.getAuthenticatedUser]: PROPAGATION_REQUIRED,ISOLATION_DEFAULT
2025-06-05 08:56:24 [http-nio-8080-exec-1] DEBUG o.s.orm.jpa.JpaTransactionManager - Creating new transaction with name [com.app.fitrack.service.UserService.getAuthenticatedUser]: PROPAGATION_REQUIRED,ISOLATION_DEFAULT
2025-06-05 08:56:24 [http-nio-8080-exec-10] DEBUG o.s.w.s.m.m.a.RequestResponseBodyMethodProcessor - Read "application/json;charset=UTF-8" to [{workoutName=Hamstring Stretch, duration=5}]
2025-06-05 08:56:24 [http-nio-8080-exec-4] DEBUG o.s.web.client.RestTemplate - HTTP POST https://trackapi.nutritionix.com/v2/natural/exercise
2025-06-05 08:56:24 [http-nio-8080-exec-7] DEBUG o.s.orm.jpa.JpaTransactionManager - Creating new transaction with name [com.app.fitrack.service.UserService.getAuthenticatedUser]: PROPAGATION_REQUIRED,ISOLATION_DEFAULT
2025-06-05 08:56:24 [http-nio-8080-exec-3] DEBUG o.s.orm.jpa.JpaTransactionManager - Creating new transaction with name [com.app.fitrack.service.UserService.getAuthenticatedUser]: PROPAGATION_REQUIRED,ISOLATION_DEFAULT
2025-06-05 08:56:24 [http-nio-8080-exec-6] DEBUG o.s.orm.jpa.JpaTransactionManager - Not closing pre-bound JPA EntityManager after transaction
2025-06-05 08:56:24 [http-nio-8080-exec-2] INFO  c.a.f.service.NutritionixService - Request Body: {weight_kg=67.5, gender=female, height_cm=149.0, query=10 minutes of Jumping Jacks, age=21}
2025-06-05 08:56:24 [http-nio-8080-exec-9] DEBUG o.s.orm.jpa.JpaTransactionManager - Found thread-bound EntityManager [SessionImpl(1177530198<open>)] for JPA transaction
2025-06-05 08:56:24 [http-nio-8080-exec-5] DEBUG o.s.orm.jpa.JpaTransactionManager - Exposing JPA transaction as JDBC [org.springframework.orm.jpa.vendor.HibernateJpaDialect$HibernateConnectionHandle@7a9cd407]
2025-06-05 08:56:24 [http-nio-8080-exec-10] DEBUG o.s.orm.jpa.JpaTransactionManager - Found thread-bound EntityManager [SessionImpl(779829354<open>)] for JPA transaction
2025-06-05 08:56:24 [http-nio-8080-exec-1] DEBUG o.s.orm.jpa.JpaTransactionManager - Exposing JPA transaction as JDBC [org.springframework.orm.jpa.vendor.HibernateJpaDialect$HibernateConnectionHandle@357954ab]
2025-06-05 08:56:24 [http-nio-8080-exec-4] DEBUG o.s.web.client.RestTemplate - Accept=[application/json, application/*+json]
2025-06-05 08:56:24 [http-nio-8080-exec-6] INFO  c.a.f.service.NutritionixService - Sending request to Nutritionix for exercise calorie estimation:
2025-06-05 08:56:24 [http-nio-8080-exec-7] DEBUG o.s.orm.jpa.JpaTransactionManager - Exposing JPA transaction as JDBC [org.springframework.orm.jpa.vendor.HibernateJpaDialect$HibernateConnectionHandle@3ff286c8]
2025-06-05 08:56:24 [http-nio-8080-exec-3] DEBUG o.s.orm.jpa.JpaTransactionManager - Exposing JPA transaction as JDBC [org.springframework.orm.jpa.vendor.HibernateJpaDialect$HibernateConnectionHandle@5de7d1ff]
2025-06-05 08:56:24 [http-nio-8080-exec-2] DEBUG o.s.web.client.RestTemplate - HTTP POST https://trackapi.nutritionix.com/v2/natural/exercise
2025-06-05 08:56:24 [http-nio-8080-exec-9] DEBUG o.s.orm.jpa.JpaTransactionManager - Creating new transaction with name [com.app.fitrack.service.UserService.getAuthenticatedUser]: PROPAGATION_REQUIRED,ISOLATION_DEFAULT
2025-06-05 08:56:24 [http-nio-8080-exec-5] TRACE o.s.t.i.TransactionInterceptor - Getting transaction for [com.app.fitrack.service.UserService.getAuthenticatedUser]
2025-06-05 08:56:24 [http-nio-8080-exec-10] DEBUG o.s.orm.jpa.JpaTransactionManager - Creating new transaction with name [com.app.fitrack.service.UserService.getAuthenticatedUser]: PROPAGATION_REQUIRED,ISOLATION_DEFAULT
2025-06-05 08:56:24 [http-nio-8080-exec-1] TRACE o.s.t.i.TransactionInterceptor - Getting transaction for [com.app.fitrack.service.UserService.getAuthenticatedUser]
2025-06-05 08:56:24 [http-nio-8080-exec-6] INFO  c.a.f.service.NutritionixService - URL: https://trackapi.nutritionix.com/v2/natural/exercise
2025-06-05 08:56:24 [http-nio-8080-exec-9] DEBUG o.s.orm.jpa.JpaTransactionManager - Exposing JPA transaction as JDBC [org.springframework.orm.jpa.vendor.HibernateJpaDialect$HibernateConnectionHandle@4f362eb7]
2025-06-05 08:56:24 [http-nio-8080-exec-4] DEBUG o.s.web.client.RestTemplate - Writing [{weight_kg=67.5, gender=female, height_cm=149.0, query=20 minutes of Running, age=21}] as "application/json"
2025-06-05 08:56:24 [http-nio-8080-exec-7] TRACE o.s.t.i.TransactionInterceptor - Getting transaction for [com.app.fitrack.service.UserService.getAuthenticatedUser]
2025-06-05 08:56:24 [http-nio-8080-exec-3] TRACE o.s.t.i.TransactionInterceptor - Getting transaction for [com.app.fitrack.service.UserService.getAuthenticatedUser]
2025-06-05 08:56:24 [http-nio-8080-exec-2] DEBUG o.s.web.client.RestTemplate - Accept=[application/json, application/*+json]
2025-06-05 08:56:24 [http-nio-8080-exec-5] TRACE o.s.t.i.TransactionInterceptor - No need to create transaction for [org.springframework.data.jpa.repository.support.SimpleJpaRepository.findByEmail]: This method is not transactional.
2025-06-05 08:56:24 [http-nio-8080-exec-1] TRACE o.s.t.i.TransactionInterceptor - No need to create transaction for [org.springframework.data.jpa.repository.support.SimpleJpaRepository.findByEmail]: This method is not transactional.
2025-06-05 08:56:24 [http-nio-8080-exec-6] INFO  c.a.f.service.NutritionixService - Request Body: {weight_kg=67.5, gender=female, height_cm=149.0, query=30 minutes of Brisk Walking, age=21}
2025-06-05 08:56:24 [http-nio-8080-exec-1] DEBUG org.hibernate.SQL - 
    select
        u1_0.id,
        u1_0.age,
        u1_0.email,
        u1_0.email_change_code,
        u1_0.email_change_code_expiry,
        u1_0.firstname,
        u1_0.gender,
        u1_0.height,
        u1_0.lastname,
        u1_0.password,
        u1_0.pending_email,
        u1_0.profile_picture,
        u1_0.verified,
        u1_0.weight 
    from
        users u1_0 
    where
        u1_0.email=?
2025-06-05 08:56:24 [http-nio-8080-exec-10] DEBUG o.s.orm.jpa.JpaTransactionManager - Exposing JPA transaction as JDBC [org.springframework.orm.jpa.vendor.HibernateJpaDialect$HibernateConnectionHandle@4447548f]
2025-06-05 08:56:24 [http-nio-8080-exec-9] TRACE o.s.t.i.TransactionInterceptor - Getting transaction for [com.app.fitrack.service.UserService.getAuthenticatedUser]
2025-06-05 08:56:24 [http-nio-8080-exec-7] TRACE o.s.t.i.TransactionInterceptor - No need to create transaction for [org.springframework.data.jpa.repository.support.SimpleJpaRepository.findByEmail]: This method is not transactional.
2025-06-05 08:56:24 [http-nio-8080-exec-3] TRACE o.s.t.i.TransactionInterceptor - No need to create transaction for [org.springframework.data.jpa.repository.support.SimpleJpaRepository.findByEmail]: This method is not transactional.
2025-06-05 08:56:24 [http-nio-8080-exec-2] DEBUG o.s.web.client.RestTemplate - Writing [{weight_kg=67.5, gender=female, height_cm=149.0, query=10 minutes of Jumping Jacks, age=21}] as "application/json"
2025-06-05 08:56:24 [http-nio-8080-exec-5] DEBUG org.hibernate.SQL - 
    select
        u1_0.id,
        u1_0.age,
        u1_0.email,
        u1_0.email_change_code,
        u1_0.email_change_code_expiry,
        u1_0.firstname,
        u1_0.gender,
        u1_0.height,
        u1_0.lastname,
        u1_0.password,
        u1_0.pending_email,
        u1_0.profile_picture,
        u1_0.verified,
        u1_0.weight 
    from
        users u1_0 
    where
        u1_0.email=?
2025-06-05 08:56:24 [http-nio-8080-exec-6] DEBUG o.s.web.client.RestTemplate - HTTP POST https://trackapi.nutritionix.com/v2/natural/exercise
2025-06-05 08:56:24 [http-nio-8080-exec-10] TRACE o.s.t.i.TransactionInterceptor - Getting transaction for [com.app.fitrack.service.UserService.getAuthenticatedUser]
2025-06-05 08:56:24 [http-nio-8080-exec-9] TRACE o.s.t.i.TransactionInterceptor - No need to create transaction for [org.springframework.data.jpa.repository.support.SimpleJpaRepository.findByEmail]: This method is not transactional.
2025-06-05 08:56:24 [http-nio-8080-exec-7] DEBUG org.hibernate.SQL - 
    select
        u1_0.id,
        u1_0.age,
        u1_0.email,
        u1_0.email_change_code,
        u1_0.email_change_code_expiry,
        u1_0.firstname,
        u1_0.gender,
        u1_0.height,
        u1_0.lastname,
        u1_0.password,
        u1_0.pending_email,
        u1_0.profile_picture,
        u1_0.verified,
        u1_0.weight 
    from
        users u1_0 
    where
        u1_0.email=?
2025-06-05 08:56:24 [http-nio-8080-exec-3] DEBUG org.hibernate.SQL - 
    select
        u1_0.id,
        u1_0.age,
        u1_0.email,
        u1_0.email_change_code,
        u1_0.email_change_code_expiry,
        u1_0.firstname,
        u1_0.gender,
        u1_0.height,
        u1_0.lastname,
        u1_0.password,
        u1_0.pending_email,
        u1_0.profile_picture,
        u1_0.verified,
        u1_0.weight 
    from
        users u1_0 
    where
        u1_0.email=?
2025-06-05 08:56:24 [http-nio-8080-exec-1] TRACE o.s.t.i.TransactionInterceptor - Completing transaction for [com.app.fitrack.service.UserService.getAuthenticatedUser]
2025-06-05 08:56:24 [http-nio-8080-exec-6] DEBUG o.s.web.client.RestTemplate - Accept=[application/json, application/*+json]
2025-06-05 08:56:24 [http-nio-8080-exec-10] TRACE o.s.t.i.TransactionInterceptor - No need to create transaction for [org.springframework.data.jpa.repository.support.SimpleJpaRepository.findByEmail]: This method is not transactional.
2025-06-05 08:56:24 [http-nio-8080-exec-9] DEBUG org.hibernate.SQL - 
    select
        u1_0.id,
        u1_0.age,
        u1_0.email,
        u1_0.email_change_code,
        u1_0.email_change_code_expiry,
        u1_0.firstname,
        u1_0.gender,
        u1_0.height,
        u1_0.lastname,
        u1_0.password,
        u1_0.pending_email,
        u1_0.profile_picture,
        u1_0.verified,
        u1_0.weight 
    from
        users u1_0 
    where
        u1_0.email=?
2025-06-05 08:56:24 [http-nio-8080-exec-5] TRACE o.s.t.i.TransactionInterceptor - Completing transaction for [com.app.fitrack.service.UserService.getAuthenticatedUser]
2025-06-05 08:56:24 [http-nio-8080-exec-1] DEBUG o.s.orm.jpa.JpaTransactionManager - Initiating transaction commit
2025-06-05 08:56:24 [http-nio-8080-exec-6] DEBUG o.s.web.client.RestTemplate - Writing [{weight_kg=67.5, gender=female, height_cm=149.0, query=30 minutes of Brisk Walking, age=21}] as "application/json"
2025-06-05 08:56:24 [http-nio-8080-exec-7] TRACE o.s.t.i.TransactionInterceptor - Completing transaction for [com.app.fitrack.service.UserService.getAuthenticatedUser]
2025-06-05 08:56:24 [http-nio-8080-exec-10] DEBUG org.hibernate.SQL - 
    select
        u1_0.id,
        u1_0.age,
        u1_0.email,
        u1_0.email_change_code,
        u1_0.email_change_code_expiry,
        u1_0.firstname,
        u1_0.gender,
        u1_0.height,
        u1_0.lastname,
        u1_0.password,
        u1_0.pending_email,
        u1_0.profile_picture,
        u1_0.verified,
        u1_0.weight 
    from
        users u1_0 
    where
        u1_0.email=?
2025-06-05 08:56:24 [http-nio-8080-exec-3] TRACE o.s.t.i.TransactionInterceptor - Completing transaction for [com.app.fitrack.service.UserService.getAuthenticatedUser]
2025-06-05 08:56:24 [http-nio-8080-exec-5] DEBUG o.s.orm.jpa.JpaTransactionManager - Initiating transaction commit
2025-06-05 08:56:24 [http-nio-8080-exec-1] DEBUG o.s.orm.jpa.JpaTransactionManager - Committing JPA transaction on EntityManager [SessionImpl(502156270<open>)]
2025-06-05 08:56:24 [http-nio-8080-exec-7] DEBUG o.s.orm.jpa.JpaTransactionManager - Initiating transaction commit
2025-06-05 08:56:24 [http-nio-8080-exec-9] TRACE o.s.t.i.TransactionInterceptor - Completing transaction for [com.app.fitrack.service.UserService.getAuthenticatedUser]
2025-06-05 08:56:24 [http-nio-8080-exec-3] DEBUG o.s.orm.jpa.JpaTransactionManager - Initiating transaction commit
2025-06-05 08:56:24 [http-nio-8080-exec-5] DEBUG o.s.orm.jpa.JpaTransactionManager - Committing JPA transaction on EntityManager [SessionImpl(2084845748<open>)]
2025-06-05 08:56:24 [http-nio-8080-exec-7] DEBUG o.s.orm.jpa.JpaTransactionManager - Committing JPA transaction on EntityManager [SessionImpl(379174356<open>)]
2025-06-05 08:56:24 [http-nio-8080-exec-9] DEBUG o.s.orm.jpa.JpaTransactionManager - Initiating transaction commit
2025-06-05 08:56:24 [http-nio-8080-exec-3] DEBUG o.s.orm.jpa.JpaTransactionManager - Committing JPA transaction on EntityManager [SessionImpl(1715671301<open>)]
2025-06-05 08:56:24 [http-nio-8080-exec-1] DEBUG o.s.orm.jpa.JpaTransactionManager - Not closing pre-bound JPA EntityManager after transaction
2025-06-05 08:56:24 [http-nio-8080-exec-10] TRACE o.s.t.i.TransactionInterceptor - Completing transaction for [com.app.fitrack.service.UserService.getAuthenticatedUser]
2025-06-05 08:56:24 [http-nio-8080-exec-7] DEBUG o.s.orm.jpa.JpaTransactionManager - Not closing pre-bound JPA EntityManager after transaction
2025-06-05 08:56:24 [http-nio-8080-exec-9] DEBUG o.s.orm.jpa.JpaTransactionManager - Committing JPA transaction on EntityManager [SessionImpl(1177530198<open>)]
2025-06-05 08:56:24 [http-nio-8080-exec-5] DEBUG o.s.orm.jpa.JpaTransactionManager - Not closing pre-bound JPA EntityManager after transaction
2025-06-05 08:56:24 [http-nio-8080-exec-1] INFO  c.a.f.service.NutritionixService - Sending request to Nutritionix for exercise calorie estimation:
2025-06-05 08:56:24 [http-nio-8080-exec-10] DEBUG o.s.orm.jpa.JpaTransactionManager - Initiating transaction commit
2025-06-05 08:56:24 [http-nio-8080-exec-7] INFO  c.a.f.service.NutritionixService - Sending request to Nutritionix for exercise calorie estimation:
2025-06-05 08:56:24 [http-nio-8080-exec-5] INFO  c.a.f.service.NutritionixService - Sending request to Nutritionix for exercise calorie estimation:
2025-06-05 08:56:24 [http-nio-8080-exec-1] INFO  c.a.f.service.NutritionixService - URL: https://trackapi.nutritionix.com/v2/natural/exercise
2025-06-05 08:56:24 [http-nio-8080-exec-9] DEBUG o.s.orm.jpa.JpaTransactionManager - Not closing pre-bound JPA EntityManager after transaction
2025-06-05 08:56:24 [http-nio-8080-exec-3] DEBUG o.s.orm.jpa.JpaTransactionManager - Not closing pre-bound JPA EntityManager after transaction
2025-06-05 08:56:24 [http-nio-8080-exec-10] DEBUG o.s.orm.jpa.JpaTransactionManager - Committing JPA transaction on EntityManager [SessionImpl(779829354<open>)]
2025-06-05 08:56:24 [http-nio-8080-exec-7] INFO  c.a.f.service.NutritionixService - URL: https://trackapi.nutritionix.com/v2/natural/exercise
2025-06-05 08:56:24 [http-nio-8080-exec-5] INFO  c.a.f.service.NutritionixService - URL: https://trackapi.nutritionix.com/v2/natural/exercise
2025-06-05 08:56:24 [http-nio-8080-exec-1] INFO  c.a.f.service.NutritionixService - Request Body: {weight_kg=67.5, gender=female, height_cm=149.0, query=1 minutes of Plank, age=21}
2025-06-05 08:56:24 [http-nio-8080-exec-9] INFO  c.a.f.service.NutritionixService - Sending request to Nutritionix for exercise calorie estimation:
2025-06-05 08:56:24 [http-nio-8080-exec-3] INFO  c.a.f.service.NutritionixService - Sending request to Nutritionix for exercise calorie estimation:
2025-06-05 08:56:24 [http-nio-8080-exec-7] INFO  c.a.f.service.NutritionixService - Request Body: {weight_kg=67.5, gender=female, height_cm=149.0, query=15 minutes of Push-ups, age=21}
2025-06-05 08:56:24 [http-nio-8080-exec-5] INFO  c.a.f.service.NutritionixService - Request Body: {weight_kg=67.5, gender=female, height_cm=149.0, query=15 minutes of Lunges, age=21}
2025-06-05 08:56:24 [http-nio-8080-exec-10] DEBUG o.s.orm.jpa.JpaTransactionManager - Not closing pre-bound JPA EntityManager after transaction
2025-06-05 08:56:24 [http-nio-8080-exec-9] INFO  c.a.f.service.NutritionixService - URL: https://trackapi.nutritionix.com/v2/natural/exercise
2025-06-05 08:56:24 [http-nio-8080-exec-3] INFO  c.a.f.service.NutritionixService - URL: https://trackapi.nutritionix.com/v2/natural/exercise
2025-06-05 08:56:24 [http-nio-8080-exec-1] DEBUG o.s.web.client.RestTemplate - HTTP POST https://trackapi.nutritionix.com/v2/natural/exercise
2025-06-05 08:56:24 [http-nio-8080-exec-7] DEBUG o.s.web.client.RestTemplate - HTTP POST https://trackapi.nutritionix.com/v2/natural/exercise
2025-06-05 08:56:24 [http-nio-8080-exec-5] DEBUG o.s.web.client.RestTemplate - HTTP POST https://trackapi.nutritionix.com/v2/natural/exercise
2025-06-05 08:56:24 [http-nio-8080-exec-10] INFO  c.a.f.service.NutritionixService - Sending request to Nutritionix for exercise calorie estimation:
2025-06-05 08:56:24 [http-nio-8080-exec-9] INFO  c.a.f.service.NutritionixService - Request Body: {weight_kg=67.5, gender=female, height_cm=149.0, query=20 minutes of Yoga (e.g., Downward Dog), age=21}
2025-06-05 08:56:24 [http-nio-8080-exec-3] INFO  c.a.f.service.NutritionixService - Request Body: {weight_kg=67.5, gender=female, height_cm=149.0, query=5 minutes of Quad Stretch, age=21}
2025-06-05 08:56:24 [http-nio-8080-exec-10] INFO  c.a.f.service.NutritionixService - URL: https://trackapi.nutritionix.com/v2/natural/exercise
2025-06-05 08:56:24 [http-nio-8080-exec-3] DEBUG o.s.web.client.RestTemplate - HTTP POST https://trackapi.nutritionix.com/v2/natural/exercise
2025-06-05 08:56:24 [http-nio-8080-exec-5] DEBUG o.s.web.client.RestTemplate - Accept=[application/json, application/*+json]
2025-06-05 08:56:24 [http-nio-8080-exec-1] DEBUG o.s.web.client.RestTemplate - Accept=[application/json, application/*+json]
2025-06-05 08:56:24 [http-nio-8080-exec-7] DEBUG o.s.web.client.RestTemplate - Accept=[application/json, application/*+json]
2025-06-05 08:56:24 [http-nio-8080-exec-9] DEBUG o.s.web.client.RestTemplate - HTTP POST https://trackapi.nutritionix.com/v2/natural/exercise
2025-06-05 08:56:24 [http-nio-8080-exec-10] INFO  c.a.f.service.NutritionixService - Request Body: {weight_kg=67.5, gender=female, height_cm=149.0, query=5 minutes of Hamstring Stretch, age=21}
2025-06-05 08:56:24 [http-nio-8080-exec-3] DEBUG o.s.web.client.RestTemplate - Accept=[application/json, application/*+json]
2025-06-05 08:56:24 [http-nio-8080-exec-5] DEBUG o.s.web.client.RestTemplate - Writing [{weight_kg=67.5, gender=female, height_cm=149.0, query=15 minutes of Lunges, age=21}] as "application/json"
2025-06-05 08:56:24 [http-nio-8080-exec-1] DEBUG o.s.web.client.RestTemplate - Writing [{weight_kg=67.5, gender=female, height_cm=149.0, query=1 minutes of Plank, age=21}] as "application/json"
2025-06-05 08:56:24 [http-nio-8080-exec-7] DEBUG o.s.web.client.RestTemplate - Writing [{weight_kg=67.5, gender=female, height_cm=149.0, query=15 minutes of Push-ups, age=21}] as "application/json"
2025-06-05 08:56:24 [http-nio-8080-exec-9] DEBUG o.s.web.client.RestTemplate - Accept=[application/json, application/*+json]
2025-06-05 08:56:24 [http-nio-8080-exec-10] DEBUG o.s.web.client.RestTemplate - HTTP POST https://trackapi.nutritionix.com/v2/natural/exercise
2025-06-05 08:56:24 [http-nio-8080-exec-3] DEBUG o.s.web.client.RestTemplate - Writing [{weight_kg=67.5, gender=female, height_cm=149.0, query=5 minutes of Quad Stretch, age=21}] as "application/json"
2025-06-05 08:56:24 [http-nio-8080-exec-9] DEBUG o.s.web.client.RestTemplate - Writing [{weight_kg=67.5, gender=female, height_cm=149.0, query=20 minutes of Yoga (e.g., Downward Dog), age=21}] as "application/json"
2025-06-05 08:56:24 [http-nio-8080-exec-10] DEBUG o.s.web.client.RestTemplate - Accept=[application/json, application/*+json]
2025-06-05 08:56:24 [http-nio-8080-exec-10] DEBUG o.s.web.client.RestTemplate - Writing [{weight_kg=67.5, gender=female, height_cm=149.0, query=5 minutes of Hamstring Stretch, age=21}] as "application/json"
2025-06-05 08:56:24 [http-nio-8080-exec-4] DEBUG o.s.web.client.RestTemplate - Response 200 OK
2025-06-05 08:56:24 [http-nio-8080-exec-4] DEBUG o.s.web.client.RestTemplate - Reading to [com.fasterxml.jackson.databind.JsonNode]
2025-06-05 08:56:24 [http-nio-8080-exec-4] INFO  c.a.f.service.NutritionixService - Nutritionix Response: {"exercises":[{"tag_id":317,"user_input":"running","duration_min":20,"met":9.8,"nf_calories":220.5,"photo":{"highres":"https://d2xdmhkmkbyw75.cloudfront.net/exercise/317_highres.jpg","thumb":"https://d2xdmhkmkbyw75.cloudfront.net/exercise/317_thumb.jpg","is_user_uploaded":false},"compendium_code":12050,"name":"running","description":null,"benefits":null}]}
2025-06-05 08:56:24 [http-nio-8080-exec-4] INFO  c.a.f.service.NutritionixService - Calculated calories: 220.5
2025-06-05 08:56:24 [http-nio-8080-exec-4] DEBUG o.s.w.s.m.m.a.HttpEntityMethodProcessor - Using 'application/json', given [*/*] and supported [application/json, application/*+json]
2025-06-05 08:56:24 [http-nio-8080-exec-4] DEBUG o.s.w.s.m.m.a.HttpEntityMethodProcessor - Writing [{calories=221}]
2025-06-05 08:56:24 [http-nio-8080-exec-4] DEBUG o.s.o.j.s.OpenEntityManagerInViewInterceptor - Closing JPA EntityManager in OpenEntityManagerInViewInterceptor
2025-06-05 08:56:24 [http-nio-8080-exec-4] DEBUG o.s.web.servlet.DispatcherServlet - Completed 200 OK
2025-06-05 08:56:24 [http-nio-8080-exec-8] DEBUG o.s.security.web.FilterChainProxy - Securing POST /workouts/estimate-calories
2025-06-05 08:56:24 [http-nio-8080-exec-8] DEBUG o.s.s.w.c.HttpSessionSecurityContextRepository - Retrieved SecurityContextImpl [Authentication=UsernamePasswordAuthenticationToken [Principal=org.springframework.security.core.userdetails.User [Username=charlenedilig@gmail.com, Password=[PROTECTED], Enabled=true, AccountNonExpired=true, CredentialsNonExpired=true, AccountNonLocked=true, Granted Authorities=[ROLE_USER]], Credentials=[PROTECTED], Authenticated=true, Details=WebAuthenticationDetails [RemoteIpAddress=127.0.0.1, SessionId=461E86EE87CA6F9A8EB217445B7543D3], Granted Authorities=[ROLE_USER]]]
2025-06-05 08:56:24 [http-nio-8080-exec-8] DEBUG o.s.security.web.FilterChainProxy - Secured POST /workouts/estimate-calories
2025-06-05 08:56:24 [http-nio-8080-exec-8] DEBUG o.s.web.servlet.DispatcherServlet - POST "/fitrack/workouts/estimate-calories", parameters={}
2025-06-05 08:56:24 [http-nio-8080-exec-8] DEBUG o.s.w.s.m.m.a.RequestMappingHandlerMapping - Mapped to com.app.fitrack.controller.WorkoutController#estimateCalories(Map)
2025-06-05 08:56:24 [http-nio-8080-exec-8] DEBUG o.s.o.j.s.OpenEntityManagerInViewInterceptor - Opening JPA EntityManager in OpenEntityManagerInViewInterceptor
2025-06-05 08:56:24 [http-nio-8080-exec-8] DEBUG o.s.w.s.m.m.a.RequestResponseBodyMethodProcessor - Read "application/json;charset=UTF-8" to [{workoutName=Pilates (e.g., The Hundred), duration=20}]
2025-06-05 08:56:24 [http-nio-8080-exec-8] DEBUG o.s.orm.jpa.JpaTransactionManager - Found thread-bound EntityManager [SessionImpl(887401475<open>)] for JPA transaction
2025-06-05 08:56:24 [http-nio-8080-exec-8] DEBUG o.s.orm.jpa.JpaTransactionManager - Creating new transaction with name [com.app.fitrack.service.UserService.getAuthenticatedUser]: PROPAGATION_REQUIRED,ISOLATION_DEFAULT
2025-06-05 08:56:24 [http-nio-8080-exec-8] DEBUG o.s.orm.jpa.JpaTransactionManager - Exposing JPA transaction as JDBC [org.springframework.orm.jpa.vendor.HibernateJpaDialect$HibernateConnectionHandle@62f68ecd]
2025-06-05 08:56:24 [http-nio-8080-exec-8] TRACE o.s.t.i.TransactionInterceptor - Getting transaction for [com.app.fitrack.service.UserService.getAuthenticatedUser]
2025-06-05 08:56:24 [http-nio-8080-exec-8] TRACE o.s.t.i.TransactionInterceptor - No need to create transaction for [org.springframework.data.jpa.repository.support.SimpleJpaRepository.findByEmail]: This method is not transactional.
2025-06-05 08:56:24 [http-nio-8080-exec-8] DEBUG org.hibernate.SQL - 
    select
        u1_0.id,
        u1_0.age,
        u1_0.email,
        u1_0.email_change_code,
        u1_0.email_change_code_expiry,
        u1_0.firstname,
        u1_0.gender,
        u1_0.height,
        u1_0.lastname,
        u1_0.password,
        u1_0.pending_email,
        u1_0.profile_picture,
        u1_0.verified,
        u1_0.weight 
    from
        users u1_0 
    where
        u1_0.email=?
2025-06-05 08:56:24 [http-nio-8080-exec-8] TRACE o.s.t.i.TransactionInterceptor - Completing transaction for [com.app.fitrack.service.UserService.getAuthenticatedUser]
2025-06-05 08:56:24 [http-nio-8080-exec-8] DEBUG o.s.orm.jpa.JpaTransactionManager - Initiating transaction commit
2025-06-05 08:56:24 [http-nio-8080-exec-8] DEBUG o.s.orm.jpa.JpaTransactionManager - Committing JPA transaction on EntityManager [SessionImpl(887401475<open>)]
2025-06-05 08:56:24 [http-nio-8080-exec-8] DEBUG o.s.orm.jpa.JpaTransactionManager - Not closing pre-bound JPA EntityManager after transaction
2025-06-05 08:56:24 [http-nio-8080-exec-8] INFO  c.a.f.service.NutritionixService - Sending request to Nutritionix for exercise calorie estimation:
2025-06-05 08:56:24 [http-nio-8080-exec-8] INFO  c.a.f.service.NutritionixService - URL: https://trackapi.nutritionix.com/v2/natural/exercise
2025-06-05 08:56:24 [http-nio-8080-exec-8] INFO  c.a.f.service.NutritionixService - Request Body: {weight_kg=67.5, gender=female, height_cm=149.0, query=20 minutes of Pilates (e.g., The Hundred), age=21}
2025-06-05 08:56:24 [http-nio-8080-exec-8] DEBUG o.s.web.client.RestTemplate - HTTP POST https://trackapi.nutritionix.com/v2/natural/exercise
2025-06-05 08:56:24 [http-nio-8080-exec-8] DEBUG o.s.web.client.RestTemplate - Accept=[application/json, application/*+json]
2025-06-05 08:56:24 [http-nio-8080-exec-8] DEBUG o.s.web.client.RestTemplate - Writing [{weight_kg=67.5, gender=female, height_cm=149.0, query=20 minutes of Pilates (e.g., The Hundred), age=21}] as "application/json"
2025-06-05 08:56:24 [http-nio-8080-exec-3] DEBUG o.s.web.client.RestTemplate - Response 200 OK
2025-06-05 08:56:24 [http-nio-8080-exec-3] DEBUG o.s.web.client.RestTemplate - Reading to [com.fasterxml.jackson.databind.JsonNode]
2025-06-05 08:56:24 [http-nio-8080-exec-3] INFO  c.a.f.service.NutritionixService - Nutritionix Response: {"exercises":[{"tag_id":758,"user_input":"stretch","duration_min":5,"met":2.3,"nf_calories":12.94,"photo":{"highres":"https://d2xdmhkmkbyw75.cloudfront.net/exercise/758_highres.jpg","thumb":"https://d2xdmhkmkbyw75.cloudfront.net/exercise/758_thumb.jpg","is_user_uploaded":false},"compendium_code":2101,"name":"stretching","description":null,"benefits":null}]}
2025-06-05 08:56:24 [http-nio-8080-exec-3] INFO  c.a.f.service.NutritionixService - Calculated calories: 12.94
2025-06-05 08:56:24 [http-nio-8080-exec-3] DEBUG o.s.w.s.m.m.a.HttpEntityMethodProcessor - Using 'application/json', given [*/*] and supported [application/json, application/*+json]
2025-06-05 08:56:24 [http-nio-8080-exec-3] DEBUG o.s.w.s.m.m.a.HttpEntityMethodProcessor - Writing [{calories=13}]
2025-06-05 08:56:24 [http-nio-8080-exec-3] DEBUG o.s.o.j.s.OpenEntityManagerInViewInterceptor - Closing JPA EntityManager in OpenEntityManagerInViewInterceptor
2025-06-05 08:56:24 [http-nio-8080-exec-3] DEBUG o.s.web.servlet.DispatcherServlet - Completed 200 OK
2025-06-05 08:56:24 [http-nio-8080-exec-2] DEBUG o.s.web.client.RestTemplate - Response 200 OK
2025-06-05 08:56:24 [http-nio-8080-exec-2] DEBUG o.s.web.client.RestTemplate - Reading to [com.fasterxml.jackson.databind.JsonNode]
2025-06-05 08:56:24 [http-nio-8080-exec-2] INFO  c.a.f.service.NutritionixService - Nutritionix Response: {"exercises":[{"tag_id":894,"user_input":"jumping jacks","duration_min":10,"met":8,"nf_calories":90,"photo":{"highres":"https://d2xdmhkmkbyw75.cloudfront.net/exercise/894_highres.jpg","thumb":"https://d2xdmhkmkbyw75.cloudfront.net/exercise/894_thumb.jpg","is_user_uploaded":false},"compendium_code":2020,"name":"jumping jacks","description":null,"benefits":null}]}
2025-06-05 08:56:24 [http-nio-8080-exec-4] DEBUG o.s.security.web.FilterChainProxy - Securing POST /workouts/estimate-calories
2025-06-05 08:56:24 [http-nio-8080-exec-2] INFO  c.a.f.service.NutritionixService - Calculated calories: 90.0
2025-06-05 08:56:24 [http-nio-8080-exec-2] DEBUG o.s.w.s.m.m.a.HttpEntityMethodProcessor - Using 'application/json', given [*/*] and supported [application/json, application/*+json]
2025-06-05 08:56:24 [http-nio-8080-exec-4] DEBUG o.s.s.w.c.HttpSessionSecurityContextRepository - Retrieved SecurityContextImpl [Authentication=UsernamePasswordAuthenticationToken [Principal=org.springframework.security.core.userdetails.User [Username=charlenedilig@gmail.com, Password=[PROTECTED], Enabled=true, AccountNonExpired=true, CredentialsNonExpired=true, AccountNonLocked=true, Granted Authorities=[ROLE_USER]], Credentials=[PROTECTED], Authenticated=true, Details=WebAuthenticationDetails [RemoteIpAddress=127.0.0.1, SessionId=461E86EE87CA6F9A8EB217445B7543D3], Granted Authorities=[ROLE_USER]]]
2025-06-05 08:56:24 [http-nio-8080-exec-2] DEBUG o.s.w.s.m.m.a.HttpEntityMethodProcessor - Writing [{calories=90}]
2025-06-05 08:56:24 [http-nio-8080-exec-4] DEBUG o.s.security.web.FilterChainProxy - Secured POST /workouts/estimate-calories
2025-06-05 08:56:24 [http-nio-8080-exec-4] DEBUG o.s.web.servlet.DispatcherServlet - POST "/fitrack/workouts/estimate-calories", parameters={}
2025-06-05 08:56:24 [http-nio-8080-exec-2] DEBUG o.s.o.j.s.OpenEntityManagerInViewInterceptor - Closing JPA EntityManager in OpenEntityManagerInViewInterceptor
2025-06-05 08:56:24 [http-nio-8080-exec-4] DEBUG o.s.w.s.m.m.a.RequestMappingHandlerMapping - Mapped to com.app.fitrack.controller.WorkoutController#estimateCalories(Map)
2025-06-05 08:56:24 [http-nio-8080-exec-2] DEBUG o.s.web.servlet.DispatcherServlet - Completed 200 OK
2025-06-05 08:56:24 [http-nio-8080-exec-4] DEBUG o.s.o.j.s.OpenEntityManagerInViewInterceptor - Opening JPA EntityManager in OpenEntityManagerInViewInterceptor
2025-06-05 08:56:24 [http-nio-8080-exec-4] DEBUG o.s.w.s.m.m.a.RequestResponseBodyMethodProcessor - Read "application/json;charset=UTF-8" to [{workoutName=Basketball, duration=30}]
2025-06-05 08:56:24 [http-nio-8080-exec-4] DEBUG o.s.orm.jpa.JpaTransactionManager - Found thread-bound EntityManager [SessionImpl(303261890<open>)] for JPA transaction
2025-06-05 08:56:24 [http-nio-8080-exec-4] DEBUG o.s.orm.jpa.JpaTransactionManager - Creating new transaction with name [com.app.fitrack.service.UserService.getAuthenticatedUser]: PROPAGATION_REQUIRED,ISOLATION_DEFAULT
2025-06-05 08:56:24 [http-nio-8080-exec-3] DEBUG o.s.security.web.FilterChainProxy - Securing POST /workouts/estimate-calories
2025-06-05 08:56:24 [http-nio-8080-exec-4] DEBUG o.s.orm.jpa.JpaTransactionManager - Exposing JPA transaction as JDBC [org.springframework.orm.jpa.vendor.HibernateJpaDialect$HibernateConnectionHandle@6865ac35]
2025-06-05 08:56:24 [http-nio-8080-exec-4] TRACE o.s.t.i.TransactionInterceptor - Getting transaction for [com.app.fitrack.service.UserService.getAuthenticatedUser]
2025-06-05 08:56:24 [http-nio-8080-exec-4] TRACE o.s.t.i.TransactionInterceptor - No need to create transaction for [org.springframework.data.jpa.repository.support.SimpleJpaRepository.findByEmail]: This method is not transactional.
2025-06-05 08:56:24 [http-nio-8080-exec-3] DEBUG o.s.s.w.c.HttpSessionSecurityContextRepository - Retrieved SecurityContextImpl [Authentication=UsernamePasswordAuthenticationToken [Principal=org.springframework.security.core.userdetails.User [Username=charlenedilig@gmail.com, Password=[PROTECTED], Enabled=true, AccountNonExpired=true, CredentialsNonExpired=true, AccountNonLocked=true, Granted Authorities=[ROLE_USER]], Credentials=[PROTECTED], Authenticated=true, Details=WebAuthenticationDetails [RemoteIpAddress=127.0.0.1, SessionId=461E86EE87CA6F9A8EB217445B7543D3], Granted Authorities=[ROLE_USER]]]
2025-06-05 08:56:24 [http-nio-8080-exec-4] DEBUG org.hibernate.SQL - 
    select
        u1_0.id,
        u1_0.age,
        u1_0.email,
        u1_0.email_change_code,
        u1_0.email_change_code_expiry,
        u1_0.firstname,
        u1_0.gender,
        u1_0.height,
        u1_0.lastname,
        u1_0.password,
        u1_0.pending_email,
        u1_0.profile_picture,
        u1_0.verified,
        u1_0.weight 
    from
        users u1_0 
    where
        u1_0.email=?
2025-06-05 08:56:24 [http-nio-8080-exec-3] DEBUG o.s.security.web.FilterChainProxy - Secured POST /workouts/estimate-calories
2025-06-05 08:56:24 [http-nio-8080-exec-3] DEBUG o.s.web.servlet.DispatcherServlet - POST "/fitrack/workouts/estimate-calories", parameters={}
2025-06-05 08:56:24 [http-nio-8080-exec-3] DEBUG o.s.w.s.m.m.a.RequestMappingHandlerMapping - Mapped to com.app.fitrack.controller.WorkoutController#estimateCalories(Map)
2025-06-05 08:56:24 [http-nio-8080-exec-3] DEBUG o.s.o.j.s.OpenEntityManagerInViewInterceptor - Opening JPA EntityManager in OpenEntityManagerInViewInterceptor
2025-06-05 08:56:24 [http-nio-8080-exec-4] TRACE o.s.t.i.TransactionInterceptor - Completing transaction for [com.app.fitrack.service.UserService.getAuthenticatedUser]
2025-06-05 08:56:24 [http-nio-8080-exec-4] DEBUG o.s.orm.jpa.JpaTransactionManager - Initiating transaction commit
2025-06-05 08:56:24 [http-nio-8080-exec-4] DEBUG o.s.orm.jpa.JpaTransactionManager - Committing JPA transaction on EntityManager [SessionImpl(303261890<open>)]
2025-06-05 08:56:24 [http-nio-8080-exec-3] DEBUG o.s.w.s.m.m.a.RequestResponseBodyMethodProcessor - Read "application/json;charset=UTF-8" to [{workoutName=Kettlebell Swings, duration=15}]
2025-06-05 08:56:24 [http-nio-8080-exec-3] DEBUG o.s.orm.jpa.JpaTransactionManager - Found thread-bound EntityManager [SessionImpl(601565569<open>)] for JPA transaction
2025-06-05 08:56:24 [http-nio-8080-exec-3] DEBUG o.s.orm.jpa.JpaTransactionManager - Creating new transaction with name [com.app.fitrack.service.UserService.getAuthenticatedUser]: PROPAGATION_REQUIRED,ISOLATION_DEFAULT
2025-06-05 08:56:24 [http-nio-8080-exec-4] DEBUG o.s.orm.jpa.JpaTransactionManager - Not closing pre-bound JPA EntityManager after transaction
2025-06-05 08:56:24 [http-nio-8080-exec-4] INFO  c.a.f.service.NutritionixService - Sending request to Nutritionix for exercise calorie estimation:
2025-06-05 08:56:24 [http-nio-8080-exec-3] DEBUG o.s.orm.jpa.JpaTransactionManager - Exposing JPA transaction as JDBC [org.springframework.orm.jpa.vendor.HibernateJpaDialect$HibernateConnectionHandle@8eb20b6]
2025-06-05 08:56:24 [http-nio-8080-exec-4] INFO  c.a.f.service.NutritionixService - URL: https://trackapi.nutritionix.com/v2/natural/exercise
2025-06-05 08:56:24 [http-nio-8080-exec-3] TRACE o.s.t.i.TransactionInterceptor - Getting transaction for [com.app.fitrack.service.UserService.getAuthenticatedUser]
2025-06-05 08:56:24 [http-nio-8080-exec-4] INFO  c.a.f.service.NutritionixService - Request Body: {weight_kg=67.5, gender=female, height_cm=149.0, query=30 minutes of Basketball, age=21}
2025-06-05 08:56:24 [http-nio-8080-exec-3] TRACE o.s.t.i.TransactionInterceptor - No need to create transaction for [org.springframework.data.jpa.repository.support.SimpleJpaRepository.findByEmail]: This method is not transactional.
2025-06-05 08:56:24 [http-nio-8080-exec-4] DEBUG o.s.web.client.RestTemplate - HTTP POST https://trackapi.nutritionix.com/v2/natural/exercise
2025-06-05 08:56:24 [http-nio-8080-exec-4] DEBUG o.s.web.client.RestTemplate - Accept=[application/json, application/*+json]
2025-06-05 08:56:24 [http-nio-8080-exec-3] DEBUG org.hibernate.SQL - 
    select
        u1_0.id,
        u1_0.age,
        u1_0.email,
        u1_0.email_change_code,
        u1_0.email_change_code_expiry,
        u1_0.firstname,
        u1_0.gender,
        u1_0.height,
        u1_0.lastname,
        u1_0.password,
        u1_0.pending_email,
        u1_0.profile_picture,
        u1_0.verified,
        u1_0.weight 
    from
        users u1_0 
    where
        u1_0.email=?
2025-06-05 08:56:24 [http-nio-8080-exec-4] DEBUG o.s.web.client.RestTemplate - Writing [{weight_kg=67.5, gender=female, height_cm=149.0, query=30 minutes of Basketball, age=21}] as "application/json"
2025-06-05 08:56:24 [http-nio-8080-exec-3] TRACE o.s.t.i.TransactionInterceptor - Completing transaction for [com.app.fitrack.service.UserService.getAuthenticatedUser]
2025-06-05 08:56:24 [http-nio-8080-exec-3] DEBUG o.s.orm.jpa.JpaTransactionManager - Initiating transaction commit
2025-06-05 08:56:24 [http-nio-8080-exec-3] DEBUG o.s.orm.jpa.JpaTransactionManager - Committing JPA transaction on EntityManager [SessionImpl(601565569<open>)]
2025-06-05 08:56:24 [http-nio-8080-exec-3] DEBUG o.s.orm.jpa.JpaTransactionManager - Not closing pre-bound JPA EntityManager after transaction
2025-06-05 08:56:24 [http-nio-8080-exec-3] INFO  c.a.f.service.NutritionixService - Sending request to Nutritionix for exercise calorie estimation:
2025-06-05 08:56:24 [http-nio-8080-exec-3] INFO  c.a.f.service.NutritionixService - URL: https://trackapi.nutritionix.com/v2/natural/exercise
2025-06-05 08:56:24 [http-nio-8080-exec-3] INFO  c.a.f.service.NutritionixService - Request Body: {weight_kg=67.5, gender=female, height_cm=149.0, query=15 minutes of Kettlebell Swings, age=21}
2025-06-05 08:56:24 [http-nio-8080-exec-3] DEBUG o.s.web.client.RestTemplate - HTTP POST https://trackapi.nutritionix.com/v2/natural/exercise
2025-06-05 08:56:24 [http-nio-8080-exec-3] DEBUG o.s.web.client.RestTemplate - Accept=[application/json, application/*+json]
2025-06-05 08:56:24 [http-nio-8080-exec-3] DEBUG o.s.web.client.RestTemplate - Writing [{weight_kg=67.5, gender=female, height_cm=149.0, query=15 minutes of Kettlebell Swings, age=21}] as "application/json"
2025-06-05 08:56:24 [http-nio-8080-exec-5] DEBUG o.s.web.client.RestTemplate - Response 200 OK
2025-06-05 08:56:24 [http-nio-8080-exec-1] DEBUG o.s.web.client.RestTemplate - Response 200 OK
2025-06-05 08:56:24 [http-nio-8080-exec-5] DEBUG o.s.web.client.RestTemplate - Reading to [com.fasterxml.jackson.databind.JsonNode]
2025-06-05 08:56:24 [http-nio-8080-exec-1] DEBUG o.s.web.client.RestTemplate - Reading to [com.fasterxml.jackson.databind.JsonNode]
2025-06-05 08:56:24 [http-nio-8080-exec-7] DEBUG o.s.web.client.RestTemplate - Response 200 OK
2025-06-05 08:56:24 [http-nio-8080-exec-7] DEBUG o.s.web.client.RestTemplate - Reading to [com.fasterxml.jackson.databind.JsonNode]
2025-06-05 08:56:24 [http-nio-8080-exec-1] INFO  c.a.f.service.NutritionixService - Nutritionix Response: {"exercises":[{"tag_id":831,"user_input":"plank","duration_min":1,"met":2.8,"nf_calories":3.15,"photo":{"highres":"https://d2xdmhkmkbyw75.cloudfront.net/exercise/831_highres.jpg","thumb":"https://d2xdmhkmkbyw75.cloudfront.net/exercise/831_thumb.jpg","is_user_uploaded":false},"compendium_code":2024,"name":"core exercise","description":null,"benefits":null}]}
2025-06-05 08:56:24 [http-nio-8080-exec-5] INFO  c.a.f.service.NutritionixService - Nutritionix Response: {"exercises":[{"tag_id":771,"user_input":"lunges","duration_min":15,"met":3.8,"nf_calories":64.13,"photo":{"highres":"https://d2xdmhkmkbyw75.cloudfront.net/exercise/771_highres.jpg","thumb":"https://d2xdmhkmkbyw75.cloudfront.net/exercise/771_thumb.jpg","is_user_uploaded":false},"compendium_code":2022,"name":"calisthenics","description":null,"benefits":null}]}
2025-06-05 08:56:24 [http-nio-8080-exec-6] DEBUG o.s.web.client.RestTemplate - Response 200 OK
2025-06-05 08:56:24 [http-nio-8080-exec-7] INFO  c.a.f.service.NutritionixService - Nutritionix Response: {"exercises":[{"tag_id":824,"user_input":"push ups","duration_min":15,"met":3.8,"nf_calories":64.13,"photo":{"highres":"https://d2xdmhkmkbyw75.cloudfront.net/exercise/824_highres.jpg","thumb":"https://d2xdmhkmkbyw75.cloudfront.net/exercise/824_thumb.jpg","is_user_uploaded":false},"compendium_code":2022,"name":"push-up","description":null,"benefits":null}]}
2025-06-05 08:56:24 [http-nio-8080-exec-1] INFO  c.a.f.service.NutritionixService - Calculated calories: 3.15
2025-06-05 08:56:24 [http-nio-8080-exec-5] INFO  c.a.f.service.NutritionixService - Calculated calories: 64.13
2025-06-05 08:56:24 [http-nio-8080-exec-6] DEBUG o.s.web.client.RestTemplate - Reading to [com.fasterxml.jackson.databind.JsonNode]
2025-06-05 08:56:24 [http-nio-8080-exec-5] DEBUG o.s.w.s.m.m.a.HttpEntityMethodProcessor - Using 'application/json', given [*/*] and supported [application/json, application/*+json]
2025-06-05 08:56:24 [http-nio-8080-exec-7] INFO  c.a.f.service.NutritionixService - Calculated calories: 64.13
2025-06-05 08:56:24 [http-nio-8080-exec-1] DEBUG o.s.w.s.m.m.a.HttpEntityMethodProcessor - Using 'application/json', given [*/*] and supported [application/json, application/*+json]
2025-06-05 08:56:24 [http-nio-8080-exec-5] DEBUG o.s.w.s.m.m.a.HttpEntityMethodProcessor - Writing [{calories=64}]
2025-06-05 08:56:24 [http-nio-8080-exec-6] INFO  c.a.f.service.NutritionixService - Nutritionix Response: {"exercises":[{"tag_id":100,"user_input":"walking","duration_min":30,"met":3.5,"nf_calories":118.13,"photo":{"highres":"https://d2xdmhkmkbyw75.cloudfront.net/exercise/100_highres.jpg","thumb":"https://d2xdmhkmkbyw75.cloudfront.net/exercise/100_thumb.jpg","is_user_uploaded":false},"compendium_code":17190,"name":"walking","description":null,"benefits":null}]}
2025-06-05 08:56:24 [http-nio-8080-exec-7] DEBUG o.s.w.s.m.m.a.HttpEntityMethodProcessor - Using 'application/json', given [*/*] and supported [application/json, application/*+json]
2025-06-05 08:56:24 [http-nio-8080-exec-1] DEBUG o.s.w.s.m.m.a.HttpEntityMethodProcessor - Writing [{calories=3}]
2025-06-05 08:56:24 [http-nio-8080-exec-6] INFO  c.a.f.service.NutritionixService - Calculated calories: 118.13
2025-06-05 08:56:24 [http-nio-8080-exec-5] DEBUG o.s.o.j.s.OpenEntityManagerInViewInterceptor - Closing JPA EntityManager in OpenEntityManagerInViewInterceptor
2025-06-05 08:56:24 [http-nio-8080-exec-7] DEBUG o.s.w.s.m.m.a.HttpEntityMethodProcessor - Writing [{calories=64}]
2025-06-05 08:56:24 [http-nio-8080-exec-6] DEBUG o.s.w.s.m.m.a.HttpEntityMethodProcessor - Using 'application/json', given [*/*] and supported [application/json, application/*+json]
2025-06-05 08:56:24 [http-nio-8080-exec-1] DEBUG o.s.o.j.s.OpenEntityManagerInViewInterceptor - Closing JPA EntityManager in OpenEntityManagerInViewInterceptor
2025-06-05 08:56:24 [http-nio-8080-exec-5] DEBUG o.s.web.servlet.DispatcherServlet - Completed 200 OK
2025-06-05 08:56:24 [http-nio-8080-exec-1] DEBUG o.s.web.servlet.DispatcherServlet - Completed 200 OK
2025-06-05 08:56:24 [http-nio-8080-exec-6] DEBUG o.s.w.s.m.m.a.HttpEntityMethodProcessor - Writing [{calories=118}]
2025-06-05 08:56:24 [http-nio-8080-exec-7] DEBUG o.s.o.j.s.OpenEntityManagerInViewInterceptor - Closing JPA EntityManager in OpenEntityManagerInViewInterceptor
2025-06-05 08:56:24 [http-nio-8080-exec-7] DEBUG o.s.web.servlet.DispatcherServlet - Completed 200 OK
2025-06-05 08:56:24 [http-nio-8080-exec-6] DEBUG o.s.o.j.s.OpenEntityManagerInViewInterceptor - Closing JPA EntityManager in OpenEntityManagerInViewInterceptor
2025-06-05 08:56:24 [http-nio-8080-exec-6] DEBUG o.s.web.servlet.DispatcherServlet - Completed 200 OK
2025-06-05 08:56:24 [http-nio-8080-exec-9] DEBUG o.s.web.client.RestTemplate - Response 200 OK
2025-06-05 08:56:24 [http-nio-8080-exec-2] DEBUG o.s.security.web.FilterChainProxy - Securing POST /workouts/estimate-calories
2025-06-05 08:56:24 [http-nio-8080-exec-5] DEBUG o.s.security.web.FilterChainProxy - Securing POST /workouts/estimate-calories
2025-06-05 08:56:24 [http-nio-8080-exec-9] DEBUG o.s.web.client.RestTemplate - Reading to [com.fasterxml.jackson.databind.JsonNode]
2025-06-05 08:56:24 [http-nio-8080-exec-1] DEBUG o.s.security.web.FilterChainProxy - Securing POST /workouts/estimate-calories
2025-06-05 08:56:24 [http-nio-8080-exec-2] DEBUG o.s.s.w.c.HttpSessionSecurityContextRepository - Retrieved SecurityContextImpl [Authentication=UsernamePasswordAuthenticationToken [Principal=org.springframework.security.core.userdetails.User [Username=charlenedilig@gmail.com, Password=[PROTECTED], Enabled=true, AccountNonExpired=true, CredentialsNonExpired=true, AccountNonLocked=true, Granted Authorities=[ROLE_USER]], Credentials=[PROTECTED], Authenticated=true, Details=WebAuthenticationDetails [RemoteIpAddress=127.0.0.1, SessionId=461E86EE87CA6F9A8EB217445B7543D3], Granted Authorities=[ROLE_USER]]]
2025-06-05 08:56:24 [http-nio-8080-exec-9] INFO  c.a.f.service.NutritionixService - Nutritionix Response: {"exercises":[{"tag_id":765,"user_input":"yoga","duration_min":20,"met":3.3,"nf_calories":74.25,"photo":{"highres":"https://d2xdmhkmkbyw75.cloudfront.net/exercise/765_highres.jpg","thumb":"https://d2xdmhkmkbyw75.cloudfront.net/exercise/765_thumb.jpg","is_user_uploaded":false},"compendium_code":2180,"name":"yoga","description":null,"benefits":null}]}
2025-06-05 08:56:24 [http-nio-8080-exec-5] DEBUG o.s.s.w.c.HttpSessionSecurityContextRepository - Retrieved SecurityContextImpl [Authentication=UsernamePasswordAuthenticationToken [Principal=org.springframework.security.core.userdetails.User [Username=charlenedilig@gmail.com, Password=[PROTECTED], Enabled=true, AccountNonExpired=true, CredentialsNonExpired=true, AccountNonLocked=true, Granted Authorities=[ROLE_USER]], Credentials=[PROTECTED], Authenticated=true, Details=WebAuthenticationDetails [RemoteIpAddress=127.0.0.1, SessionId=461E86EE87CA6F9A8EB217445B7543D3], Granted Authorities=[ROLE_USER]]]
2025-06-05 08:56:24 [http-nio-8080-exec-1] DEBUG o.s.s.w.c.HttpSessionSecurityContextRepository - Retrieved SecurityContextImpl [Authentication=UsernamePasswordAuthenticationToken [Principal=org.springframework.security.core.userdetails.User [Username=charlenedilig@gmail.com, Password=[PROTECTED], Enabled=true, AccountNonExpired=true, CredentialsNonExpired=true, AccountNonLocked=true, Granted Authorities=[ROLE_USER]], Credentials=[PROTECTED], Authenticated=true, Details=WebAuthenticationDetails [RemoteIpAddress=127.0.0.1, SessionId=461E86EE87CA6F9A8EB217445B7543D3], Granted Authorities=[ROLE_USER]]]
2025-06-05 08:56:24 [http-nio-8080-exec-10] DEBUG o.s.web.client.RestTemplate - Response 200 OK
2025-06-05 08:56:24 [http-nio-8080-exec-2] DEBUG o.s.security.web.FilterChainProxy - Secured POST /workouts/estimate-calories
2025-06-05 08:56:24 [http-nio-8080-exec-9] INFO  c.a.f.service.NutritionixService - Calculated calories: 74.25
2025-06-05 08:56:24 [http-nio-8080-exec-2] DEBUG o.s.web.servlet.DispatcherServlet - POST "/fitrack/workouts/estimate-calories", parameters={}
2025-06-05 08:56:24 [http-nio-8080-exec-5] DEBUG o.s.security.web.FilterChainProxy - Secured POST /workouts/estimate-calories
2025-06-05 08:56:24 [http-nio-8080-exec-7] DEBUG o.s.security.web.FilterChainProxy - Securing POST /workouts/estimate-calories
2025-06-05 08:56:24 [http-nio-8080-exec-1] DEBUG o.s.security.web.FilterChainProxy - Secured POST /workouts/estimate-calories
2025-06-05 08:56:24 [http-nio-8080-exec-10] DEBUG o.s.web.client.RestTemplate - Reading to [com.fasterxml.jackson.databind.JsonNode]
2025-06-05 08:56:24 [http-nio-8080-exec-5] DEBUG o.s.web.servlet.DispatcherServlet - POST "/fitrack/workouts/estimate-calories", parameters={}
2025-06-05 08:56:24 [http-nio-8080-exec-9] DEBUG o.s.w.s.m.m.a.HttpEntityMethodProcessor - Using 'application/json', given [*/*] and supported [application/json, application/*+json]
2025-06-05 08:56:24 [http-nio-8080-exec-1] DEBUG o.s.web.servlet.DispatcherServlet - POST "/fitrack/workouts/estimate-calories", parameters={}
2025-06-05 08:56:24 [http-nio-8080-exec-2] DEBUG o.s.w.s.m.m.a.RequestMappingHandlerMapping - Mapped to com.app.fitrack.controller.WorkoutController#estimateCalories(Map)
2025-06-05 08:56:24 [http-nio-8080-exec-5] DEBUG o.s.w.s.m.m.a.RequestMappingHandlerMapping - Mapped to com.app.fitrack.controller.WorkoutController#estimateCalories(Map)
2025-06-05 08:56:24 [http-nio-8080-exec-9] DEBUG o.s.w.s.m.m.a.HttpEntityMethodProcessor - Writing [{calories=74}]
2025-06-05 08:56:24 [http-nio-8080-exec-7] DEBUG o.s.s.w.c.HttpSessionSecurityContextRepository - Retrieved SecurityContextImpl [Authentication=UsernamePasswordAuthenticationToken [Principal=org.springframework.security.core.userdetails.User [Username=charlenedilig@gmail.com, Password=[PROTECTED], Enabled=true, AccountNonExpired=true, CredentialsNonExpired=true, AccountNonLocked=true, Granted Authorities=[ROLE_USER]], Credentials=[PROTECTED], Authenticated=true, Details=WebAuthenticationDetails [RemoteIpAddress=127.0.0.1, SessionId=461E86EE87CA6F9A8EB217445B7543D3], Granted Authorities=[ROLE_USER]]]
2025-06-05 08:56:24 [http-nio-8080-exec-10] INFO  c.a.f.service.NutritionixService - Nutritionix Response: {"exercises":[{"tag_id":1048,"user_input":"hamstring","duration_min":5,"met":3.5,"nf_calories":19.69,"photo":{"highres":"https://d2xdmhkmkbyw75.cloudfront.net/exercise/1048_highres.jpg","thumb":"https://d2xdmhkmkbyw75.cloudfront.net/exercise/1048_thumb.jpg","is_user_uploaded":false},"compendium_code":2054,"name":"hamstring curl","description":null,"benefits":null},{"tag_id":758,"user_input":"stretch","duration_min":15,"met":2.3,"nf_calories":38.81,"photo":{"highres":"https://d2xdmhkmkbyw75.cloudfront.net/exercise/758_highres.jpg","thumb":"https://d2xdmhkmkbyw75.cloudfront.net/exercise/758_thumb.jpg","is_user_uploaded":false},"compendium_code":2101,"name":"stretching","description":null,"benefits":null}]}
2025-06-05 08:56:24 [http-nio-8080-exec-1] DEBUG o.s.w.s.m.m.a.RequestMappingHandlerMapping - Mapped to com.app.fitrack.controller.WorkoutController#estimateCalories(Map)
2025-06-05 08:56:24 [http-nio-8080-exec-2] DEBUG o.s.o.j.s.OpenEntityManagerInViewInterceptor - Opening JPA EntityManager in OpenEntityManagerInViewInterceptor
2025-06-05 08:56:24 [http-nio-8080-exec-5] DEBUG o.s.o.j.s.OpenEntityManagerInViewInterceptor - Opening JPA EntityManager in OpenEntityManagerInViewInterceptor
2025-06-05 08:56:24 [http-nio-8080-exec-9] DEBUG o.s.o.j.s.OpenEntityManagerInViewInterceptor - Closing JPA EntityManager in OpenEntityManagerInViewInterceptor
2025-06-05 08:56:24 [http-nio-8080-exec-7] DEBUG o.s.security.web.FilterChainProxy - Secured POST /workouts/estimate-calories
2025-06-05 08:56:24 [http-nio-8080-exec-10] INFO  c.a.f.service.NutritionixService - Calculated calories: 19.69
2025-06-05 08:56:24 [http-nio-8080-exec-7] DEBUG o.s.web.servlet.DispatcherServlet - POST "/fitrack/workouts/estimate-calories", parameters={}
2025-06-05 08:56:24 [http-nio-8080-exec-5] DEBUG o.s.w.s.m.m.a.RequestResponseBodyMethodProcessor - Read "application/json;charset=UTF-8" to [{workoutName=Farmer's Walks, duration=10}]
2025-06-05 08:56:24 [http-nio-8080-exec-10] DEBUG o.s.w.s.m.m.a.HttpEntityMethodProcessor - Using 'application/json', given [*/*] and supported [application/json, application/*+json]
2025-06-05 08:56:24 [http-nio-8080-exec-1] DEBUG o.s.o.j.s.OpenEntityManagerInViewInterceptor - Opening JPA EntityManager in OpenEntityManagerInViewInterceptor
2025-06-05 08:56:24 [http-nio-8080-exec-9] DEBUG o.s.web.servlet.DispatcherServlet - Completed 200 OK
2025-06-05 08:56:24 [http-nio-8080-exec-2] DEBUG o.s.w.s.m.m.a.RequestResponseBodyMethodProcessor - Read "application/json;charset=UTF-8" to [{workoutName=Hiking, duration=45}]
2025-06-05 08:56:24 [http-nio-8080-exec-5] DEBUG o.s.orm.jpa.JpaTransactionManager - Found thread-bound EntityManager [SessionImpl(423945692<open>)] for JPA transaction
2025-06-05 08:56:24 [http-nio-8080-exec-7] DEBUG o.s.w.s.m.m.a.RequestMappingHandlerMapping - Mapped to com.app.fitrack.controller.WorkoutController#estimateCalories(Map)
2025-06-05 08:56:24 [http-nio-8080-exec-10] DEBUG o.s.w.s.m.m.a.HttpEntityMethodProcessor - Writing [{calories=20}]
2025-06-05 08:56:24 [http-nio-8080-exec-5] DEBUG o.s.orm.jpa.JpaTransactionManager - Creating new transaction with name [com.app.fitrack.service.UserService.getAuthenticatedUser]: PROPAGATION_REQUIRED,ISOLATION_DEFAULT
2025-06-05 08:56:24 [http-nio-8080-exec-2] DEBUG o.s.orm.jpa.JpaTransactionManager - Found thread-bound EntityManager [SessionImpl(1692376014<open>)] for JPA transaction
2025-06-05 08:56:24 [http-nio-8080-exec-1] DEBUG o.s.w.s.m.m.a.RequestResponseBodyMethodProcessor - Read "application/json;charset=UTF-8" to [{workoutName=Dancing, duration=30}]
2025-06-05 08:56:24 [http-nio-8080-exec-7] DEBUG o.s.o.j.s.OpenEntityManagerInViewInterceptor - Opening JPA EntityManager in OpenEntityManagerInViewInterceptor
2025-06-05 08:56:24 [http-nio-8080-exec-2] DEBUG o.s.orm.jpa.JpaTransactionManager - Creating new transaction with name [com.app.fitrack.service.UserService.getAuthenticatedUser]: PROPAGATION_REQUIRED,ISOLATION_DEFAULT
2025-06-05 08:56:24 [http-nio-8080-exec-10] DEBUG o.s.o.j.s.OpenEntityManagerInViewInterceptor - Closing JPA EntityManager in OpenEntityManagerInViewInterceptor
2025-06-05 08:56:24 [http-nio-8080-exec-5] DEBUG o.s.orm.jpa.JpaTransactionManager - Exposing JPA transaction as JDBC [org.springframework.orm.jpa.vendor.HibernateJpaDialect$HibernateConnectionHandle@eb360cd]
2025-06-05 08:56:24 [http-nio-8080-exec-1] DEBUG o.s.orm.jpa.JpaTransactionManager - Found thread-bound EntityManager [SessionImpl(1786412931<open>)] for JPA transaction
2025-06-05 08:56:24 [http-nio-8080-exec-10] DEBUG o.s.web.servlet.DispatcherServlet - Completed 200 OK
2025-06-05 08:56:24 [http-nio-8080-exec-5] TRACE o.s.t.i.TransactionInterceptor - Getting transaction for [com.app.fitrack.service.UserService.getAuthenticatedUser]
2025-06-05 08:56:24 [http-nio-8080-exec-2] DEBUG o.s.orm.jpa.JpaTransactionManager - Exposing JPA transaction as JDBC [org.springframework.orm.jpa.vendor.HibernateJpaDialect$HibernateConnectionHandle@4e83233b]
2025-06-05 08:56:24 [http-nio-8080-exec-7] DEBUG o.s.w.s.m.m.a.RequestResponseBodyMethodProcessor - Read "application/json;charset=UTF-8" to [{workoutName=Medicine Ball Slams, duration=10}]
2025-06-05 08:56:24 [http-nio-8080-exec-1] DEBUG o.s.orm.jpa.JpaTransactionManager - Creating new transaction with name [com.app.fitrack.service.UserService.getAuthenticatedUser]: PROPAGATION_REQUIRED,ISOLATION_DEFAULT
2025-06-05 08:56:24 [http-nio-8080-exec-6] DEBUG o.s.security.web.FilterChainProxy - Securing POST /workouts/estimate-calories
2025-06-05 08:56:24 [http-nio-8080-exec-5] TRACE o.s.t.i.TransactionInterceptor - No need to create transaction for [org.springframework.data.jpa.repository.support.SimpleJpaRepository.findByEmail]: This method is not transactional.
2025-06-05 08:56:24 [http-nio-8080-exec-2] TRACE o.s.t.i.TransactionInterceptor - Getting transaction for [com.app.fitrack.service.UserService.getAuthenticatedUser]
2025-06-05 08:56:24 [http-nio-8080-exec-7] DEBUG o.s.orm.jpa.JpaTransactionManager - Found thread-bound EntityManager [SessionImpl(1653597487<open>)] for JPA transaction
2025-06-05 08:56:24 [http-nio-8080-exec-1] DEBUG o.s.orm.jpa.JpaTransactionManager - Exposing JPA transaction as JDBC [org.springframework.orm.jpa.vendor.HibernateJpaDialect$HibernateConnectionHandle@c828b31]
2025-06-05 08:56:24 [http-nio-8080-exec-2] TRACE o.s.t.i.TransactionInterceptor - No need to create transaction for [org.springframework.data.jpa.repository.support.SimpleJpaRepository.findByEmail]: This method is not transactional.
2025-06-05 08:56:24 [http-nio-8080-exec-7] DEBUG o.s.orm.jpa.JpaTransactionManager - Creating new transaction with name [com.app.fitrack.service.UserService.getAuthenticatedUser]: PROPAGATION_REQUIRED,ISOLATION_DEFAULT
2025-06-05 08:56:24 [http-nio-8080-exec-5] DEBUG org.hibernate.SQL - 
    select
        u1_0.id,
        u1_0.age,
        u1_0.email,
        u1_0.email_change_code,
        u1_0.email_change_code_expiry,
        u1_0.firstname,
        u1_0.gender,
        u1_0.height,
        u1_0.lastname,
        u1_0.password,
        u1_0.pending_email,
        u1_0.profile_picture,
        u1_0.verified,
        u1_0.weight 
    from
        users u1_0 
    where
        u1_0.email=?
2025-06-05 08:56:24 [http-nio-8080-exec-6] DEBUG o.s.s.w.c.HttpSessionSecurityContextRepository - Retrieved SecurityContextImpl [Authentication=UsernamePasswordAuthenticationToken [Principal=org.springframework.security.core.userdetails.User [Username=charlenedilig@gmail.com, Password=[PROTECTED], Enabled=true, AccountNonExpired=true, CredentialsNonExpired=true, AccountNonLocked=true, Granted Authorities=[ROLE_USER]], Credentials=[PROTECTED], Authenticated=true, Details=WebAuthenticationDetails [RemoteIpAddress=127.0.0.1, SessionId=461E86EE87CA6F9A8EB217445B7543D3], Granted Authorities=[ROLE_USER]]]
2025-06-05 08:56:24 [http-nio-8080-exec-1] TRACE o.s.t.i.TransactionInterceptor - Getting transaction for [com.app.fitrack.service.UserService.getAuthenticatedUser]
2025-06-05 08:56:24 [http-nio-8080-exec-9] DEBUG o.s.security.web.FilterChainProxy - Securing POST /workouts/estimate-calories
2025-06-05 08:56:24 [http-nio-8080-exec-2] DEBUG org.hibernate.SQL - 
    select
        u1_0.id,
        u1_0.age,
        u1_0.email,
        u1_0.email_change_code,
        u1_0.email_change_code_expiry,
        u1_0.firstname,
        u1_0.gender,
        u1_0.height,
        u1_0.lastname,
        u1_0.password,
        u1_0.pending_email,
        u1_0.profile_picture,
        u1_0.verified,
        u1_0.weight 
    from
        users u1_0 
    where
        u1_0.email=?
2025-06-05 08:56:24 [http-nio-8080-exec-7] DEBUG o.s.orm.jpa.JpaTransactionManager - Exposing JPA transaction as JDBC [org.springframework.orm.jpa.vendor.HibernateJpaDialect$HibernateConnectionHandle@3966ea6b]
2025-06-05 08:56:24 [http-nio-8080-exec-6] DEBUG o.s.security.web.FilterChainProxy - Secured POST /workouts/estimate-calories
2025-06-05 08:56:24 [http-nio-8080-exec-1] TRACE o.s.t.i.TransactionInterceptor - No need to create transaction for [org.springframework.data.jpa.repository.support.SimpleJpaRepository.findByEmail]: This method is not transactional.
2025-06-05 08:56:24 [http-nio-8080-exec-9] DEBUG o.s.s.w.c.HttpSessionSecurityContextRepository - Retrieved SecurityContextImpl [Authentication=UsernamePasswordAuthenticationToken [Principal=org.springframework.security.core.userdetails.User [Username=charlenedilig@gmail.com, Password=[PROTECTED], Enabled=true, AccountNonExpired=true, CredentialsNonExpired=true, AccountNonLocked=true, Granted Authorities=[ROLE_USER]], Credentials=[PROTECTED], Authenticated=true, Details=WebAuthenticationDetails [RemoteIpAddress=127.0.0.1, SessionId=461E86EE87CA6F9A8EB217445B7543D3], Granted Authorities=[ROLE_USER]]]
2025-06-05 08:56:24 [http-nio-8080-exec-5] TRACE o.s.t.i.TransactionInterceptor - Completing transaction for [com.app.fitrack.service.UserService.getAuthenticatedUser]
2025-06-05 08:56:24 [http-nio-8080-exec-7] TRACE o.s.t.i.TransactionInterceptor - Getting transaction for [com.app.fitrack.service.UserService.getAuthenticatedUser]
2025-06-05 08:56:24 [http-nio-8080-exec-6] DEBUG o.s.web.servlet.DispatcherServlet - POST "/fitrack/workouts/estimate-calories", parameters={}
2025-06-05 08:56:24 [http-nio-8080-exec-1] DEBUG org.hibernate.SQL - 
    select
        u1_0.id,
        u1_0.age,
        u1_0.email,
        u1_0.email_change_code,
        u1_0.email_change_code_expiry,
        u1_0.firstname,
        u1_0.gender,
        u1_0.height,
        u1_0.lastname,
        u1_0.password,
        u1_0.pending_email,
        u1_0.profile_picture,
        u1_0.verified,
        u1_0.weight 
    from
        users u1_0 
    where
        u1_0.email=?
2025-06-05 08:56:24 [http-nio-8080-exec-5] DEBUG o.s.orm.jpa.JpaTransactionManager - Initiating transaction commit
2025-06-05 08:56:24 [http-nio-8080-exec-9] DEBUG o.s.security.web.FilterChainProxy - Secured POST /workouts/estimate-calories
2025-06-05 08:56:24 [http-nio-8080-exec-7] TRACE o.s.t.i.TransactionInterceptor - No need to create transaction for [org.springframework.data.jpa.repository.support.SimpleJpaRepository.findByEmail]: This method is not transactional.
2025-06-05 08:56:24 [http-nio-8080-exec-2] TRACE o.s.t.i.TransactionInterceptor - Completing transaction for [com.app.fitrack.service.UserService.getAuthenticatedUser]
2025-06-05 08:56:24 [http-nio-8080-exec-6] DEBUG o.s.w.s.m.m.a.RequestMappingHandlerMapping - Mapped to com.app.fitrack.controller.WorkoutController#estimateCalories(Map)
2025-06-05 08:56:24 [http-nio-8080-exec-5] DEBUG o.s.orm.jpa.JpaTransactionManager - Committing JPA transaction on EntityManager [SessionImpl(423945692<open>)]
2025-06-05 08:56:24 [http-nio-8080-exec-9] DEBUG o.s.web.servlet.DispatcherServlet - POST "/fitrack/workouts/estimate-calories", parameters={}
2025-06-05 08:56:24 [http-nio-8080-exec-2] DEBUG o.s.orm.jpa.JpaTransactionManager - Initiating transaction commit
2025-06-05 08:56:24 [http-nio-8080-exec-6] DEBUG o.s.o.j.s.OpenEntityManagerInViewInterceptor - Opening JPA EntityManager in OpenEntityManagerInViewInterceptor
2025-06-05 08:56:24 [http-nio-8080-exec-7] DEBUG org.hibernate.SQL - 
    select
        u1_0.id,
        u1_0.age,
        u1_0.email,
        u1_0.email_change_code,
        u1_0.email_change_code_expiry,
        u1_0.firstname,
        u1_0.gender,
        u1_0.height,
        u1_0.lastname,
        u1_0.password,
        u1_0.pending_email,
        u1_0.profile_picture,
        u1_0.verified,
        u1_0.weight 
    from
        users u1_0 
    where
        u1_0.email=?
2025-06-05 08:56:24 [http-nio-8080-exec-2] DEBUG o.s.orm.jpa.JpaTransactionManager - Committing JPA transaction on EntityManager [SessionImpl(1692376014<open>)]
2025-06-05 08:56:24 [http-nio-8080-exec-9] DEBUG o.s.w.s.m.m.a.RequestMappingHandlerMapping - Mapped to com.app.fitrack.controller.WorkoutController#estimateCalories(Map)
2025-06-05 08:56:24 [http-nio-8080-exec-1] TRACE o.s.t.i.TransactionInterceptor - Completing transaction for [com.app.fitrack.service.UserService.getAuthenticatedUser]
2025-06-05 08:56:24 [http-nio-8080-exec-5] DEBUG o.s.orm.jpa.JpaTransactionManager - Not closing pre-bound JPA EntityManager after transaction
2025-06-05 08:56:24 [http-nio-8080-exec-6] DEBUG o.s.w.s.m.m.a.RequestResponseBodyMethodProcessor - Read "application/json;charset=UTF-8" to [{workoutName=Single-Leg Stands, duration=5}]
2025-06-05 08:56:24 [http-nio-8080-exec-2] DEBUG o.s.orm.jpa.JpaTransactionManager - Not closing pre-bound JPA EntityManager after transaction
2025-06-05 08:56:24 [http-nio-8080-exec-9] DEBUG o.s.o.j.s.OpenEntityManagerInViewInterceptor - Opening JPA EntityManager in OpenEntityManagerInViewInterceptor
2025-06-05 08:56:24 [http-nio-8080-exec-1] DEBUG o.s.orm.jpa.JpaTransactionManager - Initiating transaction commit
2025-06-05 08:56:24 [http-nio-8080-exec-5] INFO  c.a.f.service.NutritionixService - Sending request to Nutritionix for exercise calorie estimation:
2025-06-05 08:56:24 [http-nio-8080-exec-2] INFO  c.a.f.service.NutritionixService - Sending request to Nutritionix for exercise calorie estimation:
2025-06-05 08:56:24 [http-nio-8080-exec-6] DEBUG o.s.orm.jpa.JpaTransactionManager - Found thread-bound EntityManager [SessionImpl(453535732<open>)] for JPA transaction
2025-06-05 08:56:24 [http-nio-8080-exec-7] TRACE o.s.t.i.TransactionInterceptor - Completing transaction for [com.app.fitrack.service.UserService.getAuthenticatedUser]
2025-06-05 08:56:24 [http-nio-8080-exec-1] DEBUG o.s.orm.jpa.JpaTransactionManager - Committing JPA transaction on EntityManager [SessionImpl(1786412931<open>)]
2025-06-05 08:56:24 [http-nio-8080-exec-5] INFO  c.a.f.service.NutritionixService - URL: https://trackapi.nutritionix.com/v2/natural/exercise
2025-06-05 08:56:24 [http-nio-8080-exec-2] INFO  c.a.f.service.NutritionixService - URL: https://trackapi.nutritionix.com/v2/natural/exercise
2025-06-05 08:56:24 [http-nio-8080-exec-6] DEBUG o.s.orm.jpa.JpaTransactionManager - Creating new transaction with name [com.app.fitrack.service.UserService.getAuthenticatedUser]: PROPAGATION_REQUIRED,ISOLATION_DEFAULT
2025-06-05 08:56:24 [http-nio-8080-exec-9] DEBUG o.s.w.s.m.m.a.RequestResponseBodyMethodProcessor - Read "application/json;charset=UTF-8" to [{workoutName=Tai Chi movements, duration=20}]
2025-06-05 08:56:24 [http-nio-8080-exec-7] DEBUG o.s.orm.jpa.JpaTransactionManager - Initiating transaction commit
2025-06-05 08:56:24 [http-nio-8080-exec-5] INFO  c.a.f.service.NutritionixService - Request Body: {weight_kg=67.5, gender=female, height_cm=149.0, query=10 minutes of Farmer's Walks, age=21}
2025-06-05 08:56:24 [http-nio-8080-exec-2] INFO  c.a.f.service.NutritionixService - Request Body: {weight_kg=67.5, gender=female, height_cm=149.0, query=45 minutes of Hiking, age=21}
2025-06-05 08:56:24 [http-nio-8080-exec-1] DEBUG o.s.orm.jpa.JpaTransactionManager - Not closing pre-bound JPA EntityManager after transaction
2025-06-05 08:56:24 [http-nio-8080-exec-2] DEBUG o.s.web.client.RestTemplate - HTTP POST https://trackapi.nutritionix.com/v2/natural/exercise
2025-06-05 08:56:24 [http-nio-8080-exec-6] DEBUG o.s.orm.jpa.JpaTransactionManager - Exposing JPA transaction as JDBC [org.springframework.orm.jpa.vendor.HibernateJpaDialect$HibernateConnectionHandle@6d05eb68]
2025-06-05 08:56:24 [http-nio-8080-exec-9] DEBUG o.s.orm.jpa.JpaTransactionManager - Found thread-bound EntityManager [SessionImpl(676031500<open>)] for JPA transaction
2025-06-05 08:56:24 [http-nio-8080-exec-7] DEBUG o.s.orm.jpa.JpaTransactionManager - Committing JPA transaction on EntityManager [SessionImpl(1653597487<open>)]
2025-06-05 08:56:24 [http-nio-8080-exec-5] DEBUG o.s.web.client.RestTemplate - HTTP POST https://trackapi.nutritionix.com/v2/natural/exercise
2025-06-05 08:56:24 [http-nio-8080-exec-1] INFO  c.a.f.service.NutritionixService - Sending request to Nutritionix for exercise calorie estimation:
2025-06-05 08:56:24 [http-nio-8080-exec-6] TRACE o.s.t.i.TransactionInterceptor - Getting transaction for [com.app.fitrack.service.UserService.getAuthenticatedUser]
2025-06-05 08:56:24 [http-nio-8080-exec-2] DEBUG o.s.web.client.RestTemplate - Accept=[application/json, application/*+json]
2025-06-05 08:56:24 [http-nio-8080-exec-9] DEBUG o.s.orm.jpa.JpaTransactionManager - Creating new transaction with name [com.app.fitrack.service.UserService.getAuthenticatedUser]: PROPAGATION_REQUIRED,ISOLATION_DEFAULT
2025-06-05 08:56:24 [http-nio-8080-exec-1] INFO  c.a.f.service.NutritionixService - URL: https://trackapi.nutritionix.com/v2/natural/exercise
2025-06-05 08:56:24 [http-nio-8080-exec-5] DEBUG o.s.web.client.RestTemplate - Accept=[application/json, application/*+json]
2025-06-05 08:56:24 [http-nio-8080-exec-6] TRACE o.s.t.i.TransactionInterceptor - No need to create transaction for [org.springframework.data.jpa.repository.support.SimpleJpaRepository.findByEmail]: This method is not transactional.
2025-06-05 08:56:24 [http-nio-8080-exec-2] DEBUG o.s.web.client.RestTemplate - Writing [{weight_kg=67.5, gender=female, height_cm=149.0, query=45 minutes of Hiking, age=21}] as "application/json"
2025-06-05 08:56:24 [http-nio-8080-exec-7] DEBUG o.s.orm.jpa.JpaTransactionManager - Not closing pre-bound JPA EntityManager after transaction
2025-06-05 08:56:24 [http-nio-8080-exec-1] INFO  c.a.f.service.NutritionixService - Request Body: {weight_kg=67.5, gender=female, height_cm=149.0, query=30 minutes of Dancing, age=21}
2025-06-05 08:56:24 [http-nio-8080-exec-5] DEBUG o.s.web.client.RestTemplate - Writing [{weight_kg=67.5, gender=female, height_cm=149.0, query=10 minutes of Farmer's Walks, age=21}] as "application/json"
2025-06-05 08:56:24 [http-nio-8080-exec-7] INFO  c.a.f.service.NutritionixService - Sending request to Nutritionix for exercise calorie estimation:
2025-06-05 08:56:24 [http-nio-8080-exec-6] DEBUG org.hibernate.SQL - 
    select
        u1_0.id,
        u1_0.age,
        u1_0.email,
        u1_0.email_change_code,
        u1_0.email_change_code_expiry,
        u1_0.firstname,
        u1_0.gender,
        u1_0.height,
        u1_0.lastname,
        u1_0.password,
        u1_0.pending_email,
        u1_0.profile_picture,
        u1_0.verified,
        u1_0.weight 
    from
        users u1_0 
    where
        u1_0.email=?
2025-06-05 08:56:24 [http-nio-8080-exec-1] DEBUG o.s.web.client.RestTemplate - HTTP POST https://trackapi.nutritionix.com/v2/natural/exercise
2025-06-05 08:56:24 [http-nio-8080-exec-7] INFO  c.a.f.service.NutritionixService - URL: https://trackapi.nutritionix.com/v2/natural/exercise
2025-06-05 08:56:24 [http-nio-8080-exec-9] DEBUG o.s.orm.jpa.JpaTransactionManager - Exposing JPA transaction as JDBC [org.springframework.orm.jpa.vendor.HibernateJpaDialect$HibernateConnectionHandle@38bd75b7]
2025-06-05 08:56:24 [http-nio-8080-exec-1] DEBUG o.s.web.client.RestTemplate - Accept=[application/json, application/*+json]
2025-06-05 08:56:24 [http-nio-8080-exec-8] DEBUG o.s.web.client.RestTemplate - Response 200 OK
2025-06-05 08:56:24 [http-nio-8080-exec-7] INFO  c.a.f.service.NutritionixService - Request Body: {weight_kg=67.5, gender=female, height_cm=149.0, query=10 minutes of Medicine Ball Slams, age=21}
2025-06-05 08:56:24 [http-nio-8080-exec-9] TRACE o.s.t.i.TransactionInterceptor - Getting transaction for [com.app.fitrack.service.UserService.getAuthenticatedUser]
2025-06-05 08:56:24 [http-nio-8080-exec-1] DEBUG o.s.web.client.RestTemplate - Writing [{weight_kg=67.5, gender=female, height_cm=149.0, query=30 minutes of Dancing, age=21}] as "application/json"
2025-06-05 08:56:24 [http-nio-8080-exec-8] DEBUG o.s.web.client.RestTemplate - Reading to [com.fasterxml.jackson.databind.JsonNode]
2025-06-05 08:56:24 [http-nio-8080-exec-6] TRACE o.s.t.i.TransactionInterceptor - Completing transaction for [com.app.fitrack.service.UserService.getAuthenticatedUser]
2025-06-05 08:56:24 [http-nio-8080-exec-7] DEBUG o.s.web.client.RestTemplate - HTTP POST https://trackapi.nutritionix.com/v2/natural/exercise
2025-06-05 08:56:24 [http-nio-8080-exec-9] TRACE o.s.t.i.TransactionInterceptor - No need to create transaction for [org.springframework.data.jpa.repository.support.SimpleJpaRepository.findByEmail]: This method is not transactional.
2025-06-05 08:56:24 [http-nio-8080-exec-6] DEBUG o.s.orm.jpa.JpaTransactionManager - Initiating transaction commit
2025-06-05 08:56:24 [http-nio-8080-exec-7] DEBUG o.s.web.client.RestTemplate - Accept=[application/json, application/*+json]
2025-06-05 08:56:24 [http-nio-8080-exec-6] DEBUG o.s.orm.jpa.JpaTransactionManager - Committing JPA transaction on EntityManager [SessionImpl(453535732<open>)]
2025-06-05 08:56:24 [http-nio-8080-exec-8] INFO  c.a.f.service.NutritionixService - Nutritionix Response: {"exercises":[{"tag_id":764,"user_input":"pilates","duration_min":20,"met":3,"nf_calories":67.5,"photo":{"highres":"https://d2xdmhkmkbyw75.cloudfront.net/exercise/764_highres.jpg","thumb":"https://d2xdmhkmkbyw75.cloudfront.net/exercise/764_thumb.jpg","is_user_uploaded":false},"compendium_code":2105,"name":"pilates","description":null,"benefits":null}]}
2025-06-05 08:56:24 [http-nio-8080-exec-7] DEBUG o.s.web.client.RestTemplate - Writing [{weight_kg=67.5, gender=female, height_cm=149.0, query=10 minutes of Medicine Ball Slams, age=21}] as "application/json"
2025-06-05 08:56:24 [http-nio-8080-exec-9] DEBUG org.hibernate.SQL - 
    select
        u1_0.id,
        u1_0.age,
        u1_0.email,
        u1_0.email_change_code,
        u1_0.email_change_code_expiry,
        u1_0.firstname,
        u1_0.gender,
        u1_0.height,
        u1_0.lastname,
        u1_0.password,
        u1_0.pending_email,
        u1_0.profile_picture,
        u1_0.verified,
        u1_0.weight 
    from
        users u1_0 
    where
        u1_0.email=?
2025-06-05 08:56:24 [http-nio-8080-exec-8] INFO  c.a.f.service.NutritionixService - Calculated calories: 67.5
2025-06-05 08:56:24 [http-nio-8080-exec-6] DEBUG o.s.orm.jpa.JpaTransactionManager - Not closing pre-bound JPA EntityManager after transaction
2025-06-05 08:56:24 [http-nio-8080-exec-8] DEBUG o.s.w.s.m.m.a.HttpEntityMethodProcessor - Using 'application/json', given [*/*] and supported [application/json, application/*+json]
2025-06-05 08:56:24 [http-nio-8080-exec-6] INFO  c.a.f.service.NutritionixService - Sending request to Nutritionix for exercise calorie estimation:
2025-06-05 08:56:24 [http-nio-8080-exec-8] DEBUG o.s.w.s.m.m.a.HttpEntityMethodProcessor - Writing [{calories=68}]
2025-06-05 08:56:24 [http-nio-8080-exec-6] INFO  c.a.f.service.NutritionixService - URL: https://trackapi.nutritionix.com/v2/natural/exercise
2025-06-05 08:56:24 [http-nio-8080-exec-6] INFO  c.a.f.service.NutritionixService - Request Body: {weight_kg=67.5, gender=female, height_cm=149.0, query=5 minutes of Single-Leg Stands, age=21}
2025-06-05 08:56:24 [http-nio-8080-exec-6] DEBUG o.s.web.client.RestTemplate - HTTP POST https://trackapi.nutritionix.com/v2/natural/exercise
2025-06-05 08:56:24 [http-nio-8080-exec-8] DEBUG o.s.o.j.s.OpenEntityManagerInViewInterceptor - Closing JPA EntityManager in OpenEntityManagerInViewInterceptor
2025-06-05 08:56:24 [http-nio-8080-exec-9] TRACE o.s.t.i.TransactionInterceptor - Completing transaction for [com.app.fitrack.service.UserService.getAuthenticatedUser]
2025-06-05 08:56:24 [http-nio-8080-exec-6] DEBUG o.s.web.client.RestTemplate - Accept=[application/json, application/*+json]
2025-06-05 08:56:24 [http-nio-8080-exec-8] DEBUG o.s.web.servlet.DispatcherServlet - Completed 200 OK
2025-06-05 08:56:24 [http-nio-8080-exec-6] DEBUG o.s.web.client.RestTemplate - Writing [{weight_kg=67.5, gender=female, height_cm=149.0, query=5 minutes of Single-Leg Stands, age=21}] as "application/json"
2025-06-05 08:56:24 [http-nio-8080-exec-9] DEBUG o.s.orm.jpa.JpaTransactionManager - Initiating transaction commit
2025-06-05 08:56:24 [http-nio-8080-exec-9] DEBUG o.s.orm.jpa.JpaTransactionManager - Committing JPA transaction on EntityManager [SessionImpl(676031500<open>)]
2025-06-05 08:56:24 [http-nio-8080-exec-9] DEBUG o.s.orm.jpa.JpaTransactionManager - Not closing pre-bound JPA EntityManager after transaction
2025-06-05 08:56:24 [http-nio-8080-exec-9] INFO  c.a.f.service.NutritionixService - Sending request to Nutritionix for exercise calorie estimation:
2025-06-05 08:56:24 [http-nio-8080-exec-9] INFO  c.a.f.service.NutritionixService - URL: https://trackapi.nutritionix.com/v2/natural/exercise
2025-06-05 08:56:24 [http-nio-8080-exec-9] INFO  c.a.f.service.NutritionixService - Request Body: {weight_kg=67.5, gender=female, height_cm=149.0, query=20 minutes of Tai Chi movements, age=21}
2025-06-05 08:56:24 [http-nio-8080-exec-10] DEBUG o.s.security.web.FilterChainProxy - Securing POST /workouts/estimate-calories
2025-06-05 08:56:24 [http-nio-8080-exec-9] DEBUG o.s.web.client.RestTemplate - HTTP POST https://trackapi.nutritionix.com/v2/natural/exercise
2025-06-05 08:56:24 [http-nio-8080-exec-9] DEBUG o.s.web.client.RestTemplate - Accept=[application/json, application/*+json]
2025-06-05 08:56:24 [http-nio-8080-exec-9] DEBUG o.s.web.client.RestTemplate - Writing [{weight_kg=67.5, gender=female, height_cm=149.0, query=20 minutes of Tai Chi movements, age=21}] as "application/json"
2025-06-05 08:56:24 [http-nio-8080-exec-10] DEBUG o.s.s.w.c.HttpSessionSecurityContextRepository - Retrieved SecurityContextImpl [Authentication=UsernamePasswordAuthenticationToken [Principal=org.springframework.security.core.userdetails.User [Username=charlenedilig@gmail.com, Password=[PROTECTED], Enabled=true, AccountNonExpired=true, CredentialsNonExpired=true, AccountNonLocked=true, Granted Authorities=[ROLE_USER]], Credentials=[PROTECTED], Authenticated=true, Details=WebAuthenticationDetails [RemoteIpAddress=127.0.0.1, SessionId=461E86EE87CA6F9A8EB217445B7543D3], Granted Authorities=[ROLE_USER]]]
2025-06-05 08:56:24 [http-nio-8080-exec-10] DEBUG o.s.security.web.FilterChainProxy - Secured POST /workouts/estimate-calories
2025-06-05 08:56:24 [http-nio-8080-exec-10] DEBUG o.s.web.servlet.DispatcherServlet - POST "/fitrack/workouts/estimate-calories", parameters={}
2025-06-05 08:56:24 [http-nio-8080-exec-10] DEBUG o.s.w.s.m.m.a.RequestMappingHandlerMapping - Mapped to com.app.fitrack.controller.WorkoutController#estimateCalories(Map)
2025-06-05 08:56:24 [http-nio-8080-exec-10] DEBUG o.s.o.j.s.OpenEntityManagerInViewInterceptor - Opening JPA EntityManager in OpenEntityManagerInViewInterceptor
2025-06-05 08:56:24 [http-nio-8080-exec-10] DEBUG o.s.w.s.m.m.a.RequestResponseBodyMethodProcessor - Read "application/json;charset=UTF-8" to [{workoutName=Heel-to-Toe Walk, duration=5}]
2025-06-05 08:56:24 [http-nio-8080-exec-10] DEBUG o.s.orm.jpa.JpaTransactionManager - Found thread-bound EntityManager [SessionImpl(387454905<open>)] for JPA transaction
2025-06-05 08:56:24 [http-nio-8080-exec-10] DEBUG o.s.orm.jpa.JpaTransactionManager - Creating new transaction with name [com.app.fitrack.service.UserService.getAuthenticatedUser]: PROPAGATION_REQUIRED,ISOLATION_DEFAULT
2025-06-05 08:56:24 [http-nio-8080-exec-10] DEBUG o.s.orm.jpa.JpaTransactionManager - Exposing JPA transaction as JDBC [org.springframework.orm.jpa.vendor.HibernateJpaDialect$HibernateConnectionHandle@1152ab52]
2025-06-05 08:56:24 [http-nio-8080-exec-10] TRACE o.s.t.i.TransactionInterceptor - Getting transaction for [com.app.fitrack.service.UserService.getAuthenticatedUser]
2025-06-05 08:56:24 [http-nio-8080-exec-10] TRACE o.s.t.i.TransactionInterceptor - No need to create transaction for [org.springframework.data.jpa.repository.support.SimpleJpaRepository.findByEmail]: This method is not transactional.
2025-06-05 08:56:24 [http-nio-8080-exec-10] DEBUG org.hibernate.SQL - 
    select
        u1_0.id,
        u1_0.age,
        u1_0.email,
        u1_0.email_change_code,
        u1_0.email_change_code_expiry,
        u1_0.firstname,
        u1_0.gender,
        u1_0.height,
        u1_0.lastname,
        u1_0.password,
        u1_0.pending_email,
        u1_0.profile_picture,
        u1_0.verified,
        u1_0.weight 
    from
        users u1_0 
    where
        u1_0.email=?
2025-06-05 08:56:24 [http-nio-8080-exec-10] TRACE o.s.t.i.TransactionInterceptor - Completing transaction for [com.app.fitrack.service.UserService.getAuthenticatedUser]
2025-06-05 08:56:24 [http-nio-8080-exec-10] DEBUG o.s.orm.jpa.JpaTransactionManager - Initiating transaction commit
2025-06-05 08:56:24 [http-nio-8080-exec-10] DEBUG o.s.orm.jpa.JpaTransactionManager - Committing JPA transaction on EntityManager [SessionImpl(387454905<open>)]
2025-06-05 08:56:24 [http-nio-8080-exec-10] DEBUG o.s.orm.jpa.JpaTransactionManager - Not closing pre-bound JPA EntityManager after transaction
2025-06-05 08:56:24 [http-nio-8080-exec-10] INFO  c.a.f.service.NutritionixService - Sending request to Nutritionix for exercise calorie estimation:
2025-06-05 08:56:24 [http-nio-8080-exec-10] INFO  c.a.f.service.NutritionixService - URL: https://trackapi.nutritionix.com/v2/natural/exercise
2025-06-05 08:56:24 [http-nio-8080-exec-10] INFO  c.a.f.service.NutritionixService - Request Body: {weight_kg=67.5, gender=female, height_cm=149.0, query=5 minutes of Heel-to-Toe Walk, age=21}
2025-06-05 08:56:24 [http-nio-8080-exec-10] DEBUG o.s.web.client.RestTemplate - HTTP POST https://trackapi.nutritionix.com/v2/natural/exercise
2025-06-05 08:56:24 [http-nio-8080-exec-10] DEBUG o.s.web.client.RestTemplate - Accept=[application/json, application/*+json]
2025-06-05 08:56:24 [http-nio-8080-exec-10] DEBUG o.s.web.client.RestTemplate - Writing [{weight_kg=67.5, gender=female, height_cm=149.0, query=5 minutes of Heel-to-Toe Walk, age=21}] as "application/json"
2025-06-05 08:56:24 [http-nio-8080-exec-4] DEBUG o.s.web.client.RestTemplate - Response 200 OK
2025-06-05 08:56:24 [http-nio-8080-exec-4] DEBUG o.s.web.client.RestTemplate - Reading to [com.fasterxml.jackson.databind.JsonNode]
2025-06-05 08:56:24 [http-nio-8080-exec-4] INFO  c.a.f.service.NutritionixService - Nutritionix Response: {"exercises":[{"tag_id":242,"user_input":"basketball","duration_min":30,"met":6.5,"nf_calories":219.38,"photo":{"highres":"https://d2xdmhkmkbyw75.cloudfront.net/exercise/242_highres.jpg","thumb":"https://d2xdmhkmkbyw75.cloudfront.net/exercise/242_thumb.jpg","is_user_uploaded":false},"compendium_code":15055,"name":"basketball","description":null,"benefits":null}]}
2025-06-05 08:56:24 [http-nio-8080-exec-4] INFO  c.a.f.service.NutritionixService - Calculated calories: 219.38
2025-06-05 08:56:24 [http-nio-8080-exec-4] DEBUG o.s.w.s.m.m.a.HttpEntityMethodProcessor - Using 'application/json', given [*/*] and supported [application/json, application/*+json]
2025-06-05 08:56:24 [http-nio-8080-exec-4] DEBUG o.s.w.s.m.m.a.HttpEntityMethodProcessor - Writing [{calories=219}]
2025-06-05 08:56:24 [http-nio-8080-exec-4] DEBUG o.s.o.j.s.OpenEntityManagerInViewInterceptor - Closing JPA EntityManager in OpenEntityManagerInViewInterceptor
2025-06-05 08:56:24 [http-nio-8080-exec-4] DEBUG o.s.web.servlet.DispatcherServlet - Completed 200 OK
2025-06-05 08:56:24 [http-nio-8080-exec-3] DEBUG o.s.web.client.RestTemplate - Response 200 OK
2025-06-05 08:56:24 [http-nio-8080-exec-3] DEBUG o.s.web.client.RestTemplate - Reading to [com.fasterxml.jackson.databind.JsonNode]
2025-06-05 08:56:24 [http-nio-8080-exec-3] INFO  c.a.f.service.NutritionixService - Nutritionix Response: {"exercises":[{"tag_id":847,"user_input":"kettlebell","duration_min":15,"met":3.5,"nf_calories":59.06,"photo":{"highres":"https://d2xdmhkmkbyw75.cloudfront.net/exercise/847_highres.jpg","thumb":"https://d2xdmhkmkbyw75.cloudfront.net/exercise/847_thumb.jpg","is_user_uploaded":false},"compendium_code":2054,"name":"kettlebells","description":null,"benefits":null},{"tag_id":969,"user_input":"swings","duration_min":15,"met":4,"nf_calories":67.5,"photo":{"highres":"https://d2xdmhkmkbyw75.cloudfront.net/exercise/969_highres.jpg","thumb":"https://d2xdmhkmkbyw75.cloudfront.net/exercise/969_thumb.jpg","is_user_uploaded":false},"compendium_code":15335,"name":"swinging","description":null,"benefits":null}]}
2025-06-05 08:56:24 [http-nio-8080-exec-3] INFO  c.a.f.service.NutritionixService - Calculated calories: 59.06
2025-06-05 08:56:24 [http-nio-8080-exec-3] DEBUG o.s.w.s.m.m.a.HttpEntityMethodProcessor - Using 'application/json', given [*/*] and supported [application/json, application/*+json]
2025-06-05 08:56:24 [http-nio-8080-exec-3] DEBUG o.s.w.s.m.m.a.HttpEntityMethodProcessor - Writing [{calories=59}]
2025-06-05 08:56:24 [http-nio-8080-exec-3] DEBUG o.s.o.j.s.OpenEntityManagerInViewInterceptor - Closing JPA EntityManager in OpenEntityManagerInViewInterceptor
2025-06-05 08:56:24 [http-nio-8080-exec-3] DEBUG o.s.web.servlet.DispatcherServlet - Completed 200 OK
2025-06-05 08:56:25 [http-nio-8080-exec-7] DEBUG o.s.web.client.RestTemplate - Response 200 OK
2025-06-05 08:56:25 [http-nio-8080-exec-7] DEBUG o.s.web.client.RestTemplate - Reading to [com.fasterxml.jackson.databind.JsonNode]
2025-06-05 08:56:25 [http-nio-8080-exec-7] INFO  c.a.f.service.NutritionixService - Nutritionix Response: {"exercises":[{"tag_id":174,"user_input":"ball","duration_min":10,"met":2.5,"nf_calories":28.13,"photo":{"highres":"https://d2xdmhkmkbyw75.cloudfront.net/exercise/174_highres.jpg","thumb":"https://d2xdmhkmkbyw75.cloudfront.net/exercise/174_thumb.jpg","is_user_uploaded":false},"compendium_code":15235,"name":"playing catch","description":null,"benefits":null}]}
2025-06-05 08:56:25 [http-nio-8080-exec-7] INFO  c.a.f.service.NutritionixService - Calculated calories: 28.13
2025-06-05 08:56:25 [http-nio-8080-exec-7] DEBUG o.s.w.s.m.m.a.HttpEntityMethodProcessor - Using 'application/json', given [*/*] and supported [application/json, application/*+json]
2025-06-05 08:56:25 [http-nio-8080-exec-7] DEBUG o.s.w.s.m.m.a.HttpEntityMethodProcessor - Writing [{calories=28}]
2025-06-05 08:56:25 [http-nio-8080-exec-7] DEBUG o.s.o.j.s.OpenEntityManagerInViewInterceptor - Closing JPA EntityManager in OpenEntityManagerInViewInterceptor
2025-06-05 08:56:25 [http-nio-8080-exec-7] DEBUG o.s.web.servlet.DispatcherServlet - Completed 200 OK
2025-06-05 08:56:25 [http-nio-8080-exec-6] DEBUG o.s.web.client.RestTemplate - Response 200 OK
2025-06-05 08:56:25 [http-nio-8080-exec-6] DEBUG o.s.web.client.RestTemplate - Reading to [com.fasterxml.jackson.databind.JsonNode]
2025-06-05 08:56:25 [http-nio-8080-exec-6] INFO  c.a.f.service.NutritionixService - Nutritionix Response: {"exercises":[{"tag_id":841,"user_input":"leg","duration_min":5,"met":3.5,"nf_calories":19.69,"photo":{"highres":"https://d2xdmhkmkbyw75.cloudfront.net/exercise/841_highres.jpg","thumb":"https://d2xdmhkmkbyw75.cloudfront.net/exercise/841_thumb.jpg","is_user_uploaded":false},"compendium_code":2054,"name":"leg workout","description":null,"benefits":null},{"tag_id":517,"user_input":"stands","duration_min":30,"met":2.5,"nf_calories":84.38,"photo":{"highres":null,"thumb":null,"is_user_uploaded":false},"compendium_code":9071,"name":"standing","description":null,"benefits":null}]}
2025-06-05 08:56:25 [http-nio-8080-exec-6] INFO  c.a.f.service.NutritionixService - Calculated calories: 19.69
2025-06-05 08:56:25 [http-nio-8080-exec-6] DEBUG o.s.w.s.m.m.a.HttpEntityMethodProcessor - Using 'application/json', given [*/*] and supported [application/json, application/*+json]
2025-06-05 08:56:25 [http-nio-8080-exec-6] DEBUG o.s.w.s.m.m.a.HttpEntityMethodProcessor - Writing [{calories=20}]
2025-06-05 08:56:25 [http-nio-8080-exec-6] DEBUG o.s.o.j.s.OpenEntityManagerInViewInterceptor - Closing JPA EntityManager in OpenEntityManagerInViewInterceptor
2025-06-05 08:56:25 [http-nio-8080-exec-6] DEBUG o.s.web.servlet.DispatcherServlet - Completed 200 OK
2025-06-05 08:56:25 [http-nio-8080-exec-2] DEBUG o.s.web.client.RestTemplate - Response 200 OK
2025-06-05 08:56:25 [http-nio-8080-exec-2] DEBUG o.s.web.client.RestTemplate - Reading to [com.fasterxml.jackson.databind.JsonNode]
2025-06-05 08:56:25 [http-nio-8080-exec-5] DEBUG o.s.web.client.RestTemplate - Response 200 OK
2025-06-05 08:56:25 [http-nio-8080-exec-5] DEBUG o.s.web.client.RestTemplate - Reading to [com.fasterxml.jackson.databind.JsonNode]
2025-06-05 08:56:25 [http-nio-8080-exec-5] INFO  c.a.f.service.NutritionixService - Nutritionix Response: {"exercises":[{"tag_id":100,"user_input":"walks","duration_min":10,"met":3.5,"nf_calories":39.38,"photo":{"highres":"https://d2xdmhkmkbyw75.cloudfront.net/exercise/100_highres.jpg","thumb":"https://d2xdmhkmkbyw75.cloudfront.net/exercise/100_thumb.jpg","is_user_uploaded":false},"compendium_code":17190,"name":"walking","description":null,"benefits":null}]}
2025-06-05 08:56:25 [http-nio-8080-exec-2] INFO  c.a.f.service.NutritionixService - Nutritionix Response: {"exercises":[{"tag_id":129,"user_input":"hiking","duration_min":45,"met":7.8,"nf_calories":394.88,"photo":{"highres":"https://d2xdmhkmkbyw75.cloudfront.net/exercise/129_highres.jpg","thumb":"https://d2xdmhkmkbyw75.cloudfront.net/exercise/129_thumb.jpg","is_user_uploaded":false},"compendium_code":17012,"name":"hiking","description":null,"benefits":null}]}
2025-06-05 08:56:25 [http-nio-8080-exec-5] INFO  c.a.f.service.NutritionixService - Calculated calories: 39.38
2025-06-05 08:56:25 [http-nio-8080-exec-2] INFO  c.a.f.service.NutritionixService - Calculated calories: 394.88
2025-06-05 08:56:25 [http-nio-8080-exec-5] DEBUG o.s.w.s.m.m.a.HttpEntityMethodProcessor - Using 'application/json', given [*/*] and supported [application/json, application/*+json]
2025-06-05 08:56:25 [http-nio-8080-exec-2] DEBUG o.s.w.s.m.m.a.HttpEntityMethodProcessor - Using 'application/json', given [*/*] and supported [application/json, application/*+json]
2025-06-05 08:56:25 [http-nio-8080-exec-5] DEBUG o.s.w.s.m.m.a.HttpEntityMethodProcessor - Writing [{calories=39}]
2025-06-05 08:56:25 [http-nio-8080-exec-1] DEBUG o.s.web.client.RestTemplate - Response 200 OK
2025-06-05 08:56:25 [http-nio-8080-exec-2] DEBUG o.s.w.s.m.m.a.HttpEntityMethodProcessor - Writing [{calories=395}]
2025-06-05 08:56:25 [http-nio-8080-exec-1] DEBUG o.s.web.client.RestTemplate - Reading to [com.fasterxml.jackson.databind.JsonNode]
2025-06-05 08:56:25 [http-nio-8080-exec-5] DEBUG o.s.o.j.s.OpenEntityManagerInViewInterceptor - Closing JPA EntityManager in OpenEntityManagerInViewInterceptor
2025-06-05 08:56:25 [http-nio-8080-exec-2] DEBUG o.s.o.j.s.OpenEntityManagerInViewInterceptor - Closing JPA EntityManager in OpenEntityManagerInViewInterceptor
2025-06-05 08:56:25 [http-nio-8080-exec-1] INFO  c.a.f.service.NutritionixService - Nutritionix Response: {"exercises":[{"tag_id":750,"user_input":"dancing","duration_min":30,"met":7.8,"nf_calories":263.25,"photo":{"highres":"https://d2xdmhkmkbyw75.cloudfront.net/exercise/750_highres.jpg","thumb":"https://d2xdmhkmkbyw75.cloudfront.net/exercise/750_thumb.jpg","is_user_uploaded":false},"compendium_code":3031,"name":"dancing","description":null,"benefits":null}]}
2025-06-05 08:56:25 [http-nio-8080-exec-5] DEBUG o.s.web.servlet.DispatcherServlet - Completed 200 OK
2025-06-05 08:56:25 [http-nio-8080-exec-2] DEBUG o.s.web.servlet.DispatcherServlet - Completed 200 OK
2025-06-05 08:56:25 [http-nio-8080-exec-1] INFO  c.a.f.service.NutritionixService - Calculated calories: 263.25
2025-06-05 08:56:25 [http-nio-8080-exec-1] DEBUG o.s.w.s.m.m.a.HttpEntityMethodProcessor - Using 'application/json', given [*/*] and supported [application/json, application/*+json]
2025-06-05 08:56:25 [http-nio-8080-exec-1] DEBUG o.s.w.s.m.m.a.HttpEntityMethodProcessor - Writing [{calories=263}]
2025-06-05 08:56:25 [http-nio-8080-exec-1] DEBUG o.s.o.j.s.OpenEntityManagerInViewInterceptor - Closing JPA EntityManager in OpenEntityManagerInViewInterceptor
2025-06-05 08:56:25 [http-nio-8080-exec-1] DEBUG o.s.web.servlet.DispatcherServlet - Completed 200 OK
2025-06-05 08:56:25 [http-nio-8080-exec-9] DEBUG o.s.web.client.RestTemplate - Response 200 OK
2025-06-05 08:56:25 [http-nio-8080-exec-10] DEBUG o.s.web.client.RestTemplate - Response 200 OK
2025-06-05 08:56:25 [http-nio-8080-exec-9] DEBUG o.s.web.client.RestTemplate - Reading to [com.fasterxml.jackson.databind.JsonNode]
2025-06-05 08:56:25 [http-nio-8080-exec-10] DEBUG o.s.web.client.RestTemplate - Reading to [com.fasterxml.jackson.databind.JsonNode]
2025-06-05 08:56:25 [http-nio-8080-exec-9] INFO  c.a.f.service.NutritionixService - Nutritionix Response: {"exercises":[{"tag_id":179,"user_input":"tai chi","duration_min":20,"met":3,"nf_calories":67.5,"photo":{"highres":"https://d2xdmhkmkbyw75.cloudfront.net/exercise/179_highres.jpg","thumb":"https://d2xdmhkmkbyw75.cloudfront.net/exercise/179_thumb.jpg","is_user_uploaded":false},"compendium_code":15670,"name":"tai chi","description":null,"benefits":null}]}
2025-06-05 08:56:25 [http-nio-8080-exec-10] INFO  c.a.f.service.NutritionixService - Nutritionix Response: {"exercises":[{"tag_id":100,"user_input":"walk","duration_min":5,"met":3.5,"nf_calories":19.69,"photo":{"highres":"https://d2xdmhkmkbyw75.cloudfront.net/exercise/100_highres.jpg","thumb":"https://d2xdmhkmkbyw75.cloudfront.net/exercise/100_thumb.jpg","is_user_uploaded":false},"compendium_code":17190,"name":"walking","description":null,"benefits":null}]}
2025-06-05 08:56:25 [http-nio-8080-exec-9] INFO  c.a.f.service.NutritionixService - Calculated calories: 67.5
2025-06-05 08:56:25 [http-nio-8080-exec-10] INFO  c.a.f.service.NutritionixService - Calculated calories: 19.69
2025-06-05 08:56:25 [http-nio-8080-exec-9] DEBUG o.s.w.s.m.m.a.HttpEntityMethodProcessor - Using 'application/json', given [*/*] and supported [application/json, application/*+json]
2025-06-05 08:56:25 [http-nio-8080-exec-10] DEBUG o.s.w.s.m.m.a.HttpEntityMethodProcessor - Using 'application/json', given [*/*] and supported [application/json, application/*+json]
2025-06-05 08:56:25 [http-nio-8080-exec-9] DEBUG o.s.w.s.m.m.a.HttpEntityMethodProcessor - Writing [{calories=68}]
2025-06-05 08:56:25 [http-nio-8080-exec-10] DEBUG o.s.w.s.m.m.a.HttpEntityMethodProcessor - Writing [{calories=20}]
2025-06-05 08:56:25 [http-nio-8080-exec-9] DEBUG o.s.o.j.s.OpenEntityManagerInViewInterceptor - Closing JPA EntityManager in OpenEntityManagerInViewInterceptor
2025-06-05 08:56:25 [http-nio-8080-exec-10] DEBUG o.s.o.j.s.OpenEntityManagerInViewInterceptor - Closing JPA EntityManager in OpenEntityManagerInViewInterceptor
2025-06-05 08:56:25 [http-nio-8080-exec-9] DEBUG o.s.web.servlet.DispatcherServlet - Completed 200 OK
2025-06-05 08:56:25 [http-nio-8080-exec-10] DEBUG o.s.web.servlet.DispatcherServlet - Completed 200 OK
2025-06-05 08:58:49 [http-nio-8080-exec-10] DEBUG o.s.security.web.FilterChainProxy - Securing GET /user/analytics
2025-06-05 08:58:49 [http-nio-8080-exec-10] DEBUG o.s.s.w.c.HttpSessionSecurityContextRepository - Retrieved SecurityContextImpl [Authentication=UsernamePasswordAuthenticationToken [Principal=org.springframework.security.core.userdetails.User [Username=charlenedilig@gmail.com, Password=[PROTECTED], Enabled=true, AccountNonExpired=true, CredentialsNonExpired=true, AccountNonLocked=true, Granted Authorities=[ROLE_USER]], Credentials=[PROTECTED], Authenticated=true, Details=WebAuthenticationDetails [RemoteIpAddress=127.0.0.1, SessionId=461E86EE87CA6F9A8EB217445B7543D3], Granted Authorities=[ROLE_USER]]]
2025-06-05 08:58:49 [http-nio-8080-exec-10] DEBUG o.s.security.web.FilterChainProxy - Secured GET /user/analytics
2025-06-05 08:58:49 [http-nio-8080-exec-10] DEBUG o.s.web.servlet.DispatcherServlet - GET "/fitrack/user/analytics", parameters={}
2025-06-05 08:58:49 [http-nio-8080-exec-10] DEBUG o.s.w.s.m.m.a.RequestMappingHandlerMapping - Mapped to com.app.fitrack.controller.AnalyticsController#showAnalytics(UserDetails, Model)
2025-06-05 08:58:49 [http-nio-8080-exec-10] DEBUG o.s.o.j.s.OpenEntityManagerInViewInterceptor - Opening JPA EntityManager in OpenEntityManagerInViewInterceptor
2025-06-05 08:58:49 [http-nio-8080-exec-10] DEBUG c.a.f.controller.AnalyticsController - Analytics page requested for user: charlenedilig@gmail.com
2025-06-05 08:58:49 [http-nio-8080-exec-10] DEBUG o.s.orm.jpa.JpaTransactionManager - Found thread-bound EntityManager [SessionImpl(240640243<open>)] for JPA transaction
2025-06-05 08:58:49 [http-nio-8080-exec-10] DEBUG o.s.orm.jpa.JpaTransactionManager - Creating new transaction with name [com.app.fitrack.service.UserService.findByEmail]: PROPAGATION_REQUIRED,ISOLATION_DEFAULT
2025-06-05 08:58:49 [http-nio-8080-exec-10] DEBUG o.s.orm.jpa.JpaTransactionManager - Exposing JPA transaction as JDBC [org.springframework.orm.jpa.vendor.HibernateJpaDialect$HibernateConnectionHandle@2e68402f]
2025-06-05 08:58:49 [http-nio-8080-exec-10] TRACE o.s.t.i.TransactionInterceptor - Getting transaction for [com.app.fitrack.service.UserService.findByEmail]
2025-06-05 08:58:49 [http-nio-8080-exec-10] TRACE o.s.t.i.TransactionInterceptor - No need to create transaction for [org.springframework.data.jpa.repository.support.SimpleJpaRepository.findByEmail]: This method is not transactional.
2025-06-05 08:58:49 [http-nio-8080-exec-10] DEBUG org.hibernate.SQL - 
    select
        u1_0.id,
        u1_0.age,
        u1_0.email,
        u1_0.email_change_code,
        u1_0.email_change_code_expiry,
        u1_0.firstname,
        u1_0.gender,
        u1_0.height,
        u1_0.lastname,
        u1_0.password,
        u1_0.pending_email,
        u1_0.profile_picture,
        u1_0.verified,
        u1_0.weight 
    from
        users u1_0 
    where
        u1_0.email=?
2025-06-05 08:58:49 [http-nio-8080-exec-10] TRACE o.s.t.i.TransactionInterceptor - Completing transaction for [com.app.fitrack.service.UserService.findByEmail]
2025-06-05 08:58:49 [http-nio-8080-exec-10] DEBUG o.s.orm.jpa.JpaTransactionManager - Initiating transaction commit
2025-06-05 08:58:49 [http-nio-8080-exec-10] DEBUG o.s.orm.jpa.JpaTransactionManager - Committing JPA transaction on EntityManager [SessionImpl(240640243<open>)]
2025-06-05 08:58:49 [http-nio-8080-exec-10] DEBUG o.s.orm.jpa.JpaTransactionManager - Not closing pre-bound JPA EntityManager after transaction
2025-06-05 08:58:49 [http-nio-8080-exec-10] DEBUG c.a.fitrack.service.AnalyticsService - Entering getAnalyticsPageData for user: charlenedilig@gmail.com
2025-06-05 08:58:49 [http-nio-8080-exec-10] DEBUG c.a.fitrack.service.AnalyticsService - User details: firstName=charlene, lastName=dilig
2025-06-05 08:58:49 [http-nio-8080-exec-10] DEBUG c.a.fitrack.service.AnalyticsService - DTO fullName set to: charlene dilig
2025-06-05 08:58:49 [http-nio-8080-exec-10] TRACE o.s.t.i.TransactionInterceptor - No need to create transaction for [org.springframework.data.jpa.repository.support.SimpleJpaRepository.findByUser]: This method is not transactional.
2025-06-05 08:58:49 [http-nio-8080-exec-10] DEBUG org.hibernate.SQL - 
    select
        w1_0.id,
        w1_0.burned_calories,
        w1_0.date_time,
        w1_0.duration,
        w1_0.user_id,
        w1_0.workout_name,
        w1_0.workout_type 
    from
        workout w1_0 
    where
        w1_0.user_id=?
2025-06-05 08:58:49 [http-nio-8080-exec-10] DEBUG org.hibernate.SQL - 
    select
        rd1_0.workout_id,
        rd1_0.repeat_day 
    from
        workout_repeat_days rd1_0 
    where
        rd1_0.workout_id=?
2025-06-05 08:58:49 [http-nio-8080-exec-10] DEBUG org.hibernate.SQL - 
    select
        rd1_0.workout_id,
        rd1_0.repeat_day 
    from
        workout_repeat_days rd1_0 
    where
        rd1_0.workout_id=?
2025-06-05 08:58:49 [http-nio-8080-exec-10] DEBUG org.hibernate.SQL - 
    select
        rd1_0.workout_id,
        rd1_0.repeat_day 
    from
        workout_repeat_days rd1_0 
    where
        rd1_0.workout_id=?
2025-06-05 08:58:49 [http-nio-8080-exec-10] DEBUG org.hibernate.SQL - 
    select
        rd1_0.workout_id,
        rd1_0.repeat_day 
    from
        workout_repeat_days rd1_0 
    where
        rd1_0.workout_id=?
2025-06-05 08:58:49 [http-nio-8080-exec-10] DEBUG org.hibernate.SQL - 
    select
        rd1_0.workout_id,
        rd1_0.repeat_day 
    from
        workout_repeat_days rd1_0 
    where
        rd1_0.workout_id=?
2025-06-05 08:58:49 [http-nio-8080-exec-10] DEBUG org.hibernate.SQL - 
    select
        rd1_0.workout_id,
        rd1_0.repeat_day 
    from
        workout_repeat_days rd1_0 
    where
        rd1_0.workout_id=?
2025-06-05 08:58:49 [http-nio-8080-exec-10] DEBUG c.a.fitrack.service.AnalyticsService - Scheduled workout names for DTO: [Full Body Workout, HIIT Circuit Training, Upper Back Stretching, Yoga, Low Lunge Twists, Core Workout]
2025-06-05 08:58:49 [http-nio-8080-exec-10] INFO  c.a.f.service.BodyMeasurementService - Fetching measurements for UserID=1
2025-06-05 08:58:49 [http-nio-8080-exec-10] TRACE o.s.t.i.TransactionInterceptor - No need to create transaction for [org.springframework.data.jpa.repository.support.SimpleJpaRepository.findByUserOrderByDateTimeDesc]: This method is not transactional.
2025-06-05 08:58:49 [http-nio-8080-exec-10] DEBUG org.hibernate.SQL - 
    select
        bm1_0.id,
        bm1_0.date_time,
        bm1_0.notes,
        bm1_0.user_id,
        bm1_0.weight 
    from
        body_measurement bm1_0 
    where
        bm1_0.user_id=? 
    order by
        bm1_0.date_time desc
2025-06-05 08:58:49 [http-nio-8080-exec-10] INFO  c.a.f.service.BodyMeasurementService - Found 14 measurements for UserID=1
2025-06-05 08:58:49 [http-nio-8080-exec-10] DEBUG c.a.fitrack.service.AnalyticsService - Setting currentUserWeight from User object: 67.5
2025-06-05 08:58:49 [http-nio-8080-exec-10] TRACE o.s.t.i.TransactionInterceptor - No need to create transaction for [org.springframework.data.jpa.repository.support.SimpleJpaRepository.findByUserAndDateTimeBetween]: This method is not transactional.
2025-06-05 08:58:49 [http-nio-8080-exec-10] DEBUG org.hibernate.SQL - 
    select
        distinct m1_0.id,
        m1_0.date_time,
        fi1_0.meal_id,
        fi1_0.id,
        fi1_0.calories,
        fi1_0.carbs,
        fi1_0.fat,
        fi1_0.food_item,
        fi1_0.other_unit,
        fi1_0.protein,
        fi1_0.quantity,
        fi1_0.unit,
        m1_0.meal_name,
        m1_0.user_id 
    from
        meal m1_0 
    left join
        meal_food_item fi1_0 
            on m1_0.id=fi1_0.meal_id 
    where
        m1_0.user_id=? 
        and m1_0.date_time between ? and ?
2025-06-05 08:58:49 [http-nio-8080-exec-10] TRACE o.s.t.i.TransactionInterceptor - No need to create transaction for [org.springframework.data.jpa.repository.support.SimpleJpaRepository.findByUserAndCompletedAtBetween]: This method is not transactional.
2025-06-05 08:58:49 [http-nio-8080-exec-10] DEBUG org.hibernate.SQL - 
    select
        wl1_0.id,
        wl1_0.burned_calories,
        wl1_0.completed_at,
        wl1_0.duration,
        wl1_0.user_id,
        wl1_0.workout_name,
        wl1_0.workout_type 
    from
        workout_log wl1_0 
    where
        wl1_0.user_id=? 
        and wl1_0.completed_at between ? and ?
2025-06-05 08:58:49 [http-nio-8080-exec-10] DEBUG o.s.orm.jpa.JpaTransactionManager - Found thread-bound EntityManager [SessionImpl(240640243<open>)] for JPA transaction
2025-06-05 08:58:49 [http-nio-8080-exec-10] DEBUG o.s.orm.jpa.JpaTransactionManager - Creating new transaction with name [com.app.fitrack.service.UserService.calculateDynamicActivityFactor]: PROPAGATION_REQUIRED,ISOLATION_DEFAULT
2025-06-05 08:58:49 [http-nio-8080-exec-10] DEBUG o.s.orm.jpa.JpaTransactionManager - Exposing JPA transaction as JDBC [org.springframework.orm.jpa.vendor.HibernateJpaDialect$HibernateConnectionHandle@20c4f4f9]
2025-06-05 08:58:49 [http-nio-8080-exec-10] TRACE o.s.t.i.TransactionInterceptor - Getting transaction for [com.app.fitrack.service.UserService.calculateDynamicActivityFactor]
2025-06-05 08:58:49 [http-nio-8080-exec-10] TRACE o.s.t.i.TransactionInterceptor - No need to create transaction for [org.springframework.data.jpa.repository.support.SimpleJpaRepository.findByUserAndCompletedAtBetween]: This method is not transactional.
2025-06-05 08:58:49 [http-nio-8080-exec-10] DEBUG org.hibernate.SQL - 
    select
        wl1_0.id,
        wl1_0.burned_calories,
        wl1_0.completed_at,
        wl1_0.duration,
        wl1_0.user_id,
        wl1_0.workout_name,
        wl1_0.workout_type 
    from
        workout_log wl1_0 
    where
        wl1_0.user_id=? 
        and wl1_0.completed_at between ? and ?
2025-06-05 08:58:49 [http-nio-8080-exec-10] TRACE o.s.t.i.TransactionInterceptor - Completing transaction for [com.app.fitrack.service.UserService.calculateDynamicActivityFactor]
2025-06-05 08:58:49 [http-nio-8080-exec-10] DEBUG o.s.orm.jpa.JpaTransactionManager - Initiating transaction commit
2025-06-05 08:58:49 [http-nio-8080-exec-10] DEBUG o.s.orm.jpa.JpaTransactionManager - Committing JPA transaction on EntityManager [SessionImpl(240640243<open>)]
2025-06-05 08:58:49 [http-nio-8080-exec-10] DEBUG o.s.orm.jpa.JpaTransactionManager - Not closing pre-bound JPA EntityManager after transaction
2025-06-05 08:58:49 [http-nio-8080-exec-10] DEBUG o.s.orm.jpa.JpaTransactionManager - Found thread-bound EntityManager [SessionImpl(240640243<open>)] for JPA transaction
2025-06-05 08:58:49 [http-nio-8080-exec-10] DEBUG o.s.orm.jpa.JpaTransactionManager - Creating new transaction with name [com.app.fitrack.service.UserService.calculateTDEE]: PROPAGATION_REQUIRED,ISOLATION_DEFAULT
2025-06-05 08:58:49 [http-nio-8080-exec-10] DEBUG o.s.orm.jpa.JpaTransactionManager - Exposing JPA transaction as JDBC [org.springframework.orm.jpa.vendor.HibernateJpaDialect$HibernateConnectionHandle@b0c9d7a]
2025-06-05 08:58:49 [http-nio-8080-exec-10] TRACE o.s.t.i.TransactionInterceptor - Getting transaction for [com.app.fitrack.service.UserService.calculateTDEE]
2025-06-05 08:58:49 [http-nio-8080-exec-10] TRACE o.s.t.i.TransactionInterceptor - Completing transaction for [com.app.fitrack.service.UserService.calculateTDEE]
2025-06-05 08:58:49 [http-nio-8080-exec-10] DEBUG o.s.orm.jpa.JpaTransactionManager - Initiating transaction commit
2025-06-05 08:58:49 [http-nio-8080-exec-10] DEBUG o.s.orm.jpa.JpaTransactionManager - Committing JPA transaction on EntityManager [SessionImpl(240640243<open>)]
2025-06-05 08:58:49 [http-nio-8080-exec-10] DEBUG o.s.orm.jpa.JpaTransactionManager - Not closing pre-bound JPA EntityManager after transaction
2025-06-05 08:58:49 [http-nio-8080-exec-10] TRACE o.s.t.i.TransactionInterceptor - No need to create transaction for [org.springframework.data.jpa.repository.support.SimpleJpaRepository.findByUserAndDateTimeBetween]: This method is not transactional.
2025-06-05 08:58:49 [http-nio-8080-exec-10] DEBUG org.hibernate.SQL - 
    select
        distinct m1_0.id,
        m1_0.date_time,
        fi1_0.meal_id,
        fi1_0.id,
        fi1_0.calories,
        fi1_0.carbs,
        fi1_0.fat,
        fi1_0.food_item,
        fi1_0.other_unit,
        fi1_0.protein,
        fi1_0.quantity,
        fi1_0.unit,
        m1_0.meal_name,
        m1_0.user_id 
    from
        meal m1_0 
    left join
        meal_food_item fi1_0 
            on m1_0.id=fi1_0.meal_id 
    where
        m1_0.user_id=? 
        and m1_0.date_time between ? and ?
2025-06-05 08:58:49 [http-nio-8080-exec-10] TRACE o.s.t.i.TransactionInterceptor - No need to create transaction for [org.springframework.data.jpa.repository.support.SimpleJpaRepository.findByUserAndDateTimeBetween]: This method is not transactional.
2025-06-05 08:58:49 [http-nio-8080-exec-10] DEBUG org.hibernate.SQL - 
    select
        distinct m1_0.id,
        m1_0.date_time,
        fi1_0.meal_id,
        fi1_0.id,
        fi1_0.calories,
        fi1_0.carbs,
        fi1_0.fat,
        fi1_0.food_item,
        fi1_0.other_unit,
        fi1_0.protein,
        fi1_0.quantity,
        fi1_0.unit,
        m1_0.meal_name,
        m1_0.user_id 
    from
        meal m1_0 
    left join
        meal_food_item fi1_0 
            on m1_0.id=fi1_0.meal_id 
    where
        m1_0.user_id=? 
        and m1_0.date_time between ? and ?
2025-06-05 08:58:49 [http-nio-8080-exec-10] TRACE o.s.t.i.TransactionInterceptor - No need to create transaction for [org.springframework.data.jpa.repository.support.SimpleJpaRepository.findByUserAndDateTimeBetween]: This method is not transactional.
2025-06-05 08:58:49 [http-nio-8080-exec-10] DEBUG org.hibernate.SQL - 
    select
        distinct m1_0.id,
        m1_0.date_time,
        fi1_0.meal_id,
        fi1_0.id,
        fi1_0.calories,
        fi1_0.carbs,
        fi1_0.fat,
        fi1_0.food_item,
        fi1_0.other_unit,
        fi1_0.protein,
        fi1_0.quantity,
        fi1_0.unit,
        m1_0.meal_name,
        m1_0.user_id 
    from
        meal m1_0 
    left join
        meal_food_item fi1_0 
            on m1_0.id=fi1_0.meal_id 
    where
        m1_0.user_id=? 
        and m1_0.date_time between ? and ?
2025-06-05 08:58:49 [http-nio-8080-exec-10] TRACE o.s.t.i.TransactionInterceptor - No need to create transaction for [org.springframework.data.jpa.repository.support.SimpleJpaRepository.findByUserAndCompletedAtBetween]: This method is not transactional.
2025-06-05 08:58:49 [http-nio-8080-exec-10] DEBUG org.hibernate.SQL - 
    select
        wl1_0.id,
        wl1_0.burned_calories,
        wl1_0.completed_at,
        wl1_0.duration,
        wl1_0.user_id,
        wl1_0.workout_name,
        wl1_0.workout_type 
    from
        workout_log wl1_0 
    where
        wl1_0.user_id=? 
        and wl1_0.completed_at between ? and ?
2025-06-05 08:58:49 [http-nio-8080-exec-10] DEBUG c.a.fitrack.service.AnalyticsService - Populating workout frequency data for user: charlenedilig@gmail.com from 2025-03-07T08:58:49.069482300 to 2025-06-05T08:58:49.069482300
2025-06-05 08:58:49 [http-nio-8080-exec-10] TRACE o.s.t.i.TransactionInterceptor - No need to create transaction for [org.springframework.data.jpa.repository.support.SimpleJpaRepository.findByUserAndCompletedAtBetween]: This method is not transactional.
2025-06-05 08:58:49 [http-nio-8080-exec-10] DEBUG org.hibernate.SQL - 
    select
        wl1_0.id,
        wl1_0.burned_calories,
        wl1_0.completed_at,
        wl1_0.duration,
        wl1_0.user_id,
        wl1_0.workout_name,
        wl1_0.workout_type 
    from
        workout_log wl1_0 
    where
        wl1_0.user_id=? 
        and wl1_0.completed_at between ? and ?
2025-06-05 08:58:49 [http-nio-8080-exec-10] DEBUG c.a.fitrack.service.AnalyticsService - Workout type frequency map: {FLEXIBILITY=118, STRENGTH=54, HIIT=24}
2025-06-05 08:58:49 [http-nio-8080-exec-10] DEBUG c.a.f.service.BodyMeasurementService - Calculated current BMI: 30.4040358542408 for Weight=67.5, Height=149.0
2025-06-05 08:58:49 [http-nio-8080-exec-10] TRACE o.s.t.i.TransactionInterceptor - No need to create transaction for [org.springframework.data.jpa.repository.support.SimpleJpaRepository.countByUser]: This method is not transactional.
2025-06-05 08:58:49 [http-nio-8080-exec-10] DEBUG org.hibernate.SQL - 
    select
        count(m1_0.id) 
    from
        meal m1_0 
    where
        m1_0.user_id=?
2025-06-05 08:58:49 [http-nio-8080-exec-10] TRACE o.s.t.i.TransactionInterceptor - No need to create transaction for [org.springframework.data.jpa.repository.support.SimpleJpaRepository.countByUser]: This method is not transactional.
2025-06-05 08:58:49 [http-nio-8080-exec-10] DEBUG org.hibernate.SQL - 
    select
        count(wl1_0.id) 
    from
        workout_log wl1_0 
    where
        wl1_0.user_id=?
2025-06-05 08:58:49 [http-nio-8080-exec-10] DEBUG c.a.fitrack.service.AnalyticsService - Set newUserActivity to: false (noMealLogs: false, noWorkoutLogs: false) for user: charlenedilig@gmail.com
2025-06-05 08:58:49 [http-nio-8080-exec-10] DEBUG c.a.fitrack.service.AnalyticsService - Returning AnalyticsPageDTO for user: charlenedilig@gmail.com
2025-06-05 08:58:49 [http-nio-8080-exec-10] DEBUG c.a.f.controller.AnalyticsController - AnalyticsData DTO retrieved. FullName from DTO: charlene dilig
2025-06-05 08:58:49 [http-nio-8080-exec-10] DEBUG c.a.f.controller.AnalyticsController - Added analyticsData and user to model for view.
2025-06-05 08:58:49 [http-nio-8080-exec-10] DEBUG o.s.w.s.v.ContentNegotiatingViewResolver - Selected 'text/html' given [text/html, application/xhtml+xml, application/xml;q=0.9, */*;q=0.8]
2025-06-05 08:58:49 [http-nio-8080-exec-10] DEBUG o.s.o.j.s.OpenEntityManagerInViewInterceptor - Closing JPA EntityManager in OpenEntityManagerInViewInterceptor
2025-06-05 08:58:49 [http-nio-8080-exec-10] DEBUG o.s.web.servlet.DispatcherServlet - Completed 200 OK
2025-06-05 08:58:49 [http-nio-8080-exec-2] DEBUG o.s.security.web.FilterChainProxy - Securing GET /styles/css/Fitrack.css
2025-06-05 08:58:49 [http-nio-8080-exec-2] DEBUG o.s.security.web.FilterChainProxy - Secured GET /styles/css/Fitrack.css
2025-06-05 08:58:49 [http-nio-8080-exec-2] DEBUG o.s.web.servlet.DispatcherServlet - GET "/fitrack/styles/css/Fitrack.css", parameters={}
2025-06-05 08:58:49 [http-nio-8080-exec-2] DEBUG o.s.w.s.h.SimpleUrlHandlerMapping - Mapped to ResourceHttpRequestHandler [classpath [static/], URL [file:uploads/], ServletContext [/]]
2025-06-05 08:58:49 [http-nio-8080-exec-2] DEBUG o.s.o.j.s.OpenEntityManagerInViewInterceptor - Opening JPA EntityManager in OpenEntityManagerInViewInterceptor
2025-06-05 08:58:49 [http-nio-8080-exec-2] DEBUG o.s.o.j.s.OpenEntityManagerInViewInterceptor - Closing JPA EntityManager in OpenEntityManagerInViewInterceptor
2025-06-05 08:58:49 [http-nio-8080-exec-2] DEBUG o.s.web.servlet.DispatcherServlet - Completed 200 OK
2025-06-05 08:58:49 [http-nio-8080-exec-2] DEBUG o.s.s.w.c.HttpSessionSecurityContextRepository - Retrieved SecurityContextImpl [Authentication=UsernamePasswordAuthenticationToken [Principal=org.springframework.security.core.userdetails.User [Username=charlenedilig@gmail.com, Password=[PROTECTED], Enabled=true, AccountNonExpired=true, CredentialsNonExpired=true, AccountNonLocked=true, Granted Authorities=[ROLE_USER]], Credentials=[PROTECTED], Authenticated=true, Details=WebAuthenticationDetails [RemoteIpAddress=127.0.0.1, SessionId=461E86EE87CA6F9A8EB217445B7543D3], Granted Authorities=[ROLE_USER]]]
2025-06-05 08:58:49 [http-nio-8080-exec-1] DEBUG o.s.security.web.FilterChainProxy - Securing GET /styles/scripts/dashboard.js
2025-06-05 08:58:49 [http-nio-8080-exec-9] DEBUG o.s.security.web.FilterChainProxy - Securing GET /styles/scripts/analytics.js
2025-06-05 08:58:49 [http-nio-8080-exec-9] DEBUG o.s.security.web.FilterChainProxy - Secured GET /styles/scripts/analytics.js
2025-06-05 08:58:49 [http-nio-8080-exec-1] DEBUG o.s.security.web.FilterChainProxy - Secured GET /styles/scripts/dashboard.js
2025-06-05 08:58:49 [http-nio-8080-exec-9] DEBUG o.s.web.servlet.DispatcherServlet - GET "/fitrack/styles/scripts/analytics.js", parameters={}
2025-06-05 08:58:49 [http-nio-8080-exec-1] DEBUG o.s.web.servlet.DispatcherServlet - GET "/fitrack/styles/scripts/dashboard.js", parameters={}
2025-06-05 08:58:49 [http-nio-8080-exec-9] DEBUG o.s.w.s.h.SimpleUrlHandlerMapping - Mapped to ResourceHttpRequestHandler [classpath [static/], URL [file:uploads/], ServletContext [/]]
2025-06-05 08:58:49 [http-nio-8080-exec-1] DEBUG o.s.w.s.h.SimpleUrlHandlerMapping - Mapped to ResourceHttpRequestHandler [classpath [static/], URL [file:uploads/], ServletContext [/]]
2025-06-05 08:58:49 [http-nio-8080-exec-9] DEBUG o.s.o.j.s.OpenEntityManagerInViewInterceptor - Opening JPA EntityManager in OpenEntityManagerInViewInterceptor
2025-06-05 08:58:49 [http-nio-8080-exec-1] DEBUG o.s.o.j.s.OpenEntityManagerInViewInterceptor - Opening JPA EntityManager in OpenEntityManagerInViewInterceptor
2025-06-05 08:58:49 [http-nio-8080-exec-1] DEBUG o.s.o.j.s.OpenEntityManagerInViewInterceptor - Closing JPA EntityManager in OpenEntityManagerInViewInterceptor
2025-06-05 08:58:49 [http-nio-8080-exec-9] DEBUG o.s.o.j.s.OpenEntityManagerInViewInterceptor - Closing JPA EntityManager in OpenEntityManagerInViewInterceptor
2025-06-05 08:58:49 [http-nio-8080-exec-1] DEBUG o.s.web.servlet.DispatcherServlet - Completed 200 OK
2025-06-05 08:58:49 [http-nio-8080-exec-9] DEBUG o.s.web.servlet.DispatcherServlet - Completed 200 OK
2025-06-05 08:58:49 [http-nio-8080-exec-1] DEBUG o.s.s.w.c.HttpSessionSecurityContextRepository - Retrieved SecurityContextImpl [Authentication=UsernamePasswordAuthenticationToken [Principal=org.springframework.security.core.userdetails.User [Username=charlenedilig@gmail.com, Password=[PROTECTED], Enabled=true, AccountNonExpired=true, CredentialsNonExpired=true, AccountNonLocked=true, Granted Authorities=[ROLE_USER]], Credentials=[PROTECTED], Authenticated=true, Details=WebAuthenticationDetails [RemoteIpAddress=127.0.0.1, SessionId=461E86EE87CA6F9A8EB217445B7543D3], Granted Authorities=[ROLE_USER]]]
2025-06-05 08:58:49 [http-nio-8080-exec-9] DEBUG o.s.s.w.c.HttpSessionSecurityContextRepository - Retrieved SecurityContextImpl [Authentication=UsernamePasswordAuthenticationToken [Principal=org.springframework.security.core.userdetails.User [Username=charlenedilig@gmail.com, Password=[PROTECTED], Enabled=true, AccountNonExpired=true, CredentialsNonExpired=true, AccountNonLocked=true, Granted Authorities=[ROLE_USER]], Credentials=[PROTECTED], Authenticated=true, Details=WebAuthenticationDetails [RemoteIpAddress=127.0.0.1, SessionId=461E86EE87CA6F9A8EB217445B7543D3], Granted Authorities=[ROLE_USER]]]
2025-06-05 08:58:52 [http-nio-8080-exec-3] DEBUG o.s.security.web.FilterChainProxy - Securing POST /workouts/estimate-calories
2025-06-05 08:58:52 [http-nio-8080-exec-3] DEBUG o.s.s.w.c.HttpSessionSecurityContextRepository - Retrieved SecurityContextImpl [Authentication=UsernamePasswordAuthenticationToken [Principal=org.springframework.security.core.userdetails.User [Username=charlenedilig@gmail.com, Password=[PROTECTED], Enabled=true, AccountNonExpired=true, CredentialsNonExpired=true, AccountNonLocked=true, Granted Authorities=[ROLE_USER]], Credentials=[PROTECTED], Authenticated=true, Details=WebAuthenticationDetails [RemoteIpAddress=127.0.0.1, SessionId=461E86EE87CA6F9A8EB217445B7543D3], Granted Authorities=[ROLE_USER]]]
2025-06-05 08:58:52 [http-nio-8080-exec-3] DEBUG o.s.security.web.FilterChainProxy - Secured POST /workouts/estimate-calories
2025-06-05 08:58:52 [http-nio-8080-exec-3] DEBUG o.s.web.servlet.DispatcherServlet - POST "/fitrack/workouts/estimate-calories", parameters={}
2025-06-05 08:58:52 [http-nio-8080-exec-3] DEBUG o.s.w.s.m.m.a.RequestMappingHandlerMapping - Mapped to com.app.fitrack.controller.WorkoutController#estimateCalories(Map)
2025-06-05 08:58:52 [http-nio-8080-exec-3] DEBUG o.s.o.j.s.OpenEntityManagerInViewInterceptor - Opening JPA EntityManager in OpenEntityManagerInViewInterceptor
2025-06-05 08:58:52 [http-nio-8080-exec-4] DEBUG o.s.security.web.FilterChainProxy - Securing POST /workouts/estimate-calories
2025-06-05 08:58:52 [http-nio-8080-exec-3] DEBUG o.s.w.s.m.m.a.RequestResponseBodyMethodProcessor - Read "application/json;charset=UTF-8" to [{workoutName=Jumping Jacks, duration=10}]
2025-06-05 08:58:52 [http-nio-8080-exec-3] DEBUG o.s.orm.jpa.JpaTransactionManager - Found thread-bound EntityManager [SessionImpl(2033776520<open>)] for JPA transaction
2025-06-05 08:58:52 [http-nio-8080-exec-3] DEBUG o.s.orm.jpa.JpaTransactionManager - Creating new transaction with name [com.app.fitrack.service.UserService.getAuthenticatedUser]: PROPAGATION_REQUIRED,ISOLATION_DEFAULT
2025-06-05 08:58:52 [http-nio-8080-exec-4] DEBUG o.s.s.w.c.HttpSessionSecurityContextRepository - Retrieved SecurityContextImpl [Authentication=UsernamePasswordAuthenticationToken [Principal=org.springframework.security.core.userdetails.User [Username=charlenedilig@gmail.com, Password=[PROTECTED], Enabled=true, AccountNonExpired=true, CredentialsNonExpired=true, AccountNonLocked=true, Granted Authorities=[ROLE_USER]], Credentials=[PROTECTED], Authenticated=true, Details=WebAuthenticationDetails [RemoteIpAddress=127.0.0.1, SessionId=461E86EE87CA6F9A8EB217445B7543D3], Granted Authorities=[ROLE_USER]]]
2025-06-05 08:58:52 [http-nio-8080-exec-4] DEBUG o.s.security.web.FilterChainProxy - Secured POST /workouts/estimate-calories
2025-06-05 08:58:52 [http-nio-8080-exec-3] DEBUG o.s.orm.jpa.JpaTransactionManager - Exposing JPA transaction as JDBC [org.springframework.orm.jpa.vendor.HibernateJpaDialect$HibernateConnectionHandle@598bb3cb]
2025-06-05 08:58:52 [http-nio-8080-exec-3] TRACE o.s.t.i.TransactionInterceptor - Getting transaction for [com.app.fitrack.service.UserService.getAuthenticatedUser]
2025-06-05 08:58:52 [http-nio-8080-exec-4] DEBUG o.s.web.servlet.DispatcherServlet - POST "/fitrack/workouts/estimate-calories", parameters={}
2025-06-05 08:58:52 [http-nio-8080-exec-3] TRACE o.s.t.i.TransactionInterceptor - No need to create transaction for [org.springframework.data.jpa.repository.support.SimpleJpaRepository.findByEmail]: This method is not transactional.
2025-06-05 08:58:52 [http-nio-8080-exec-4] DEBUG o.s.w.s.m.m.a.RequestMappingHandlerMapping - Mapped to com.app.fitrack.controller.WorkoutController#estimateCalories(Map)
2025-06-05 08:58:52 [http-nio-8080-exec-4] DEBUG o.s.o.j.s.OpenEntityManagerInViewInterceptor - Opening JPA EntityManager in OpenEntityManagerInViewInterceptor
2025-06-05 08:58:52 [http-nio-8080-exec-3] DEBUG org.hibernate.SQL - 
    select
        u1_0.id,
        u1_0.age,
        u1_0.email,
        u1_0.email_change_code,
        u1_0.email_change_code_expiry,
        u1_0.firstname,
        u1_0.gender,
        u1_0.height,
        u1_0.lastname,
        u1_0.password,
        u1_0.pending_email,
        u1_0.profile_picture,
        u1_0.verified,
        u1_0.weight 
    from
        users u1_0 
    where
        u1_0.email=?
2025-06-05 08:58:52 [http-nio-8080-exec-4] DEBUG o.s.w.s.m.m.a.RequestResponseBodyMethodProcessor - Read "application/json;charset=UTF-8" to [{workoutName=Cycling, duration=30}]
2025-06-05 08:58:52 [http-nio-8080-exec-5] DEBUG o.s.security.web.FilterChainProxy - Securing POST /workouts/estimate-calories
2025-06-05 08:58:52 [http-nio-8080-exec-4] DEBUG o.s.orm.jpa.JpaTransactionManager - Found thread-bound EntityManager [SessionImpl(1680828621<open>)] for JPA transaction
2025-06-05 08:58:52 [http-nio-8080-exec-8] DEBUG o.s.security.web.FilterChainProxy - Securing POST /workouts/estimate-calories
2025-06-05 08:58:52 [http-nio-8080-exec-4] DEBUG o.s.orm.jpa.JpaTransactionManager - Creating new transaction with name [com.app.fitrack.service.UserService.getAuthenticatedUser]: PROPAGATION_REQUIRED,ISOLATION_DEFAULT
2025-06-05 08:58:52 [http-nio-8080-exec-5] DEBUG o.s.s.w.c.HttpSessionSecurityContextRepository - Retrieved SecurityContextImpl [Authentication=UsernamePasswordAuthenticationToken [Principal=org.springframework.security.core.userdetails.User [Username=charlenedilig@gmail.com, Password=[PROTECTED], Enabled=true, AccountNonExpired=true, CredentialsNonExpired=true, AccountNonLocked=true, Granted Authorities=[ROLE_USER]], Credentials=[PROTECTED], Authenticated=true, Details=WebAuthenticationDetails [RemoteIpAddress=127.0.0.1, SessionId=461E86EE87CA6F9A8EB217445B7543D3], Granted Authorities=[ROLE_USER]]]
2025-06-05 08:58:52 [http-nio-8080-exec-8] DEBUG o.s.s.w.c.HttpSessionSecurityContextRepository - Retrieved SecurityContextImpl [Authentication=UsernamePasswordAuthenticationToken [Principal=org.springframework.security.core.userdetails.User [Username=charlenedilig@gmail.com, Password=[PROTECTED], Enabled=true, AccountNonExpired=true, CredentialsNonExpired=true, AccountNonLocked=true, Granted Authorities=[ROLE_USER]], Credentials=[PROTECTED], Authenticated=true, Details=WebAuthenticationDetails [RemoteIpAddress=127.0.0.1, SessionId=461E86EE87CA6F9A8EB217445B7543D3], Granted Authorities=[ROLE_USER]]]
2025-06-05 08:58:52 [http-nio-8080-exec-5] DEBUG o.s.security.web.FilterChainProxy - Secured POST /workouts/estimate-calories
2025-06-05 08:58:52 [http-nio-8080-exec-3] TRACE o.s.t.i.TransactionInterceptor - Completing transaction for [com.app.fitrack.service.UserService.getAuthenticatedUser]
2025-06-05 08:58:52 [http-nio-8080-exec-4] DEBUG o.s.orm.jpa.JpaTransactionManager - Exposing JPA transaction as JDBC [org.springframework.orm.jpa.vendor.HibernateJpaDialect$HibernateConnectionHandle@ff49a]
2025-06-05 08:58:52 [http-nio-8080-exec-4] TRACE o.s.t.i.TransactionInterceptor - Getting transaction for [com.app.fitrack.service.UserService.getAuthenticatedUser]
2025-06-05 08:58:52 [http-nio-8080-exec-8] DEBUG o.s.security.web.FilterChainProxy - Secured POST /workouts/estimate-calories
2025-06-05 08:58:52 [http-nio-8080-exec-5] DEBUG o.s.web.servlet.DispatcherServlet - POST "/fitrack/workouts/estimate-calories", parameters={}
2025-06-05 08:58:52 [http-nio-8080-exec-3] DEBUG o.s.orm.jpa.JpaTransactionManager - Initiating transaction commit
2025-06-05 08:58:52 [http-nio-8080-exec-3] DEBUG o.s.orm.jpa.JpaTransactionManager - Committing JPA transaction on EntityManager [SessionImpl(2033776520<open>)]
2025-06-05 08:58:52 [http-nio-8080-exec-6] DEBUG o.s.security.web.FilterChainProxy - Securing POST /workouts/estimate-calories
2025-06-05 08:58:52 [http-nio-8080-exec-7] DEBUG o.s.security.web.FilterChainProxy - Securing POST /workouts/estimate-calories
2025-06-05 08:58:52 [http-nio-8080-exec-4] TRACE o.s.t.i.TransactionInterceptor - No need to create transaction for [org.springframework.data.jpa.repository.support.SimpleJpaRepository.findByEmail]: This method is not transactional.
2025-06-05 08:58:52 [http-nio-8080-exec-8] DEBUG o.s.web.servlet.DispatcherServlet - POST "/fitrack/workouts/estimate-calories", parameters={}
2025-06-05 08:58:52 [http-nio-8080-exec-10] DEBUG o.s.security.web.FilterChainProxy - Securing POST /workouts/estimate-calories
2025-06-05 08:58:52 [http-nio-8080-exec-8] DEBUG o.s.w.s.m.m.a.RequestMappingHandlerMapping - Mapped to com.app.fitrack.controller.WorkoutController#estimateCalories(Map)
2025-06-05 08:58:52 [http-nio-8080-exec-5] DEBUG o.s.w.s.m.m.a.RequestMappingHandlerMapping - Mapped to com.app.fitrack.controller.WorkoutController#estimateCalories(Map)
2025-06-05 08:58:52 [http-nio-8080-exec-2] DEBUG o.s.security.web.FilterChainProxy - Securing POST /workouts/estimate-calories
2025-06-05 08:58:52 [http-nio-8080-exec-7] DEBUG o.s.s.w.c.HttpSessionSecurityContextRepository - Retrieved SecurityContextImpl [Authentication=UsernamePasswordAuthenticationToken [Principal=org.springframework.security.core.userdetails.User [Username=charlenedilig@gmail.com, Password=[PROTECTED], Enabled=true, AccountNonExpired=true, CredentialsNonExpired=true, AccountNonLocked=true, Granted Authorities=[ROLE_USER]], Credentials=[PROTECTED], Authenticated=true, Details=WebAuthenticationDetails [RemoteIpAddress=127.0.0.1, SessionId=461E86EE87CA6F9A8EB217445B7543D3], Granted Authorities=[ROLE_USER]]]
2025-06-05 08:58:52 [http-nio-8080-exec-6] DEBUG o.s.s.w.c.HttpSessionSecurityContextRepository - Retrieved SecurityContextImpl [Authentication=UsernamePasswordAuthenticationToken [Principal=org.springframework.security.core.userdetails.User [Username=charlenedilig@gmail.com, Password=[PROTECTED], Enabled=true, AccountNonExpired=true, CredentialsNonExpired=true, AccountNonLocked=true, Granted Authorities=[ROLE_USER]], Credentials=[PROTECTED], Authenticated=true, Details=WebAuthenticationDetails [RemoteIpAddress=127.0.0.1, SessionId=461E86EE87CA6F9A8EB217445B7543D3], Granted Authorities=[ROLE_USER]]]
2025-06-05 08:58:52 [http-nio-8080-exec-4] DEBUG org.hibernate.SQL - 
    select
        u1_0.id,
        u1_0.age,
        u1_0.email,
        u1_0.email_change_code,
        u1_0.email_change_code_expiry,
        u1_0.firstname,
        u1_0.gender,
        u1_0.height,
        u1_0.lastname,
        u1_0.password,
        u1_0.pending_email,
        u1_0.profile_picture,
        u1_0.verified,
        u1_0.weight 
    from
        users u1_0 
    where
        u1_0.email=?
2025-06-05 08:58:52 [http-nio-8080-exec-8] DEBUG o.s.o.j.s.OpenEntityManagerInViewInterceptor - Opening JPA EntityManager in OpenEntityManagerInViewInterceptor
2025-06-05 08:58:52 [http-nio-8080-exec-3] DEBUG o.s.orm.jpa.JpaTransactionManager - Not closing pre-bound JPA EntityManager after transaction
2025-06-05 08:58:52 [http-nio-8080-exec-5] DEBUG o.s.o.j.s.OpenEntityManagerInViewInterceptor - Opening JPA EntityManager in OpenEntityManagerInViewInterceptor
2025-06-05 08:58:52 [http-nio-8080-exec-10] DEBUG o.s.s.w.c.HttpSessionSecurityContextRepository - Retrieved SecurityContextImpl [Authentication=UsernamePasswordAuthenticationToken [Principal=org.springframework.security.core.userdetails.User [Username=charlenedilig@gmail.com, Password=[PROTECTED], Enabled=true, AccountNonExpired=true, CredentialsNonExpired=true, AccountNonLocked=true, Granted Authorities=[ROLE_USER]], Credentials=[PROTECTED], Authenticated=true, Details=WebAuthenticationDetails [RemoteIpAddress=127.0.0.1, SessionId=461E86EE87CA6F9A8EB217445B7543D3], Granted Authorities=[ROLE_USER]]]
2025-06-05 08:58:52 [http-nio-8080-exec-2] DEBUG o.s.s.w.c.HttpSessionSecurityContextRepository - Retrieved SecurityContextImpl [Authentication=UsernamePasswordAuthenticationToken [Principal=org.springframework.security.core.userdetails.User [Username=charlenedilig@gmail.com, Password=[PROTECTED], Enabled=true, AccountNonExpired=true, CredentialsNonExpired=true, AccountNonLocked=true, Granted Authorities=[ROLE_USER]], Credentials=[PROTECTED], Authenticated=true, Details=WebAuthenticationDetails [RemoteIpAddress=127.0.0.1, SessionId=461E86EE87CA6F9A8EB217445B7543D3], Granted Authorities=[ROLE_USER]]]
2025-06-05 08:58:52 [http-nio-8080-exec-7] DEBUG o.s.security.web.FilterChainProxy - Secured POST /workouts/estimate-calories
2025-06-05 08:58:52 [http-nio-8080-exec-5] DEBUG o.s.w.s.m.m.a.RequestResponseBodyMethodProcessor - Read "application/json;charset=UTF-8" to [{workoutName=Brisk Walking, duration=30}]
2025-06-05 08:58:52 [http-nio-8080-exec-6] DEBUG o.s.security.web.FilterChainProxy - Secured POST /workouts/estimate-calories
2025-06-05 08:58:52 [http-nio-8080-exec-8] DEBUG o.s.w.s.m.m.a.RequestResponseBodyMethodProcessor - Read "application/json;charset=UTF-8" to [{workoutName=Running, duration=20}]
2025-06-05 08:58:52 [http-nio-8080-exec-3] INFO  c.a.f.service.NutritionixService - Sending request to Nutritionix for exercise calorie estimation:
2025-06-05 08:58:52 [http-nio-8080-exec-8] DEBUG o.s.orm.jpa.JpaTransactionManager - Found thread-bound EntityManager [SessionImpl(245169865<open>)] for JPA transaction
2025-06-05 08:58:52 [http-nio-8080-exec-10] DEBUG o.s.security.web.FilterChainProxy - Secured POST /workouts/estimate-calories
2025-06-05 08:58:52 [http-nio-8080-exec-2] DEBUG o.s.security.web.FilterChainProxy - Secured POST /workouts/estimate-calories
2025-06-05 08:58:52 [http-nio-8080-exec-7] DEBUG o.s.web.servlet.DispatcherServlet - POST "/fitrack/workouts/estimate-calories", parameters={}
2025-06-05 08:58:52 [http-nio-8080-exec-6] DEBUG o.s.web.servlet.DispatcherServlet - POST "/fitrack/workouts/estimate-calories", parameters={}
2025-06-05 08:58:52 [http-nio-8080-exec-5] DEBUG o.s.orm.jpa.JpaTransactionManager - Found thread-bound EntityManager [SessionImpl(1181133296<open>)] for JPA transaction
2025-06-05 08:58:52 [http-nio-8080-exec-4] TRACE o.s.t.i.TransactionInterceptor - Completing transaction for [com.app.fitrack.service.UserService.getAuthenticatedUser]
2025-06-05 08:58:52 [http-nio-8080-exec-3] INFO  c.a.f.service.NutritionixService - URL: https://trackapi.nutritionix.com/v2/natural/exercise
2025-06-05 08:58:52 [http-nio-8080-exec-8] DEBUG o.s.orm.jpa.JpaTransactionManager - Creating new transaction with name [com.app.fitrack.service.UserService.getAuthenticatedUser]: PROPAGATION_REQUIRED,ISOLATION_DEFAULT
2025-06-05 08:58:52 [http-nio-8080-exec-10] DEBUG o.s.web.servlet.DispatcherServlet - POST "/fitrack/workouts/estimate-calories", parameters={}
2025-06-05 08:58:52 [http-nio-8080-exec-1] DEBUG o.s.security.web.FilterChainProxy - Securing POST /workouts/estimate-calories
2025-06-05 08:58:52 [http-nio-8080-exec-2] DEBUG o.s.web.servlet.DispatcherServlet - POST "/fitrack/workouts/estimate-calories", parameters={}
2025-06-05 08:58:52 [http-nio-8080-exec-7] DEBUG o.s.w.s.m.m.a.RequestMappingHandlerMapping - Mapped to com.app.fitrack.controller.WorkoutController#estimateCalories(Map)
2025-06-05 08:58:52 [http-nio-8080-exec-6] DEBUG o.s.w.s.m.m.a.RequestMappingHandlerMapping - Mapped to com.app.fitrack.controller.WorkoutController#estimateCalories(Map)
2025-06-05 08:58:52 [http-nio-8080-exec-5] DEBUG o.s.orm.jpa.JpaTransactionManager - Creating new transaction with name [com.app.fitrack.service.UserService.getAuthenticatedUser]: PROPAGATION_REQUIRED,ISOLATION_DEFAULT
2025-06-05 08:58:52 [http-nio-8080-exec-4] DEBUG o.s.orm.jpa.JpaTransactionManager - Initiating transaction commit
2025-06-05 08:58:52 [http-nio-8080-exec-3] INFO  c.a.f.service.NutritionixService - Request Body: {weight_kg=67.5, gender=female, height_cm=149.0, query=10 minutes of Jumping Jacks, age=21}
2025-06-05 08:58:52 [http-nio-8080-exec-10] DEBUG o.s.w.s.m.m.a.RequestMappingHandlerMapping - Mapped to com.app.fitrack.controller.WorkoutController#estimateCalories(Map)
2025-06-05 08:58:52 [http-nio-8080-exec-2] DEBUG o.s.w.s.m.m.a.RequestMappingHandlerMapping - Mapped to com.app.fitrack.controller.WorkoutController#estimateCalories(Map)
2025-06-05 08:58:52 [http-nio-8080-exec-8] DEBUG o.s.orm.jpa.JpaTransactionManager - Exposing JPA transaction as JDBC [org.springframework.orm.jpa.vendor.HibernateJpaDialect$HibernateConnectionHandle@5670e1d6]
2025-06-05 08:58:52 [http-nio-8080-exec-7] DEBUG o.s.o.j.s.OpenEntityManagerInViewInterceptor - Opening JPA EntityManager in OpenEntityManagerInViewInterceptor
2025-06-05 08:58:52 [http-nio-8080-exec-6] DEBUG o.s.o.j.s.OpenEntityManagerInViewInterceptor - Opening JPA EntityManager in OpenEntityManagerInViewInterceptor
2025-06-05 08:58:52 [http-nio-8080-exec-1] DEBUG o.s.s.w.c.HttpSessionSecurityContextRepository - Retrieved SecurityContextImpl [Authentication=UsernamePasswordAuthenticationToken [Principal=org.springframework.security.core.userdetails.User [Username=charlenedilig@gmail.com, Password=[PROTECTED], Enabled=true, AccountNonExpired=true, CredentialsNonExpired=true, AccountNonLocked=true, Granted Authorities=[ROLE_USER]], Credentials=[PROTECTED], Authenticated=true, Details=WebAuthenticationDetails [RemoteIpAddress=127.0.0.1, SessionId=461E86EE87CA6F9A8EB217445B7543D3], Granted Authorities=[ROLE_USER]]]
2025-06-05 08:58:52 [http-nio-8080-exec-4] DEBUG o.s.orm.jpa.JpaTransactionManager - Committing JPA transaction on EntityManager [SessionImpl(1680828621<open>)]
2025-06-05 08:58:52 [http-nio-8080-exec-5] DEBUG o.s.orm.jpa.JpaTransactionManager - Exposing JPA transaction as JDBC [org.springframework.orm.jpa.vendor.HibernateJpaDialect$HibernateConnectionHandle@7b8a2cb3]
2025-06-05 08:58:52 [http-nio-8080-exec-3] DEBUG o.s.web.client.RestTemplate - HTTP POST https://trackapi.nutritionix.com/v2/natural/exercise
2025-06-05 08:58:52 [http-nio-8080-exec-10] DEBUG o.s.o.j.s.OpenEntityManagerInViewInterceptor - Opening JPA EntityManager in OpenEntityManagerInViewInterceptor
2025-06-05 08:58:52 [http-nio-8080-exec-2] DEBUG o.s.o.j.s.OpenEntityManagerInViewInterceptor - Opening JPA EntityManager in OpenEntityManagerInViewInterceptor
2025-06-05 08:58:52 [http-nio-8080-exec-8] TRACE o.s.t.i.TransactionInterceptor - Getting transaction for [com.app.fitrack.service.UserService.getAuthenticatedUser]
2025-06-05 08:58:52 [http-nio-8080-exec-7] DEBUG o.s.w.s.m.m.a.RequestResponseBodyMethodProcessor - Read "application/json;charset=UTF-8" to [{workoutName=Swimming, duration=30}]
2025-06-05 08:58:52 [http-nio-8080-exec-6] DEBUG o.s.w.s.m.m.a.RequestResponseBodyMethodProcessor - Read "application/json;charset=UTF-8" to [{workoutName=Squats, duration=20}]
2025-06-05 08:58:52 [http-nio-8080-exec-1] DEBUG o.s.security.web.FilterChainProxy - Secured POST /workouts/estimate-calories
2025-06-05 08:58:52 [http-nio-8080-exec-5] TRACE o.s.t.i.TransactionInterceptor - Getting transaction for [com.app.fitrack.service.UserService.getAuthenticatedUser]
2025-06-05 08:58:52 [http-nio-8080-exec-3] DEBUG o.s.web.client.RestTemplate - Accept=[application/json, application/*+json]
2025-06-05 08:58:52 [http-nio-8080-exec-4] DEBUG o.s.orm.jpa.JpaTransactionManager - Not closing pre-bound JPA EntityManager after transaction
2025-06-05 08:58:52 [http-nio-8080-exec-8] TRACE o.s.t.i.TransactionInterceptor - No need to create transaction for [org.springframework.data.jpa.repository.support.SimpleJpaRepository.findByEmail]: This method is not transactional.
2025-06-05 08:58:52 [http-nio-8080-exec-10] DEBUG o.s.w.s.m.m.a.RequestResponseBodyMethodProcessor - Read "application/json;charset=UTF-8" to [{workoutName=Push-ups, duration=15}]
2025-06-05 08:58:52 [http-nio-8080-exec-2] DEBUG o.s.w.s.m.m.a.RequestResponseBodyMethodProcessor - Read "application/json;charset=UTF-8" to [{workoutName=Lunges, duration=15}]
2025-06-05 08:58:52 [http-nio-8080-exec-7] DEBUG o.s.orm.jpa.JpaTransactionManager - Found thread-bound EntityManager [SessionImpl(164463783<open>)] for JPA transaction
2025-06-05 08:58:52 [http-nio-8080-exec-6] DEBUG o.s.orm.jpa.JpaTransactionManager - Found thread-bound EntityManager [SessionImpl(635922372<open>)] for JPA transaction
2025-06-05 08:58:52 [http-nio-8080-exec-1] DEBUG o.s.web.servlet.DispatcherServlet - POST "/fitrack/workouts/estimate-calories", parameters={}
2025-06-05 08:58:52 [http-nio-8080-exec-5] TRACE o.s.t.i.TransactionInterceptor - No need to create transaction for [org.springframework.data.jpa.repository.support.SimpleJpaRepository.findByEmail]: This method is not transactional.
2025-06-05 08:58:52 [http-nio-8080-exec-3] DEBUG o.s.web.client.RestTemplate - Writing [{weight_kg=67.5, gender=female, height_cm=149.0, query=10 minutes of Jumping Jacks, age=21}] as "application/json"
2025-06-05 08:58:52 [http-nio-8080-exec-4] INFO  c.a.f.service.NutritionixService - Sending request to Nutritionix for exercise calorie estimation:
2025-06-05 08:58:52 [http-nio-8080-exec-10] DEBUG o.s.orm.jpa.JpaTransactionManager - Found thread-bound EntityManager [SessionImpl(1345801065<open>)] for JPA transaction
2025-06-05 08:58:52 [http-nio-8080-exec-2] DEBUG o.s.orm.jpa.JpaTransactionManager - Found thread-bound EntityManager [SessionImpl(1507495487<open>)] for JPA transaction
2025-06-05 08:58:52 [http-nio-8080-exec-8] DEBUG org.hibernate.SQL - 
    select
        u1_0.id,
        u1_0.age,
        u1_0.email,
        u1_0.email_change_code,
        u1_0.email_change_code_expiry,
        u1_0.firstname,
        u1_0.gender,
        u1_0.height,
        u1_0.lastname,
        u1_0.password,
        u1_0.pending_email,
        u1_0.profile_picture,
        u1_0.verified,
        u1_0.weight 
    from
        users u1_0 
    where
        u1_0.email=?
2025-06-05 08:58:52 [http-nio-8080-exec-7] DEBUG o.s.orm.jpa.JpaTransactionManager - Creating new transaction with name [com.app.fitrack.service.UserService.getAuthenticatedUser]: PROPAGATION_REQUIRED,ISOLATION_DEFAULT
2025-06-05 08:58:52 [http-nio-8080-exec-6] DEBUG o.s.orm.jpa.JpaTransactionManager - Creating new transaction with name [com.app.fitrack.service.UserService.getAuthenticatedUser]: PROPAGATION_REQUIRED,ISOLATION_DEFAULT
2025-06-05 08:58:52 [http-nio-8080-exec-1] DEBUG o.s.w.s.m.m.a.RequestMappingHandlerMapping - Mapped to com.app.fitrack.controller.WorkoutController#estimateCalories(Map)
2025-06-05 08:58:52 [http-nio-8080-exec-4] INFO  c.a.f.service.NutritionixService - URL: https://trackapi.nutritionix.com/v2/natural/exercise
2025-06-05 08:58:52 [http-nio-8080-exec-5] DEBUG org.hibernate.SQL - 
    select
        u1_0.id,
        u1_0.age,
        u1_0.email,
        u1_0.email_change_code,
        u1_0.email_change_code_expiry,
        u1_0.firstname,
        u1_0.gender,
        u1_0.height,
        u1_0.lastname,
        u1_0.password,
        u1_0.pending_email,
        u1_0.profile_picture,
        u1_0.verified,
        u1_0.weight 
    from
        users u1_0 
    where
        u1_0.email=?
2025-06-05 08:58:52 [http-nio-8080-exec-10] DEBUG o.s.orm.jpa.JpaTransactionManager - Creating new transaction with name [com.app.fitrack.service.UserService.getAuthenticatedUser]: PROPAGATION_REQUIRED,ISOLATION_DEFAULT
2025-06-05 08:58:52 [http-nio-8080-exec-2] DEBUG o.s.orm.jpa.JpaTransactionManager - Creating new transaction with name [com.app.fitrack.service.UserService.getAuthenticatedUser]: PROPAGATION_REQUIRED,ISOLATION_DEFAULT
2025-06-05 08:58:52 [http-nio-8080-exec-7] DEBUG o.s.orm.jpa.JpaTransactionManager - Exposing JPA transaction as JDBC [org.springframework.orm.jpa.vendor.HibernateJpaDialect$HibernateConnectionHandle@3354e7e4]
2025-06-05 08:58:52 [http-nio-8080-exec-1] DEBUG o.s.o.j.s.OpenEntityManagerInViewInterceptor - Opening JPA EntityManager in OpenEntityManagerInViewInterceptor
2025-06-05 08:58:52 [http-nio-8080-exec-4] INFO  c.a.f.service.NutritionixService - Request Body: {weight_kg=67.5, gender=female, height_cm=149.0, query=30 minutes of Cycling, age=21}
2025-06-05 08:58:52 [http-nio-8080-exec-6] DEBUG o.s.orm.jpa.JpaTransactionManager - Exposing JPA transaction as JDBC [org.springframework.orm.jpa.vendor.HibernateJpaDialect$HibernateConnectionHandle@51cc37f6]
2025-06-05 08:58:52 [http-nio-8080-exec-4] DEBUG o.s.web.client.RestTemplate - HTTP POST https://trackapi.nutritionix.com/v2/natural/exercise
2025-06-05 08:58:52 [http-nio-8080-exec-8] TRACE o.s.t.i.TransactionInterceptor - Completing transaction for [com.app.fitrack.service.UserService.getAuthenticatedUser]
2025-06-05 08:58:52 [http-nio-8080-exec-1] DEBUG o.s.w.s.m.m.a.RequestResponseBodyMethodProcessor - Read "application/json;charset=UTF-8" to [{workoutName=Quad Stretch, duration=5}]
2025-06-05 08:58:52 [http-nio-8080-exec-10] DEBUG o.s.orm.jpa.JpaTransactionManager - Exposing JPA transaction as JDBC [org.springframework.orm.jpa.vendor.HibernateJpaDialect$HibernateConnectionHandle@4e9eec23]
2025-06-05 08:58:52 [http-nio-8080-exec-7] TRACE o.s.t.i.TransactionInterceptor - Getting transaction for [com.app.fitrack.service.UserService.getAuthenticatedUser]
2025-06-05 08:58:52 [http-nio-8080-exec-2] DEBUG o.s.orm.jpa.JpaTransactionManager - Exposing JPA transaction as JDBC [org.springframework.orm.jpa.vendor.HibernateJpaDialect$HibernateConnectionHandle@2de1dc29]
2025-06-05 08:58:52 [http-nio-8080-exec-6] TRACE o.s.t.i.TransactionInterceptor - Getting transaction for [com.app.fitrack.service.UserService.getAuthenticatedUser]
2025-06-05 08:58:52 [http-nio-8080-exec-5] TRACE o.s.t.i.TransactionInterceptor - Completing transaction for [com.app.fitrack.service.UserService.getAuthenticatedUser]
2025-06-05 08:58:52 [http-nio-8080-exec-6] TRACE o.s.t.i.TransactionInterceptor - No need to create transaction for [org.springframework.data.jpa.repository.support.SimpleJpaRepository.findByEmail]: This method is not transactional.
2025-06-05 08:58:52 [http-nio-8080-exec-4] DEBUG o.s.web.client.RestTemplate - Accept=[application/json, application/*+json]
2025-06-05 08:58:52 [http-nio-8080-exec-8] DEBUG o.s.orm.jpa.JpaTransactionManager - Initiating transaction commit
2025-06-05 08:58:52 [http-nio-8080-exec-8] DEBUG o.s.orm.jpa.JpaTransactionManager - Committing JPA transaction on EntityManager [SessionImpl(245169865<open>)]
2025-06-05 08:58:52 [http-nio-8080-exec-1] DEBUG o.s.orm.jpa.JpaTransactionManager - Found thread-bound EntityManager [SessionImpl(1772034059<open>)] for JPA transaction
2025-06-05 08:58:52 [http-nio-8080-exec-10] TRACE o.s.t.i.TransactionInterceptor - Getting transaction for [com.app.fitrack.service.UserService.getAuthenticatedUser]
2025-06-05 08:58:52 [http-nio-8080-exec-7] TRACE o.s.t.i.TransactionInterceptor - No need to create transaction for [org.springframework.data.jpa.repository.support.SimpleJpaRepository.findByEmail]: This method is not transactional.
2025-06-05 08:58:52 [http-nio-8080-exec-2] TRACE o.s.t.i.TransactionInterceptor - Getting transaction for [com.app.fitrack.service.UserService.getAuthenticatedUser]
2025-06-05 08:58:52 [http-nio-8080-exec-8] DEBUG o.s.orm.jpa.JpaTransactionManager - Not closing pre-bound JPA EntityManager after transaction
2025-06-05 08:58:52 [http-nio-8080-exec-5] DEBUG o.s.orm.jpa.JpaTransactionManager - Initiating transaction commit
2025-06-05 08:58:52 [http-nio-8080-exec-4] DEBUG o.s.web.client.RestTemplate - Writing [{weight_kg=67.5, gender=female, height_cm=149.0, query=30 minutes of Cycling, age=21}] as "application/json"
2025-06-05 08:58:52 [http-nio-8080-exec-6] DEBUG org.hibernate.SQL - 
    select
        u1_0.id,
        u1_0.age,
        u1_0.email,
        u1_0.email_change_code,
        u1_0.email_change_code_expiry,
        u1_0.firstname,
        u1_0.gender,
        u1_0.height,
        u1_0.lastname,
        u1_0.password,
        u1_0.pending_email,
        u1_0.profile_picture,
        u1_0.verified,
        u1_0.weight 
    from
        users u1_0 
    where
        u1_0.email=?
2025-06-05 08:58:52 [http-nio-8080-exec-1] DEBUG o.s.orm.jpa.JpaTransactionManager - Creating new transaction with name [com.app.fitrack.service.UserService.getAuthenticatedUser]: PROPAGATION_REQUIRED,ISOLATION_DEFAULT
2025-06-05 08:58:52 [http-nio-8080-exec-10] TRACE o.s.t.i.TransactionInterceptor - No need to create transaction for [org.springframework.data.jpa.repository.support.SimpleJpaRepository.findByEmail]: This method is not transactional.
2025-06-05 08:58:52 [http-nio-8080-exec-2] TRACE o.s.t.i.TransactionInterceptor - No need to create transaction for [org.springframework.data.jpa.repository.support.SimpleJpaRepository.findByEmail]: This method is not transactional.
2025-06-05 08:58:52 [http-nio-8080-exec-8] INFO  c.a.f.service.NutritionixService - Sending request to Nutritionix for exercise calorie estimation:
2025-06-05 08:58:52 [http-nio-8080-exec-7] DEBUG org.hibernate.SQL - 
    select
        u1_0.id,
        u1_0.age,
        u1_0.email,
        u1_0.email_change_code,
        u1_0.email_change_code_expiry,
        u1_0.firstname,
        u1_0.gender,
        u1_0.height,
        u1_0.lastname,
        u1_0.password,
        u1_0.pending_email,
        u1_0.profile_picture,
        u1_0.verified,
        u1_0.weight 
    from
        users u1_0 
    where
        u1_0.email=?
2025-06-05 08:58:52 [http-nio-8080-exec-5] DEBUG o.s.orm.jpa.JpaTransactionManager - Committing JPA transaction on EntityManager [SessionImpl(1181133296<open>)]
2025-06-05 08:58:52 [http-nio-8080-exec-1] DEBUG o.s.orm.jpa.JpaTransactionManager - Exposing JPA transaction as JDBC [org.springframework.orm.jpa.vendor.HibernateJpaDialect$HibernateConnectionHandle@66a197db]
2025-06-05 08:58:52 [http-nio-8080-exec-8] INFO  c.a.f.service.NutritionixService - URL: https://trackapi.nutritionix.com/v2/natural/exercise
2025-06-05 08:58:52 [http-nio-8080-exec-10] DEBUG org.hibernate.SQL - 
    select
        u1_0.id,
        u1_0.age,
        u1_0.email,
        u1_0.email_change_code,
        u1_0.email_change_code_expiry,
        u1_0.firstname,
        u1_0.gender,
        u1_0.height,
        u1_0.lastname,
        u1_0.password,
        u1_0.pending_email,
        u1_0.profile_picture,
        u1_0.verified,
        u1_0.weight 
    from
        users u1_0 
    where
        u1_0.email=?
2025-06-05 08:58:52 [http-nio-8080-exec-2] DEBUG org.hibernate.SQL - 
    select
        u1_0.id,
        u1_0.age,
        u1_0.email,
        u1_0.email_change_code,
        u1_0.email_change_code_expiry,
        u1_0.firstname,
        u1_0.gender,
        u1_0.height,
        u1_0.lastname,
        u1_0.password,
        u1_0.pending_email,
        u1_0.profile_picture,
        u1_0.verified,
        u1_0.weight 
    from
        users u1_0 
    where
        u1_0.email=?
2025-06-05 08:58:52 [http-nio-8080-exec-6] TRACE o.s.t.i.TransactionInterceptor - Completing transaction for [com.app.fitrack.service.UserService.getAuthenticatedUser]
2025-06-05 08:58:52 [http-nio-8080-exec-5] DEBUG o.s.orm.jpa.JpaTransactionManager - Not closing pre-bound JPA EntityManager after transaction
2025-06-05 08:58:52 [http-nio-8080-exec-1] TRACE o.s.t.i.TransactionInterceptor - Getting transaction for [com.app.fitrack.service.UserService.getAuthenticatedUser]
2025-06-05 08:58:52 [http-nio-8080-exec-8] INFO  c.a.f.service.NutritionixService - Request Body: {weight_kg=67.5, gender=female, height_cm=149.0, query=20 minutes of Running, age=21}
2025-06-05 08:58:52 [http-nio-8080-exec-7] TRACE o.s.t.i.TransactionInterceptor - Completing transaction for [com.app.fitrack.service.UserService.getAuthenticatedUser]
2025-06-05 08:58:52 [http-nio-8080-exec-6] DEBUG o.s.orm.jpa.JpaTransactionManager - Initiating transaction commit
2025-06-05 08:58:52 [http-nio-8080-exec-10] TRACE o.s.t.i.TransactionInterceptor - Completing transaction for [com.app.fitrack.service.UserService.getAuthenticatedUser]
2025-06-05 08:58:52 [http-nio-8080-exec-5] INFO  c.a.f.service.NutritionixService - Sending request to Nutritionix for exercise calorie estimation:
2025-06-05 08:58:52 [http-nio-8080-exec-1] TRACE o.s.t.i.TransactionInterceptor - No need to create transaction for [org.springframework.data.jpa.repository.support.SimpleJpaRepository.findByEmail]: This method is not transactional.
2025-06-05 08:58:52 [http-nio-8080-exec-8] DEBUG o.s.web.client.RestTemplate - HTTP POST https://trackapi.nutritionix.com/v2/natural/exercise
2025-06-05 08:58:52 [http-nio-8080-exec-7] DEBUG o.s.orm.jpa.JpaTransactionManager - Initiating transaction commit
2025-06-05 08:58:52 [http-nio-8080-exec-2] TRACE o.s.t.i.TransactionInterceptor - Completing transaction for [com.app.fitrack.service.UserService.getAuthenticatedUser]
2025-06-05 08:58:52 [http-nio-8080-exec-6] DEBUG o.s.orm.jpa.JpaTransactionManager - Committing JPA transaction on EntityManager [SessionImpl(635922372<open>)]
2025-06-05 08:58:52 [http-nio-8080-exec-10] DEBUG o.s.orm.jpa.JpaTransactionManager - Initiating transaction commit
2025-06-05 08:58:52 [http-nio-8080-exec-5] INFO  c.a.f.service.NutritionixService - URL: https://trackapi.nutritionix.com/v2/natural/exercise
2025-06-05 08:58:52 [http-nio-8080-exec-7] DEBUG o.s.orm.jpa.JpaTransactionManager - Committing JPA transaction on EntityManager [SessionImpl(164463783<open>)]
2025-06-05 08:58:52 [http-nio-8080-exec-8] DEBUG o.s.web.client.RestTemplate - Accept=[application/json, application/*+json]
2025-06-05 08:58:52 [http-nio-8080-exec-1] DEBUG org.hibernate.SQL - 
    select
        u1_0.id,
        u1_0.age,
        u1_0.email,
        u1_0.email_change_code,
        u1_0.email_change_code_expiry,
        u1_0.firstname,
        u1_0.gender,
        u1_0.height,
        u1_0.lastname,
        u1_0.password,
        u1_0.pending_email,
        u1_0.profile_picture,
        u1_0.verified,
        u1_0.weight 
    from
        users u1_0 
    where
        u1_0.email=?
2025-06-05 08:58:52 [http-nio-8080-exec-2] DEBUG o.s.orm.jpa.JpaTransactionManager - Initiating transaction commit
2025-06-05 08:58:52 [http-nio-8080-exec-10] DEBUG o.s.orm.jpa.JpaTransactionManager - Committing JPA transaction on EntityManager [SessionImpl(1345801065<open>)]
2025-06-05 08:58:52 [http-nio-8080-exec-5] INFO  c.a.f.service.NutritionixService - Request Body: {weight_kg=67.5, gender=female, height_cm=149.0, query=30 minutes of Brisk Walking, age=21}
2025-06-05 08:58:52 [http-nio-8080-exec-6] DEBUG o.s.orm.jpa.JpaTransactionManager - Not closing pre-bound JPA EntityManager after transaction
2025-06-05 08:58:52 [http-nio-8080-exec-8] DEBUG o.s.web.client.RestTemplate - Writing [{weight_kg=67.5, gender=female, height_cm=149.0, query=20 minutes of Running, age=21}] as "application/json"
2025-06-05 08:58:52 [http-nio-8080-exec-7] DEBUG o.s.orm.jpa.JpaTransactionManager - Not closing pre-bound JPA EntityManager after transaction
2025-06-05 08:58:52 [http-nio-8080-exec-2] DEBUG o.s.orm.jpa.JpaTransactionManager - Committing JPA transaction on EntityManager [SessionImpl(1507495487<open>)]
2025-06-05 08:58:52 [http-nio-8080-exec-6] INFO  c.a.f.service.NutritionixService - Sending request to Nutritionix for exercise calorie estimation:
2025-06-05 08:58:52 [http-nio-8080-exec-5] DEBUG o.s.web.client.RestTemplate - HTTP POST https://trackapi.nutritionix.com/v2/natural/exercise
2025-06-05 08:58:52 [http-nio-8080-exec-10] DEBUG o.s.orm.jpa.JpaTransactionManager - Not closing pre-bound JPA EntityManager after transaction
2025-06-05 08:58:52 [http-nio-8080-exec-7] INFO  c.a.f.service.NutritionixService - Sending request to Nutritionix for exercise calorie estimation:
2025-06-05 08:58:52 [http-nio-8080-exec-1] TRACE o.s.t.i.TransactionInterceptor - Completing transaction for [com.app.fitrack.service.UserService.getAuthenticatedUser]
2025-06-05 08:58:52 [http-nio-8080-exec-6] INFO  c.a.f.service.NutritionixService - URL: https://trackapi.nutritionix.com/v2/natural/exercise
2025-06-05 08:58:52 [http-nio-8080-exec-2] DEBUG o.s.orm.jpa.JpaTransactionManager - Not closing pre-bound JPA EntityManager after transaction
2025-06-05 08:58:52 [http-nio-8080-exec-10] INFO  c.a.f.service.NutritionixService - Sending request to Nutritionix for exercise calorie estimation:
2025-06-05 08:58:52 [http-nio-8080-exec-5] DEBUG o.s.web.client.RestTemplate - Accept=[application/json, application/*+json]
2025-06-05 08:58:52 [http-nio-8080-exec-7] INFO  c.a.f.service.NutritionixService - URL: https://trackapi.nutritionix.com/v2/natural/exercise
2025-06-05 08:58:52 [http-nio-8080-exec-1] DEBUG o.s.orm.jpa.JpaTransactionManager - Initiating transaction commit
2025-06-05 08:58:52 [http-nio-8080-exec-6] INFO  c.a.f.service.NutritionixService - Request Body: {weight_kg=67.5, gender=female, height_cm=149.0, query=20 minutes of Squats, age=21}
2025-06-05 08:58:52 [http-nio-8080-exec-2] INFO  c.a.f.service.NutritionixService - Sending request to Nutritionix for exercise calorie estimation:
2025-06-05 08:58:52 [http-nio-8080-exec-10] INFO  c.a.f.service.NutritionixService - URL: https://trackapi.nutritionix.com/v2/natural/exercise
2025-06-05 08:58:52 [http-nio-8080-exec-5] DEBUG o.s.web.client.RestTemplate - Writing [{weight_kg=67.5, gender=female, height_cm=149.0, query=30 minutes of Brisk Walking, age=21}] as "application/json"
2025-06-05 08:58:52 [http-nio-8080-exec-7] INFO  c.a.f.service.NutritionixService - Request Body: {weight_kg=67.5, gender=female, height_cm=149.0, query=30 minutes of Swimming, age=21}
2025-06-05 08:58:52 [http-nio-8080-exec-1] DEBUG o.s.orm.jpa.JpaTransactionManager - Committing JPA transaction on EntityManager [SessionImpl(1772034059<open>)]
2025-06-05 08:58:52 [http-nio-8080-exec-2] INFO  c.a.f.service.NutritionixService - URL: https://trackapi.nutritionix.com/v2/natural/exercise
2025-06-05 08:58:52 [http-nio-8080-exec-6] DEBUG o.s.web.client.RestTemplate - HTTP POST https://trackapi.nutritionix.com/v2/natural/exercise
2025-06-05 08:58:52 [http-nio-8080-exec-10] INFO  c.a.f.service.NutritionixService - Request Body: {weight_kg=67.5, gender=female, height_cm=149.0, query=15 minutes of Push-ups, age=21}
2025-06-05 08:58:52 [http-nio-8080-exec-7] DEBUG o.s.web.client.RestTemplate - HTTP POST https://trackapi.nutritionix.com/v2/natural/exercise
2025-06-05 08:58:52 [http-nio-8080-exec-2] INFO  c.a.f.service.NutritionixService - Request Body: {weight_kg=67.5, gender=female, height_cm=149.0, query=15 minutes of Lunges, age=21}
2025-06-05 08:58:52 [http-nio-8080-exec-6] DEBUG o.s.web.client.RestTemplate - Accept=[application/json, application/*+json]
2025-06-05 08:58:52 [http-nio-8080-exec-10] DEBUG o.s.web.client.RestTemplate - HTTP POST https://trackapi.nutritionix.com/v2/natural/exercise
2025-06-05 08:58:52 [http-nio-8080-exec-7] DEBUG o.s.web.client.RestTemplate - Accept=[application/json, application/*+json]
2025-06-05 08:58:52 [http-nio-8080-exec-1] DEBUG o.s.orm.jpa.JpaTransactionManager - Not closing pre-bound JPA EntityManager after transaction
2025-06-05 08:58:52 [http-nio-8080-exec-2] DEBUG o.s.web.client.RestTemplate - HTTP POST https://trackapi.nutritionix.com/v2/natural/exercise
2025-06-05 08:58:52 [http-nio-8080-exec-6] DEBUG o.s.web.client.RestTemplate - Writing [{weight_kg=67.5, gender=female, height_cm=149.0, query=20 minutes of Squats, age=21}] as "application/json"
2025-06-05 08:58:52 [http-nio-8080-exec-10] DEBUG o.s.web.client.RestTemplate - Accept=[application/json, application/*+json]
2025-06-05 08:58:52 [http-nio-8080-exec-7] DEBUG o.s.web.client.RestTemplate - Writing [{weight_kg=67.5, gender=female, height_cm=149.0, query=30 minutes of Swimming, age=21}] as "application/json"
2025-06-05 08:58:52 [http-nio-8080-exec-1] INFO  c.a.f.service.NutritionixService - Sending request to Nutritionix for exercise calorie estimation:
2025-06-05 08:58:52 [http-nio-8080-exec-2] DEBUG o.s.web.client.RestTemplate - Accept=[application/json, application/*+json]
2025-06-05 08:58:52 [http-nio-8080-exec-10] DEBUG o.s.web.client.RestTemplate - Writing [{weight_kg=67.5, gender=female, height_cm=149.0, query=15 minutes of Push-ups, age=21}] as "application/json"
2025-06-05 08:58:52 [http-nio-8080-exec-1] INFO  c.a.f.service.NutritionixService - URL: https://trackapi.nutritionix.com/v2/natural/exercise
2025-06-05 08:58:52 [http-nio-8080-exec-2] DEBUG o.s.web.client.RestTemplate - Writing [{weight_kg=67.5, gender=female, height_cm=149.0, query=15 minutes of Lunges, age=21}] as "application/json"
2025-06-05 08:58:52 [http-nio-8080-exec-1] INFO  c.a.f.service.NutritionixService - Request Body: {weight_kg=67.5, gender=female, height_cm=149.0, query=5 minutes of Quad Stretch, age=21}
2025-06-05 08:58:52 [http-nio-8080-exec-1] DEBUG o.s.web.client.RestTemplate - HTTP POST https://trackapi.nutritionix.com/v2/natural/exercise
2025-06-05 08:58:52 [http-nio-8080-exec-1] DEBUG o.s.web.client.RestTemplate - Accept=[application/json, application/*+json]
2025-06-05 08:58:52 [http-nio-8080-exec-1] DEBUG o.s.web.client.RestTemplate - Writing [{weight_kg=67.5, gender=female, height_cm=149.0, query=5 minutes of Quad Stretch, age=21}] as "application/json"
2025-06-05 08:58:53 [http-nio-8080-exec-5] DEBUG o.s.web.client.RestTemplate - Response 200 OK
2025-06-05 08:58:53 [http-nio-8080-exec-2] DEBUG o.s.web.client.RestTemplate - Response 200 OK
2025-06-05 08:58:53 [http-nio-8080-exec-5] DEBUG o.s.web.client.RestTemplate - Reading to [com.fasterxml.jackson.databind.JsonNode]
2025-06-05 08:58:53 [http-nio-8080-exec-2] DEBUG o.s.web.client.RestTemplate - Reading to [com.fasterxml.jackson.databind.JsonNode]
2025-06-05 08:58:53 [http-nio-8080-exec-2] INFO  c.a.f.service.NutritionixService - Nutritionix Response: {"exercises":[{"tag_id":771,"user_input":"lunges","duration_min":15,"met":3.8,"nf_calories":64.13,"photo":{"highres":"https://d2xdmhkmkbyw75.cloudfront.net/exercise/771_highres.jpg","thumb":"https://d2xdmhkmkbyw75.cloudfront.net/exercise/771_thumb.jpg","is_user_uploaded":false},"compendium_code":2022,"name":"calisthenics","description":null,"benefits":null}]}
2025-06-05 08:58:53 [http-nio-8080-exec-5] INFO  c.a.f.service.NutritionixService - Nutritionix Response: {"exercises":[{"tag_id":100,"user_input":"walking","duration_min":30,"met":3.5,"nf_calories":118.13,"photo":{"highres":"https://d2xdmhkmkbyw75.cloudfront.net/exercise/100_highres.jpg","thumb":"https://d2xdmhkmkbyw75.cloudfront.net/exercise/100_thumb.jpg","is_user_uploaded":false},"compendium_code":17190,"name":"walking","description":null,"benefits":null}]}
2025-06-05 08:58:53 [http-nio-8080-exec-2] INFO  c.a.f.service.NutritionixService - Calculated calories: 64.13
2025-06-05 08:58:53 [http-nio-8080-exec-5] INFO  c.a.f.service.NutritionixService - Calculated calories: 118.13
2025-06-05 08:58:53 [http-nio-8080-exec-5] DEBUG o.s.w.s.m.m.a.HttpEntityMethodProcessor - Using 'application/json', given [*/*] and supported [application/json, application/*+json]
2025-06-05 08:58:53 [http-nio-8080-exec-2] DEBUG o.s.w.s.m.m.a.HttpEntityMethodProcessor - Using 'application/json', given [*/*] and supported [application/json, application/*+json]
2025-06-05 08:58:53 [http-nio-8080-exec-5] DEBUG o.s.w.s.m.m.a.HttpEntityMethodProcessor - Writing [{calories=118}]
2025-06-05 08:58:53 [http-nio-8080-exec-2] DEBUG o.s.w.s.m.m.a.HttpEntityMethodProcessor - Writing [{calories=64}]
2025-06-05 08:58:53 [http-nio-8080-exec-2] DEBUG o.s.o.j.s.OpenEntityManagerInViewInterceptor - Closing JPA EntityManager in OpenEntityManagerInViewInterceptor
2025-06-05 08:58:53 [http-nio-8080-exec-5] DEBUG o.s.o.j.s.OpenEntityManagerInViewInterceptor - Closing JPA EntityManager in OpenEntityManagerInViewInterceptor
2025-06-05 08:58:53 [http-nio-8080-exec-2] DEBUG o.s.web.servlet.DispatcherServlet - Completed 200 OK
2025-06-05 08:58:53 [http-nio-8080-exec-5] DEBUG o.s.web.servlet.DispatcherServlet - Completed 200 OK
2025-06-05 08:58:53 [http-nio-8080-exec-9] DEBUG o.s.security.web.FilterChainProxy - Securing POST /workouts/estimate-calories
2025-06-05 08:58:53 [http-nio-8080-exec-2] DEBUG o.s.security.web.FilterChainProxy - Securing POST /workouts/estimate-calories
2025-06-05 08:58:53 [http-nio-8080-exec-2] DEBUG o.s.s.w.c.HttpSessionSecurityContextRepository - Retrieved SecurityContextImpl [Authentication=UsernamePasswordAuthenticationToken [Principal=org.springframework.security.core.userdetails.User [Username=charlenedilig@gmail.com, Password=[PROTECTED], Enabled=true, AccountNonExpired=true, CredentialsNonExpired=true, AccountNonLocked=true, Granted Authorities=[ROLE_USER]], Credentials=[PROTECTED], Authenticated=true, Details=WebAuthenticationDetails [RemoteIpAddress=127.0.0.1, SessionId=461E86EE87CA6F9A8EB217445B7543D3], Granted Authorities=[ROLE_USER]]]
2025-06-05 08:58:53 [http-nio-8080-exec-9] DEBUG o.s.s.w.c.HttpSessionSecurityContextRepository - Retrieved SecurityContextImpl [Authentication=UsernamePasswordAuthenticationToken [Principal=org.springframework.security.core.userdetails.User [Username=charlenedilig@gmail.com, Password=[PROTECTED], Enabled=true, AccountNonExpired=true, CredentialsNonExpired=true, AccountNonLocked=true, Granted Authorities=[ROLE_USER]], Credentials=[PROTECTED], Authenticated=true, Details=WebAuthenticationDetails [RemoteIpAddress=127.0.0.1, SessionId=461E86EE87CA6F9A8EB217445B7543D3], Granted Authorities=[ROLE_USER]]]
2025-06-05 08:58:53 [http-nio-8080-exec-2] DEBUG o.s.security.web.FilterChainProxy - Secured POST /workouts/estimate-calories
2025-06-05 08:58:53 [http-nio-8080-exec-9] DEBUG o.s.security.web.FilterChainProxy - Secured POST /workouts/estimate-calories
2025-06-05 08:58:53 [http-nio-8080-exec-2] DEBUG o.s.web.servlet.DispatcherServlet - POST "/fitrack/workouts/estimate-calories", parameters={}
2025-06-05 08:58:53 [http-nio-8080-exec-9] DEBUG o.s.web.servlet.DispatcherServlet - POST "/fitrack/workouts/estimate-calories", parameters={}
2025-06-05 08:58:53 [http-nio-8080-exec-2] DEBUG o.s.w.s.m.m.a.RequestMappingHandlerMapping - Mapped to com.app.fitrack.controller.WorkoutController#estimateCalories(Map)
2025-06-05 08:58:53 [http-nio-8080-exec-9] DEBUG o.s.w.s.m.m.a.RequestMappingHandlerMapping - Mapped to com.app.fitrack.controller.WorkoutController#estimateCalories(Map)
2025-06-05 08:58:53 [http-nio-8080-exec-2] DEBUG o.s.o.j.s.OpenEntityManagerInViewInterceptor - Opening JPA EntityManager in OpenEntityManagerInViewInterceptor
2025-06-05 08:58:53 [http-nio-8080-exec-9] DEBUG o.s.o.j.s.OpenEntityManagerInViewInterceptor - Opening JPA EntityManager in OpenEntityManagerInViewInterceptor
2025-06-05 08:58:53 [http-nio-8080-exec-7] DEBUG o.s.web.client.RestTemplate - Response 200 OK
2025-06-05 08:58:53 [http-nio-8080-exec-9] DEBUG o.s.w.s.m.m.a.RequestResponseBodyMethodProcessor - Read "application/json;charset=UTF-8" to [{workoutName=Hamstring Stretch, duration=5}]
2025-06-05 08:58:53 [http-nio-8080-exec-2] DEBUG o.s.w.s.m.m.a.RequestResponseBodyMethodProcessor - Read "application/json;charset=UTF-8" to [{workoutName=Dancing, duration=30}]
2025-06-05 08:58:53 [http-nio-8080-exec-7] DEBUG o.s.web.client.RestTemplate - Reading to [com.fasterxml.jackson.databind.JsonNode]
2025-06-05 08:58:53 [http-nio-8080-exec-9] DEBUG o.s.orm.jpa.JpaTransactionManager - Found thread-bound EntityManager [SessionImpl(31974822<open>)] for JPA transaction
2025-06-05 08:58:53 [http-nio-8080-exec-2] DEBUG o.s.orm.jpa.JpaTransactionManager - Found thread-bound EntityManager [SessionImpl(965768056<open>)] for JPA transaction
2025-06-05 08:58:53 [http-nio-8080-exec-10] DEBUG o.s.web.client.RestTemplate - Response 200 OK
2025-06-05 08:58:53 [http-nio-8080-exec-9] DEBUG o.s.orm.jpa.JpaTransactionManager - Creating new transaction with name [com.app.fitrack.service.UserService.getAuthenticatedUser]: PROPAGATION_REQUIRED,ISOLATION_DEFAULT
2025-06-05 08:58:53 [http-nio-8080-exec-7] INFO  c.a.f.service.NutritionixService - Nutritionix Response: {"exercises":[{"tag_id":63,"user_input":"swimming","duration_min":30,"met":6,"nf_calories":202.5,"photo":{"highres":"https://d2xdmhkmkbyw75.cloudfront.net/exercise//63_highres.jpg","thumb":"https://d2xdmhkmkbyw75.cloudfront.net/exercise//63_thumb.jpg","is_user_uploaded":false},"compendium_code":18310,"name":"swimming","description":null,"benefits":null}]}
2025-06-05 08:58:53 [http-nio-8080-exec-2] DEBUG o.s.orm.jpa.JpaTransactionManager - Creating new transaction with name [com.app.fitrack.service.UserService.getAuthenticatedUser]: PROPAGATION_REQUIRED,ISOLATION_DEFAULT
2025-06-05 08:58:53 [http-nio-8080-exec-10] DEBUG o.s.web.client.RestTemplate - Reading to [com.fasterxml.jackson.databind.JsonNode]
2025-06-05 08:58:53 [http-nio-8080-exec-7] INFO  c.a.f.service.NutritionixService - Calculated calories: 202.5
2025-06-05 08:58:53 [http-nio-8080-exec-9] DEBUG o.s.orm.jpa.JpaTransactionManager - Exposing JPA transaction as JDBC [org.springframework.orm.jpa.vendor.HibernateJpaDialect$HibernateConnectionHandle@4b225eb0]
2025-06-05 08:58:53 [http-nio-8080-exec-2] DEBUG o.s.orm.jpa.JpaTransactionManager - Exposing JPA transaction as JDBC [org.springframework.orm.jpa.vendor.HibernateJpaDialect$HibernateConnectionHandle@6afb246d]
2025-06-05 08:58:53 [http-nio-8080-exec-9] TRACE o.s.t.i.TransactionInterceptor - Getting transaction for [com.app.fitrack.service.UserService.getAuthenticatedUser]
2025-06-05 08:58:53 [http-nio-8080-exec-7] DEBUG o.s.w.s.m.m.a.HttpEntityMethodProcessor - Using 'application/json', given [*/*] and supported [application/json, application/*+json]
2025-06-05 08:58:53 [http-nio-8080-exec-10] INFO  c.a.f.service.NutritionixService - Nutritionix Response: {"exercises":[{"tag_id":824,"user_input":"push ups","duration_min":15,"met":3.8,"nf_calories":64.13,"photo":{"highres":"https://d2xdmhkmkbyw75.cloudfront.net/exercise/824_highres.jpg","thumb":"https://d2xdmhkmkbyw75.cloudfront.net/exercise/824_thumb.jpg","is_user_uploaded":false},"compendium_code":2022,"name":"push-up","description":null,"benefits":null}]}
2025-06-05 08:58:53 [http-nio-8080-exec-2] TRACE o.s.t.i.TransactionInterceptor - Getting transaction for [com.app.fitrack.service.UserService.getAuthenticatedUser]
2025-06-05 08:58:53 [http-nio-8080-exec-9] TRACE o.s.t.i.TransactionInterceptor - No need to create transaction for [org.springframework.data.jpa.repository.support.SimpleJpaRepository.findByEmail]: This method is not transactional.
2025-06-05 08:58:53 [http-nio-8080-exec-7] DEBUG o.s.w.s.m.m.a.HttpEntityMethodProcessor - Writing [{calories=203}]
2025-06-05 08:58:53 [http-nio-8080-exec-10] INFO  c.a.f.service.NutritionixService - Calculated calories: 64.13
2025-06-05 08:58:53 [http-nio-8080-exec-2] TRACE o.s.t.i.TransactionInterceptor - No need to create transaction for [org.springframework.data.jpa.repository.support.SimpleJpaRepository.findByEmail]: This method is not transactional.
2025-06-05 08:58:53 [http-nio-8080-exec-9] DEBUG org.hibernate.SQL - 
    select
        u1_0.id,
        u1_0.age,
        u1_0.email,
        u1_0.email_change_code,
        u1_0.email_change_code_expiry,
        u1_0.firstname,
        u1_0.gender,
        u1_0.height,
        u1_0.lastname,
        u1_0.password,
        u1_0.pending_email,
        u1_0.profile_picture,
        u1_0.verified,
        u1_0.weight 
    from
        users u1_0 
    where
        u1_0.email=?
2025-06-05 08:58:53 [http-nio-8080-exec-10] DEBUG o.s.w.s.m.m.a.HttpEntityMethodProcessor - Using 'application/json', given [*/*] and supported [application/json, application/*+json]
2025-06-05 08:58:53 [http-nio-8080-exec-7] DEBUG o.s.o.j.s.OpenEntityManagerInViewInterceptor - Closing JPA EntityManager in OpenEntityManagerInViewInterceptor
2025-06-05 08:58:53 [http-nio-8080-exec-2] DEBUG org.hibernate.SQL - 
    select
        u1_0.id,
        u1_0.age,
        u1_0.email,
        u1_0.email_change_code,
        u1_0.email_change_code_expiry,
        u1_0.firstname,
        u1_0.gender,
        u1_0.height,
        u1_0.lastname,
        u1_0.password,
        u1_0.pending_email,
        u1_0.profile_picture,
        u1_0.verified,
        u1_0.weight 
    from
        users u1_0 
    where
        u1_0.email=?
2025-06-05 08:58:53 [http-nio-8080-exec-10] DEBUG o.s.w.s.m.m.a.HttpEntityMethodProcessor - Writing [{calories=64}]
2025-06-05 08:58:53 [http-nio-8080-exec-7] DEBUG o.s.web.servlet.DispatcherServlet - Completed 200 OK
2025-06-05 08:58:53 [http-nio-8080-exec-9] TRACE o.s.t.i.TransactionInterceptor - Completing transaction for [com.app.fitrack.service.UserService.getAuthenticatedUser]
2025-06-05 08:58:53 [http-nio-8080-exec-10] DEBUG o.s.o.j.s.OpenEntityManagerInViewInterceptor - Closing JPA EntityManager in OpenEntityManagerInViewInterceptor
2025-06-05 08:58:53 [http-nio-8080-exec-9] DEBUG o.s.orm.jpa.JpaTransactionManager - Initiating transaction commit
2025-06-05 08:58:53 [http-nio-8080-exec-10] DEBUG o.s.web.servlet.DispatcherServlet - Completed 200 OK
2025-06-05 08:58:53 [http-nio-8080-exec-9] DEBUG o.s.orm.jpa.JpaTransactionManager - Committing JPA transaction on EntityManager [SessionImpl(31974822<open>)]
2025-06-05 08:58:53 [http-nio-8080-exec-2] TRACE o.s.t.i.TransactionInterceptor - Completing transaction for [com.app.fitrack.service.UserService.getAuthenticatedUser]
2025-06-05 08:58:53 [http-nio-8080-exec-2] DEBUG o.s.orm.jpa.JpaTransactionManager - Initiating transaction commit
2025-06-05 08:58:53 [http-nio-8080-exec-2] DEBUG o.s.orm.jpa.JpaTransactionManager - Committing JPA transaction on EntityManager [SessionImpl(965768056<open>)]
2025-06-05 08:58:53 [http-nio-8080-exec-9] DEBUG o.s.orm.jpa.JpaTransactionManager - Not closing pre-bound JPA EntityManager after transaction
2025-06-05 08:58:53 [http-nio-8080-exec-9] INFO  c.a.f.service.NutritionixService - Sending request to Nutritionix for exercise calorie estimation:
2025-06-05 08:58:53 [http-nio-8080-exec-9] INFO  c.a.f.service.NutritionixService - URL: https://trackapi.nutritionix.com/v2/natural/exercise
2025-06-05 08:58:53 [http-nio-8080-exec-10] DEBUG o.s.security.web.FilterChainProxy - Securing POST /workouts/estimate-calories
2025-06-05 08:58:53 [http-nio-8080-exec-9] INFO  c.a.f.service.NutritionixService - Request Body: {weight_kg=67.5, gender=female, height_cm=149.0, query=5 minutes of Hamstring Stretch, age=21}
2025-06-05 08:58:53 [http-nio-8080-exec-7] DEBUG o.s.security.web.FilterChainProxy - Securing POST /workouts/estimate-calories
2025-06-05 08:58:53 [http-nio-8080-exec-9] DEBUG o.s.web.client.RestTemplate - HTTP POST https://trackapi.nutritionix.com/v2/natural/exercise
2025-06-05 08:58:53 [http-nio-8080-exec-9] DEBUG o.s.web.client.RestTemplate - Accept=[application/json, application/*+json]
2025-06-05 08:58:53 [http-nio-8080-exec-10] DEBUG o.s.s.w.c.HttpSessionSecurityContextRepository - Retrieved SecurityContextImpl [Authentication=UsernamePasswordAuthenticationToken [Principal=org.springframework.security.core.userdetails.User [Username=charlenedilig@gmail.com, Password=[PROTECTED], Enabled=true, AccountNonExpired=true, CredentialsNonExpired=true, AccountNonLocked=true, Granted Authorities=[ROLE_USER]], Credentials=[PROTECTED], Authenticated=true, Details=WebAuthenticationDetails [RemoteIpAddress=127.0.0.1, SessionId=461E86EE87CA6F9A8EB217445B7543D3], Granted Authorities=[ROLE_USER]]]
2025-06-05 08:58:53 [http-nio-8080-exec-9] DEBUG o.s.web.client.RestTemplate - Writing [{weight_kg=67.5, gender=female, height_cm=149.0, query=5 minutes of Hamstring Stretch, age=21}] as "application/json"
2025-06-05 08:58:53 [http-nio-8080-exec-7] DEBUG o.s.s.w.c.HttpSessionSecurityContextRepository - Retrieved SecurityContextImpl [Authentication=UsernamePasswordAuthenticationToken [Principal=org.springframework.security.core.userdetails.User [Username=charlenedilig@gmail.com, Password=[PROTECTED], Enabled=true, AccountNonExpired=true, CredentialsNonExpired=true, AccountNonLocked=true, Granted Authorities=[ROLE_USER]], Credentials=[PROTECTED], Authenticated=true, Details=WebAuthenticationDetails [RemoteIpAddress=127.0.0.1, SessionId=461E86EE87CA6F9A8EB217445B7543D3], Granted Authorities=[ROLE_USER]]]
2025-06-05 08:58:53 [http-nio-8080-exec-10] DEBUG o.s.security.web.FilterChainProxy - Secured POST /workouts/estimate-calories
2025-06-05 08:58:53 [http-nio-8080-exec-2] DEBUG o.s.orm.jpa.JpaTransactionManager - Not closing pre-bound JPA EntityManager after transaction
2025-06-05 08:58:53 [http-nio-8080-exec-7] DEBUG o.s.security.web.FilterChainProxy - Secured POST /workouts/estimate-calories
2025-06-05 08:58:53 [http-nio-8080-exec-10] DEBUG o.s.web.servlet.DispatcherServlet - POST "/fitrack/workouts/estimate-calories", parameters={}
2025-06-05 08:58:53 [http-nio-8080-exec-2] INFO  c.a.f.service.NutritionixService - Sending request to Nutritionix for exercise calorie estimation:
2025-06-05 08:58:53 [http-nio-8080-exec-7] DEBUG o.s.web.servlet.DispatcherServlet - POST "/fitrack/workouts/estimate-calories", parameters={}
2025-06-05 08:58:53 [http-nio-8080-exec-2] INFO  c.a.f.service.NutritionixService - URL: https://trackapi.nutritionix.com/v2/natural/exercise
2025-06-05 08:58:53 [http-nio-8080-exec-10] DEBUG o.s.w.s.m.m.a.RequestMappingHandlerMapping - Mapped to com.app.fitrack.controller.WorkoutController#estimateCalories(Map)
2025-06-05 08:58:53 [http-nio-8080-exec-7] DEBUG o.s.w.s.m.m.a.RequestMappingHandlerMapping - Mapped to com.app.fitrack.controller.WorkoutController#estimateCalories(Map)
2025-06-05 08:58:53 [http-nio-8080-exec-2] INFO  c.a.f.service.NutritionixService - Request Body: {weight_kg=67.5, gender=female, height_cm=149.0, query=30 minutes of Dancing, age=21}
2025-06-05 08:58:53 [http-nio-8080-exec-10] DEBUG o.s.o.j.s.OpenEntityManagerInViewInterceptor - Opening JPA EntityManager in OpenEntityManagerInViewInterceptor
2025-06-05 08:58:53 [http-nio-8080-exec-7] DEBUG o.s.o.j.s.OpenEntityManagerInViewInterceptor - Opening JPA EntityManager in OpenEntityManagerInViewInterceptor
2025-06-05 08:58:53 [http-nio-8080-exec-3] DEBUG o.s.web.client.RestTemplate - Response 200 OK
2025-06-05 08:58:53 [http-nio-8080-exec-2] DEBUG o.s.web.client.RestTemplate - HTTP POST https://trackapi.nutritionix.com/v2/natural/exercise
2025-06-05 08:58:53 [http-nio-8080-exec-3] DEBUG o.s.web.client.RestTemplate - Reading to [com.fasterxml.jackson.databind.JsonNode]
2025-06-05 08:58:53 [http-nio-8080-exec-7] DEBUG o.s.w.s.m.m.a.RequestResponseBodyMethodProcessor - Read "application/json;charset=UTF-8" to [{workoutName=Basketball, duration=30}]
2025-06-05 08:58:53 [http-nio-8080-exec-10] DEBUG o.s.w.s.m.m.a.RequestResponseBodyMethodProcessor - Read "application/json;charset=UTF-8" to [{workoutName=Pilates (e.g., The Hundred), duration=20}]
2025-06-05 08:58:53 [http-nio-8080-exec-7] DEBUG o.s.orm.jpa.JpaTransactionManager - Found thread-bound EntityManager [SessionImpl(119884075<open>)] for JPA transaction
2025-06-05 08:58:53 [http-nio-8080-exec-2] DEBUG o.s.web.client.RestTemplate - Accept=[application/json, application/*+json]
2025-06-05 08:58:53 [http-nio-8080-exec-3] INFO  c.a.f.service.NutritionixService - Nutritionix Response: {"exercises":[{"tag_id":894,"user_input":"jumping jacks","duration_min":10,"met":8,"nf_calories":90,"photo":{"highres":"https://d2xdmhkmkbyw75.cloudfront.net/exercise/894_highres.jpg","thumb":"https://d2xdmhkmkbyw75.cloudfront.net/exercise/894_thumb.jpg","is_user_uploaded":false},"compendium_code":2020,"name":"jumping jacks","description":null,"benefits":null}]}
2025-06-05 08:58:53 [http-nio-8080-exec-10] DEBUG o.s.orm.jpa.JpaTransactionManager - Found thread-bound EntityManager [SessionImpl(1366013223<open>)] for JPA transaction
2025-06-05 08:58:53 [http-nio-8080-exec-7] DEBUG o.s.orm.jpa.JpaTransactionManager - Creating new transaction with name [com.app.fitrack.service.UserService.getAuthenticatedUser]: PROPAGATION_REQUIRED,ISOLATION_DEFAULT
2025-06-05 08:58:53 [http-nio-8080-exec-2] DEBUG o.s.web.client.RestTemplate - Writing [{weight_kg=67.5, gender=female, height_cm=149.0, query=30 minutes of Dancing, age=21}] as "application/json"
2025-06-05 08:58:53 [http-nio-8080-exec-3] INFO  c.a.f.service.NutritionixService - Calculated calories: 90.0
2025-06-05 08:58:53 [http-nio-8080-exec-10] DEBUG o.s.orm.jpa.JpaTransactionManager - Creating new transaction with name [com.app.fitrack.service.UserService.getAuthenticatedUser]: PROPAGATION_REQUIRED,ISOLATION_DEFAULT
2025-06-05 08:58:53 [http-nio-8080-exec-7] DEBUG o.s.orm.jpa.JpaTransactionManager - Exposing JPA transaction as JDBC [org.springframework.orm.jpa.vendor.HibernateJpaDialect$HibernateConnectionHandle@35aa2826]
2025-06-05 08:58:53 [http-nio-8080-exec-3] DEBUG o.s.w.s.m.m.a.HttpEntityMethodProcessor - Using 'application/json', given [*/*] and supported [application/json, application/*+json]
2025-06-05 08:58:53 [http-nio-8080-exec-7] TRACE o.s.t.i.TransactionInterceptor - Getting transaction for [com.app.fitrack.service.UserService.getAuthenticatedUser]
2025-06-05 08:58:53 [http-nio-8080-exec-10] DEBUG o.s.orm.jpa.JpaTransactionManager - Exposing JPA transaction as JDBC [org.springframework.orm.jpa.vendor.HibernateJpaDialect$HibernateConnectionHandle@78fc99f0]
2025-06-05 08:58:53 [http-nio-8080-exec-3] DEBUG o.s.w.s.m.m.a.HttpEntityMethodProcessor - Writing [{calories=90}]
2025-06-05 08:58:53 [http-nio-8080-exec-7] TRACE o.s.t.i.TransactionInterceptor - No need to create transaction for [org.springframework.data.jpa.repository.support.SimpleJpaRepository.findByEmail]: This method is not transactional.
2025-06-05 08:58:53 [http-nio-8080-exec-10] TRACE o.s.t.i.TransactionInterceptor - Getting transaction for [com.app.fitrack.service.UserService.getAuthenticatedUser]
2025-06-05 08:58:53 [http-nio-8080-exec-10] TRACE o.s.t.i.TransactionInterceptor - No need to create transaction for [org.springframework.data.jpa.repository.support.SimpleJpaRepository.findByEmail]: This method is not transactional.
2025-06-05 08:58:53 [http-nio-8080-exec-3] DEBUG o.s.o.j.s.OpenEntityManagerInViewInterceptor - Closing JPA EntityManager in OpenEntityManagerInViewInterceptor
2025-06-05 08:58:53 [http-nio-8080-exec-7] DEBUG org.hibernate.SQL - 
    select
        u1_0.id,
        u1_0.age,
        u1_0.email,
        u1_0.email_change_code,
        u1_0.email_change_code_expiry,
        u1_0.firstname,
        u1_0.gender,
        u1_0.height,
        u1_0.lastname,
        u1_0.password,
        u1_0.pending_email,
        u1_0.profile_picture,
        u1_0.verified,
        u1_0.weight 
    from
        users u1_0 
    where
        u1_0.email=?
2025-06-05 08:58:53 [http-nio-8080-exec-3] DEBUG o.s.web.servlet.DispatcherServlet - Completed 200 OK
2025-06-05 08:58:53 [http-nio-8080-exec-10] DEBUG org.hibernate.SQL - 
    select
        u1_0.id,
        u1_0.age,
        u1_0.email,
        u1_0.email_change_code,
        u1_0.email_change_code_expiry,
        u1_0.firstname,
        u1_0.gender,
        u1_0.height,
        u1_0.lastname,
        u1_0.password,
        u1_0.pending_email,
        u1_0.profile_picture,
        u1_0.verified,
        u1_0.weight 
    from
        users u1_0 
    where
        u1_0.email=?
2025-06-05 08:58:53 [http-nio-8080-exec-5] DEBUG o.s.security.web.FilterChainProxy - Securing POST /workouts/estimate-calories
2025-06-05 08:58:53 [http-nio-8080-exec-7] TRACE o.s.t.i.TransactionInterceptor - Completing transaction for [com.app.fitrack.service.UserService.getAuthenticatedUser]
2025-06-05 08:58:53 [http-nio-8080-exec-5] DEBUG o.s.s.w.c.HttpSessionSecurityContextRepository - Retrieved SecurityContextImpl [Authentication=UsernamePasswordAuthenticationToken [Principal=org.springframework.security.core.userdetails.User [Username=charlenedilig@gmail.com, Password=[PROTECTED], Enabled=true, AccountNonExpired=true, CredentialsNonExpired=true, AccountNonLocked=true, Granted Authorities=[ROLE_USER]], Credentials=[PROTECTED], Authenticated=true, Details=WebAuthenticationDetails [RemoteIpAddress=127.0.0.1, SessionId=461E86EE87CA6F9A8EB217445B7543D3], Granted Authorities=[ROLE_USER]]]
2025-06-05 08:58:53 [http-nio-8080-exec-8] DEBUG o.s.web.client.RestTemplate - Response 200 OK
2025-06-05 08:58:53 [http-nio-8080-exec-7] DEBUG o.s.orm.jpa.JpaTransactionManager - Initiating transaction commit
2025-06-05 08:58:53 [http-nio-8080-exec-8] DEBUG o.s.web.client.RestTemplate - Reading to [com.fasterxml.jackson.databind.JsonNode]
2025-06-05 08:58:53 [http-nio-8080-exec-7] DEBUG o.s.orm.jpa.JpaTransactionManager - Committing JPA transaction on EntityManager [SessionImpl(119884075<open>)]
2025-06-05 08:58:53 [http-nio-8080-exec-5] DEBUG o.s.security.web.FilterChainProxy - Secured POST /workouts/estimate-calories
2025-06-05 08:58:53 [http-nio-8080-exec-10] TRACE o.s.t.i.TransactionInterceptor - Completing transaction for [com.app.fitrack.service.UserService.getAuthenticatedUser]
2025-06-05 08:58:53 [http-nio-8080-exec-8] INFO  c.a.f.service.NutritionixService - Nutritionix Response: {"exercises":[{"tag_id":317,"user_input":"running","duration_min":20,"met":9.8,"nf_calories":220.5,"photo":{"highres":"https://d2xdmhkmkbyw75.cloudfront.net/exercise/317_highres.jpg","thumb":"https://d2xdmhkmkbyw75.cloudfront.net/exercise/317_thumb.jpg","is_user_uploaded":false},"compendium_code":12050,"name":"running","description":null,"benefits":null}]}
2025-06-05 08:58:53 [http-nio-8080-exec-5] DEBUG o.s.web.servlet.DispatcherServlet - POST "/fitrack/workouts/estimate-calories", parameters={}
2025-06-05 08:58:53 [http-nio-8080-exec-10] DEBUG o.s.orm.jpa.JpaTransactionManager - Initiating transaction commit
2025-06-05 08:58:53 [http-nio-8080-exec-7] DEBUG o.s.orm.jpa.JpaTransactionManager - Not closing pre-bound JPA EntityManager after transaction
2025-06-05 08:58:53 [http-nio-8080-exec-8] INFO  c.a.f.service.NutritionixService - Calculated calories: 220.5
2025-06-05 08:58:53 [http-nio-8080-exec-5] DEBUG o.s.w.s.m.m.a.RequestMappingHandlerMapping - Mapped to com.app.fitrack.controller.WorkoutController#estimateCalories(Map)
2025-06-05 08:58:53 [http-nio-8080-exec-10] DEBUG o.s.orm.jpa.JpaTransactionManager - Committing JPA transaction on EntityManager [SessionImpl(1366013223<open>)]
2025-06-05 08:58:53 [http-nio-8080-exec-7] INFO  c.a.f.service.NutritionixService - Sending request to Nutritionix for exercise calorie estimation:
2025-06-05 08:58:53 [http-nio-8080-exec-5] DEBUG o.s.o.j.s.OpenEntityManagerInViewInterceptor - Opening JPA EntityManager in OpenEntityManagerInViewInterceptor
2025-06-05 08:58:53 [http-nio-8080-exec-8] DEBUG o.s.w.s.m.m.a.HttpEntityMethodProcessor - Using 'application/json', given [*/*] and supported [application/json, application/*+json]
2025-06-05 08:58:53 [http-nio-8080-exec-7] INFO  c.a.f.service.NutritionixService - URL: https://trackapi.nutritionix.com/v2/natural/exercise
2025-06-05 08:58:53 [http-nio-8080-exec-10] DEBUG o.s.orm.jpa.JpaTransactionManager - Not closing pre-bound JPA EntityManager after transaction
2025-06-05 08:58:53 [http-nio-8080-exec-8] DEBUG o.s.w.s.m.m.a.HttpEntityMethodProcessor - Writing [{calories=221}]
2025-06-05 08:58:53 [http-nio-8080-exec-7] INFO  c.a.f.service.NutritionixService - Request Body: {weight_kg=67.5, gender=female, height_cm=149.0, query=30 minutes of Basketball, age=21}
2025-06-05 08:58:53 [http-nio-8080-exec-10] INFO  c.a.f.service.NutritionixService - Sending request to Nutritionix for exercise calorie estimation:
2025-06-05 08:58:53 [http-nio-8080-exec-5] DEBUG o.s.w.s.m.m.a.RequestResponseBodyMethodProcessor - Read "application/json;charset=UTF-8" to [{workoutName=Medicine Ball Slams, duration=10}]
2025-06-05 08:58:53 [http-nio-8080-exec-10] INFO  c.a.f.service.NutritionixService - URL: https://trackapi.nutritionix.com/v2/natural/exercise
2025-06-05 08:58:53 [http-nio-8080-exec-7] DEBUG o.s.web.client.RestTemplate - HTTP POST https://trackapi.nutritionix.com/v2/natural/exercise
2025-06-05 08:58:53 [http-nio-8080-exec-4] DEBUG o.s.web.client.RestTemplate - Response 200 OK
2025-06-05 08:58:53 [http-nio-8080-exec-8] DEBUG o.s.o.j.s.OpenEntityManagerInViewInterceptor - Closing JPA EntityManager in OpenEntityManagerInViewInterceptor
2025-06-05 08:58:53 [http-nio-8080-exec-10] INFO  c.a.f.service.NutritionixService - Request Body: {weight_kg=67.5, gender=female, height_cm=149.0, query=20 minutes of Pilates (e.g., The Hundred), age=21}
2025-06-05 08:58:53 [http-nio-8080-exec-5] DEBUG o.s.orm.jpa.JpaTransactionManager - Found thread-bound EntityManager [SessionImpl(1106712573<open>)] for JPA transaction
2025-06-05 08:58:53 [http-nio-8080-exec-4] DEBUG o.s.web.client.RestTemplate - Reading to [com.fasterxml.jackson.databind.JsonNode]
2025-06-05 08:58:53 [http-nio-8080-exec-7] DEBUG o.s.web.client.RestTemplate - Accept=[application/json, application/*+json]
2025-06-05 08:58:53 [http-nio-8080-exec-8] DEBUG o.s.web.servlet.DispatcherServlet - Completed 200 OK
2025-06-05 08:58:53 [http-nio-8080-exec-10] DEBUG o.s.web.client.RestTemplate - HTTP POST https://trackapi.nutritionix.com/v2/natural/exercise
2025-06-05 08:58:53 [http-nio-8080-exec-5] DEBUG o.s.orm.jpa.JpaTransactionManager - Creating new transaction with name [com.app.fitrack.service.UserService.getAuthenticatedUser]: PROPAGATION_REQUIRED,ISOLATION_DEFAULT
2025-06-05 08:58:53 [http-nio-8080-exec-7] DEBUG o.s.web.client.RestTemplate - Writing [{weight_kg=67.5, gender=female, height_cm=149.0, query=30 minutes of Basketball, age=21}] as "application/json"
2025-06-05 08:58:53 [http-nio-8080-exec-4] INFO  c.a.f.service.NutritionixService - Nutritionix Response: {"exercises":[{"tag_id":5,"user_input":"cycling","duration_min":30,"met":10,"nf_calories":337.5,"photo":{"highres":"https://d2xdmhkmkbyw75.cloudfront.net/exercise/5_highres.jpg","thumb":"https://d2xdmhkmkbyw75.cloudfront.net/exercise/5_thumb.jpg","is_user_uploaded":false},"compendium_code":1040,"name":"road cycling","description":null,"benefits":null}]}
2025-06-05 08:58:53 [http-nio-8080-exec-10] DEBUG o.s.web.client.RestTemplate - Accept=[application/json, application/*+json]
2025-06-05 08:58:53 [http-nio-8080-exec-5] DEBUG o.s.orm.jpa.JpaTransactionManager - Exposing JPA transaction as JDBC [org.springframework.orm.jpa.vendor.HibernateJpaDialect$HibernateConnectionHandle@49268ea7]
2025-06-05 08:58:53 [http-nio-8080-exec-10] DEBUG o.s.web.client.RestTemplate - Writing [{weight_kg=67.5, gender=female, height_cm=149.0, query=20 minutes of Pilates (e.g., The Hundred), age=21}] as "application/json"
2025-06-05 08:58:53 [http-nio-8080-exec-4] INFO  c.a.f.service.NutritionixService - Calculated calories: 337.5
2025-06-05 08:58:53 [http-nio-8080-exec-5] TRACE o.s.t.i.TransactionInterceptor - Getting transaction for [com.app.fitrack.service.UserService.getAuthenticatedUser]
2025-06-05 08:58:53 [http-nio-8080-exec-5] TRACE o.s.t.i.TransactionInterceptor - No need to create transaction for [org.springframework.data.jpa.repository.support.SimpleJpaRepository.findByEmail]: This method is not transactional.
2025-06-05 08:58:53 [http-nio-8080-exec-4] DEBUG o.s.w.s.m.m.a.HttpEntityMethodProcessor - Using 'application/json', given [*/*] and supported [application/json, application/*+json]
2025-06-05 08:58:53 [http-nio-8080-exec-4] DEBUG o.s.w.s.m.m.a.HttpEntityMethodProcessor - Writing [{calories=338}]
2025-06-05 08:58:53 [http-nio-8080-exec-5] DEBUG org.hibernate.SQL - 
    select
        u1_0.id,
        u1_0.age,
        u1_0.email,
        u1_0.email_change_code,
        u1_0.email_change_code_expiry,
        u1_0.firstname,
        u1_0.gender,
        u1_0.height,
        u1_0.lastname,
        u1_0.password,
        u1_0.pending_email,
        u1_0.profile_picture,
        u1_0.verified,
        u1_0.weight 
    from
        users u1_0 
    where
        u1_0.email=?
2025-06-05 08:58:53 [http-nio-8080-exec-3] DEBUG o.s.security.web.FilterChainProxy - Securing POST /workouts/estimate-calories
2025-06-05 08:58:53 [http-nio-8080-exec-4] DEBUG o.s.o.j.s.OpenEntityManagerInViewInterceptor - Closing JPA EntityManager in OpenEntityManagerInViewInterceptor
2025-06-05 08:58:53 [http-nio-8080-exec-1] DEBUG o.s.web.client.RestTemplate - Response 200 OK
2025-06-05 08:58:53 [http-nio-8080-exec-6] DEBUG o.s.web.client.RestTemplate - Response 200 OK
2025-06-05 08:58:53 [http-nio-8080-exec-1] DEBUG o.s.web.client.RestTemplate - Reading to [com.fasterxml.jackson.databind.JsonNode]
2025-06-05 08:58:53 [http-nio-8080-exec-3] DEBUG o.s.s.w.c.HttpSessionSecurityContextRepository - Retrieved SecurityContextImpl [Authentication=UsernamePasswordAuthenticationToken [Principal=org.springframework.security.core.userdetails.User [Username=charlenedilig@gmail.com, Password=[PROTECTED], Enabled=true, AccountNonExpired=true, CredentialsNonExpired=true, AccountNonLocked=true, Granted Authorities=[ROLE_USER]], Credentials=[PROTECTED], Authenticated=true, Details=WebAuthenticationDetails [RemoteIpAddress=127.0.0.1, SessionId=461E86EE87CA6F9A8EB217445B7543D3], Granted Authorities=[ROLE_USER]]]
2025-06-05 08:58:53 [http-nio-8080-exec-4] DEBUG o.s.web.servlet.DispatcherServlet - Completed 200 OK
2025-06-05 08:58:53 [http-nio-8080-exec-6] DEBUG o.s.web.client.RestTemplate - Reading to [com.fasterxml.jackson.databind.JsonNode]
2025-06-05 08:58:53 [http-nio-8080-exec-1] INFO  c.a.f.service.NutritionixService - Nutritionix Response: {"exercises":[{"tag_id":758,"user_input":"stretch","duration_min":5,"met":2.3,"nf_calories":12.94,"photo":{"highres":"https://d2xdmhkmkbyw75.cloudfront.net/exercise/758_highres.jpg","thumb":"https://d2xdmhkmkbyw75.cloudfront.net/exercise/758_thumb.jpg","is_user_uploaded":false},"compendium_code":2101,"name":"stretching","description":null,"benefits":null}]}
2025-06-05 08:58:53 [http-nio-8080-exec-5] TRACE o.s.t.i.TransactionInterceptor - Completing transaction for [com.app.fitrack.service.UserService.getAuthenticatedUser]
2025-06-05 08:58:53 [http-nio-8080-exec-3] DEBUG o.s.security.web.FilterChainProxy - Secured POST /workouts/estimate-calories
2025-06-05 08:58:53 [http-nio-8080-exec-6] INFO  c.a.f.service.NutritionixService - Nutritionix Response: {"exercises":[{"tag_id":780,"user_input":"squats","duration_min":20,"met":5,"nf_calories":112.5,"photo":{"highres":"https://d2xdmhkmkbyw75.cloudfront.net/exercise/780_highres.jpg","thumb":"https://d2xdmhkmkbyw75.cloudfront.net/exercise/780_thumb.jpg","is_user_uploaded":false},"compendium_code":2052,"name":"squats","description":null,"benefits":null}]}
2025-06-05 08:58:53 [http-nio-8080-exec-1] INFO  c.a.f.service.NutritionixService - Calculated calories: 12.94
2025-06-05 08:58:53 [http-nio-8080-exec-5] DEBUG o.s.orm.jpa.JpaTransactionManager - Initiating transaction commit
2025-06-05 08:58:53 [http-nio-8080-exec-3] DEBUG o.s.web.servlet.DispatcherServlet - POST "/fitrack/workouts/estimate-calories", parameters={}
2025-06-05 08:58:53 [http-nio-8080-exec-6] INFO  c.a.f.service.NutritionixService - Calculated calories: 112.5
2025-06-05 08:58:53 [http-nio-8080-exec-5] DEBUG o.s.orm.jpa.JpaTransactionManager - Committing JPA transaction on EntityManager [SessionImpl(1106712573<open>)]
2025-06-05 08:58:53 [http-nio-8080-exec-1] DEBUG o.s.w.s.m.m.a.HttpEntityMethodProcessor - Using 'application/json', given [*/*] and supported [application/json, application/*+json]
2025-06-05 08:58:53 [http-nio-8080-exec-3] DEBUG o.s.w.s.m.m.a.RequestMappingHandlerMapping - Mapped to com.app.fitrack.controller.WorkoutController#estimateCalories(Map)
2025-06-05 08:58:53 [http-nio-8080-exec-6] DEBUG o.s.w.s.m.m.a.HttpEntityMethodProcessor - Using 'application/json', given [*/*] and supported [application/json, application/*+json]
2025-06-05 08:58:53 [http-nio-8080-exec-8] DEBUG o.s.security.web.FilterChainProxy - Securing POST /workouts/estimate-calories
2025-06-05 08:58:53 [http-nio-8080-exec-1] DEBUG o.s.w.s.m.m.a.HttpEntityMethodProcessor - Writing [{calories=13}]
2025-06-05 08:58:53 [http-nio-8080-exec-3] DEBUG o.s.o.j.s.OpenEntityManagerInViewInterceptor - Opening JPA EntityManager in OpenEntityManagerInViewInterceptor
2025-06-05 08:58:53 [http-nio-8080-exec-6] DEBUG o.s.w.s.m.m.a.HttpEntityMethodProcessor - Writing [{calories=113}]
2025-06-05 08:58:53 [http-nio-8080-exec-5] DEBUG o.s.orm.jpa.JpaTransactionManager - Not closing pre-bound JPA EntityManager after transaction
2025-06-05 08:58:53 [http-nio-8080-exec-5] INFO  c.a.f.service.NutritionixService - Sending request to Nutritionix for exercise calorie estimation:
2025-06-05 08:58:53 [http-nio-8080-exec-1] DEBUG o.s.o.j.s.OpenEntityManagerInViewInterceptor - Closing JPA EntityManager in OpenEntityManagerInViewInterceptor
2025-06-05 08:58:53 [http-nio-8080-exec-1] DEBUG o.s.web.servlet.DispatcherServlet - Completed 200 OK
2025-06-05 08:58:53 [http-nio-8080-exec-8] DEBUG o.s.s.w.c.HttpSessionSecurityContextRepository - Retrieved SecurityContextImpl [Authentication=UsernamePasswordAuthenticationToken [Principal=org.springframework.security.core.userdetails.User [Username=charlenedilig@gmail.com, Password=[PROTECTED], Enabled=true, AccountNonExpired=true, CredentialsNonExpired=true, AccountNonLocked=true, Granted Authorities=[ROLE_USER]], Credentials=[PROTECTED], Authenticated=true, Details=WebAuthenticationDetails [RemoteIpAddress=127.0.0.1, SessionId=461E86EE87CA6F9A8EB217445B7543D3], Granted Authorities=[ROLE_USER]]]
2025-06-05 08:58:53 [http-nio-8080-exec-5] INFO  c.a.f.service.NutritionixService - URL: https://trackapi.nutritionix.com/v2/natural/exercise
2025-06-05 08:58:53 [http-nio-8080-exec-6] DEBUG o.s.o.j.s.OpenEntityManagerInViewInterceptor - Closing JPA EntityManager in OpenEntityManagerInViewInterceptor
2025-06-05 08:58:53 [http-nio-8080-exec-3] DEBUG o.s.w.s.m.m.a.RequestResponseBodyMethodProcessor - Read "application/json;charset=UTF-8" to [{workoutName=Hiking, duration=45}]
2025-06-05 08:58:53 [http-nio-8080-exec-6] DEBUG o.s.web.servlet.DispatcherServlet - Completed 200 OK
2025-06-05 08:58:53 [http-nio-8080-exec-5] INFO  c.a.f.service.NutritionixService - Request Body: {weight_kg=67.5, gender=female, height_cm=149.0, query=10 minutes of Medicine Ball Slams, age=21}
2025-06-05 08:58:53 [http-nio-8080-exec-8] DEBUG o.s.security.web.FilterChainProxy - Secured POST /workouts/estimate-calories
2025-06-05 08:58:53 [http-nio-8080-exec-3] DEBUG o.s.orm.jpa.JpaTransactionManager - Found thread-bound EntityManager [SessionImpl(244248911<open>)] for JPA transaction
2025-06-05 08:58:53 [http-nio-8080-exec-8] DEBUG o.s.web.servlet.DispatcherServlet - POST "/fitrack/workouts/estimate-calories", parameters={}
2025-06-05 08:58:53 [http-nio-8080-exec-5] DEBUG o.s.web.client.RestTemplate - HTTP POST https://trackapi.nutritionix.com/v2/natural/exercise
2025-06-05 08:58:53 [http-nio-8080-exec-3] DEBUG o.s.orm.jpa.JpaTransactionManager - Creating new transaction with name [com.app.fitrack.service.UserService.getAuthenticatedUser]: PROPAGATION_REQUIRED,ISOLATION_DEFAULT
2025-06-05 08:58:53 [http-nio-8080-exec-5] DEBUG o.s.web.client.RestTemplate - Accept=[application/json, application/*+json]
2025-06-05 08:58:53 [http-nio-8080-exec-5] DEBUG o.s.web.client.RestTemplate - Writing [{weight_kg=67.5, gender=female, height_cm=149.0, query=10 minutes of Medicine Ball Slams, age=21}] as "application/json"
2025-06-05 08:58:53 [http-nio-8080-exec-4] DEBUG o.s.security.web.FilterChainProxy - Securing POST /workouts/estimate-calories
2025-06-05 08:58:53 [http-nio-8080-exec-8] DEBUG o.s.w.s.m.m.a.RequestMappingHandlerMapping - Mapped to com.app.fitrack.controller.WorkoutController#estimateCalories(Map)
2025-06-05 08:58:53 [http-nio-8080-exec-3] DEBUG o.s.orm.jpa.JpaTransactionManager - Exposing JPA transaction as JDBC [org.springframework.orm.jpa.vendor.HibernateJpaDialect$HibernateConnectionHandle@51c80850]
2025-06-05 08:58:53 [http-nio-8080-exec-4] DEBUG o.s.s.w.c.HttpSessionSecurityContextRepository - Retrieved SecurityContextImpl [Authentication=UsernamePasswordAuthenticationToken [Principal=org.springframework.security.core.userdetails.User [Username=charlenedilig@gmail.com, Password=[PROTECTED], Enabled=true, AccountNonExpired=true, CredentialsNonExpired=true, AccountNonLocked=true, Granted Authorities=[ROLE_USER]], Credentials=[PROTECTED], Authenticated=true, Details=WebAuthenticationDetails [RemoteIpAddress=127.0.0.1, SessionId=461E86EE87CA6F9A8EB217445B7543D3], Granted Authorities=[ROLE_USER]]]
2025-06-05 08:58:53 [http-nio-8080-exec-8] DEBUG o.s.o.j.s.OpenEntityManagerInViewInterceptor - Opening JPA EntityManager in OpenEntityManagerInViewInterceptor
2025-06-05 08:58:53 [http-nio-8080-exec-3] TRACE o.s.t.i.TransactionInterceptor - Getting transaction for [com.app.fitrack.service.UserService.getAuthenticatedUser]
2025-06-05 08:58:53 [http-nio-8080-exec-1] DEBUG o.s.security.web.FilterChainProxy - Securing POST /workouts/estimate-calories
2025-06-05 08:58:53 [http-nio-8080-exec-4] DEBUG o.s.security.web.FilterChainProxy - Secured POST /workouts/estimate-calories
2025-06-05 08:58:53 [http-nio-8080-exec-3] TRACE o.s.t.i.TransactionInterceptor - No need to create transaction for [org.springframework.data.jpa.repository.support.SimpleJpaRepository.findByEmail]: This method is not transactional.
2025-06-05 08:58:53 [http-nio-8080-exec-4] DEBUG o.s.web.servlet.DispatcherServlet - POST "/fitrack/workouts/estimate-calories", parameters={}
2025-06-05 08:58:53 [http-nio-8080-exec-8] DEBUG o.s.w.s.m.m.a.RequestResponseBodyMethodProcessor - Read "application/json;charset=UTF-8" to [{workoutName=Farmer's Walks, duration=10}]
2025-06-05 08:58:53 [http-nio-8080-exec-4] DEBUG o.s.w.s.m.m.a.RequestMappingHandlerMapping - Mapped to com.app.fitrack.controller.WorkoutController#estimateCalories(Map)
2025-06-05 08:58:53 [http-nio-8080-exec-1] DEBUG o.s.s.w.c.HttpSessionSecurityContextRepository - Retrieved SecurityContextImpl [Authentication=UsernamePasswordAuthenticationToken [Principal=org.springframework.security.core.userdetails.User [Username=charlenedilig@gmail.com, Password=[PROTECTED], Enabled=true, AccountNonExpired=true, CredentialsNonExpired=true, AccountNonLocked=true, Granted Authorities=[ROLE_USER]], Credentials=[PROTECTED], Authenticated=true, Details=WebAuthenticationDetails [RemoteIpAddress=127.0.0.1, SessionId=461E86EE87CA6F9A8EB217445B7543D3], Granted Authorities=[ROLE_USER]]]
2025-06-05 08:58:53 [http-nio-8080-exec-3] DEBUG org.hibernate.SQL - 
    select
        u1_0.id,
        u1_0.age,
        u1_0.email,
        u1_0.email_change_code,
        u1_0.email_change_code_expiry,
        u1_0.firstname,
        u1_0.gender,
        u1_0.height,
        u1_0.lastname,
        u1_0.password,
        u1_0.pending_email,
        u1_0.profile_picture,
        u1_0.verified,
        u1_0.weight 
    from
        users u1_0 
    where
        u1_0.email=?
2025-06-05 08:58:53 [http-nio-8080-exec-8] DEBUG o.s.orm.jpa.JpaTransactionManager - Found thread-bound EntityManager [SessionImpl(531843548<open>)] for JPA transaction
2025-06-05 08:58:53 [http-nio-8080-exec-4] DEBUG o.s.o.j.s.OpenEntityManagerInViewInterceptor - Opening JPA EntityManager in OpenEntityManagerInViewInterceptor
2025-06-05 08:58:53 [http-nio-8080-exec-1] DEBUG o.s.security.web.FilterChainProxy - Secured POST /workouts/estimate-calories
2025-06-05 08:58:53 [http-nio-8080-exec-8] DEBUG o.s.orm.jpa.JpaTransactionManager - Creating new transaction with name [com.app.fitrack.service.UserService.getAuthenticatedUser]: PROPAGATION_REQUIRED,ISOLATION_DEFAULT
2025-06-05 08:58:53 [http-nio-8080-exec-1] DEBUG o.s.web.servlet.DispatcherServlet - POST "/fitrack/workouts/estimate-calories", parameters={}
2025-06-05 08:58:53 [http-nio-8080-exec-4] DEBUG o.s.w.s.m.m.a.RequestResponseBodyMethodProcessor - Read "application/json;charset=UTF-8" to [{workoutName=Single-Leg Stands, duration=5}]
2025-06-05 08:58:53 [http-nio-8080-exec-1] DEBUG o.s.w.s.m.m.a.RequestMappingHandlerMapping - Mapped to com.app.fitrack.controller.WorkoutController#estimateCalories(Map)
2025-06-05 08:58:53 [http-nio-8080-exec-3] TRACE o.s.t.i.TransactionInterceptor - Completing transaction for [com.app.fitrack.service.UserService.getAuthenticatedUser]
2025-06-05 08:58:53 [http-nio-8080-exec-1] DEBUG o.s.o.j.s.OpenEntityManagerInViewInterceptor - Opening JPA EntityManager in OpenEntityManagerInViewInterceptor
2025-06-05 08:58:53 [http-nio-8080-exec-8] DEBUG o.s.orm.jpa.JpaTransactionManager - Exposing JPA transaction as JDBC [org.springframework.orm.jpa.vendor.HibernateJpaDialect$HibernateConnectionHandle@f8cfae4]
2025-06-05 08:58:53 [http-nio-8080-exec-4] DEBUG o.s.orm.jpa.JpaTransactionManager - Found thread-bound EntityManager [SessionImpl(1250806135<open>)] for JPA transaction
2025-06-05 08:58:53 [http-nio-8080-exec-3] DEBUG o.s.orm.jpa.JpaTransactionManager - Initiating transaction commit
2025-06-05 08:58:53 [http-nio-8080-exec-8] TRACE o.s.t.i.TransactionInterceptor - Getting transaction for [com.app.fitrack.service.UserService.getAuthenticatedUser]
2025-06-05 08:58:53 [http-nio-8080-exec-4] DEBUG o.s.orm.jpa.JpaTransactionManager - Creating new transaction with name [com.app.fitrack.service.UserService.getAuthenticatedUser]: PROPAGATION_REQUIRED,ISOLATION_DEFAULT
2025-06-05 08:58:53 [http-nio-8080-exec-3] DEBUG o.s.orm.jpa.JpaTransactionManager - Committing JPA transaction on EntityManager [SessionImpl(244248911<open>)]
2025-06-05 08:58:53 [http-nio-8080-exec-1] DEBUG o.s.w.s.m.m.a.RequestResponseBodyMethodProcessor - Read "application/json;charset=UTF-8" to [{workoutName=Kettlebell Swings, duration=15}]
2025-06-05 08:58:53 [http-nio-8080-exec-8] TRACE o.s.t.i.TransactionInterceptor - No need to create transaction for [org.springframework.data.jpa.repository.support.SimpleJpaRepository.findByEmail]: This method is not transactional.
2025-06-05 08:58:53 [http-nio-8080-exec-4] DEBUG o.s.orm.jpa.JpaTransactionManager - Exposing JPA transaction as JDBC [org.springframework.orm.jpa.vendor.HibernateJpaDialect$HibernateConnectionHandle@32652a4]
2025-06-05 08:58:53 [http-nio-8080-exec-1] DEBUG o.s.orm.jpa.JpaTransactionManager - Found thread-bound EntityManager [SessionImpl(1825434198<open>)] for JPA transaction
2025-06-05 08:58:53 [http-nio-8080-exec-3] DEBUG o.s.orm.jpa.JpaTransactionManager - Not closing pre-bound JPA EntityManager after transaction
2025-06-05 08:58:53 [http-nio-8080-exec-4] TRACE o.s.t.i.TransactionInterceptor - Getting transaction for [com.app.fitrack.service.UserService.getAuthenticatedUser]
2025-06-05 08:58:53 [http-nio-8080-exec-8] DEBUG org.hibernate.SQL - 
    select
        u1_0.id,
        u1_0.age,
        u1_0.email,
        u1_0.email_change_code,
        u1_0.email_change_code_expiry,
        u1_0.firstname,
        u1_0.gender,
        u1_0.height,
        u1_0.lastname,
        u1_0.password,
        u1_0.pending_email,
        u1_0.profile_picture,
        u1_0.verified,
        u1_0.weight 
    from
        users u1_0 
    where
        u1_0.email=?
2025-06-05 08:58:53 [http-nio-8080-exec-1] DEBUG o.s.orm.jpa.JpaTransactionManager - Creating new transaction with name [com.app.fitrack.service.UserService.getAuthenticatedUser]: PROPAGATION_REQUIRED,ISOLATION_DEFAULT
2025-06-05 08:58:53 [http-nio-8080-exec-3] INFO  c.a.f.service.NutritionixService - Sending request to Nutritionix for exercise calorie estimation:
2025-06-05 08:58:53 [http-nio-8080-exec-4] TRACE o.s.t.i.TransactionInterceptor - No need to create transaction for [org.springframework.data.jpa.repository.support.SimpleJpaRepository.findByEmail]: This method is not transactional.
2025-06-05 08:58:53 [http-nio-8080-exec-1] DEBUG o.s.orm.jpa.JpaTransactionManager - Exposing JPA transaction as JDBC [org.springframework.orm.jpa.vendor.HibernateJpaDialect$HibernateConnectionHandle@681086be]
2025-06-05 08:58:53 [http-nio-8080-exec-3] INFO  c.a.f.service.NutritionixService - URL: https://trackapi.nutritionix.com/v2/natural/exercise
2025-06-05 08:58:53 [http-nio-8080-exec-1] TRACE o.s.t.i.TransactionInterceptor - Getting transaction for [com.app.fitrack.service.UserService.getAuthenticatedUser]
2025-06-05 08:58:53 [http-nio-8080-exec-3] INFO  c.a.f.service.NutritionixService - Request Body: {weight_kg=67.5, gender=female, height_cm=149.0, query=45 minutes of Hiking, age=21}
2025-06-05 08:58:53 [http-nio-8080-exec-4] DEBUG org.hibernate.SQL - 
    select
        u1_0.id,
        u1_0.age,
        u1_0.email,
        u1_0.email_change_code,
        u1_0.email_change_code_expiry,
        u1_0.firstname,
        u1_0.gender,
        u1_0.height,
        u1_0.lastname,
        u1_0.password,
        u1_0.pending_email,
        u1_0.profile_picture,
        u1_0.verified,
        u1_0.weight 
    from
        users u1_0 
    where
        u1_0.email=?
2025-06-05 08:58:53 [http-nio-8080-exec-1] TRACE o.s.t.i.TransactionInterceptor - No need to create transaction for [org.springframework.data.jpa.repository.support.SimpleJpaRepository.findByEmail]: This method is not transactional.
2025-06-05 08:58:53 [http-nio-8080-exec-8] TRACE o.s.t.i.TransactionInterceptor - Completing transaction for [com.app.fitrack.service.UserService.getAuthenticatedUser]
2025-06-05 08:58:53 [http-nio-8080-exec-3] DEBUG o.s.web.client.RestTemplate - HTTP POST https://trackapi.nutritionix.com/v2/natural/exercise
2025-06-05 08:58:53 [http-nio-8080-exec-1] DEBUG org.hibernate.SQL - 
    select
        u1_0.id,
        u1_0.age,
        u1_0.email,
        u1_0.email_change_code,
        u1_0.email_change_code_expiry,
        u1_0.firstname,
        u1_0.gender,
        u1_0.height,
        u1_0.lastname,
        u1_0.password,
        u1_0.pending_email,
        u1_0.profile_picture,
        u1_0.verified,
        u1_0.weight 
    from
        users u1_0 
    where
        u1_0.email=?
2025-06-05 08:58:53 [http-nio-8080-exec-8] DEBUG o.s.orm.jpa.JpaTransactionManager - Initiating transaction commit
2025-06-05 08:58:53 [http-nio-8080-exec-3] DEBUG o.s.web.client.RestTemplate - Accept=[application/json, application/*+json]
2025-06-05 08:58:53 [http-nio-8080-exec-4] TRACE o.s.t.i.TransactionInterceptor - Completing transaction for [com.app.fitrack.service.UserService.getAuthenticatedUser]
2025-06-05 08:58:53 [http-nio-8080-exec-8] DEBUG o.s.orm.jpa.JpaTransactionManager - Committing JPA transaction on EntityManager [SessionImpl(531843548<open>)]
2025-06-05 08:58:53 [http-nio-8080-exec-3] DEBUG o.s.web.client.RestTemplate - Writing [{weight_kg=67.5, gender=female, height_cm=149.0, query=45 minutes of Hiking, age=21}] as "application/json"
2025-06-05 08:58:53 [http-nio-8080-exec-4] DEBUG o.s.orm.jpa.JpaTransactionManager - Initiating transaction commit
2025-06-05 08:58:53 [http-nio-8080-exec-4] DEBUG o.s.orm.jpa.JpaTransactionManager - Committing JPA transaction on EntityManager [SessionImpl(1250806135<open>)]
2025-06-05 08:58:53 [http-nio-8080-exec-8] DEBUG o.s.orm.jpa.JpaTransactionManager - Not closing pre-bound JPA EntityManager after transaction
2025-06-05 08:58:53 [http-nio-8080-exec-1] TRACE o.s.t.i.TransactionInterceptor - Completing transaction for [com.app.fitrack.service.UserService.getAuthenticatedUser]
2025-06-05 08:58:53 [http-nio-8080-exec-8] INFO  c.a.f.service.NutritionixService - Sending request to Nutritionix for exercise calorie estimation:
2025-06-05 08:58:53 [http-nio-8080-exec-1] DEBUG o.s.orm.jpa.JpaTransactionManager - Initiating transaction commit
2025-06-05 08:58:53 [http-nio-8080-exec-8] INFO  c.a.f.service.NutritionixService - URL: https://trackapi.nutritionix.com/v2/natural/exercise
2025-06-05 08:58:53 [http-nio-8080-exec-1] DEBUG o.s.orm.jpa.JpaTransactionManager - Committing JPA transaction on EntityManager [SessionImpl(1825434198<open>)]
2025-06-05 08:58:53 [http-nio-8080-exec-4] DEBUG o.s.orm.jpa.JpaTransactionManager - Not closing pre-bound JPA EntityManager after transaction
2025-06-05 08:58:53 [http-nio-8080-exec-8] INFO  c.a.f.service.NutritionixService - Request Body: {weight_kg=67.5, gender=female, height_cm=149.0, query=10 minutes of Farmer's Walks, age=21}
2025-06-05 08:58:53 [http-nio-8080-exec-4] INFO  c.a.f.service.NutritionixService - Sending request to Nutritionix for exercise calorie estimation:
2025-06-05 08:58:53 [http-nio-8080-exec-1] DEBUG o.s.orm.jpa.JpaTransactionManager - Not closing pre-bound JPA EntityManager after transaction
2025-06-05 08:58:53 [http-nio-8080-exec-4] INFO  c.a.f.service.NutritionixService - URL: https://trackapi.nutritionix.com/v2/natural/exercise
2025-06-05 08:58:53 [http-nio-8080-exec-8] DEBUG o.s.web.client.RestTemplate - HTTP POST https://trackapi.nutritionix.com/v2/natural/exercise
2025-06-05 08:58:53 [http-nio-8080-exec-1] INFO  c.a.f.service.NutritionixService - Sending request to Nutritionix for exercise calorie estimation:
2025-06-05 08:58:53 [http-nio-8080-exec-4] INFO  c.a.f.service.NutritionixService - Request Body: {weight_kg=67.5, gender=female, height_cm=149.0, query=5 minutes of Single-Leg Stands, age=21}
2025-06-05 08:58:53 [http-nio-8080-exec-1] INFO  c.a.f.service.NutritionixService - URL: https://trackapi.nutritionix.com/v2/natural/exercise
2025-06-05 08:58:53 [http-nio-8080-exec-8] DEBUG o.s.web.client.RestTemplate - Accept=[application/json, application/*+json]
2025-06-05 08:58:53 [http-nio-8080-exec-1] INFO  c.a.f.service.NutritionixService - Request Body: {weight_kg=67.5, gender=female, height_cm=149.0, query=15 minutes of Kettlebell Swings, age=21}
2025-06-05 08:58:53 [http-nio-8080-exec-4] DEBUG o.s.web.client.RestTemplate - HTTP POST https://trackapi.nutritionix.com/v2/natural/exercise
2025-06-05 08:58:53 [http-nio-8080-exec-8] DEBUG o.s.web.client.RestTemplate - Writing [{weight_kg=67.5, gender=female, height_cm=149.0, query=10 minutes of Farmer's Walks, age=21}] as "application/json"
2025-06-05 08:58:53 [http-nio-8080-exec-1] DEBUG o.s.web.client.RestTemplate - HTTP POST https://trackapi.nutritionix.com/v2/natural/exercise
2025-06-05 08:58:53 [http-nio-8080-exec-4] DEBUG o.s.web.client.RestTemplate - Accept=[application/json, application/*+json]
2025-06-05 08:58:53 [http-nio-8080-exec-1] DEBUG o.s.web.client.RestTemplate - Accept=[application/json, application/*+json]
2025-06-05 08:58:53 [http-nio-8080-exec-4] DEBUG o.s.web.client.RestTemplate - Writing [{weight_kg=67.5, gender=female, height_cm=149.0, query=5 minutes of Single-Leg Stands, age=21}] as "application/json"
2025-06-05 08:58:53 [http-nio-8080-exec-1] DEBUG o.s.web.client.RestTemplate - Writing [{weight_kg=67.5, gender=female, height_cm=149.0, query=15 minutes of Kettlebell Swings, age=21}] as "application/json"
2025-06-05 08:58:53 [http-nio-8080-exec-7] DEBUG o.s.web.client.RestTemplate - Response 200 OK
2025-06-05 08:58:53 [http-nio-8080-exec-7] DEBUG o.s.web.client.RestTemplate - Reading to [com.fasterxml.jackson.databind.JsonNode]
2025-06-05 08:58:53 [http-nio-8080-exec-7] INFO  c.a.f.service.NutritionixService - Nutritionix Response: {"exercises":[{"tag_id":242,"user_input":"basketball","duration_min":30,"met":6.5,"nf_calories":219.38,"photo":{"highres":"https://d2xdmhkmkbyw75.cloudfront.net/exercise/242_highres.jpg","thumb":"https://d2xdmhkmkbyw75.cloudfront.net/exercise/242_thumb.jpg","is_user_uploaded":false},"compendium_code":15055,"name":"basketball","description":null,"benefits":null}]}
2025-06-05 08:58:53 [http-nio-8080-exec-7] INFO  c.a.f.service.NutritionixService - Calculated calories: 219.38
2025-06-05 08:58:53 [http-nio-8080-exec-7] DEBUG o.s.w.s.m.m.a.HttpEntityMethodProcessor - Using 'application/json', given [*/*] and supported [application/json, application/*+json]
2025-06-05 08:58:53 [http-nio-8080-exec-7] DEBUG o.s.w.s.m.m.a.HttpEntityMethodProcessor - Writing [{calories=219}]
2025-06-05 08:58:53 [http-nio-8080-exec-7] DEBUG o.s.o.j.s.OpenEntityManagerInViewInterceptor - Closing JPA EntityManager in OpenEntityManagerInViewInterceptor
2025-06-05 08:58:53 [http-nio-8080-exec-7] DEBUG o.s.web.servlet.DispatcherServlet - Completed 200 OK
2025-06-05 08:58:53 [http-nio-8080-exec-6] DEBUG o.s.security.web.FilterChainProxy - Securing POST /workouts/estimate-calories
2025-06-05 08:58:53 [http-nio-8080-exec-6] DEBUG o.s.s.w.c.HttpSessionSecurityContextRepository - Retrieved SecurityContextImpl [Authentication=UsernamePasswordAuthenticationToken [Principal=org.springframework.security.core.userdetails.User [Username=charlenedilig@gmail.com, Password=[PROTECTED], Enabled=true, AccountNonExpired=true, CredentialsNonExpired=true, AccountNonLocked=true, Granted Authorities=[ROLE_USER]], Credentials=[PROTECTED], Authenticated=true, Details=WebAuthenticationDetails [RemoteIpAddress=127.0.0.1, SessionId=461E86EE87CA6F9A8EB217445B7543D3], Granted Authorities=[ROLE_USER]]]
2025-06-05 08:58:53 [http-nio-8080-exec-6] DEBUG o.s.security.web.FilterChainProxy - Secured POST /workouts/estimate-calories
2025-06-05 08:58:53 [http-nio-8080-exec-6] DEBUG o.s.web.servlet.DispatcherServlet - POST "/fitrack/workouts/estimate-calories", parameters={}
2025-06-05 08:58:53 [http-nio-8080-exec-6] DEBUG o.s.w.s.m.m.a.RequestMappingHandlerMapping - Mapped to com.app.fitrack.controller.WorkoutController#estimateCalories(Map)
2025-06-05 08:58:53 [http-nio-8080-exec-6] DEBUG o.s.o.j.s.OpenEntityManagerInViewInterceptor - Opening JPA EntityManager in OpenEntityManagerInViewInterceptor
2025-06-05 08:58:53 [http-nio-8080-exec-6] DEBUG o.s.w.s.m.m.a.RequestResponseBodyMethodProcessor - Read "application/json;charset=UTF-8" to [{workoutName=Tai Chi movements, duration=20}]
2025-06-05 08:58:53 [http-nio-8080-exec-6] DEBUG o.s.orm.jpa.JpaTransactionManager - Found thread-bound EntityManager [SessionImpl(402389997<open>)] for JPA transaction
2025-06-05 08:58:53 [http-nio-8080-exec-6] DEBUG o.s.orm.jpa.JpaTransactionManager - Creating new transaction with name [com.app.fitrack.service.UserService.getAuthenticatedUser]: PROPAGATION_REQUIRED,ISOLATION_DEFAULT
2025-06-05 08:58:53 [http-nio-8080-exec-6] DEBUG o.s.orm.jpa.JpaTransactionManager - Exposing JPA transaction as JDBC [org.springframework.orm.jpa.vendor.HibernateJpaDialect$HibernateConnectionHandle@a53a9d8]
2025-06-05 08:58:53 [http-nio-8080-exec-6] TRACE o.s.t.i.TransactionInterceptor - Getting transaction for [com.app.fitrack.service.UserService.getAuthenticatedUser]
2025-06-05 08:58:53 [http-nio-8080-exec-6] TRACE o.s.t.i.TransactionInterceptor - No need to create transaction for [org.springframework.data.jpa.repository.support.SimpleJpaRepository.findByEmail]: This method is not transactional.
2025-06-05 08:58:53 [http-nio-8080-exec-6] DEBUG org.hibernate.SQL - 
    select
        u1_0.id,
        u1_0.age,
        u1_0.email,
        u1_0.email_change_code,
        u1_0.email_change_code_expiry,
        u1_0.firstname,
        u1_0.gender,
        u1_0.height,
        u1_0.lastname,
        u1_0.password,
        u1_0.pending_email,
        u1_0.profile_picture,
        u1_0.verified,
        u1_0.weight 
    from
        users u1_0 
    where
        u1_0.email=?
2025-06-05 08:58:53 [http-nio-8080-exec-6] TRACE o.s.t.i.TransactionInterceptor - Completing transaction for [com.app.fitrack.service.UserService.getAuthenticatedUser]
2025-06-05 08:58:53 [http-nio-8080-exec-6] DEBUG o.s.orm.jpa.JpaTransactionManager - Initiating transaction commit
2025-06-05 08:58:53 [http-nio-8080-exec-6] DEBUG o.s.orm.jpa.JpaTransactionManager - Committing JPA transaction on EntityManager [SessionImpl(402389997<open>)]
2025-06-05 08:58:53 [http-nio-8080-exec-6] DEBUG o.s.orm.jpa.JpaTransactionManager - Not closing pre-bound JPA EntityManager after transaction
2025-06-05 08:58:53 [http-nio-8080-exec-6] INFO  c.a.f.service.NutritionixService - Sending request to Nutritionix for exercise calorie estimation:
2025-06-05 08:58:53 [http-nio-8080-exec-6] INFO  c.a.f.service.NutritionixService - URL: https://trackapi.nutritionix.com/v2/natural/exercise
2025-06-05 08:58:53 [http-nio-8080-exec-6] INFO  c.a.f.service.NutritionixService - Request Body: {weight_kg=67.5, gender=female, height_cm=149.0, query=20 minutes of Tai Chi movements, age=21}
2025-06-05 08:58:53 [http-nio-8080-exec-6] DEBUG o.s.web.client.RestTemplate - HTTP POST https://trackapi.nutritionix.com/v2/natural/exercise
2025-06-05 08:58:53 [http-nio-8080-exec-6] DEBUG o.s.web.client.RestTemplate - Accept=[application/json, application/*+json]
2025-06-05 08:58:53 [http-nio-8080-exec-6] DEBUG o.s.web.client.RestTemplate - Writing [{weight_kg=67.5, gender=female, height_cm=149.0, query=20 minutes of Tai Chi movements, age=21}] as "application/json"
2025-06-05 08:58:53 [http-nio-8080-exec-9] DEBUG o.s.web.client.RestTemplate - Response 200 OK
2025-06-05 08:58:53 [http-nio-8080-exec-9] DEBUG o.s.web.client.RestTemplate - Reading to [com.fasterxml.jackson.databind.JsonNode]
2025-06-05 08:58:53 [http-nio-8080-exec-9] INFO  c.a.f.service.NutritionixService - Nutritionix Response: {"exercises":[{"tag_id":1048,"user_input":"hamstring","duration_min":5,"met":3.5,"nf_calories":19.69,"photo":{"highres":"https://d2xdmhkmkbyw75.cloudfront.net/exercise/1048_highres.jpg","thumb":"https://d2xdmhkmkbyw75.cloudfront.net/exercise/1048_thumb.jpg","is_user_uploaded":false},"compendium_code":2054,"name":"hamstring curl","description":null,"benefits":null},{"tag_id":758,"user_input":"stretch","duration_min":15,"met":2.3,"nf_calories":38.81,"photo":{"highres":"https://d2xdmhkmkbyw75.cloudfront.net/exercise/758_highres.jpg","thumb":"https://d2xdmhkmkbyw75.cloudfront.net/exercise/758_thumb.jpg","is_user_uploaded":false},"compendium_code":2101,"name":"stretching","description":null,"benefits":null}]}
2025-06-05 08:58:53 [http-nio-8080-exec-5] DEBUG o.s.web.client.RestTemplate - Response 200 OK
2025-06-05 08:58:53 [http-nio-8080-exec-9] INFO  c.a.f.service.NutritionixService - Calculated calories: 19.69
2025-06-05 08:58:53 [http-nio-8080-exec-5] DEBUG o.s.web.client.RestTemplate - Reading to [com.fasterxml.jackson.databind.JsonNode]
2025-06-05 08:58:53 [http-nio-8080-exec-9] DEBUG o.s.w.s.m.m.a.HttpEntityMethodProcessor - Using 'application/json', given [*/*] and supported [application/json, application/*+json]
2025-06-05 08:58:53 [http-nio-8080-exec-9] DEBUG o.s.w.s.m.m.a.HttpEntityMethodProcessor - Writing [{calories=20}]
2025-06-05 08:58:53 [http-nio-8080-exec-9] DEBUG o.s.o.j.s.OpenEntityManagerInViewInterceptor - Closing JPA EntityManager in OpenEntityManagerInViewInterceptor
2025-06-05 08:58:53 [http-nio-8080-exec-9] DEBUG o.s.web.servlet.DispatcherServlet - Completed 200 OK
2025-06-05 08:58:53 [http-nio-8080-exec-7] DEBUG o.s.security.web.FilterChainProxy - Securing POST /workouts/estimate-calories
2025-06-05 08:58:53 [http-nio-8080-exec-7] DEBUG o.s.s.w.c.HttpSessionSecurityContextRepository - Retrieved SecurityContextImpl [Authentication=UsernamePasswordAuthenticationToken [Principal=org.springframework.security.core.userdetails.User [Username=charlenedilig@gmail.com, Password=[PROTECTED], Enabled=true, AccountNonExpired=true, CredentialsNonExpired=true, AccountNonLocked=true, Granted Authorities=[ROLE_USER]], Credentials=[PROTECTED], Authenticated=true, Details=WebAuthenticationDetails [RemoteIpAddress=127.0.0.1, SessionId=461E86EE87CA6F9A8EB217445B7543D3], Granted Authorities=[ROLE_USER]]]
2025-06-05 08:58:53 [http-nio-8080-exec-7] DEBUG o.s.security.web.FilterChainProxy - Secured POST /workouts/estimate-calories
2025-06-05 08:58:53 [http-nio-8080-exec-7] DEBUG o.s.web.servlet.DispatcherServlet - POST "/fitrack/workouts/estimate-calories", parameters={}
2025-06-05 08:58:53 [http-nio-8080-exec-7] DEBUG o.s.w.s.m.m.a.RequestMappingHandlerMapping - Mapped to com.app.fitrack.controller.WorkoutController#estimateCalories(Map)
2025-06-05 08:58:53 [http-nio-8080-exec-7] DEBUG o.s.o.j.s.OpenEntityManagerInViewInterceptor - Opening JPA EntityManager in OpenEntityManagerInViewInterceptor
2025-06-05 08:58:53 [http-nio-8080-exec-7] DEBUG o.s.w.s.m.m.a.RequestResponseBodyMethodProcessor - Read "application/json;charset=UTF-8" to [{workoutName=Heel-to-Toe Walk, duration=5}]
2025-06-05 08:58:53 [http-nio-8080-exec-7] DEBUG o.s.orm.jpa.JpaTransactionManager - Found thread-bound EntityManager [SessionImpl(1759025384<open>)] for JPA transaction
2025-06-05 08:58:53 [http-nio-8080-exec-7] DEBUG o.s.orm.jpa.JpaTransactionManager - Creating new transaction with name [com.app.fitrack.service.UserService.getAuthenticatedUser]: PROPAGATION_REQUIRED,ISOLATION_DEFAULT
2025-06-05 08:58:53 [http-nio-8080-exec-7] DEBUG o.s.orm.jpa.JpaTransactionManager - Exposing JPA transaction as JDBC [org.springframework.orm.jpa.vendor.HibernateJpaDialect$HibernateConnectionHandle@a2c0c77]
2025-06-05 08:58:53 [http-nio-8080-exec-7] TRACE o.s.t.i.TransactionInterceptor - Getting transaction for [com.app.fitrack.service.UserService.getAuthenticatedUser]
2025-06-05 08:58:53 [http-nio-8080-exec-7] TRACE o.s.t.i.TransactionInterceptor - No need to create transaction for [org.springframework.data.jpa.repository.support.SimpleJpaRepository.findByEmail]: This method is not transactional.
2025-06-05 08:58:53 [http-nio-8080-exec-7] DEBUG org.hibernate.SQL - 
    select
        u1_0.id,
        u1_0.age,
        u1_0.email,
        u1_0.email_change_code,
        u1_0.email_change_code_expiry,
        u1_0.firstname,
        u1_0.gender,
        u1_0.height,
        u1_0.lastname,
        u1_0.password,
        u1_0.pending_email,
        u1_0.profile_picture,
        u1_0.verified,
        u1_0.weight 
    from
        users u1_0 
    where
        u1_0.email=?
2025-06-05 08:58:53 [http-nio-8080-exec-7] TRACE o.s.t.i.TransactionInterceptor - Completing transaction for [com.app.fitrack.service.UserService.getAuthenticatedUser]
2025-06-05 08:58:53 [http-nio-8080-exec-7] DEBUG o.s.orm.jpa.JpaTransactionManager - Initiating transaction commit
2025-06-05 08:58:53 [http-nio-8080-exec-7] DEBUG o.s.orm.jpa.JpaTransactionManager - Committing JPA transaction on EntityManager [SessionImpl(1759025384<open>)]
2025-06-05 08:58:53 [http-nio-8080-exec-7] DEBUG o.s.orm.jpa.JpaTransactionManager - Not closing pre-bound JPA EntityManager after transaction
2025-06-05 08:58:53 [http-nio-8080-exec-7] INFO  c.a.f.service.NutritionixService - Sending request to Nutritionix for exercise calorie estimation:
2025-06-05 08:58:53 [http-nio-8080-exec-7] INFO  c.a.f.service.NutritionixService - URL: https://trackapi.nutritionix.com/v2/natural/exercise
2025-06-05 08:58:53 [http-nio-8080-exec-7] INFO  c.a.f.service.NutritionixService - Request Body: {weight_kg=67.5, gender=female, height_cm=149.0, query=5 minutes of Heel-to-Toe Walk, age=21}
2025-06-05 08:58:53 [http-nio-8080-exec-7] DEBUG o.s.web.client.RestTemplate - HTTP POST https://trackapi.nutritionix.com/v2/natural/exercise
2025-06-05 08:58:53 [http-nio-8080-exec-7] DEBUG o.s.web.client.RestTemplate - Accept=[application/json, application/*+json]
2025-06-05 08:58:53 [http-nio-8080-exec-7] DEBUG o.s.web.client.RestTemplate - Writing [{weight_kg=67.5, gender=female, height_cm=149.0, query=5 minutes of Heel-to-Toe Walk, age=21}] as "application/json"
2025-06-05 08:58:53 [http-nio-8080-exec-5] INFO  c.a.f.service.NutritionixService - Nutritionix Response: {"exercises":[{"tag_id":174,"user_input":"ball","duration_min":10,"met":2.5,"nf_calories":28.13,"photo":{"highres":"https://d2xdmhkmkbyw75.cloudfront.net/exercise/174_highres.jpg","thumb":"https://d2xdmhkmkbyw75.cloudfront.net/exercise/174_thumb.jpg","is_user_uploaded":false},"compendium_code":15235,"name":"playing catch","description":null,"benefits":null}]}
2025-06-05 08:58:53 [http-nio-8080-exec-2] DEBUG o.s.web.client.RestTemplate - Response 200 OK
2025-06-05 08:58:53 [http-nio-8080-exec-5] INFO  c.a.f.service.NutritionixService - Calculated calories: 28.13
2025-06-05 08:58:53 [http-nio-8080-exec-10] DEBUG o.s.web.client.RestTemplate - Response 200 OK
2025-06-05 08:58:53 [http-nio-8080-exec-2] DEBUG o.s.web.client.RestTemplate - Reading to [com.fasterxml.jackson.databind.JsonNode]
2025-06-05 08:58:53 [http-nio-8080-exec-10] DEBUG o.s.web.client.RestTemplate - Reading to [com.fasterxml.jackson.databind.JsonNode]
2025-06-05 08:58:53 [http-nio-8080-exec-3] DEBUG o.s.web.client.RestTemplate - Response 200 OK
2025-06-05 08:58:53 [http-nio-8080-exec-5] DEBUG o.s.w.s.m.m.a.HttpEntityMethodProcessor - Using 'application/json', given [*/*] and supported [application/json, application/*+json]
2025-06-05 08:58:53 [http-nio-8080-exec-8] DEBUG o.s.web.client.RestTemplate - Response 200 OK
2025-06-05 08:58:53 [http-nio-8080-exec-3] DEBUG o.s.web.client.RestTemplate - Reading to [com.fasterxml.jackson.databind.JsonNode]
2025-06-05 08:58:53 [http-nio-8080-exec-10] INFO  c.a.f.service.NutritionixService - Nutritionix Response: {"exercises":[{"tag_id":764,"user_input":"pilates","duration_min":20,"met":3,"nf_calories":67.5,"photo":{"highres":"https://d2xdmhkmkbyw75.cloudfront.net/exercise/764_highres.jpg","thumb":"https://d2xdmhkmkbyw75.cloudfront.net/exercise/764_thumb.jpg","is_user_uploaded":false},"compendium_code":2105,"name":"pilates","description":null,"benefits":null}]}
2025-06-05 08:58:53 [http-nio-8080-exec-2] INFO  c.a.f.service.NutritionixService - Nutritionix Response: {"exercises":[{"tag_id":750,"user_input":"dancing","duration_min":30,"met":7.8,"nf_calories":263.25,"photo":{"highres":"https://d2xdmhkmkbyw75.cloudfront.net/exercise/750_highres.jpg","thumb":"https://d2xdmhkmkbyw75.cloudfront.net/exercise/750_thumb.jpg","is_user_uploaded":false},"compendium_code":3031,"name":"dancing","description":null,"benefits":null}]}
2025-06-05 08:58:53 [http-nio-8080-exec-4] DEBUG o.s.web.client.RestTemplate - Response 200 OK
2025-06-05 08:58:53 [http-nio-8080-exec-1] DEBUG o.s.web.client.RestTemplate - Response 200 OK
2025-06-05 08:58:53 [http-nio-8080-exec-5] DEBUG o.s.w.s.m.m.a.HttpEntityMethodProcessor - Writing [{calories=28}]
2025-06-05 08:58:53 [http-nio-8080-exec-8] DEBUG o.s.web.client.RestTemplate - Reading to [com.fasterxml.jackson.databind.JsonNode]
2025-06-05 08:58:53 [http-nio-8080-exec-10] INFO  c.a.f.service.NutritionixService - Calculated calories: 67.5
2025-06-05 08:58:53 [http-nio-8080-exec-3] INFO  c.a.f.service.NutritionixService - Nutritionix Response: {"exercises":[{"tag_id":129,"user_input":"hiking","duration_min":45,"met":7.8,"nf_calories":394.88,"photo":{"highres":"https://d2xdmhkmkbyw75.cloudfront.net/exercise/129_highres.jpg","thumb":"https://d2xdmhkmkbyw75.cloudfront.net/exercise/129_thumb.jpg","is_user_uploaded":false},"compendium_code":17012,"name":"hiking","description":null,"benefits":null}]}
2025-06-05 08:58:53 [http-nio-8080-exec-2] INFO  c.a.f.service.NutritionixService - Calculated calories: 263.25
2025-06-05 08:58:53 [http-nio-8080-exec-4] DEBUG o.s.web.client.RestTemplate - Reading to [com.fasterxml.jackson.databind.JsonNode]
2025-06-05 08:58:53 [http-nio-8080-exec-1] DEBUG o.s.web.client.RestTemplate - Reading to [com.fasterxml.jackson.databind.JsonNode]
2025-06-05 08:58:53 [http-nio-8080-exec-10] DEBUG o.s.w.s.m.m.a.HttpEntityMethodProcessor - Using 'application/json', given [*/*] and supported [application/json, application/*+json]
2025-06-05 08:58:53 [http-nio-8080-exec-8] INFO  c.a.f.service.NutritionixService - Nutritionix Response: {"exercises":[{"tag_id":100,"user_input":"walks","duration_min":10,"met":3.5,"nf_calories":39.38,"photo":{"highres":"https://d2xdmhkmkbyw75.cloudfront.net/exercise/100_highres.jpg","thumb":"https://d2xdmhkmkbyw75.cloudfront.net/exercise/100_thumb.jpg","is_user_uploaded":false},"compendium_code":17190,"name":"walking","description":null,"benefits":null}]}
2025-06-05 08:58:53 [http-nio-8080-exec-5] DEBUG o.s.o.j.s.OpenEntityManagerInViewInterceptor - Closing JPA EntityManager in OpenEntityManagerInViewInterceptor
2025-06-05 08:58:53 [http-nio-8080-exec-3] INFO  c.a.f.service.NutritionixService - Calculated calories: 394.88
2025-06-05 08:58:53 [http-nio-8080-exec-2] DEBUG o.s.w.s.m.m.a.HttpEntityMethodProcessor - Using 'application/json', given [*/*] and supported [application/json, application/*+json]
2025-06-05 08:58:53 [http-nio-8080-exec-1] INFO  c.a.f.service.NutritionixService - Nutritionix Response: {"exercises":[{"tag_id":847,"user_input":"kettlebell","duration_min":15,"met":3.5,"nf_calories":59.06,"photo":{"highres":"https://d2xdmhkmkbyw75.cloudfront.net/exercise/847_highres.jpg","thumb":"https://d2xdmhkmkbyw75.cloudfront.net/exercise/847_thumb.jpg","is_user_uploaded":false},"compendium_code":2054,"name":"kettlebells","description":null,"benefits":null},{"tag_id":969,"user_input":"swings","duration_min":15,"met":4,"nf_calories":67.5,"photo":{"highres":"https://d2xdmhkmkbyw75.cloudfront.net/exercise/969_highres.jpg","thumb":"https://d2xdmhkmkbyw75.cloudfront.net/exercise/969_thumb.jpg","is_user_uploaded":false},"compendium_code":15335,"name":"swinging","description":null,"benefits":null}]}
2025-06-05 08:58:53 [http-nio-8080-exec-4] INFO  c.a.f.service.NutritionixService - Nutritionix Response: {"exercises":[{"tag_id":841,"user_input":"leg","duration_min":5,"met":3.5,"nf_calories":19.69,"photo":{"highres":"https://d2xdmhkmkbyw75.cloudfront.net/exercise/841_highres.jpg","thumb":"https://d2xdmhkmkbyw75.cloudfront.net/exercise/841_thumb.jpg","is_user_uploaded":false},"compendium_code":2054,"name":"leg workout","description":null,"benefits":null},{"tag_id":517,"user_input":"stands","duration_min":30,"met":2.5,"nf_calories":84.38,"photo":{"highres":null,"thumb":null,"is_user_uploaded":false},"compendium_code":9071,"name":"standing","description":null,"benefits":null}]}
2025-06-05 08:58:53 [http-nio-8080-exec-10] DEBUG o.s.w.s.m.m.a.HttpEntityMethodProcessor - Writing [{calories=68}]
2025-06-05 08:58:53 [http-nio-8080-exec-8] INFO  c.a.f.service.NutritionixService - Calculated calories: 39.38
2025-06-05 08:58:53 [http-nio-8080-exec-5] DEBUG o.s.web.servlet.DispatcherServlet - Completed 200 OK
2025-06-05 08:58:53 [http-nio-8080-exec-3] DEBUG o.s.w.s.m.m.a.HttpEntityMethodProcessor - Using 'application/json', given [*/*] and supported [application/json, application/*+json]
2025-06-05 08:58:53 [http-nio-8080-exec-2] DEBUG o.s.w.s.m.m.a.HttpEntityMethodProcessor - Writing [{calories=263}]
2025-06-05 08:58:53 [http-nio-8080-exec-1] INFO  c.a.f.service.NutritionixService - Calculated calories: 59.06
2025-06-05 08:58:53 [http-nio-8080-exec-4] INFO  c.a.f.service.NutritionixService - Calculated calories: 19.69
2025-06-05 08:58:53 [http-nio-8080-exec-8] DEBUG o.s.w.s.m.m.a.HttpEntityMethodProcessor - Using 'application/json', given [*/*] and supported [application/json, application/*+json]
2025-06-05 08:58:53 [http-nio-8080-exec-10] DEBUG o.s.o.j.s.OpenEntityManagerInViewInterceptor - Closing JPA EntityManager in OpenEntityManagerInViewInterceptor
2025-06-05 08:58:53 [http-nio-8080-exec-3] DEBUG o.s.w.s.m.m.a.HttpEntityMethodProcessor - Writing [{calories=395}]
2025-06-05 08:58:53 [http-nio-8080-exec-1] DEBUG o.s.w.s.m.m.a.HttpEntityMethodProcessor - Using 'application/json', given [*/*] and supported [application/json, application/*+json]
2025-06-05 08:58:53 [http-nio-8080-exec-2] DEBUG o.s.o.j.s.OpenEntityManagerInViewInterceptor - Closing JPA EntityManager in OpenEntityManagerInViewInterceptor
2025-06-05 08:58:53 [http-nio-8080-exec-4] DEBUG o.s.w.s.m.m.a.HttpEntityMethodProcessor - Using 'application/json', given [*/*] and supported [application/json, application/*+json]
2025-06-05 08:58:53 [http-nio-8080-exec-2] DEBUG o.s.web.servlet.DispatcherServlet - Completed 200 OK
2025-06-05 08:58:53 [http-nio-8080-exec-8] DEBUG o.s.w.s.m.m.a.HttpEntityMethodProcessor - Writing [{calories=39}]
2025-06-05 08:58:53 [http-nio-8080-exec-10] DEBUG o.s.web.servlet.DispatcherServlet - Completed 200 OK
2025-06-05 08:58:53 [http-nio-8080-exec-1] DEBUG o.s.w.s.m.m.a.HttpEntityMethodProcessor - Writing [{calories=59}]
2025-06-05 08:58:53 [http-nio-8080-exec-3] DEBUG o.s.o.j.s.OpenEntityManagerInViewInterceptor - Closing JPA EntityManager in OpenEntityManagerInViewInterceptor
2025-06-05 08:58:53 [http-nio-8080-exec-4] DEBUG o.s.w.s.m.m.a.HttpEntityMethodProcessor - Writing [{calories=20}]
2025-06-05 08:58:53 [http-nio-8080-exec-8] DEBUG o.s.o.j.s.OpenEntityManagerInViewInterceptor - Closing JPA EntityManager in OpenEntityManagerInViewInterceptor
2025-06-05 08:58:53 [http-nio-8080-exec-3] DEBUG o.s.web.servlet.DispatcherServlet - Completed 200 OK
2025-06-05 08:58:53 [http-nio-8080-exec-1] DEBUG o.s.o.j.s.OpenEntityManagerInViewInterceptor - Closing JPA EntityManager in OpenEntityManagerInViewInterceptor
2025-06-05 08:58:53 [http-nio-8080-exec-8] DEBUG o.s.web.servlet.DispatcherServlet - Completed 200 OK
2025-06-05 08:58:53 [http-nio-8080-exec-4] DEBUG o.s.o.j.s.OpenEntityManagerInViewInterceptor - Closing JPA EntityManager in OpenEntityManagerInViewInterceptor
2025-06-05 08:58:53 [http-nio-8080-exec-1] DEBUG o.s.web.servlet.DispatcherServlet - Completed 200 OK
2025-06-05 08:58:53 [http-nio-8080-exec-4] DEBUG o.s.web.servlet.DispatcherServlet - Completed 200 OK
2025-06-05 08:58:53 [http-nio-8080-exec-6] DEBUG o.s.web.client.RestTemplate - Response 200 OK
2025-06-05 08:58:53 [http-nio-8080-exec-6] DEBUG o.s.web.client.RestTemplate - Reading to [com.fasterxml.jackson.databind.JsonNode]
2025-06-05 08:58:53 [http-nio-8080-exec-6] INFO  c.a.f.service.NutritionixService - Nutritionix Response: {"exercises":[{"tag_id":179,"user_input":"tai chi","duration_min":20,"met":3,"nf_calories":67.5,"photo":{"highres":"https://d2xdmhkmkbyw75.cloudfront.net/exercise/179_highres.jpg","thumb":"https://d2xdmhkmkbyw75.cloudfront.net/exercise/179_thumb.jpg","is_user_uploaded":false},"compendium_code":15670,"name":"tai chi","description":null,"benefits":null}]}
2025-06-05 08:58:53 [http-nio-8080-exec-6] INFO  c.a.f.service.NutritionixService - Calculated calories: 67.5
2025-06-05 08:58:53 [http-nio-8080-exec-6] DEBUG o.s.w.s.m.m.a.HttpEntityMethodProcessor - Using 'application/json', given [*/*] and supported [application/json, application/*+json]
2025-06-05 08:58:53 [http-nio-8080-exec-6] DEBUG o.s.w.s.m.m.a.HttpEntityMethodProcessor - Writing [{calories=68}]
2025-06-05 08:58:53 [http-nio-8080-exec-6] DEBUG o.s.o.j.s.OpenEntityManagerInViewInterceptor - Closing JPA EntityManager in OpenEntityManagerInViewInterceptor
2025-06-05 08:58:53 [http-nio-8080-exec-6] DEBUG o.s.web.servlet.DispatcherServlet - Completed 200 OK
2025-06-05 08:58:53 [http-nio-8080-exec-7] DEBUG o.s.web.client.RestTemplate - Response 200 OK
2025-06-05 08:58:53 [http-nio-8080-exec-7] DEBUG o.s.web.client.RestTemplate - Reading to [com.fasterxml.jackson.databind.JsonNode]
2025-06-05 08:58:53 [http-nio-8080-exec-7] INFO  c.a.f.service.NutritionixService - Nutritionix Response: {"exercises":[{"tag_id":100,"user_input":"walk","duration_min":5,"met":3.5,"nf_calories":19.69,"photo":{"highres":"https://d2xdmhkmkbyw75.cloudfront.net/exercise/100_highres.jpg","thumb":"https://d2xdmhkmkbyw75.cloudfront.net/exercise/100_thumb.jpg","is_user_uploaded":false},"compendium_code":17190,"name":"walking","description":null,"benefits":null}]}
2025-06-05 08:58:53 [http-nio-8080-exec-7] INFO  c.a.f.service.NutritionixService - Calculated calories: 19.69
2025-06-05 08:58:53 [http-nio-8080-exec-7] DEBUG o.s.w.s.m.m.a.HttpEntityMethodProcessor - Using 'application/json', given [*/*] and supported [application/json, application/*+json]
2025-06-05 08:58:53 [http-nio-8080-exec-7] DEBUG o.s.w.s.m.m.a.HttpEntityMethodProcessor - Writing [{calories=20}]
2025-06-05 08:58:53 [http-nio-8080-exec-7] DEBUG o.s.o.j.s.OpenEntityManagerInViewInterceptor - Closing JPA EntityManager in OpenEntityManagerInViewInterceptor
2025-06-05 08:58:53 [http-nio-8080-exec-7] DEBUG o.s.web.servlet.DispatcherServlet - Completed 200 OK
2025-06-05 09:03:37 [File Watcher] INFO  o.s.b.d.a.LocalDevToolsAutoConfiguration$RestartingClassPathChangeChangedEventListener - Restarting due to 84 class path changes (0 additions, 33 deletions, 51 modifications)
2025-06-05 09:03:37 [Thread-5] INFO  o.s.b.w.e.tomcat.GracefulShutdown - Commencing graceful shutdown. Waiting for active requests to complete
2025-06-05 09:03:37 [tomcat-shutdown] INFO  o.s.b.w.e.tomcat.GracefulShutdown - Graceful shutdown complete
2025-06-05 09:03:37 [Thread-5] INFO  o.s.o.j.LocalContainerEntityManagerFactoryBean - Closing JPA EntityManagerFactory for persistence unit 'default'
2025-06-05 09:03:37 [Thread-5] INFO  com.zaxxer.hikari.HikariDataSource - HikariPool-1 - Shutdown initiated...
2025-06-05 09:03:37 [Thread-5] INFO  com.zaxxer.hikari.HikariDataSource - HikariPool-1 - Shutdown completed.
2025-06-05 09:03:37 [restartedMain] INFO  com.app.fitrack.FitrackApplication - Starting FitrackApplication using Java 23.0.1 with PID 23884 (C:\Users\Charlene C. Dilig\OneDrive\Documents\Github\Fitrack\fitrack\target\classes started by Charlene C. Dilig in C:\Users\Charlene C. Dilig\OneDrive\Documents\Github\Fitrack)
2025-06-05 09:03:37 [restartedMain] DEBUG com.app.fitrack.FitrackApplication - Running with Spring Boot v3.4.3, Spring v6.2.3
2025-06-05 09:03:37 [restartedMain] INFO  com.app.fitrack.FitrackApplication - No active profile set, falling back to 1 default profile: "default"
2025-06-05 09:03:40 [restartedMain] INFO  com.app.fitrack.FitrackApplication - Starting FitrackApplication using Java 23.0.1 with PID 26204 (C:\Users\Charlene C. Dilig\OneDrive\Documents\Github\Fitrack\fitrack\target\classes started by Charlene C. Dilig in C:\Users\Charlene C. Dilig\OneDrive\Documents\Github\Fitrack)
2025-06-05 09:03:40 [restartedMain] DEBUG com.app.fitrack.FitrackApplication - Running with Spring Boot v3.4.3, Spring v6.2.3
2025-06-05 09:03:40 [restartedMain] INFO  com.app.fitrack.FitrackApplication - No active profile set, falling back to 1 default profile: "default"
2025-06-05 09:03:40 [restartedMain] INFO  o.s.b.d.e.DevToolsPropertyDefaultsPostProcessor - Devtools property defaults active! Set 'spring.devtools.add-properties' to 'false' to disable
2025-06-05 09:03:40 [restartedMain] INFO  o.s.b.d.e.DevToolsPropertyDefaultsPostProcessor - For additional web related logging consider setting the 'logging.level.web' property to 'DEBUG'
2025-06-05 09:03:41 [restartedMain] INFO  o.s.d.r.c.RepositoryConfigurationDelegate - Bootstrapping Spring Data JPA repositories in DEFAULT mode.
2025-06-05 09:03:41 [restartedMain] INFO  o.s.d.r.c.RepositoryConfigurationDelegate - Finished Spring Data repository scanning in 73 ms. Found 7 JPA repository interfaces.
2025-06-05 09:03:42 [restartedMain] INFO  o.s.b.w.e.tomcat.TomcatWebServer - Tomcat initialized with port 8080 (http)
2025-06-05 09:03:42 [restartedMain] INFO  o.a.catalina.core.StandardService - Starting service [Tomcat]
2025-06-05 09:03:42 [restartedMain] INFO  o.a.catalina.core.StandardEngine - Starting Servlet engine: [Apache Tomcat/10.1.36]
2025-06-05 09:03:42 [restartedMain] INFO  o.a.c.c.C.[.[localhost].[/fitrack] - Initializing Spring embedded WebApplicationContext
2025-06-05 09:03:42 [restartedMain] INFO  o.s.b.w.s.c.ServletWebServerApplicationContext - Root WebApplicationContext: initialization completed in 2173 ms
2025-06-05 09:03:42 [restartedMain] DEBUG o.s.w.f.ServerHttpObservationFilter - Filter 'webMvcObservationFilter' configured for use
2025-06-05 09:03:42 [restartedMain] DEBUG o.s.o.j.LocalContainerEntityManagerFactoryBean - Building JPA container EntityManagerFactory for persistence unit 'default'
2025-06-05 09:03:42 [restartedMain] INFO  o.h.jpa.internal.util.LogHelper - HHH000204: Processing PersistenceUnitInfo [name: default]
2025-06-05 09:03:42 [restartedMain] INFO  org.hibernate.Version - HHH000412: Hibernate ORM core version 6.6.8.Final
2025-06-05 09:03:42 [restartedMain] INFO  o.h.c.i.RegionFactoryInitiator - HHH000026: Second-level cache disabled
2025-06-05 09:03:43 [restartedMain] INFO  o.s.o.j.p.SpringPersistenceUnitInfo - No LoadTimeWeaver setup: ignoring JPA class transformer
2025-06-05 09:03:43 [restartedMain] INFO  com.zaxxer.hikari.HikariDataSource - HikariPool-1 - Starting...
2025-06-05 09:03:43 [restartedMain] INFO  com.zaxxer.hikari.pool.HikariPool - HikariPool-1 - Added connection com.mysql.cj.jdbc.ConnectionImpl@6bc4d75f
2025-06-05 09:03:43 [restartedMain] INFO  com.zaxxer.hikari.HikariDataSource - HikariPool-1 - Start completed.
2025-06-05 09:03:43 [restartedMain] WARN  org.hibernate.orm.deprecation - HHH90000025: MySQL8Dialect does not need to be specified explicitly using 'hibernate.dialect' (remove the property setting and it will be selected by default)
2025-06-05 09:03:43 [restartedMain] WARN  org.hibernate.orm.deprecation - HHH90000026: MySQL8Dialect has been deprecated; use org.hibernate.dialect.MySQLDialect instead
2025-06-05 09:03:43 [restartedMain] INFO  o.hibernate.orm.connections.pooling - HHH10001005: Database info:
	Database JDBC URL [Connecting through datasource 'HikariDataSource (HikariPool-1)']
	Database driver: undefined/unknown
	Database version: 8.0
	Autocommit mode: undefined/unknown
	Isolation level: undefined/unknown
	Minimum pool size: undefined/unknown
	Maximum pool size: undefined/unknown
2025-06-05 09:03:43 [restartedMain] DEBUG o.h.t.d.sql.spi.DdlTypeRegistry - addDescriptor(12, org.hibernate.type.descriptor.sql.internal.CapacityDependentDdlType@1ea5cb2b) replaced previous registration(org.hibernate.type.descriptor.sql.internal.CapacityDependentDdlType@116b37cb)
2025-06-05 09:03:43 [restartedMain] DEBUG o.h.t.d.sql.spi.DdlTypeRegistry - addDescriptor(-9, org.hibernate.type.descriptor.sql.internal.CapacityDependentDdlType@3c688aba) replaced previous registration(org.hibernate.type.descriptor.sql.internal.CapacityDependentDdlType@5325765d)
2025-06-05 09:03:43 [restartedMain] DEBUG o.h.t.d.sql.spi.DdlTypeRegistry - addDescriptor(-3, org.hibernate.type.descriptor.sql.internal.CapacityDependentDdlType@63690381) replaced previous registration(org.hibernate.type.descriptor.sql.internal.CapacityDependentDdlType@2bf4b548)
2025-06-05 09:03:43 [restartedMain] DEBUG o.h.t.d.sql.spi.DdlTypeRegistry - addDescriptor(4003, org.hibernate.type.descriptor.sql.internal.DdlTypeImpl@5331d7d6) replaced previous registration(org.hibernate.type.descriptor.sql.internal.DdlTypeImpl@2b5ec473)
2025-06-05 09:03:43 [restartedMain] DEBUG o.h.t.d.sql.spi.DdlTypeRegistry - addDescriptor(4001, org.hibernate.type.descriptor.sql.internal.DdlTypeImpl@bf92) replaced previous registration(org.hibernate.type.descriptor.sql.internal.DdlTypeImpl@ed0142f)
2025-06-05 09:03:43 [restartedMain] DEBUG o.h.t.d.sql.spi.DdlTypeRegistry - addDescriptor(4002, org.hibernate.type.descriptor.sql.internal.DdlTypeImpl@5302ed44) replaced previous registration(org.hibernate.type.descriptor.sql.internal.DdlTypeImpl@ea2d60b)
2025-06-05 09:03:43 [restartedMain] DEBUG o.h.t.d.sql.spi.DdlTypeRegistry - addDescriptor(2004, org.hibernate.type.descriptor.sql.internal.CapacityDependentDdlType@b5b0462) replaced previous registration(org.hibernate.type.descriptor.sql.internal.DdlTypeImpl@524184a)
2025-06-05 09:03:43 [restartedMain] DEBUG o.h.t.d.sql.spi.DdlTypeRegistry - addDescriptor(2005, org.hibernate.type.descriptor.sql.internal.CapacityDependentDdlType@4188bd67) replaced previous registration(org.hibernate.type.descriptor.sql.internal.DdlTypeImpl@598239d3)
2025-06-05 09:03:43 [restartedMain] DEBUG o.h.t.d.sql.spi.DdlTypeRegistry - addDescriptor(2011, org.hibernate.type.descriptor.sql.internal.CapacityDependentDdlType@a294e95) replaced previous registration(org.hibernate.type.descriptor.sql.internal.DdlTypeImpl@2feae1d2)
2025-06-05 09:03:44 [restartedMain] INFO  o.h.e.t.j.p.i.JtaPlatformInitiator - HHH000489: No JTA platform available (set 'hibernate.transaction.jta.platform' to enable JTA platform integration)
2025-06-05 09:03:44 [restartedMain] INFO  o.s.o.j.LocalContainerEntityManagerFactoryBean - Initialized JPA EntityManagerFactory for persistence unit 'default'
2025-06-05 09:03:44 [restartedMain] DEBUG o.s.o.j.SharedEntityManagerCreator$SharedEntityManagerInvocationHandler - Creating new EntityManager for shared EntityManager invocation
2025-06-05 09:03:44 [restartedMain] DEBUG o.s.o.j.SharedEntityManagerCreator$SharedEntityManagerInvocationHandler - Creating new EntityManager for shared EntityManager invocation
2025-06-05 09:03:45 [restartedMain] DEBUG o.s.o.j.SharedEntityManagerCreator$SharedEntityManagerInvocationHandler - Creating new EntityManager for shared EntityManager invocation
2025-06-05 09:03:45 [restartedMain] DEBUG o.s.o.j.SharedEntityManagerCreator$SharedEntityManagerInvocationHandler - Creating new EntityManager for shared EntityManager invocation
2025-06-05 09:03:45 [restartedMain] INFO  o.s.d.j.r.query.QueryEnhancerFactory - Hibernate is in classpath; If applicable, HQL parser will be used.
2025-06-05 09:03:45 [restartedMain] DEBUG o.s.o.j.SharedEntityManagerCreator$SharedEntityManagerInvocationHandler - Creating new EntityManager for shared EntityManager invocation
2025-06-05 09:03:45 [restartedMain] DEBUG o.s.o.j.SharedEntityManagerCreator$SharedEntityManagerInvocationHandler - Creating new EntityManager for shared EntityManager invocation
2025-06-05 09:03:45 [restartedMain] DEBUG o.s.o.j.SharedEntityManagerCreator$SharedEntityManagerInvocationHandler - Creating new EntityManager for shared EntityManager invocation
2025-06-05 09:03:45 [restartedMain] DEBUG o.s.o.j.SharedEntityManagerCreator$SharedEntityManagerInvocationHandler - Creating new EntityManager for shared EntityManager invocation
2025-06-05 09:03:45 [restartedMain] DEBUG o.s.o.j.SharedEntityManagerCreator$SharedEntityManagerInvocationHandler - Creating new EntityManager for shared EntityManager invocation
2025-06-05 09:03:45 [restartedMain] TRACE o.s.t.a.AnnotationTransactionAttributeSource - Adding transactional method 'com.app.fitrack.service.EmailService.sendPasswordResetEmail' with attribute: PROPAGATION_REQUIRED,ISOLATION_DEFAULT
2025-06-05 09:03:45 [restartedMain] TRACE o.s.t.a.AnnotationTransactionAttributeSource - Adding transactional method 'com.app.fitrack.service.EmailService.sendVerificationEmail' with attribute: PROPAGATION_REQUIRED,ISOLATION_DEFAULT
2025-06-05 09:03:45 [restartedMain] DEBUG o.s.o.j.SharedEntityManagerCreator$SharedEntityManagerInvocationHandler - Creating new EntityManager for shared EntityManager invocation
2025-06-05 09:03:45 [restartedMain] DEBUG o.s.o.j.SharedEntityManagerCreator$SharedEntityManagerInvocationHandler - Creating new EntityManager for shared EntityManager invocation
2025-06-05 09:03:45 [restartedMain] DEBUG o.s.o.j.SharedEntityManagerCreator$SharedEntityManagerInvocationHandler - Creating new EntityManager for shared EntityManager invocation
2025-06-05 09:03:45 [restartedMain] DEBUG o.s.o.j.SharedEntityManagerCreator$SharedEntityManagerInvocationHandler - Creating new EntityManager for shared EntityManager invocation
2025-06-05 09:03:45 [restartedMain] DEBUG o.s.o.j.SharedEntityManagerCreator$SharedEntityManagerInvocationHandler - Creating new EntityManager for shared EntityManager invocation
2025-06-05 09:03:45 [restartedMain] DEBUG o.s.o.j.SharedEntityManagerCreator$SharedEntityManagerInvocationHandler - Creating new EntityManager for shared EntityManager invocation
2025-06-05 09:03:45 [restartedMain] DEBUG o.s.o.j.SharedEntityManagerCreator$SharedEntityManagerInvocationHandler - Creating new EntityManager for shared EntityManager invocation
2025-06-05 09:03:45 [restartedMain] DEBUG o.s.o.j.SharedEntityManagerCreator$SharedEntityManagerInvocationHandler - Creating new EntityManager for shared EntityManager invocation
2025-06-05 09:03:45 [restartedMain] DEBUG o.s.o.j.SharedEntityManagerCreator$SharedEntityManagerInvocationHandler - Creating new EntityManager for shared EntityManager invocation
2025-06-05 09:03:45 [restartedMain] DEBUG o.s.o.j.SharedEntityManagerCreator$SharedEntityManagerInvocationHandler - Creating new EntityManager for shared EntityManager invocation
2025-06-05 09:03:45 [restartedMain] DEBUG o.s.o.j.SharedEntityManagerCreator$SharedEntityManagerInvocationHandler - Creating new EntityManager for shared EntityManager invocation
2025-06-05 09:03:45 [restartedMain] DEBUG o.s.o.j.SharedEntityManagerCreator$SharedEntityManagerInvocationHandler - Creating new EntityManager for shared EntityManager invocation
2025-06-05 09:03:45 [restartedMain] TRACE o.s.t.a.AnnotationTransactionAttributeSource - Adding transactional method 'com.app.fitrack.service.UserService.saveUser' with attribute: PROPAGATION_REQUIRED,ISOLATION_DEFAULT
2025-06-05 09:03:45 [restartedMain] TRACE o.s.t.a.AnnotationTransactionAttributeSource - Adding transactional method 'com.app.fitrack.service.UserService.verifyUser' with attribute: PROPAGATION_REQUIRED,ISOLATION_DEFAULT
2025-06-05 09:03:45 [restartedMain] TRACE o.s.t.a.AnnotationTransactionAttributeSource - Adding transactional method 'com.app.fitrack.service.UserService.generatePasswordResetToken' with attribute: PROPAGATION_REQUIRED,ISOLATION_DEFAULT
2025-06-05 09:03:45 [restartedMain] TRACE o.s.t.a.AnnotationTransactionAttributeSource - Adding transactional method 'com.app.fitrack.service.UserService.resendVerificationCode' with attribute: PROPAGATION_REQUIRED,ISOLATION_DEFAULT
2025-06-05 09:03:45 [restartedMain] TRACE o.s.t.a.AnnotationTransactionAttributeSource - Adding transactional method 'com.app.fitrack.service.UserService.getAuthenticatedUser' with attribute: PROPAGATION_REQUIRED,ISOLATION_DEFAULT
2025-06-05 09:03:45 [restartedMain] TRACE o.s.t.a.AnnotationTransactionAttributeSource - Adding transactional method 'com.app.fitrack.service.UserService.findByEmail' with attribute: PROPAGATION_REQUIRED,ISOLATION_DEFAULT
2025-06-05 09:03:45 [restartedMain] TRACE o.s.t.a.AnnotationTransactionAttributeSource - Adding transactional method 'com.app.fitrack.service.UserService.createUserProfile' with attribute: PROPAGATION_REQUIRED,ISOLATION_DEFAULT
2025-06-05 09:03:45 [restartedMain] TRACE o.s.t.a.AnnotationTransactionAttributeSource - Adding transactional method 'com.app.fitrack.service.UserService.updateUserProfile' with attribute: PROPAGATION_REQUIRED,ISOLATION_DEFAULT
2025-06-05 09:03:45 [restartedMain] TRACE o.s.t.a.AnnotationTransactionAttributeSource - Adding transactional method 'com.app.fitrack.service.UserService.registerUser' with attribute: PROPAGATION_REQUIRED,ISOLATION_DEFAULT
2025-06-05 09:03:45 [restartedMain] TRACE o.s.t.a.AnnotationTransactionAttributeSource - Adding transactional method 'com.app.fitrack.service.UserService.verifyEmailChange' with attribute: PROPAGATION_REQUIRED,ISOLATION_DEFAULT
2025-06-05 09:03:45 [restartedMain] TRACE o.s.t.a.AnnotationTransactionAttributeSource - Adding transactional method 'com.app.fitrack.service.UserService.resetPassword' with attribute: PROPAGATION_REQUIRED,ISOLATION_DEFAULT
2025-06-05 09:03:45 [restartedMain] TRACE o.s.t.a.AnnotationTransactionAttributeSource - Adding transactional method 'com.app.fitrack.service.UserService.requestEmailChangeVerification' with attribute: PROPAGATION_REQUIRED,ISOLATION_DEFAULT
2025-06-05 09:03:45 [restartedMain] TRACE o.s.t.a.AnnotationTransactionAttributeSource - Adding transactional method 'com.app.fitrack.service.UserService.calculateDynamicActivityFactor' with attribute: PROPAGATION_REQUIRED,ISOLATION_DEFAULT
2025-06-05 09:03:45 [restartedMain] TRACE o.s.t.a.AnnotationTransactionAttributeSource - Adding transactional method 'com.app.fitrack.service.UserService.calculateTDEE' with attribute: PROPAGATION_REQUIRED,ISOLATION_DEFAULT
2025-06-05 09:03:45 [restartedMain] TRACE o.s.t.a.AnnotationTransactionAttributeSource - Adding transactional method 'com.app.fitrack.service.UserService.calculateBMR' with attribute: PROPAGATION_REQUIRED,ISOLATION_DEFAULT
2025-06-05 09:03:45 [restartedMain] DEBUG o.s.o.j.SharedEntityManagerCreator$SharedEntityManagerInvocationHandler - Creating new EntityManager for shared EntityManager invocation
2025-06-05 09:03:45 [restartedMain] DEBUG o.s.o.j.SharedEntityManagerCreator$SharedEntityManagerInvocationHandler - Creating new EntityManager for shared EntityManager invocation
2025-06-05 09:03:45 [restartedMain] DEBUG o.s.o.j.SharedEntityManagerCreator$SharedEntityManagerInvocationHandler - Creating new EntityManager for shared EntityManager invocation
2025-06-05 09:03:45 [restartedMain] DEBUG o.s.o.j.SharedEntityManagerCreator$SharedEntityManagerInvocationHandler - Creating new EntityManager for shared EntityManager invocation
2025-06-05 09:03:45 [restartedMain] DEBUG o.s.o.j.SharedEntityManagerCreator$SharedEntityManagerInvocationHandler - Creating new EntityManager for shared EntityManager invocation
2025-06-05 09:03:45 [restartedMain] DEBUG o.s.o.j.SharedEntityManagerCreator$SharedEntityManagerInvocationHandler - Creating new EntityManager for shared EntityManager invocation
2025-06-05 09:03:45 [restartedMain] DEBUG o.s.o.j.SharedEntityManagerCreator$SharedEntityManagerInvocationHandler - Creating new EntityManager for shared EntityManager invocation
2025-06-05 09:03:45 [restartedMain] DEBUG o.s.o.j.SharedEntityManagerCreator$SharedEntityManagerInvocationHandler - Creating new EntityManager for shared EntityManager invocation
2025-06-05 09:03:46 [restartedMain] DEBUG o.s.o.j.SharedEntityManagerCreator$SharedEntityManagerInvocationHandler - Creating new EntityManager for shared EntityManager invocation
2025-06-05 09:03:46 [restartedMain] DEBUG o.s.o.j.SharedEntityManagerCreator$SharedEntityManagerInvocationHandler - Creating new EntityManager for shared EntityManager invocation
2025-06-05 09:03:46 [restartedMain] DEBUG o.s.o.j.SharedEntityManagerCreator$SharedEntityManagerInvocationHandler - Creating new EntityManager for shared EntityManager invocation
2025-06-05 09:03:46 [restartedMain] DEBUG o.s.o.j.SharedEntityManagerCreator$SharedEntityManagerInvocationHandler - Creating new EntityManager for shared EntityManager invocation
2025-06-05 09:03:46 [restartedMain] DEBUG o.s.o.j.SharedEntityManagerCreator$SharedEntityManagerInvocationHandler - Creating new EntityManager for shared EntityManager invocation
2025-06-05 09:03:46 [restartedMain] INFO  c.a.f.service.NutritionixService - NutritionixService initialized. App ID loaded: true, API Key loaded: true
2025-06-05 09:03:46 [restartedMain] DEBUG o.s.o.j.SharedEntityManagerCreator$SharedEntityManagerInvocationHandler - Creating new EntityManager for shared EntityManager invocation
2025-06-05 09:03:46 [restartedMain] DEBUG o.s.o.j.SharedEntityManagerCreator$SharedEntityManagerInvocationHandler - Creating new EntityManager for shared EntityManager invocation
2025-06-05 09:03:46 [restartedMain] DEBUG o.s.o.j.SharedEntityManagerCreator$SharedEntityManagerInvocationHandler - Creating new EntityManager for shared EntityManager invocation
2025-06-05 09:03:46 [restartedMain] DEBUG o.s.o.j.SharedEntityManagerCreator$SharedEntityManagerInvocationHandler - Creating new EntityManager for shared EntityManager invocation
2025-06-05 09:03:46 [restartedMain] DEBUG o.s.o.j.SharedEntityManagerCreator$SharedEntityManagerInvocationHandler - Creating new EntityManager for shared EntityManager invocation
2025-06-05 09:03:46 [restartedMain] DEBUG o.s.o.j.SharedEntityManagerCreator$SharedEntityManagerInvocationHandler - Creating new EntityManager for shared EntityManager invocation
2025-06-05 09:03:46 [restartedMain] DEBUG o.s.o.j.SharedEntityManagerCreator$SharedEntityManagerInvocationHandler - Creating new EntityManager for shared EntityManager invocation
2025-06-05 09:03:46 [restartedMain] DEBUG o.s.o.j.SharedEntityManagerCreator$SharedEntityManagerInvocationHandler - Creating new EntityManager for shared EntityManager invocation
2025-06-05 09:03:46 [restartedMain] TRACE o.s.t.a.AnnotationTransactionAttributeSource - Adding transactional method 'com.app.fitrack.service.GoalService.deleteGoal' with attribute: PROPAGATION_REQUIRED,ISOLATION_DEFAULT
2025-06-05 09:03:46 [restartedMain] TRACE o.s.t.a.AnnotationTransactionAttributeSource - Adding transactional method 'com.app.fitrack.service.GoalService.updateGoalsBasedOnActivity' with attribute: PROPAGATION_REQUIRED,ISOLATION_DEFAULT
2025-06-05 09:03:46 [restartedMain] TRACE o.s.t.a.AnnotationTransactionAttributeSource - Adding transactional method 'com.app.fitrack.service.GoalService.updateGoalProgress' with attribute: PROPAGATION_REQUIRED,ISOLATION_DEFAULT
2025-06-05 09:03:46 [restartedMain] TRACE o.s.t.a.AnnotationTransactionAttributeSource - Adding transactional method 'com.app.fitrack.service.GoalService.archiveGoal' with attribute: PROPAGATION_REQUIRED,ISOLATION_DEFAULT
2025-06-05 09:03:46 [restartedMain] TRACE o.s.t.a.AnnotationTransactionAttributeSource - Adding transactional method 'com.app.fitrack.service.GoalService.createGoal' with attribute: PROPAGATION_REQUIRED,ISOLATION_DEFAULT
2025-06-05 09:03:46 [restartedMain] WARN  o.s.b.a.o.j.JpaBaseConfiguration$JpaWebConfiguration - spring.jpa.open-in-view is enabled by default. Therefore, database queries may be performed during view rendering. Explicitly configure spring.jpa.open-in-view to disable this warning
2025-06-05 09:03:46 [restartedMain] INFO  o.s.s.c.a.a.c.InitializeUserDetailsBeanManagerConfigurer$InitializeUserDetailsManagerConfigurer - Global AuthenticationManager configured with UserDetailsService bean with name customUserDetailsService
2025-06-05 09:03:46 [restartedMain] DEBUG o.s.w.s.m.m.a.RequestMappingHandlerMapping - 51 mappings in 'requestMappingHandlerMapping'
2025-06-05 09:03:46 [restartedMain] DEBUG o.s.w.s.h.SimpleUrlHandlerMapping - Patterns [/webjars/**, /**] in 'resourceHandlerMapping'
2025-06-05 09:03:46 [restartedMain] INFO  o.s.b.a.e.web.EndpointLinksResolver - Exposing 1 endpoint beneath base path '/actuator'
2025-06-05 09:03:47 [restartedMain] DEBUG o.s.s.web.DefaultSecurityFilterChain - Will secure any request with filters: DisableEncodeUrlFilter, WebAsyncManagerIntegrationFilter, SecurityContextHolderFilter, HeaderWriterFilter, CsrfFilter, LogoutFilter, UsernamePasswordAuthenticationFilter, RequestCacheAwareFilter, SecurityContextHolderAwareRequestFilter, AnonymousAuthenticationFilter, ExceptionTranslationFilter, AuthorizationFilter
2025-06-05 09:03:47 [restartedMain] DEBUG o.s.w.s.m.m.a.RequestMappingHandlerAdapter - ControllerAdvice beans: 0 @ModelAttribute, 0 @InitBinder, 1 RequestBodyAdvice, 1 ResponseBodyAdvice
2025-06-05 09:03:47 [restartedMain] DEBUG o.s.w.s.m.m.a.ExceptionHandlerExceptionResolver - ControllerAdvice beans: 0 @ExceptionHandler, 1 ResponseBodyAdvice
2025-06-05 09:03:47 [restartedMain] INFO  o.s.b.a.h.H2ConsoleAutoConfiguration - H2 console available at '/h2-console'. Database available at 'jdbc:mysql://localhost:3306/fitrackerapp'
2025-06-05 09:03:47 [restartedMain] INFO  o.s.b.d.a.OptionalLiveReloadServer - LiveReload server is running on port 35729
2025-06-05 09:03:47 [restartedMain] INFO  o.s.b.w.e.tomcat.TomcatWebServer - Tomcat started on port 8080 (http) with context path '/fitrack'
2025-06-05 09:03:47 [restartedMain] INFO  com.app.fitrack.FitrackApplication - Started FitrackApplication in 8.107 seconds (process running for 8.753)
2025-06-05 09:03:48 [RMI TCP Connection(2)-127.0.0.1] INFO  o.a.c.c.C.[.[localhost].[/fitrack] - Initializing Spring DispatcherServlet 'dispatcherServlet'
2025-06-05 09:03:48 [RMI TCP Connection(2)-127.0.0.1] INFO  o.s.web.servlet.DispatcherServlet - Initializing Servlet 'dispatcherServlet'
2025-06-05 09:03:48 [RMI TCP Connection(2)-127.0.0.1] DEBUG o.s.web.servlet.DispatcherServlet - Detected StandardServletMultipartResolver
2025-06-05 09:03:48 [RMI TCP Connection(2)-127.0.0.1] DEBUG o.s.web.servlet.DispatcherServlet - Detected AcceptHeaderLocaleResolver
2025-06-05 09:03:48 [RMI TCP Connection(2)-127.0.0.1] DEBUG o.s.web.servlet.DispatcherServlet - Detected FixedThemeResolver
2025-06-05 09:03:48 [RMI TCP Connection(2)-127.0.0.1] DEBUG o.s.web.servlet.DispatcherServlet - Detected org.springframework.web.servlet.view.DefaultRequestToViewNameTranslator@113b9a5f
2025-06-05 09:03:48 [RMI TCP Connection(2)-127.0.0.1] DEBUG o.s.web.servlet.DispatcherServlet - Detected org.springframework.web.servlet.support.SessionFlashMapManager@26c939a9
2025-06-05 09:03:48 [RMI TCP Connection(2)-127.0.0.1] DEBUG o.s.web.servlet.DispatcherServlet - enableLoggingRequestDetails='false': request parameters and headers will be masked to prevent unsafe logging of potentially sensitive data
2025-06-05 09:03:48 [RMI TCP Connection(2)-127.0.0.1] INFO  o.s.web.servlet.DispatcherServlet - Completed initialization in 4 ms
2025-06-05 09:04:52 [http-nio-8080-exec-1] DEBUG o.s.security.web.FilterChainProxy - Securing GET /user/analytics
2025-06-05 09:04:52 [http-nio-8080-exec-1] DEBUG o.s.s.w.a.AnonymousAuthenticationFilter - Set SecurityContextHolder to anonymous SecurityContext
2025-06-05 09:04:52 [http-nio-8080-exec-1] DEBUG o.s.s.w.s.HttpSessionRequestCache - Saved request http://localhost:8080/fitrack/user/analytics?continue to session
2025-06-05 09:04:52 [http-nio-8080-exec-1] DEBUG o.s.s.web.DefaultRedirectStrategy - Redirecting to http://localhost:8080/fitrack/user/login
2025-06-05 09:04:52 [http-nio-8080-exec-2] DEBUG o.s.security.web.FilterChainProxy - Securing GET /user/login
2025-06-05 09:04:52 [http-nio-8080-exec-2] DEBUG o.s.security.web.FilterChainProxy - Secured GET /user/login
2025-06-05 09:04:52 [http-nio-8080-exec-2] DEBUG o.s.web.servlet.DispatcherServlet - GET "/fitrack/user/login", parameters={}
2025-06-05 09:04:52 [http-nio-8080-exec-2] DEBUG o.s.w.s.m.m.a.RequestMappingHandlerMapping - Mapped to com.app.fitrack.controller.UserController#showLoginPage(Model)
2025-06-05 09:04:52 [http-nio-8080-exec-2] DEBUG o.s.o.j.s.OpenEntityManagerInViewInterceptor - Opening JPA EntityManager in OpenEntityManagerInViewInterceptor
2025-06-05 09:04:52 [http-nio-8080-exec-2] DEBUG o.s.w.s.v.ContentNegotiatingViewResolver - Selected 'text/html' given [text/html, application/xhtml+xml, application/xml;q=0.9, */*;q=0.8]
2025-06-05 09:04:52 [http-nio-8080-exec-2] DEBUG o.s.o.j.s.OpenEntityManagerInViewInterceptor - Closing JPA EntityManager in OpenEntityManagerInViewInterceptor
2025-06-05 09:04:52 [http-nio-8080-exec-2] DEBUG o.s.web.servlet.DispatcherServlet - Completed 200 OK
2025-06-05 09:04:52 [http-nio-8080-exec-2] DEBUG o.s.s.w.a.AnonymousAuthenticationFilter - Set SecurityContextHolder to anonymous SecurityContext
2025-06-05 09:04:52 [http-nio-8080-exec-3] DEBUG o.s.security.web.FilterChainProxy - Securing GET /styles/css/Join.css
2025-06-05 09:04:52 [http-nio-8080-exec-3] DEBUG o.s.security.web.FilterChainProxy - Secured GET /styles/css/Join.css
2025-06-05 09:04:52 [http-nio-8080-exec-3] DEBUG o.s.web.servlet.DispatcherServlet - GET "/fitrack/styles/css/Join.css", parameters={}
2025-06-05 09:04:52 [http-nio-8080-exec-3] DEBUG o.s.w.s.h.SimpleUrlHandlerMapping - Mapped to ResourceHttpRequestHandler [classpath [static/], URL [file:uploads/], ServletContext [/]]
2025-06-05 09:04:52 [http-nio-8080-exec-3] DEBUG o.s.o.j.s.OpenEntityManagerInViewInterceptor - Opening JPA EntityManager in OpenEntityManagerInViewInterceptor
2025-06-05 09:04:52 [http-nio-8080-exec-3] DEBUG o.s.o.j.s.OpenEntityManagerInViewInterceptor - Closing JPA EntityManager in OpenEntityManagerInViewInterceptor
2025-06-05 09:04:52 [http-nio-8080-exec-3] DEBUG o.s.web.servlet.DispatcherServlet - Completed 200 OK
2025-06-05 09:04:52 [http-nio-8080-exec-3] DEBUG o.s.s.w.a.AnonymousAuthenticationFilter - Set SecurityContextHolder to anonymous SecurityContext
2025-06-05 09:04:55 [http-nio-8080-exec-4] DEBUG o.s.security.web.FilterChainProxy - Securing POST /user/login
2025-06-05 09:04:55 [http-nio-8080-exec-4] TRACE o.s.t.i.TransactionInterceptor - No need to create transaction for [org.springframework.data.jpa.repository.support.SimpleJpaRepository.findByEmail]: This method is not transactional.
2025-06-05 09:04:55 [http-nio-8080-exec-4] DEBUG o.s.o.j.SharedEntityManagerCreator$SharedEntityManagerInvocationHandler - Creating new EntityManager for shared EntityManager invocation
2025-06-05 09:04:55 [http-nio-8080-exec-4] DEBUG org.hibernate.SQL - 
    select
        u1_0.id,
        u1_0.age,
        u1_0.email,
        u1_0.email_change_code,
        u1_0.email_change_code_expiry,
        u1_0.firstname,
        u1_0.gender,
        u1_0.height,
        u1_0.lastname,
        u1_0.password,
        u1_0.pending_email,
        u1_0.profile_picture,
        u1_0.verified,
        u1_0.weight 
    from
        users u1_0 
    where
        u1_0.email=?
2025-06-05 09:04:55 [http-nio-8080-exec-4] DEBUG o.s.s.a.d.DaoAuthenticationProvider - Authenticated user
2025-06-05 09:04:55 [http-nio-8080-exec-4] DEBUG o.s.s.w.a.s.ChangeSessionIdAuthenticationStrategy - Changed session id from 8522F2615BB2896E50F2529E27B6D3CA
2025-06-05 09:04:55 [http-nio-8080-exec-4] DEBUG o.s.s.w.c.CsrfAuthenticationStrategy - Replaced CSRF Token
2025-06-05 09:04:55 [http-nio-8080-exec-4] DEBUG o.s.s.w.c.HttpSessionSecurityContextRepository - Stored SecurityContextImpl [Authentication=UsernamePasswordAuthenticationToken [Principal=org.springframework.security.core.userdetails.User [Username=charlenedilig@gmail.com, Password=[PROTECTED], Enabled=true, AccountNonExpired=true, CredentialsNonExpired=true, AccountNonLocked=true, Granted Authorities=[ROLE_USER]], Credentials=[PROTECTED], Authenticated=true, Details=WebAuthenticationDetails [RemoteIpAddress=127.0.0.1, SessionId=8522F2615BB2896E50F2529E27B6D3CA], Granted Authorities=[ROLE_USER]]] to HttpSession [org.apache.catalina.session.StandardSessionFacade@4cb2a8b0]
2025-06-05 09:04:55 [http-nio-8080-exec-4] DEBUG o.s.s.w.a.UsernamePasswordAuthenticationFilter - Set SecurityContextHolder to UsernamePasswordAuthenticationToken [Principal=org.springframework.security.core.userdetails.User [Username=charlenedilig@gmail.com, Password=[PROTECTED], Enabled=true, AccountNonExpired=true, CredentialsNonExpired=true, AccountNonLocked=true, Granted Authorities=[ROLE_USER]], Credentials=[PROTECTED], Authenticated=true, Details=WebAuthenticationDetails [RemoteIpAddress=127.0.0.1, SessionId=8522F2615BB2896E50F2529E27B6D3CA], Granted Authorities=[ROLE_USER]]
2025-06-05 09:04:55 [http-nio-8080-exec-4] DEBUG o.s.orm.jpa.JpaTransactionManager - Creating new transaction with name [com.app.fitrack.service.UserService.findByEmail]: PROPAGATION_REQUIRED,ISOLATION_DEFAULT
2025-06-05 09:04:55 [http-nio-8080-exec-4] DEBUG o.s.orm.jpa.JpaTransactionManager - Opened new EntityManager [SessionImpl(1203121081<open>)] for JPA transaction
2025-06-05 09:04:55 [http-nio-8080-exec-4] DEBUG o.s.orm.jpa.JpaTransactionManager - Exposing JPA transaction as JDBC [org.springframework.orm.jpa.vendor.HibernateJpaDialect$HibernateConnectionHandle@53973fd5]
2025-06-05 09:04:55 [http-nio-8080-exec-4] TRACE o.s.t.i.TransactionInterceptor - Getting transaction for [com.app.fitrack.service.UserService.findByEmail]
2025-06-05 09:04:55 [http-nio-8080-exec-4] TRACE o.s.t.i.TransactionInterceptor - No need to create transaction for [org.springframework.data.jpa.repository.support.SimpleJpaRepository.findByEmail]: This method is not transactional.
2025-06-05 09:04:55 [http-nio-8080-exec-4] DEBUG org.hibernate.SQL - 
    select
        u1_0.id,
        u1_0.age,
        u1_0.email,
        u1_0.email_change_code,
        u1_0.email_change_code_expiry,
        u1_0.firstname,
        u1_0.gender,
        u1_0.height,
        u1_0.lastname,
        u1_0.password,
        u1_0.pending_email,
        u1_0.profile_picture,
        u1_0.verified,
        u1_0.weight 
    from
        users u1_0 
    where
        u1_0.email=?
2025-06-05 09:04:55 [http-nio-8080-exec-4] TRACE o.s.t.i.TransactionInterceptor - Completing transaction for [com.app.fitrack.service.UserService.findByEmail]
2025-06-05 09:04:55 [http-nio-8080-exec-4] DEBUG o.s.orm.jpa.JpaTransactionManager - Initiating transaction commit
2025-06-05 09:04:55 [http-nio-8080-exec-4] DEBUG o.s.orm.jpa.JpaTransactionManager - Committing JPA transaction on EntityManager [SessionImpl(1203121081<open>)]
2025-06-05 09:04:55 [http-nio-8080-exec-4] DEBUG o.s.orm.jpa.JpaTransactionManager - Closing JPA EntityManager [SessionImpl(1203121081<open>)] after transaction
2025-06-05 09:04:55 [http-nio-8080-exec-5] DEBUG o.s.security.web.FilterChainProxy - Securing GET /user/dashboard
2025-06-05 09:04:55 [http-nio-8080-exec-5] DEBUG o.s.s.w.c.HttpSessionSecurityContextRepository - Retrieved SecurityContextImpl [Authentication=UsernamePasswordAuthenticationToken [Principal=org.springframework.security.core.userdetails.User [Username=charlenedilig@gmail.com, Password=[PROTECTED], Enabled=true, AccountNonExpired=true, CredentialsNonExpired=true, AccountNonLocked=true, Granted Authorities=[ROLE_USER]], Credentials=[PROTECTED], Authenticated=true, Details=WebAuthenticationDetails [RemoteIpAddress=127.0.0.1, SessionId=8522F2615BB2896E50F2529E27B6D3CA], Granted Authorities=[ROLE_USER]]]
2025-06-05 09:04:55 [http-nio-8080-exec-5] DEBUG o.s.security.web.FilterChainProxy - Secured GET /user/dashboard
2025-06-05 09:04:55 [http-nio-8080-exec-5] DEBUG o.s.web.servlet.DispatcherServlet - GET "/fitrack/user/dashboard", parameters={}
2025-06-05 09:04:55 [http-nio-8080-exec-5] DEBUG o.s.w.s.m.m.a.RequestMappingHandlerMapping - Mapped to com.app.fitrack.controller.UserController#showDashboard(UserDetails, Model)
2025-06-05 09:04:55 [http-nio-8080-exec-5] DEBUG o.s.o.j.s.OpenEntityManagerInViewInterceptor - Opening JPA EntityManager in OpenEntityManagerInViewInterceptor
2025-06-05 09:04:55 [http-nio-8080-exec-5] DEBUG o.s.orm.jpa.JpaTransactionManager - Found thread-bound EntityManager [SessionImpl(828279903<open>)] for JPA transaction
2025-06-05 09:04:55 [http-nio-8080-exec-5] DEBUG o.s.orm.jpa.JpaTransactionManager - Creating new transaction with name [com.app.fitrack.service.UserService.findByEmail]: PROPAGATION_REQUIRED,ISOLATION_DEFAULT
2025-06-05 09:04:55 [http-nio-8080-exec-5] DEBUG o.s.orm.jpa.JpaTransactionManager - Exposing JPA transaction as JDBC [org.springframework.orm.jpa.vendor.HibernateJpaDialect$HibernateConnectionHandle@6c19f7c3]
2025-06-05 09:04:55 [http-nio-8080-exec-5] TRACE o.s.t.i.TransactionInterceptor - Getting transaction for [com.app.fitrack.service.UserService.findByEmail]
2025-06-05 09:04:55 [http-nio-8080-exec-5] TRACE o.s.t.i.TransactionInterceptor - No need to create transaction for [org.springframework.data.jpa.repository.support.SimpleJpaRepository.findByEmail]: This method is not transactional.
2025-06-05 09:04:55 [http-nio-8080-exec-5] DEBUG org.hibernate.SQL - 
    select
        u1_0.id,
        u1_0.age,
        u1_0.email,
        u1_0.email_change_code,
        u1_0.email_change_code_expiry,
        u1_0.firstname,
        u1_0.gender,
        u1_0.height,
        u1_0.lastname,
        u1_0.password,
        u1_0.pending_email,
        u1_0.profile_picture,
        u1_0.verified,
        u1_0.weight 
    from
        users u1_0 
    where
        u1_0.email=?
2025-06-05 09:04:55 [http-nio-8080-exec-5] TRACE o.s.t.i.TransactionInterceptor - Completing transaction for [com.app.fitrack.service.UserService.findByEmail]
2025-06-05 09:04:55 [http-nio-8080-exec-5] DEBUG o.s.orm.jpa.JpaTransactionManager - Initiating transaction commit
2025-06-05 09:04:55 [http-nio-8080-exec-5] DEBUG o.s.orm.jpa.JpaTransactionManager - Committing JPA transaction on EntityManager [SessionImpl(828279903<open>)]
2025-06-05 09:04:55 [http-nio-8080-exec-5] DEBUG o.s.orm.jpa.JpaTransactionManager - Not closing pre-bound JPA EntityManager after transaction
2025-06-05 09:04:55 [http-nio-8080-exec-5] DEBUG o.s.orm.jpa.JpaTransactionManager - Found thread-bound EntityManager [SessionImpl(828279903<open>)] for JPA transaction
2025-06-05 09:04:55 [http-nio-8080-exec-5] DEBUG o.s.orm.jpa.JpaTransactionManager - Creating new transaction with name [com.app.fitrack.service.UserService.getAuthenticatedUser]: PROPAGATION_REQUIRED,ISOLATION_DEFAULT
2025-06-05 09:04:55 [http-nio-8080-exec-5] DEBUG o.s.orm.jpa.JpaTransactionManager - Exposing JPA transaction as JDBC [org.springframework.orm.jpa.vendor.HibernateJpaDialect$HibernateConnectionHandle@f0c55c2]
2025-06-05 09:04:55 [http-nio-8080-exec-5] TRACE o.s.t.i.TransactionInterceptor - Getting transaction for [com.app.fitrack.service.UserService.getAuthenticatedUser]
2025-06-05 09:04:55 [http-nio-8080-exec-5] TRACE o.s.t.i.TransactionInterceptor - No need to create transaction for [org.springframework.data.jpa.repository.support.SimpleJpaRepository.findByEmail]: This method is not transactional.
2025-06-05 09:04:55 [http-nio-8080-exec-5] DEBUG org.hibernate.SQL - 
    select
        u1_0.id,
        u1_0.age,
        u1_0.email,
        u1_0.email_change_code,
        u1_0.email_change_code_expiry,
        u1_0.firstname,
        u1_0.gender,
        u1_0.height,
        u1_0.lastname,
        u1_0.password,
        u1_0.pending_email,
        u1_0.profile_picture,
        u1_0.verified,
        u1_0.weight 
    from
        users u1_0 
    where
        u1_0.email=?
2025-06-05 09:04:55 [http-nio-8080-exec-5] TRACE o.s.t.i.TransactionInterceptor - Completing transaction for [com.app.fitrack.service.UserService.getAuthenticatedUser]
2025-06-05 09:04:55 [http-nio-8080-exec-5] DEBUG o.s.orm.jpa.JpaTransactionManager - Initiating transaction commit
2025-06-05 09:04:55 [http-nio-8080-exec-5] DEBUG o.s.orm.jpa.JpaTransactionManager - Committing JPA transaction on EntityManager [SessionImpl(828279903<open>)]
2025-06-05 09:04:55 [http-nio-8080-exec-5] DEBUG o.s.orm.jpa.JpaTransactionManager - Not closing pre-bound JPA EntityManager after transaction
2025-06-05 09:04:55 [http-nio-8080-exec-5] TRACE o.s.t.i.TransactionInterceptor - No need to create transaction for [org.springframework.data.jpa.repository.support.SimpleJpaRepository.findByUser]: This method is not transactional.
2025-06-05 09:04:55 [http-nio-8080-exec-5] DEBUG org.hibernate.SQL - 
    select
        w1_0.id,
        w1_0.burned_calories,
        w1_0.date_time,
        w1_0.duration,
        w1_0.user_id,
        w1_0.workout_name,
        w1_0.workout_type 
    from
        workout w1_0 
    where
        w1_0.user_id=?
2025-06-05 09:04:55 [http-nio-8080-exec-5] DEBUG org.hibernate.SQL - 
    select
        rd1_0.workout_id,
        rd1_0.repeat_day 
    from
        workout_repeat_days rd1_0 
    where
        rd1_0.workout_id=?
2025-06-05 09:04:55 [http-nio-8080-exec-5] DEBUG org.hibernate.SQL - 
    select
        rd1_0.workout_id,
        rd1_0.repeat_day 
    from
        workout_repeat_days rd1_0 
    where
        rd1_0.workout_id=?
2025-06-05 09:04:55 [http-nio-8080-exec-5] DEBUG org.hibernate.SQL - 
    select
        rd1_0.workout_id,
        rd1_0.repeat_day 
    from
        workout_repeat_days rd1_0 
    where
        rd1_0.workout_id=?
2025-06-05 09:04:55 [http-nio-8080-exec-5] DEBUG org.hibernate.SQL - 
    select
        rd1_0.workout_id,
        rd1_0.repeat_day 
    from
        workout_repeat_days rd1_0 
    where
        rd1_0.workout_id=?
2025-06-05 09:04:55 [http-nio-8080-exec-5] DEBUG org.hibernate.SQL - 
    select
        rd1_0.workout_id,
        rd1_0.repeat_day 
    from
        workout_repeat_days rd1_0 
    where
        rd1_0.workout_id=?
2025-06-05 09:04:55 [http-nio-8080-exec-5] DEBUG org.hibernate.SQL - 
    select
        rd1_0.workout_id,
        rd1_0.repeat_day 
    from
        workout_repeat_days rd1_0 
    where
        rd1_0.workout_id=?
2025-06-05 09:04:55 [http-nio-8080-exec-5] TRACE o.s.t.i.TransactionInterceptor - No need to create transaction for [org.springframework.data.jpa.repository.support.SimpleJpaRepository.existsByUserAndWorkoutNameBetweenDates]: This method is not transactional.
2025-06-05 09:04:55 [http-nio-8080-exec-5] DEBUG org.hibernate.SQL - 
    select
        count(wl1_0.id)>0 
    from
        workout_log wl1_0 
    where
        wl1_0.user_id=? 
        and wl1_0.workout_name=? 
        and wl1_0.completed_at>=? 
        and wl1_0.completed_at<?
2025-06-05 09:04:55 [http-nio-8080-exec-5] TRACE o.s.t.i.TransactionInterceptor - No need to create transaction for [org.springframework.data.jpa.repository.support.SimpleJpaRepository.existsByUserAndWorkoutNameBetweenDates]: This method is not transactional.
2025-06-05 09:04:55 [http-nio-8080-exec-5] DEBUG org.hibernate.SQL - 
    select
        count(wl1_0.id)>0 
    from
        workout_log wl1_0 
    where
        wl1_0.user_id=? 
        and wl1_0.workout_name=? 
        and wl1_0.completed_at>=? 
        and wl1_0.completed_at<?
2025-06-05 09:04:55 [http-nio-8080-exec-5] TRACE o.s.t.i.TransactionInterceptor - No need to create transaction for [org.springframework.data.jpa.repository.support.SimpleJpaRepository.existsByUserAndWorkoutNameBetweenDates]: This method is not transactional.
2025-06-05 09:04:55 [http-nio-8080-exec-5] DEBUG org.hibernate.SQL - 
    select
        count(wl1_0.id)>0 
    from
        workout_log wl1_0 
    where
        wl1_0.user_id=? 
        and wl1_0.workout_name=? 
        and wl1_0.completed_at>=? 
        and wl1_0.completed_at<?
2025-06-05 09:04:55 [http-nio-8080-exec-5] TRACE o.s.t.i.TransactionInterceptor - No need to create transaction for [org.springframework.data.jpa.repository.support.SimpleJpaRepository.existsByUserAndWorkoutNameBetweenDates]: This method is not transactional.
2025-06-05 09:04:55 [http-nio-8080-exec-5] DEBUG org.hibernate.SQL - 
    select
        count(wl1_0.id)>0 
    from
        workout_log wl1_0 
    where
        wl1_0.user_id=? 
        and wl1_0.workout_name=? 
        and wl1_0.completed_at>=? 
        and wl1_0.completed_at<?
2025-06-05 09:04:55 [http-nio-8080-exec-5] TRACE o.s.t.i.TransactionInterceptor - No need to create transaction for [org.springframework.data.jpa.repository.support.SimpleJpaRepository.existsByUserAndWorkoutNameBetweenDates]: This method is not transactional.
2025-06-05 09:04:55 [http-nio-8080-exec-5] DEBUG org.hibernate.SQL - 
    select
        count(wl1_0.id)>0 
    from
        workout_log wl1_0 
    where
        wl1_0.user_id=? 
        and wl1_0.workout_name=? 
        and wl1_0.completed_at>=? 
        and wl1_0.completed_at<?
2025-06-05 09:04:55 [http-nio-8080-exec-5] TRACE o.s.t.i.TransactionInterceptor - No need to create transaction for [org.springframework.data.jpa.repository.support.SimpleJpaRepository.existsByUserAndWorkoutNameBetweenDates]: This method is not transactional.
2025-06-05 09:04:55 [http-nio-8080-exec-5] DEBUG org.hibernate.SQL - 
    select
        count(wl1_0.id)>0 
    from
        workout_log wl1_0 
    where
        wl1_0.user_id=? 
        and wl1_0.workout_name=? 
        and wl1_0.completed_at>=? 
        and wl1_0.completed_at<?
2025-06-05 09:04:55 [http-nio-8080-exec-5] DEBUG o.s.orm.jpa.JpaTransactionManager - Found thread-bound EntityManager [SessionImpl(828279903<open>)] for JPA transaction
2025-06-05 09:04:55 [http-nio-8080-exec-5] DEBUG o.s.orm.jpa.JpaTransactionManager - Creating new transaction with name [com.app.fitrack.service.UserService.getAuthenticatedUser]: PROPAGATION_REQUIRED,ISOLATION_DEFAULT
2025-06-05 09:04:55 [http-nio-8080-exec-5] DEBUG o.s.orm.jpa.JpaTransactionManager - Exposing JPA transaction as JDBC [org.springframework.orm.jpa.vendor.HibernateJpaDialect$HibernateConnectionHandle@20426433]
2025-06-05 09:04:55 [http-nio-8080-exec-5] TRACE o.s.t.i.TransactionInterceptor - Getting transaction for [com.app.fitrack.service.UserService.getAuthenticatedUser]
2025-06-05 09:04:55 [http-nio-8080-exec-5] TRACE o.s.t.i.TransactionInterceptor - No need to create transaction for [org.springframework.data.jpa.repository.support.SimpleJpaRepository.findByEmail]: This method is not transactional.
2025-06-05 09:04:55 [http-nio-8080-exec-5] DEBUG org.hibernate.SQL - 
    select
        u1_0.id,
        u1_0.age,
        u1_0.email,
        u1_0.email_change_code,
        u1_0.email_change_code_expiry,
        u1_0.firstname,
        u1_0.gender,
        u1_0.height,
        u1_0.lastname,
        u1_0.password,
        u1_0.pending_email,
        u1_0.profile_picture,
        u1_0.verified,
        u1_0.weight 
    from
        users u1_0 
    where
        u1_0.email=?
2025-06-05 09:04:55 [http-nio-8080-exec-5] TRACE o.s.t.i.TransactionInterceptor - Completing transaction for [com.app.fitrack.service.UserService.getAuthenticatedUser]
2025-06-05 09:04:55 [http-nio-8080-exec-5] DEBUG o.s.orm.jpa.JpaTransactionManager - Initiating transaction commit
2025-06-05 09:04:55 [http-nio-8080-exec-5] DEBUG o.s.orm.jpa.JpaTransactionManager - Committing JPA transaction on EntityManager [SessionImpl(828279903<open>)]
2025-06-05 09:04:55 [http-nio-8080-exec-5] DEBUG o.s.orm.jpa.JpaTransactionManager - Not closing pre-bound JPA EntityManager after transaction
2025-06-05 09:04:55 [http-nio-8080-exec-5] TRACE o.s.t.i.TransactionInterceptor - No need to create transaction for [org.springframework.data.jpa.repository.support.SimpleJpaRepository.findByUserAndDateTimeBetween]: This method is not transactional.
2025-06-05 09:04:55 [http-nio-8080-exec-5] DEBUG org.hibernate.SQL - 
    select
        distinct m1_0.id,
        m1_0.date_time,
        fi1_0.meal_id,
        fi1_0.id,
        fi1_0.calories,
        fi1_0.carbs,
        fi1_0.fat,
        fi1_0.food_item,
        fi1_0.other_unit,
        fi1_0.protein,
        fi1_0.quantity,
        fi1_0.unit,
        m1_0.meal_name,
        m1_0.user_id 
    from
        meal m1_0 
    left join
        meal_food_item fi1_0 
            on m1_0.id=fi1_0.meal_id 
    where
        m1_0.user_id=? 
        and m1_0.date_time between ? and ?
2025-06-05 09:04:55 [http-nio-8080-exec-5] DEBUG com.app.fitrack.service.GoalService - Fetching active goals for user: charlenedilig@gmail.com
2025-06-05 09:04:55 [http-nio-8080-exec-5] TRACE o.s.t.i.TransactionInterceptor - No need to create transaction for [org.springframework.data.jpa.repository.support.SimpleJpaRepository.findByUserAndArchivedFalse]: This method is not transactional.
2025-06-05 09:04:55 [http-nio-8080-exec-5] DEBUG org.hibernate.SQL - 
    select
        g1_0.id,
        g1_0.archived,
        g1_0.completion_date,
        g1_0.current_value,
        g1_0.description,
        g1_0.goal_type,
        g1_0.start_date,
        g1_0.start_value,
        g1_0.status,
        g1_0.target_date,
        g1_0.target_value,
        g1_0.user_id 
    from
        goals g1_0 
    where
        g1_0.user_id=? 
        and not(g1_0.archived)
2025-06-05 09:04:55 [http-nio-8080-exec-5] TRACE o.s.t.i.TransactionInterceptor - No need to create transaction for [org.springframework.data.jpa.repository.support.SimpleJpaRepository.findByUserAndCompletedAtBetween]: This method is not transactional.
2025-06-05 09:04:55 [http-nio-8080-exec-5] DEBUG org.hibernate.SQL - 
    select
        wl1_0.id,
        wl1_0.burned_calories,
        wl1_0.completed_at,
        wl1_0.duration,
        wl1_0.user_id,
        wl1_0.workout_name,
        wl1_0.workout_type 
    from
        workout_log wl1_0 
    where
        wl1_0.user_id=? 
        and wl1_0.completed_at between ? and ?
2025-06-05 09:04:55 [http-nio-8080-exec-5] TRACE o.s.t.i.TransactionInterceptor - No need to create transaction for [org.springframework.data.jpa.repository.support.SimpleJpaRepository.countByUserAndCompletedAtBetween]: This method is not transactional.
2025-06-05 09:04:55 [http-nio-8080-exec-5] DEBUG org.hibernate.SQL - 
    select
        count(wl1_0.id) 
    from
        workout_log wl1_0 
    where
        wl1_0.user_id=? 
        and wl1_0.completed_at between ? and ?
2025-06-05 09:04:55 [http-nio-8080-exec-5] DEBUG o.s.w.s.v.ContentNegotiatingViewResolver - Selected 'text/html' given [text/html, application/xhtml+xml, application/xml;q=0.9, */*;q=0.8]
2025-06-05 09:04:55 [http-nio-8080-exec-6] DEBUG o.s.security.web.FilterChainProxy - Securing GET /styles/css/Fitrack.css
2025-06-05 09:04:55 [http-nio-8080-exec-6] DEBUG o.s.security.web.FilterChainProxy - Secured GET /styles/css/Fitrack.css
2025-06-05 09:04:55 [http-nio-8080-exec-6] DEBUG o.s.web.servlet.DispatcherServlet - GET "/fitrack/styles/css/Fitrack.css", parameters={}
2025-06-05 09:04:55 [http-nio-8080-exec-6] DEBUG o.s.w.s.h.SimpleUrlHandlerMapping - Mapped to ResourceHttpRequestHandler [classpath [static/], URL [file:uploads/], ServletContext [/]]
2025-06-05 09:04:55 [http-nio-8080-exec-6] DEBUG o.s.o.j.s.OpenEntityManagerInViewInterceptor - Opening JPA EntityManager in OpenEntityManagerInViewInterceptor
2025-06-05 09:04:55 [http-nio-8080-exec-6] DEBUG o.s.o.j.s.OpenEntityManagerInViewInterceptor - Closing JPA EntityManager in OpenEntityManagerInViewInterceptor
2025-06-05 09:04:55 [http-nio-8080-exec-6] DEBUG o.s.web.servlet.DispatcherServlet - Completed 200 OK
2025-06-05 09:04:55 [http-nio-8080-exec-6] DEBUG o.s.s.w.c.HttpSessionSecurityContextRepository - Retrieved SecurityContextImpl [Authentication=UsernamePasswordAuthenticationToken [Principal=org.springframework.security.core.userdetails.User [Username=charlenedilig@gmail.com, Password=[PROTECTED], Enabled=true, AccountNonExpired=true, CredentialsNonExpired=true, AccountNonLocked=true, Granted Authorities=[ROLE_USER]], Credentials=[PROTECTED], Authenticated=true, Details=WebAuthenticationDetails [RemoteIpAddress=127.0.0.1, SessionId=8522F2615BB2896E50F2529E27B6D3CA], Granted Authorities=[ROLE_USER]]]
2025-06-05 09:04:55 [http-nio-8080-exec-5] DEBUG o.s.o.j.s.OpenEntityManagerInViewInterceptor - Closing JPA EntityManager in OpenEntityManagerInViewInterceptor
2025-06-05 09:04:55 [http-nio-8080-exec-5] DEBUG o.s.web.servlet.DispatcherServlet - Completed 200 OK
2025-06-05 09:04:55 [http-nio-8080-exec-7] DEBUG o.s.security.web.FilterChainProxy - Securing GET /styles/scripts/dashboard.js
2025-06-05 09:04:55 [http-nio-8080-exec-7] DEBUG o.s.security.web.FilterChainProxy - Secured GET /styles/scripts/dashboard.js
2025-06-05 09:04:55 [http-nio-8080-exec-7] DEBUG o.s.web.servlet.DispatcherServlet - GET "/fitrack/styles/scripts/dashboard.js", parameters={}
2025-06-05 09:04:55 [http-nio-8080-exec-7] DEBUG o.s.w.s.h.SimpleUrlHandlerMapping - Mapped to ResourceHttpRequestHandler [classpath [static/], URL [file:uploads/], ServletContext [/]]
2025-06-05 09:04:55 [http-nio-8080-exec-7] DEBUG o.s.o.j.s.OpenEntityManagerInViewInterceptor - Opening JPA EntityManager in OpenEntityManagerInViewInterceptor
2025-06-05 09:04:55 [http-nio-8080-exec-7] DEBUG o.s.o.j.s.OpenEntityManagerInViewInterceptor - Closing JPA EntityManager in OpenEntityManagerInViewInterceptor
2025-06-05 09:04:55 [http-nio-8080-exec-7] DEBUG o.s.web.servlet.DispatcherServlet - Completed 200 OK
2025-06-05 09:04:55 [http-nio-8080-exec-7] DEBUG o.s.s.w.c.HttpSessionSecurityContextRepository - Retrieved SecurityContextImpl [Authentication=UsernamePasswordAuthenticationToken [Principal=org.springframework.security.core.userdetails.User [Username=charlenedilig@gmail.com, Password=[PROTECTED], Enabled=true, AccountNonExpired=true, CredentialsNonExpired=true, AccountNonLocked=true, Granted Authorities=[ROLE_USER]], Credentials=[PROTECTED], Authenticated=true, Details=WebAuthenticationDetails [RemoteIpAddress=127.0.0.1, SessionId=8522F2615BB2896E50F2529E27B6D3CA], Granted Authorities=[ROLE_USER]]]
2025-06-05 09:04:55 [http-nio-8080-exec-8] DEBUG o.s.security.web.FilterChainProxy - Securing GET /images/Fitrack.ico
2025-06-05 09:04:55 [http-nio-8080-exec-8] DEBUG o.s.security.web.FilterChainProxy - Secured GET /images/Fitrack.ico
2025-06-05 09:04:55 [http-nio-8080-exec-8] DEBUG o.s.web.servlet.DispatcherServlet - GET "/fitrack/images/Fitrack.ico", parameters={}
2025-06-05 09:04:55 [http-nio-8080-exec-8] DEBUG o.s.w.s.h.SimpleUrlHandlerMapping - Mapped to ResourceHttpRequestHandler [classpath [static/], URL [file:uploads/], ServletContext [/]]
2025-06-05 09:04:55 [http-nio-8080-exec-8] DEBUG o.s.o.j.s.OpenEntityManagerInViewInterceptor - Opening JPA EntityManager in OpenEntityManagerInViewInterceptor
2025-06-05 09:04:55 [http-nio-8080-exec-8] DEBUG o.s.o.j.s.OpenEntityManagerInViewInterceptor - Closing JPA EntityManager in OpenEntityManagerInViewInterceptor
2025-06-05 09:04:55 [http-nio-8080-exec-8] DEBUG o.s.web.servlet.DispatcherServlet - Completed 200 OK
2025-06-05 09:04:55 [http-nio-8080-exec-8] DEBUG o.s.s.w.c.HttpSessionSecurityContextRepository - Retrieved SecurityContextImpl [Authentication=UsernamePasswordAuthenticationToken [Principal=org.springframework.security.core.userdetails.User [Username=charlenedilig@gmail.com, Password=[PROTECTED], Enabled=true, AccountNonExpired=true, CredentialsNonExpired=true, AccountNonLocked=true, Granted Authorities=[ROLE_USER]], Credentials=[PROTECTED], Authenticated=true, Details=WebAuthenticationDetails [RemoteIpAddress=127.0.0.1, SessionId=8522F2615BB2896E50F2529E27B6D3CA], Granted Authorities=[ROLE_USER]]]
2025-06-05 09:04:57 [http-nio-8080-exec-9] DEBUG o.s.security.web.FilterChainProxy - Securing GET /user/analytics
2025-06-05 09:04:57 [http-nio-8080-exec-9] DEBUG o.s.s.w.c.HttpSessionSecurityContextRepository - Retrieved SecurityContextImpl [Authentication=UsernamePasswordAuthenticationToken [Principal=org.springframework.security.core.userdetails.User [Username=charlenedilig@gmail.com, Password=[PROTECTED], Enabled=true, AccountNonExpired=true, CredentialsNonExpired=true, AccountNonLocked=true, Granted Authorities=[ROLE_USER]], Credentials=[PROTECTED], Authenticated=true, Details=WebAuthenticationDetails [RemoteIpAddress=127.0.0.1, SessionId=8522F2615BB2896E50F2529E27B6D3CA], Granted Authorities=[ROLE_USER]]]
2025-06-05 09:04:57 [http-nio-8080-exec-9] DEBUG o.s.security.web.FilterChainProxy - Secured GET /user/analytics
2025-06-05 09:04:57 [http-nio-8080-exec-9] DEBUG o.s.web.servlet.DispatcherServlet - GET "/fitrack/user/analytics", parameters={}
2025-06-05 09:04:57 [http-nio-8080-exec-9] DEBUG o.s.w.s.m.m.a.RequestMappingHandlerMapping - Mapped to com.app.fitrack.controller.AnalyticsController#showAnalytics(UserDetails, Model)
2025-06-05 09:04:57 [http-nio-8080-exec-9] DEBUG o.s.o.j.s.OpenEntityManagerInViewInterceptor - Opening JPA EntityManager in OpenEntityManagerInViewInterceptor
2025-06-05 09:04:57 [http-nio-8080-exec-9] DEBUG c.a.f.controller.AnalyticsController - Analytics page requested for user: charlenedilig@gmail.com
2025-06-05 09:04:57 [http-nio-8080-exec-9] DEBUG o.s.orm.jpa.JpaTransactionManager - Found thread-bound EntityManager [SessionImpl(1102289256<open>)] for JPA transaction
2025-06-05 09:04:57 [http-nio-8080-exec-9] DEBUG o.s.orm.jpa.JpaTransactionManager - Creating new transaction with name [com.app.fitrack.service.UserService.findByEmail]: PROPAGATION_REQUIRED,ISOLATION_DEFAULT
2025-06-05 09:04:57 [http-nio-8080-exec-9] DEBUG o.s.orm.jpa.JpaTransactionManager - Exposing JPA transaction as JDBC [org.springframework.orm.jpa.vendor.HibernateJpaDialect$HibernateConnectionHandle@458c0586]
2025-06-05 09:04:57 [http-nio-8080-exec-9] TRACE o.s.t.i.TransactionInterceptor - Getting transaction for [com.app.fitrack.service.UserService.findByEmail]
2025-06-05 09:04:57 [http-nio-8080-exec-9] TRACE o.s.t.i.TransactionInterceptor - No need to create transaction for [org.springframework.data.jpa.repository.support.SimpleJpaRepository.findByEmail]: This method is not transactional.
2025-06-05 09:04:57 [http-nio-8080-exec-9] DEBUG org.hibernate.SQL - 
    select
        u1_0.id,
        u1_0.age,
        u1_0.email,
        u1_0.email_change_code,
        u1_0.email_change_code_expiry,
        u1_0.firstname,
        u1_0.gender,
        u1_0.height,
        u1_0.lastname,
        u1_0.password,
        u1_0.pending_email,
        u1_0.profile_picture,
        u1_0.verified,
        u1_0.weight 
    from
        users u1_0 
    where
        u1_0.email=?
2025-06-05 09:04:57 [http-nio-8080-exec-9] TRACE o.s.t.i.TransactionInterceptor - Completing transaction for [com.app.fitrack.service.UserService.findByEmail]
2025-06-05 09:04:57 [http-nio-8080-exec-9] DEBUG o.s.orm.jpa.JpaTransactionManager - Initiating transaction commit
2025-06-05 09:04:57 [http-nio-8080-exec-9] DEBUG o.s.orm.jpa.JpaTransactionManager - Committing JPA transaction on EntityManager [SessionImpl(1102289256<open>)]
2025-06-05 09:04:57 [http-nio-8080-exec-9] DEBUG o.s.orm.jpa.JpaTransactionManager - Not closing pre-bound JPA EntityManager after transaction
2025-06-05 09:04:57 [http-nio-8080-exec-9] DEBUG c.a.fitrack.service.AnalyticsService - Entering getAnalyticsPageData for user: charlenedilig@gmail.com
2025-06-05 09:04:57 [http-nio-8080-exec-9] DEBUG c.a.fitrack.service.AnalyticsService - User details: firstName=charlene, lastName=dilig
2025-06-05 09:04:57 [http-nio-8080-exec-9] DEBUG c.a.fitrack.service.AnalyticsService - DTO fullName set to: charlene dilig
2025-06-05 09:04:57 [http-nio-8080-exec-9] TRACE o.s.t.i.TransactionInterceptor - No need to create transaction for [org.springframework.data.jpa.repository.support.SimpleJpaRepository.findByUser]: This method is not transactional.
2025-06-05 09:04:57 [http-nio-8080-exec-9] DEBUG org.hibernate.SQL - 
    select
        w1_0.id,
        w1_0.burned_calories,
        w1_0.date_time,
        w1_0.duration,
        w1_0.user_id,
        w1_0.workout_name,
        w1_0.workout_type 
    from
        workout w1_0 
    where
        w1_0.user_id=?
2025-06-05 09:04:57 [http-nio-8080-exec-9] DEBUG org.hibernate.SQL - 
    select
        rd1_0.workout_id,
        rd1_0.repeat_day 
    from
        workout_repeat_days rd1_0 
    where
        rd1_0.workout_id=?
2025-06-05 09:04:57 [http-nio-8080-exec-9] DEBUG org.hibernate.SQL - 
    select
        rd1_0.workout_id,
        rd1_0.repeat_day 
    from
        workout_repeat_days rd1_0 
    where
        rd1_0.workout_id=?
2025-06-05 09:04:57 [http-nio-8080-exec-9] DEBUG org.hibernate.SQL - 
    select
        rd1_0.workout_id,
        rd1_0.repeat_day 
    from
        workout_repeat_days rd1_0 
    where
        rd1_0.workout_id=?
2025-06-05 09:04:57 [http-nio-8080-exec-9] DEBUG org.hibernate.SQL - 
    select
        rd1_0.workout_id,
        rd1_0.repeat_day 
    from
        workout_repeat_days rd1_0 
    where
        rd1_0.workout_id=?
2025-06-05 09:04:58 [http-nio-8080-exec-9] DEBUG org.hibernate.SQL - 
    select
        rd1_0.workout_id,
        rd1_0.repeat_day 
    from
        workout_repeat_days rd1_0 
    where
        rd1_0.workout_id=?
2025-06-05 09:04:58 [http-nio-8080-exec-9] DEBUG org.hibernate.SQL - 
    select
        rd1_0.workout_id,
        rd1_0.repeat_day 
    from
        workout_repeat_days rd1_0 
    where
        rd1_0.workout_id=?
2025-06-05 09:04:58 [http-nio-8080-exec-9] DEBUG c.a.fitrack.service.AnalyticsService - Scheduled workout names for DTO: [Full Body Workout, HIIT Circuit Training, Upper Back Stretching, Yoga, Low Lunge Twists, Core Workout]
2025-06-05 09:04:58 [http-nio-8080-exec-9] INFO  c.a.f.service.BodyMeasurementService - Fetching measurements for UserID=1
2025-06-05 09:04:58 [http-nio-8080-exec-9] TRACE o.s.t.i.TransactionInterceptor - No need to create transaction for [org.springframework.data.jpa.repository.support.SimpleJpaRepository.findByUserOrderByDateTimeDesc]: This method is not transactional.
2025-06-05 09:04:58 [http-nio-8080-exec-9] DEBUG org.hibernate.SQL - 
    select
        bm1_0.id,
        bm1_0.date_time,
        bm1_0.notes,
        bm1_0.user_id,
        bm1_0.weight 
    from
        body_measurement bm1_0 
    where
        bm1_0.user_id=? 
    order by
        bm1_0.date_time desc
2025-06-05 09:04:58 [http-nio-8080-exec-9] INFO  c.a.f.service.BodyMeasurementService - Found 14 measurements for UserID=1
2025-06-05 09:04:58 [http-nio-8080-exec-9] DEBUG c.a.fitrack.service.AnalyticsService - Setting currentUserWeight from User object: 67.5
2025-06-05 09:04:58 [http-nio-8080-exec-9] TRACE o.s.t.i.TransactionInterceptor - No need to create transaction for [org.springframework.data.jpa.repository.support.SimpleJpaRepository.findByUserAndDateTimeBetween]: This method is not transactional.
2025-06-05 09:04:58 [http-nio-8080-exec-9] DEBUG org.hibernate.SQL - 
    select
        distinct m1_0.id,
        m1_0.date_time,
        fi1_0.meal_id,
        fi1_0.id,
        fi1_0.calories,
        fi1_0.carbs,
        fi1_0.fat,
        fi1_0.food_item,
        fi1_0.other_unit,
        fi1_0.protein,
        fi1_0.quantity,
        fi1_0.unit,
        m1_0.meal_name,
        m1_0.user_id 
    from
        meal m1_0 
    left join
        meal_food_item fi1_0 
            on m1_0.id=fi1_0.meal_id 
    where
        m1_0.user_id=? 
        and m1_0.date_time between ? and ?
2025-06-05 09:04:58 [http-nio-8080-exec-9] TRACE o.s.t.i.TransactionInterceptor - No need to create transaction for [org.springframework.data.jpa.repository.support.SimpleJpaRepository.findByUserAndCompletedAtBetween]: This method is not transactional.
2025-06-05 09:04:58 [http-nio-8080-exec-9] DEBUG org.hibernate.SQL - 
    select
        wl1_0.id,
        wl1_0.burned_calories,
        wl1_0.completed_at,
        wl1_0.duration,
        wl1_0.user_id,
        wl1_0.workout_name,
        wl1_0.workout_type 
    from
        workout_log wl1_0 
    where
        wl1_0.user_id=? 
        and wl1_0.completed_at between ? and ?
2025-06-05 09:04:58 [http-nio-8080-exec-9] DEBUG o.s.orm.jpa.JpaTransactionManager - Found thread-bound EntityManager [SessionImpl(1102289256<open>)] for JPA transaction
2025-06-05 09:04:58 [http-nio-8080-exec-9] DEBUG o.s.orm.jpa.JpaTransactionManager - Creating new transaction with name [com.app.fitrack.service.UserService.calculateDynamicActivityFactor]: PROPAGATION_REQUIRED,ISOLATION_DEFAULT
2025-06-05 09:04:58 [http-nio-8080-exec-9] DEBUG o.s.orm.jpa.JpaTransactionManager - Exposing JPA transaction as JDBC [org.springframework.orm.jpa.vendor.HibernateJpaDialect$HibernateConnectionHandle@8d9704d]
2025-06-05 09:04:58 [http-nio-8080-exec-9] TRACE o.s.t.i.TransactionInterceptor - Getting transaction for [com.app.fitrack.service.UserService.calculateDynamicActivityFactor]
2025-06-05 09:04:58 [http-nio-8080-exec-9] TRACE o.s.t.i.TransactionInterceptor - No need to create transaction for [org.springframework.data.jpa.repository.support.SimpleJpaRepository.findByUserAndCompletedAtBetween]: This method is not transactional.
2025-06-05 09:04:58 [http-nio-8080-exec-9] DEBUG org.hibernate.SQL - 
    select
        wl1_0.id,
        wl1_0.burned_calories,
        wl1_0.completed_at,
        wl1_0.duration,
        wl1_0.user_id,
        wl1_0.workout_name,
        wl1_0.workout_type 
    from
        workout_log wl1_0 
    where
        wl1_0.user_id=? 
        and wl1_0.completed_at between ? and ?
2025-06-05 09:04:58 [http-nio-8080-exec-9] TRACE o.s.t.i.TransactionInterceptor - Completing transaction for [com.app.fitrack.service.UserService.calculateDynamicActivityFactor]
2025-06-05 09:04:58 [http-nio-8080-exec-9] DEBUG o.s.orm.jpa.JpaTransactionManager - Initiating transaction commit
2025-06-05 09:04:58 [http-nio-8080-exec-9] DEBUG o.s.orm.jpa.JpaTransactionManager - Committing JPA transaction on EntityManager [SessionImpl(1102289256<open>)]
2025-06-05 09:04:58 [http-nio-8080-exec-9] DEBUG o.s.orm.jpa.JpaTransactionManager - Not closing pre-bound JPA EntityManager after transaction
2025-06-05 09:04:58 [http-nio-8080-exec-9] DEBUG o.s.orm.jpa.JpaTransactionManager - Found thread-bound EntityManager [SessionImpl(1102289256<open>)] for JPA transaction
2025-06-05 09:04:58 [http-nio-8080-exec-9] DEBUG o.s.orm.jpa.JpaTransactionManager - Creating new transaction with name [com.app.fitrack.service.UserService.calculateTDEE]: PROPAGATION_REQUIRED,ISOLATION_DEFAULT
2025-06-05 09:04:58 [http-nio-8080-exec-9] DEBUG o.s.orm.jpa.JpaTransactionManager - Exposing JPA transaction as JDBC [org.springframework.orm.jpa.vendor.HibernateJpaDialect$HibernateConnectionHandle@5ef9f855]
2025-06-05 09:04:58 [http-nio-8080-exec-9] TRACE o.s.t.i.TransactionInterceptor - Getting transaction for [com.app.fitrack.service.UserService.calculateTDEE]
2025-06-05 09:04:58 [http-nio-8080-exec-9] TRACE o.s.t.i.TransactionInterceptor - Completing transaction for [com.app.fitrack.service.UserService.calculateTDEE]
2025-06-05 09:04:58 [http-nio-8080-exec-9] DEBUG o.s.orm.jpa.JpaTransactionManager - Initiating transaction commit
2025-06-05 09:04:58 [http-nio-8080-exec-9] DEBUG o.s.orm.jpa.JpaTransactionManager - Committing JPA transaction on EntityManager [SessionImpl(1102289256<open>)]
2025-06-05 09:04:58 [http-nio-8080-exec-9] DEBUG o.s.orm.jpa.JpaTransactionManager - Not closing pre-bound JPA EntityManager after transaction
2025-06-05 09:04:58 [http-nio-8080-exec-9] TRACE o.s.t.i.TransactionInterceptor - No need to create transaction for [org.springframework.data.jpa.repository.support.SimpleJpaRepository.findByUserAndDateTimeBetween]: This method is not transactional.
2025-06-05 09:04:58 [http-nio-8080-exec-9] DEBUG org.hibernate.SQL - 
    select
        distinct m1_0.id,
        m1_0.date_time,
        fi1_0.meal_id,
        fi1_0.id,
        fi1_0.calories,
        fi1_0.carbs,
        fi1_0.fat,
        fi1_0.food_item,
        fi1_0.other_unit,
        fi1_0.protein,
        fi1_0.quantity,
        fi1_0.unit,
        m1_0.meal_name,
        m1_0.user_id 
    from
        meal m1_0 
    left join
        meal_food_item fi1_0 
            on m1_0.id=fi1_0.meal_id 
    where
        m1_0.user_id=? 
        and m1_0.date_time between ? and ?
2025-06-05 09:04:58 [http-nio-8080-exec-9] TRACE o.s.t.i.TransactionInterceptor - No need to create transaction for [org.springframework.data.jpa.repository.support.SimpleJpaRepository.findByUserAndDateTimeBetween]: This method is not transactional.
2025-06-05 09:04:58 [http-nio-8080-exec-9] DEBUG org.hibernate.SQL - 
    select
        distinct m1_0.id,
        m1_0.date_time,
        fi1_0.meal_id,
        fi1_0.id,
        fi1_0.calories,
        fi1_0.carbs,
        fi1_0.fat,
        fi1_0.food_item,
        fi1_0.other_unit,
        fi1_0.protein,
        fi1_0.quantity,
        fi1_0.unit,
        m1_0.meal_name,
        m1_0.user_id 
    from
        meal m1_0 
    left join
        meal_food_item fi1_0 
            on m1_0.id=fi1_0.meal_id 
    where
        m1_0.user_id=? 
        and m1_0.date_time between ? and ?
2025-06-05 09:04:58 [http-nio-8080-exec-9] TRACE o.s.t.i.TransactionInterceptor - No need to create transaction for [org.springframework.data.jpa.repository.support.SimpleJpaRepository.findByUserAndDateTimeBetween]: This method is not transactional.
2025-06-05 09:04:58 [http-nio-8080-exec-9] DEBUG org.hibernate.SQL - 
    select
        distinct m1_0.id,
        m1_0.date_time,
        fi1_0.meal_id,
        fi1_0.id,
        fi1_0.calories,
        fi1_0.carbs,
        fi1_0.fat,
        fi1_0.food_item,
        fi1_0.other_unit,
        fi1_0.protein,
        fi1_0.quantity,
        fi1_0.unit,
        m1_0.meal_name,
        m1_0.user_id 
    from
        meal m1_0 
    left join
        meal_food_item fi1_0 
            on m1_0.id=fi1_0.meal_id 
    where
        m1_0.user_id=? 
        and m1_0.date_time between ? and ?
2025-06-05 09:04:58 [http-nio-8080-exec-9] TRACE o.s.t.i.TransactionInterceptor - No need to create transaction for [org.springframework.data.jpa.repository.support.SimpleJpaRepository.findByUserAndCompletedAtBetween]: This method is not transactional.
2025-06-05 09:04:58 [http-nio-8080-exec-9] DEBUG org.hibernate.SQL - 
    select
        wl1_0.id,
        wl1_0.burned_calories,
        wl1_0.completed_at,
        wl1_0.duration,
        wl1_0.user_id,
        wl1_0.workout_name,
        wl1_0.workout_type 
    from
        workout_log wl1_0 
    where
        wl1_0.user_id=? 
        and wl1_0.completed_at between ? and ?
2025-06-05 09:04:58 [http-nio-8080-exec-9] DEBUG c.a.fitrack.service.AnalyticsService - Populating workout frequency data for user: charlenedilig@gmail.com from 2025-03-07T09:04:58.013794300 to 2025-06-05T09:04:58.013794300
2025-06-05 09:04:58 [http-nio-8080-exec-9] TRACE o.s.t.i.TransactionInterceptor - No need to create transaction for [org.springframework.data.jpa.repository.support.SimpleJpaRepository.findByUserAndCompletedAtBetween]: This method is not transactional.
2025-06-05 09:04:58 [http-nio-8080-exec-9] DEBUG org.hibernate.SQL - 
    select
        wl1_0.id,
        wl1_0.burned_calories,
        wl1_0.completed_at,
        wl1_0.duration,
        wl1_0.user_id,
        wl1_0.workout_name,
        wl1_0.workout_type 
    from
        workout_log wl1_0 
    where
        wl1_0.user_id=? 
        and wl1_0.completed_at between ? and ?
2025-06-05 09:04:58 [http-nio-8080-exec-9] DEBUG c.a.fitrack.service.AnalyticsService - Workout type frequency map: {FLEXIBILITY=118, STRENGTH=54, HIIT=24}
2025-06-05 09:04:58 [http-nio-8080-exec-9] DEBUG c.a.f.service.BodyMeasurementService - Calculated current BMI: 30.4040358542408 for Weight=67.5, Height=149.0
2025-06-05 09:04:58 [http-nio-8080-exec-9] TRACE o.s.t.i.TransactionInterceptor - No need to create transaction for [org.springframework.data.jpa.repository.support.SimpleJpaRepository.countByUser]: This method is not transactional.
2025-06-05 09:04:58 [http-nio-8080-exec-9] DEBUG org.hibernate.SQL - 
    select
        count(m1_0.id) 
    from
        meal m1_0 
    where
        m1_0.user_id=?
2025-06-05 09:04:58 [http-nio-8080-exec-9] TRACE o.s.t.i.TransactionInterceptor - No need to create transaction for [org.springframework.data.jpa.repository.support.SimpleJpaRepository.countByUser]: This method is not transactional.
2025-06-05 09:04:58 [http-nio-8080-exec-9] DEBUG org.hibernate.SQL - 
    select
        count(wl1_0.id) 
    from
        workout_log wl1_0 
    where
        wl1_0.user_id=?
2025-06-05 09:04:58 [http-nio-8080-exec-9] DEBUG c.a.fitrack.service.AnalyticsService - Set newUserActivity to: false (noMealLogs: false, noWorkoutLogs: false) for user: charlenedilig@gmail.com
2025-06-05 09:04:58 [http-nio-8080-exec-9] DEBUG c.a.fitrack.service.AnalyticsService - Returning AnalyticsPageDTO for user: charlenedilig@gmail.com
2025-06-05 09:04:58 [http-nio-8080-exec-9] DEBUG c.a.f.controller.AnalyticsController - AnalyticsData DTO retrieved. FullName from DTO: charlene dilig
2025-06-05 09:04:58 [http-nio-8080-exec-9] DEBUG c.a.f.controller.AnalyticsController - Added analyticsData and user to model for view.
2025-06-05 09:04:58 [http-nio-8080-exec-9] DEBUG o.s.w.s.v.ContentNegotiatingViewResolver - Selected 'text/html' given [text/html, application/xhtml+xml, application/xml;q=0.9, */*;q=0.8]
2025-06-05 09:04:58 [http-nio-8080-exec-9] DEBUG o.s.o.j.s.OpenEntityManagerInViewInterceptor - Closing JPA EntityManager in OpenEntityManagerInViewInterceptor
2025-06-05 09:04:58 [http-nio-8080-exec-9] DEBUG o.s.web.servlet.DispatcherServlet - Completed 200 OK
2025-06-05 09:04:58 [http-nio-8080-exec-10] DEBUG o.s.security.web.FilterChainProxy - Securing GET /styles/css/Fitrack.css
2025-06-05 09:04:58 [http-nio-8080-exec-10] DEBUG o.s.security.web.FilterChainProxy - Secured GET /styles/css/Fitrack.css
2025-06-05 09:04:58 [http-nio-8080-exec-10] DEBUG o.s.web.servlet.DispatcherServlet - GET "/fitrack/styles/css/Fitrack.css", parameters={}
2025-06-05 09:04:58 [http-nio-8080-exec-10] DEBUG o.s.w.s.h.SimpleUrlHandlerMapping - Mapped to ResourceHttpRequestHandler [classpath [static/], URL [file:uploads/], ServletContext [/]]
2025-06-05 09:04:58 [http-nio-8080-exec-10] DEBUG o.s.o.j.s.OpenEntityManagerInViewInterceptor - Opening JPA EntityManager in OpenEntityManagerInViewInterceptor
2025-06-05 09:04:58 [http-nio-8080-exec-10] DEBUG o.s.o.j.s.OpenEntityManagerInViewInterceptor - Closing JPA EntityManager in OpenEntityManagerInViewInterceptor
2025-06-05 09:04:58 [http-nio-8080-exec-10] DEBUG o.s.web.servlet.DispatcherServlet - Completed 200 OK
2025-06-05 09:04:58 [http-nio-8080-exec-10] DEBUG o.s.s.w.c.HttpSessionSecurityContextRepository - Retrieved SecurityContextImpl [Authentication=UsernamePasswordAuthenticationToken [Principal=org.springframework.security.core.userdetails.User [Username=charlenedilig@gmail.com, Password=[PROTECTED], Enabled=true, AccountNonExpired=true, CredentialsNonExpired=true, AccountNonLocked=true, Granted Authorities=[ROLE_USER]], Credentials=[PROTECTED], Authenticated=true, Details=WebAuthenticationDetails [RemoteIpAddress=127.0.0.1, SessionId=8522F2615BB2896E50F2529E27B6D3CA], Granted Authorities=[ROLE_USER]]]
2025-06-05 09:04:58 [http-nio-8080-exec-1] DEBUG o.s.security.web.FilterChainProxy - Securing GET /styles/scripts/dashboard.js
2025-06-05 09:04:58 [http-nio-8080-exec-2] DEBUG o.s.security.web.FilterChainProxy - Securing GET /styles/scripts/analytics.js
2025-06-05 09:04:58 [http-nio-8080-exec-2] DEBUG o.s.security.web.FilterChainProxy - Secured GET /styles/scripts/analytics.js
2025-06-05 09:04:58 [http-nio-8080-exec-1] DEBUG o.s.security.web.FilterChainProxy - Secured GET /styles/scripts/dashboard.js
2025-06-05 09:04:58 [http-nio-8080-exec-2] DEBUG o.s.web.servlet.DispatcherServlet - GET "/fitrack/styles/scripts/analytics.js", parameters={}
2025-06-05 09:04:58 [http-nio-8080-exec-1] DEBUG o.s.web.servlet.DispatcherServlet - GET "/fitrack/styles/scripts/dashboard.js", parameters={}
2025-06-05 09:04:58 [http-nio-8080-exec-2] DEBUG o.s.w.s.h.SimpleUrlHandlerMapping - Mapped to ResourceHttpRequestHandler [classpath [static/], URL [file:uploads/], ServletContext [/]]
2025-06-05 09:04:58 [http-nio-8080-exec-1] DEBUG o.s.w.s.h.SimpleUrlHandlerMapping - Mapped to ResourceHttpRequestHandler [classpath [static/], URL [file:uploads/], ServletContext [/]]
2025-06-05 09:04:58 [http-nio-8080-exec-2] DEBUG o.s.o.j.s.OpenEntityManagerInViewInterceptor - Opening JPA EntityManager in OpenEntityManagerInViewInterceptor
2025-06-05 09:04:58 [http-nio-8080-exec-1] DEBUG o.s.o.j.s.OpenEntityManagerInViewInterceptor - Opening JPA EntityManager in OpenEntityManagerInViewInterceptor
2025-06-05 09:04:58 [http-nio-8080-exec-1] DEBUG o.s.o.j.s.OpenEntityManagerInViewInterceptor - Closing JPA EntityManager in OpenEntityManagerInViewInterceptor
2025-06-05 09:04:58 [http-nio-8080-exec-2] DEBUG o.s.o.j.s.OpenEntityManagerInViewInterceptor - Closing JPA EntityManager in OpenEntityManagerInViewInterceptor
2025-06-05 09:04:58 [http-nio-8080-exec-1] DEBUG o.s.web.servlet.DispatcherServlet - Completed 200 OK
2025-06-05 09:04:58 [http-nio-8080-exec-2] DEBUG o.s.web.servlet.DispatcherServlet - Completed 200 OK
2025-06-05 09:04:58 [http-nio-8080-exec-1] DEBUG o.s.s.w.c.HttpSessionSecurityContextRepository - Retrieved SecurityContextImpl [Authentication=UsernamePasswordAuthenticationToken [Principal=org.springframework.security.core.userdetails.User [Username=charlenedilig@gmail.com, Password=[PROTECTED], Enabled=true, AccountNonExpired=true, CredentialsNonExpired=true, AccountNonLocked=true, Granted Authorities=[ROLE_USER]], Credentials=[PROTECTED], Authenticated=true, Details=WebAuthenticationDetails [RemoteIpAddress=127.0.0.1, SessionId=8522F2615BB2896E50F2529E27B6D3CA], Granted Authorities=[ROLE_USER]]]
2025-06-05 09:04:58 [http-nio-8080-exec-2] DEBUG o.s.s.w.c.HttpSessionSecurityContextRepository - Retrieved SecurityContextImpl [Authentication=UsernamePasswordAuthenticationToken [Principal=org.springframework.security.core.userdetails.User [Username=charlenedilig@gmail.com, Password=[PROTECTED], Enabled=true, AccountNonExpired=true, CredentialsNonExpired=true, AccountNonLocked=true, Granted Authorities=[ROLE_USER]], Credentials=[PROTECTED], Authenticated=true, Details=WebAuthenticationDetails [RemoteIpAddress=127.0.0.1, SessionId=8522F2615BB2896E50F2529E27B6D3CA], Granted Authorities=[ROLE_USER]]]
2025-06-05 09:31:40 [File Watcher] INFO  o.s.b.d.a.LocalDevToolsAutoConfiguration$RestartingClassPathChangeChangedEventListener - Restarting due to 1 class path change (0 additions, 0 deletions, 1 modification)
2025-06-05 09:31:40 [Thread-5] INFO  o.s.b.w.e.tomcat.GracefulShutdown - Commencing graceful shutdown. Waiting for active requests to complete
2025-06-05 09:31:40 [tomcat-shutdown] INFO  o.s.b.w.e.tomcat.GracefulShutdown - Graceful shutdown complete
2025-06-05 09:31:40 [Thread-5] INFO  o.s.o.j.LocalContainerEntityManagerFactoryBean - Closing JPA EntityManagerFactory for persistence unit 'default'
2025-06-05 09:31:40 [Thread-5] INFO  com.zaxxer.hikari.HikariDataSource - HikariPool-1 - Shutdown initiated...
2025-06-05 09:31:40 [Thread-5] INFO  com.zaxxer.hikari.HikariDataSource - HikariPool-1 - Shutdown completed.
2025-06-05 09:31:41 [restartedMain] INFO  com.app.fitrack.FitrackApplication - Starting FitrackApplication using Java 23.0.1 with PID 26204 (C:\Users\Charlene C. Dilig\OneDrive\Documents\Github\Fitrack\fitrack\target\classes started by Charlene C. Dilig in C:\Users\Charlene C. Dilig\OneDrive\Documents\Github\Fitrack)
2025-06-05 09:31:41 [restartedMain] DEBUG com.app.fitrack.FitrackApplication - Running with Spring Boot v3.4.3, Spring v6.2.3
2025-06-05 09:31:41 [restartedMain] INFO  com.app.fitrack.FitrackApplication - No active profile set, falling back to 1 default profile: "default"
2025-06-05 09:31:41 [restartedMain] INFO  o.s.d.r.c.RepositoryConfigurationDelegate - Bootstrapping Spring Data JPA repositories in DEFAULT mode.
2025-06-05 09:31:41 [restartedMain] INFO  o.s.d.r.c.RepositoryConfigurationDelegate - Finished Spring Data repository scanning in 38 ms. Found 7 JPA repository interfaces.
2025-06-05 09:31:41 [restartedMain] INFO  o.s.b.w.e.tomcat.TomcatWebServer - Tomcat initialized with port 8080 (http)
2025-06-05 09:31:41 [restartedMain] INFO  o.a.catalina.core.StandardService - Starting service [Tomcat]
2025-06-05 09:31:41 [restartedMain] INFO  o.a.catalina.core.StandardEngine - Starting Servlet engine: [Apache Tomcat/10.1.36]
2025-06-05 09:31:41 [restartedMain] INFO  o.a.c.c.C.[.[localhost].[/fitrack] - Initializing Spring embedded WebApplicationContext
2025-06-05 09:31:41 [restartedMain] INFO  o.s.b.w.s.c.ServletWebServerApplicationContext - Root WebApplicationContext: initialization completed in 915 ms
2025-06-05 09:31:42 [restartedMain] DEBUG o.s.w.f.ServerHttpObservationFilter - Filter 'webMvcObservationFilter' configured for use
2025-06-05 09:31:42 [restartedMain] DEBUG o.s.o.j.LocalContainerEntityManagerFactoryBean - Building JPA container EntityManagerFactory for persistence unit 'default'
2025-06-05 09:31:42 [restartedMain] INFO  o.h.jpa.internal.util.LogHelper - HHH000204: Processing PersistenceUnitInfo [name: default]
2025-06-05 09:31:42 [restartedMain] INFO  o.h.c.i.RegionFactoryInitiator - HHH000026: Second-level cache disabled
2025-06-05 09:31:42 [restartedMain] INFO  o.s.o.j.p.SpringPersistenceUnitInfo - No LoadTimeWeaver setup: ignoring JPA class transformer
2025-06-05 09:31:42 [restartedMain] INFO  com.zaxxer.hikari.HikariDataSource - HikariPool-2 - Starting...
2025-06-05 09:31:42 [restartedMain] INFO  com.zaxxer.hikari.pool.HikariPool - HikariPool-2 - Added connection com.mysql.cj.jdbc.ConnectionImpl@10931d90
2025-06-05 09:31:42 [restartedMain] INFO  com.zaxxer.hikari.HikariDataSource - HikariPool-2 - Start completed.
2025-06-05 09:31:42 [restartedMain] WARN  org.hibernate.orm.deprecation - HHH90000025: MySQL8Dialect does not need to be specified explicitly using 'hibernate.dialect' (remove the property setting and it will be selected by default)
2025-06-05 09:31:42 [restartedMain] WARN  org.hibernate.orm.deprecation - HHH90000026: MySQL8Dialect has been deprecated; use org.hibernate.dialect.MySQLDialect instead
2025-06-05 09:31:42 [restartedMain] INFO  o.hibernate.orm.connections.pooling - HHH10001005: Database info:
	Database JDBC URL [Connecting through datasource 'HikariDataSource (HikariPool-2)']
	Database driver: undefined/unknown
	Database version: 8.0
	Autocommit mode: undefined/unknown
	Isolation level: undefined/unknown
	Minimum pool size: undefined/unknown
	Maximum pool size: undefined/unknown
2025-06-05 09:31:42 [restartedMain] DEBUG o.h.t.d.sql.spi.DdlTypeRegistry - addDescriptor(12, org.hibernate.type.descriptor.sql.internal.CapacityDependentDdlType@5aa37d79) replaced previous registration(org.hibernate.type.descriptor.sql.internal.CapacityDependentDdlType@57295c6f)
2025-06-05 09:31:42 [restartedMain] DEBUG o.h.t.d.sql.spi.DdlTypeRegistry - addDescriptor(-9, org.hibernate.type.descriptor.sql.internal.CapacityDependentDdlType@2c8ac0bf) replaced previous registration(org.hibernate.type.descriptor.sql.internal.CapacityDependentDdlType@607ed109)
2025-06-05 09:31:42 [restartedMain] DEBUG o.h.t.d.sql.spi.DdlTypeRegistry - addDescriptor(-3, org.hibernate.type.descriptor.sql.internal.CapacityDependentDdlType@21f730ca) replaced previous registration(org.hibernate.type.descriptor.sql.internal.CapacityDependentDdlType@3ca0dabf)
2025-06-05 09:31:42 [restartedMain] DEBUG o.h.t.d.sql.spi.DdlTypeRegistry - addDescriptor(4003, org.hibernate.type.descriptor.sql.internal.DdlTypeImpl@46557aac) replaced previous registration(org.hibernate.type.descriptor.sql.internal.DdlTypeImpl@50b50df6)
2025-06-05 09:31:42 [restartedMain] DEBUG o.h.t.d.sql.spi.DdlTypeRegistry - addDescriptor(4001, org.hibernate.type.descriptor.sql.internal.DdlTypeImpl@485c064a) replaced previous registration(org.hibernate.type.descriptor.sql.internal.DdlTypeImpl@729358dc)
2025-06-05 09:31:42 [restartedMain] DEBUG o.h.t.d.sql.spi.DdlTypeRegistry - addDescriptor(4002, org.hibernate.type.descriptor.sql.internal.DdlTypeImpl@1f7edc38) replaced previous registration(org.hibernate.type.descriptor.sql.internal.DdlTypeImpl@67dca89c)
2025-06-05 09:31:42 [restartedMain] DEBUG o.h.t.d.sql.spi.DdlTypeRegistry - addDescriptor(2004, org.hibernate.type.descriptor.sql.internal.CapacityDependentDdlType@4f1a8c7b) replaced previous registration(org.hibernate.type.descriptor.sql.internal.DdlTypeImpl@272768fc)
2025-06-05 09:31:42 [restartedMain] DEBUG o.h.t.d.sql.spi.DdlTypeRegistry - addDescriptor(2005, org.hibernate.type.descriptor.sql.internal.CapacityDependentDdlType@4ed1ef3c) replaced previous registration(org.hibernate.type.descriptor.sql.internal.DdlTypeImpl@4c4b3632)
2025-06-05 09:31:42 [restartedMain] DEBUG o.h.t.d.sql.spi.DdlTypeRegistry - addDescriptor(2011, org.hibernate.type.descriptor.sql.internal.CapacityDependentDdlType@57a91294) replaced previous registration(org.hibernate.type.descriptor.sql.internal.DdlTypeImpl@4bd5e015)
2025-06-05 09:31:42 [restartedMain] INFO  o.h.e.t.j.p.i.JtaPlatformInitiator - HHH000489: No JTA platform available (set 'hibernate.transaction.jta.platform' to enable JTA platform integration)
2025-06-05 09:31:42 [restartedMain] INFO  o.s.o.j.LocalContainerEntityManagerFactoryBean - Initialized JPA EntityManagerFactory for persistence unit 'default'
2025-06-05 09:31:42 [restartedMain] DEBUG o.s.o.j.SharedEntityManagerCreator$SharedEntityManagerInvocationHandler - Creating new EntityManager for shared EntityManager invocation
2025-06-05 09:31:42 [restartedMain] DEBUG o.s.o.j.SharedEntityManagerCreator$SharedEntityManagerInvocationHandler - Creating new EntityManager for shared EntityManager invocation
2025-06-05 09:31:42 [restartedMain] DEBUG o.s.o.j.SharedEntityManagerCreator$SharedEntityManagerInvocationHandler - Creating new EntityManager for shared EntityManager invocation
2025-06-05 09:31:42 [restartedMain] DEBUG o.s.o.j.SharedEntityManagerCreator$SharedEntityManagerInvocationHandler - Creating new EntityManager for shared EntityManager invocation
2025-06-05 09:31:42 [restartedMain] DEBUG o.s.o.j.SharedEntityManagerCreator$SharedEntityManagerInvocationHandler - Creating new EntityManager for shared EntityManager invocation
2025-06-05 09:31:42 [restartedMain] DEBUG o.s.o.j.SharedEntityManagerCreator$SharedEntityManagerInvocationHandler - Creating new EntityManager for shared EntityManager invocation
2025-06-05 09:31:42 [restartedMain] DEBUG o.s.o.j.SharedEntityManagerCreator$SharedEntityManagerInvocationHandler - Creating new EntityManager for shared EntityManager invocation
2025-06-05 09:31:42 [restartedMain] DEBUG o.s.o.j.SharedEntityManagerCreator$SharedEntityManagerInvocationHandler - Creating new EntityManager for shared EntityManager invocation
2025-06-05 09:31:42 [restartedMain] TRACE o.s.t.a.AnnotationTransactionAttributeSource - Adding transactional method 'com.app.fitrack.service.EmailService.sendPasswordResetEmail' with attribute: PROPAGATION_REQUIRED,ISOLATION_DEFAULT
2025-06-05 09:31:42 [restartedMain] TRACE o.s.t.a.AnnotationTransactionAttributeSource - Adding transactional method 'com.app.fitrack.service.EmailService.sendVerificationEmail' with attribute: PROPAGATION_REQUIRED,ISOLATION_DEFAULT
2025-06-05 09:31:42 [restartedMain] DEBUG o.s.o.j.SharedEntityManagerCreator$SharedEntityManagerInvocationHandler - Creating new EntityManager for shared EntityManager invocation
2025-06-05 09:31:42 [restartedMain] DEBUG o.s.o.j.SharedEntityManagerCreator$SharedEntityManagerInvocationHandler - Creating new EntityManager for shared EntityManager invocation
2025-06-05 09:31:42 [restartedMain] DEBUG o.s.o.j.SharedEntityManagerCreator$SharedEntityManagerInvocationHandler - Creating new EntityManager for shared EntityManager invocation
2025-06-05 09:31:42 [restartedMain] DEBUG o.s.o.j.SharedEntityManagerCreator$SharedEntityManagerInvocationHandler - Creating new EntityManager for shared EntityManager invocation
2025-06-05 09:31:42 [restartedMain] DEBUG o.s.o.j.SharedEntityManagerCreator$SharedEntityManagerInvocationHandler - Creating new EntityManager for shared EntityManager invocation
2025-06-05 09:31:42 [restartedMain] DEBUG o.s.o.j.SharedEntityManagerCreator$SharedEntityManagerInvocationHandler - Creating new EntityManager for shared EntityManager invocation
2025-06-05 09:31:42 [restartedMain] DEBUG o.s.o.j.SharedEntityManagerCreator$SharedEntityManagerInvocationHandler - Creating new EntityManager for shared EntityManager invocation
2025-06-05 09:31:42 [restartedMain] DEBUG o.s.o.j.SharedEntityManagerCreator$SharedEntityManagerInvocationHandler - Creating new EntityManager for shared EntityManager invocation
2025-06-05 09:31:42 [restartedMain] DEBUG o.s.o.j.SharedEntityManagerCreator$SharedEntityManagerInvocationHandler - Creating new EntityManager for shared EntityManager invocation
2025-06-05 09:31:42 [restartedMain] DEBUG o.s.o.j.SharedEntityManagerCreator$SharedEntityManagerInvocationHandler - Creating new EntityManager for shared EntityManager invocation
2025-06-05 09:31:42 [restartedMain] DEBUG o.s.o.j.SharedEntityManagerCreator$SharedEntityManagerInvocationHandler - Creating new EntityManager for shared EntityManager invocation
2025-06-05 09:31:42 [restartedMain] DEBUG o.s.o.j.SharedEntityManagerCreator$SharedEntityManagerInvocationHandler - Creating new EntityManager for shared EntityManager invocation
2025-06-05 09:31:42 [restartedMain] TRACE o.s.t.a.AnnotationTransactionAttributeSource - Adding transactional method 'com.app.fitrack.service.UserService.saveUser' with attribute: PROPAGATION_REQUIRED,ISOLATION_DEFAULT
2025-06-05 09:31:42 [restartedMain] TRACE o.s.t.a.AnnotationTransactionAttributeSource - Adding transactional method 'com.app.fitrack.service.UserService.verifyUser' with attribute: PROPAGATION_REQUIRED,ISOLATION_DEFAULT
2025-06-05 09:31:42 [restartedMain] TRACE o.s.t.a.AnnotationTransactionAttributeSource - Adding transactional method 'com.app.fitrack.service.UserService.generatePasswordResetToken' with attribute: PROPAGATION_REQUIRED,ISOLATION_DEFAULT
2025-06-05 09:31:42 [restartedMain] TRACE o.s.t.a.AnnotationTransactionAttributeSource - Adding transactional method 'com.app.fitrack.service.UserService.resendVerificationCode' with attribute: PROPAGATION_REQUIRED,ISOLATION_DEFAULT
2025-06-05 09:31:42 [restartedMain] TRACE o.s.t.a.AnnotationTransactionAttributeSource - Adding transactional method 'com.app.fitrack.service.UserService.getAuthenticatedUser' with attribute: PROPAGATION_REQUIRED,ISOLATION_DEFAULT
2025-06-05 09:31:42 [restartedMain] TRACE o.s.t.a.AnnotationTransactionAttributeSource - Adding transactional method 'com.app.fitrack.service.UserService.findByEmail' with attribute: PROPAGATION_REQUIRED,ISOLATION_DEFAULT
2025-06-05 09:31:42 [restartedMain] TRACE o.s.t.a.AnnotationTransactionAttributeSource - Adding transactional method 'com.app.fitrack.service.UserService.createUserProfile' with attribute: PROPAGATION_REQUIRED,ISOLATION_DEFAULT
2025-06-05 09:31:42 [restartedMain] TRACE o.s.t.a.AnnotationTransactionAttributeSource - Adding transactional method 'com.app.fitrack.service.UserService.updateUserProfile' with attribute: PROPAGATION_REQUIRED,ISOLATION_DEFAULT
2025-06-05 09:31:42 [restartedMain] TRACE o.s.t.a.AnnotationTransactionAttributeSource - Adding transactional method 'com.app.fitrack.service.UserService.registerUser' with attribute: PROPAGATION_REQUIRED,ISOLATION_DEFAULT
2025-06-05 09:31:42 [restartedMain] TRACE o.s.t.a.AnnotationTransactionAttributeSource - Adding transactional method 'com.app.fitrack.service.UserService.verifyEmailChange' with attribute: PROPAGATION_REQUIRED,ISOLATION_DEFAULT
2025-06-05 09:31:42 [restartedMain] TRACE o.s.t.a.AnnotationTransactionAttributeSource - Adding transactional method 'com.app.fitrack.service.UserService.resetPassword' with attribute: PROPAGATION_REQUIRED,ISOLATION_DEFAULT
2025-06-05 09:31:42 [restartedMain] TRACE o.s.t.a.AnnotationTransactionAttributeSource - Adding transactional method 'com.app.fitrack.service.UserService.requestEmailChangeVerification' with attribute: PROPAGATION_REQUIRED,ISOLATION_DEFAULT
2025-06-05 09:31:42 [restartedMain] TRACE o.s.t.a.AnnotationTransactionAttributeSource - Adding transactional method 'com.app.fitrack.service.UserService.calculateDynamicActivityFactor' with attribute: PROPAGATION_REQUIRED,ISOLATION_DEFAULT
2025-06-05 09:31:42 [restartedMain] TRACE o.s.t.a.AnnotationTransactionAttributeSource - Adding transactional method 'com.app.fitrack.service.UserService.calculateTDEE' with attribute: PROPAGATION_REQUIRED,ISOLATION_DEFAULT
2025-06-05 09:31:42 [restartedMain] TRACE o.s.t.a.AnnotationTransactionAttributeSource - Adding transactional method 'com.app.fitrack.service.UserService.calculateBMR' with attribute: PROPAGATION_REQUIRED,ISOLATION_DEFAULT
2025-06-05 09:31:42 [restartedMain] DEBUG o.s.o.j.SharedEntityManagerCreator$SharedEntityManagerInvocationHandler - Creating new EntityManager for shared EntityManager invocation
2025-06-05 09:31:42 [restartedMain] DEBUG o.s.o.j.SharedEntityManagerCreator$SharedEntityManagerInvocationHandler - Creating new EntityManager for shared EntityManager invocation
2025-06-05 09:31:42 [restartedMain] DEBUG o.s.o.j.SharedEntityManagerCreator$SharedEntityManagerInvocationHandler - Creating new EntityManager for shared EntityManager invocation
2025-06-05 09:31:42 [restartedMain] DEBUG o.s.o.j.SharedEntityManagerCreator$SharedEntityManagerInvocationHandler - Creating new EntityManager for shared EntityManager invocation
2025-06-05 09:31:42 [restartedMain] DEBUG o.s.o.j.SharedEntityManagerCreator$SharedEntityManagerInvocationHandler - Creating new EntityManager for shared EntityManager invocation
2025-06-05 09:31:42 [restartedMain] DEBUG o.s.o.j.SharedEntityManagerCreator$SharedEntityManagerInvocationHandler - Creating new EntityManager for shared EntityManager invocation
2025-06-05 09:31:42 [restartedMain] DEBUG o.s.o.j.SharedEntityManagerCreator$SharedEntityManagerInvocationHandler - Creating new EntityManager for shared EntityManager invocation
2025-06-05 09:31:42 [restartedMain] DEBUG o.s.o.j.SharedEntityManagerCreator$SharedEntityManagerInvocationHandler - Creating new EntityManager for shared EntityManager invocation
2025-06-05 09:31:42 [restartedMain] DEBUG o.s.o.j.SharedEntityManagerCreator$SharedEntityManagerInvocationHandler - Creating new EntityManager for shared EntityManager invocation
2025-06-05 09:31:42 [restartedMain] DEBUG o.s.o.j.SharedEntityManagerCreator$SharedEntityManagerInvocationHandler - Creating new EntityManager for shared EntityManager invocation
2025-06-05 09:31:42 [restartedMain] DEBUG o.s.o.j.SharedEntityManagerCreator$SharedEntityManagerInvocationHandler - Creating new EntityManager for shared EntityManager invocation
2025-06-05 09:31:42 [restartedMain] DEBUG o.s.o.j.SharedEntityManagerCreator$SharedEntityManagerInvocationHandler - Creating new EntityManager for shared EntityManager invocation
2025-06-05 09:31:42 [restartedMain] DEBUG o.s.o.j.SharedEntityManagerCreator$SharedEntityManagerInvocationHandler - Creating new EntityManager for shared EntityManager invocation
2025-06-05 09:31:42 [restartedMain] INFO  c.a.f.service.NutritionixService - NutritionixService initialized. App ID loaded: true, API Key loaded: true
2025-06-05 09:31:42 [restartedMain] DEBUG o.s.o.j.SharedEntityManagerCreator$SharedEntityManagerInvocationHandler - Creating new EntityManager for shared EntityManager invocation
2025-06-05 09:31:42 [restartedMain] DEBUG o.s.o.j.SharedEntityManagerCreator$SharedEntityManagerInvocationHandler - Creating new EntityManager for shared EntityManager invocation
2025-06-05 09:31:42 [restartedMain] DEBUG o.s.o.j.SharedEntityManagerCreator$SharedEntityManagerInvocationHandler - Creating new EntityManager for shared EntityManager invocation
2025-06-05 09:31:42 [restartedMain] DEBUG o.s.o.j.SharedEntityManagerCreator$SharedEntityManagerInvocationHandler - Creating new EntityManager for shared EntityManager invocation
2025-06-05 09:31:42 [restartedMain] DEBUG o.s.o.j.SharedEntityManagerCreator$SharedEntityManagerInvocationHandler - Creating new EntityManager for shared EntityManager invocation
2025-06-05 09:31:42 [restartedMain] DEBUG o.s.o.j.SharedEntityManagerCreator$SharedEntityManagerInvocationHandler - Creating new EntityManager for shared EntityManager invocation
2025-06-05 09:31:42 [restartedMain] DEBUG o.s.o.j.SharedEntityManagerCreator$SharedEntityManagerInvocationHandler - Creating new EntityManager for shared EntityManager invocation
2025-06-05 09:31:42 [restartedMain] DEBUG o.s.o.j.SharedEntityManagerCreator$SharedEntityManagerInvocationHandler - Creating new EntityManager for shared EntityManager invocation
2025-06-05 09:31:42 [restartedMain] TRACE o.s.t.a.AnnotationTransactionAttributeSource - Adding transactional method 'com.app.fitrack.service.GoalService.deleteGoal' with attribute: PROPAGATION_REQUIRED,ISOLATION_DEFAULT
2025-06-05 09:31:42 [restartedMain] TRACE o.s.t.a.AnnotationTransactionAttributeSource - Adding transactional method 'com.app.fitrack.service.GoalService.updateGoalsBasedOnActivity' with attribute: PROPAGATION_REQUIRED,ISOLATION_DEFAULT
2025-06-05 09:31:42 [restartedMain] TRACE o.s.t.a.AnnotationTransactionAttributeSource - Adding transactional method 'com.app.fitrack.service.GoalService.updateGoalProgress' with attribute: PROPAGATION_REQUIRED,ISOLATION_DEFAULT
2025-06-05 09:31:42 [restartedMain] TRACE o.s.t.a.AnnotationTransactionAttributeSource - Adding transactional method 'com.app.fitrack.service.GoalService.archiveGoal' with attribute: PROPAGATION_REQUIRED,ISOLATION_DEFAULT
2025-06-05 09:31:42 [restartedMain] TRACE o.s.t.a.AnnotationTransactionAttributeSource - Adding transactional method 'com.app.fitrack.service.GoalService.createGoal' with attribute: PROPAGATION_REQUIRED,ISOLATION_DEFAULT
2025-06-05 09:31:42 [restartedMain] WARN  o.s.b.a.o.j.JpaBaseConfiguration$JpaWebConfiguration - spring.jpa.open-in-view is enabled by default. Therefore, database queries may be performed during view rendering. Explicitly configure spring.jpa.open-in-view to disable this warning
2025-06-05 09:31:42 [restartedMain] INFO  o.s.s.c.a.a.c.InitializeUserDetailsBeanManagerConfigurer$InitializeUserDetailsManagerConfigurer - Global AuthenticationManager configured with UserDetailsService bean with name customUserDetailsService
2025-06-05 09:31:42 [restartedMain] DEBUG o.s.w.s.m.m.a.RequestMappingHandlerMapping - 51 mappings in 'requestMappingHandlerMapping'
2025-06-05 09:31:43 [restartedMain] DEBUG o.s.w.s.h.SimpleUrlHandlerMapping - Patterns [/webjars/**, /**] in 'resourceHandlerMapping'
2025-06-05 09:31:43 [restartedMain] INFO  o.s.b.a.e.web.EndpointLinksResolver - Exposing 1 endpoint beneath base path '/actuator'
2025-06-05 09:31:43 [restartedMain] DEBUG o.s.s.web.DefaultSecurityFilterChain - Will secure any request with filters: DisableEncodeUrlFilter, WebAsyncManagerIntegrationFilter, SecurityContextHolderFilter, HeaderWriterFilter, CsrfFilter, LogoutFilter, UsernamePasswordAuthenticationFilter, RequestCacheAwareFilter, SecurityContextHolderAwareRequestFilter, AnonymousAuthenticationFilter, ExceptionTranslationFilter, AuthorizationFilter
2025-06-05 09:31:43 [restartedMain] DEBUG o.s.w.s.m.m.a.RequestMappingHandlerAdapter - ControllerAdvice beans: 0 @ModelAttribute, 0 @InitBinder, 1 RequestBodyAdvice, 1 ResponseBodyAdvice
2025-06-05 09:31:43 [restartedMain] DEBUG o.s.w.s.m.m.a.ExceptionHandlerExceptionResolver - ControllerAdvice beans: 0 @ExceptionHandler, 1 ResponseBodyAdvice
2025-06-05 09:31:43 [restartedMain] INFO  o.s.b.a.h.H2ConsoleAutoConfiguration - H2 console available at '/h2-console'. Database available at 'jdbc:mysql://localhost:3306/fitrackerapp'
2025-06-05 09:31:43 [restartedMain] INFO  o.s.b.d.a.OptionalLiveReloadServer - LiveReload server is running on port 35729
2025-06-05 09:31:43 [restartedMain] INFO  o.s.b.w.e.tomcat.TomcatWebServer - Tomcat started on port 8080 (http) with context path '/fitrack'
2025-06-05 09:31:43 [restartedMain] INFO  com.app.fitrack.FitrackApplication - Started FitrackApplication in 2.502 seconds (process running for 1684.441)
2025-06-05 09:31:43 [restartedMain] INFO  o.s.b.d.a.ConditionEvaluationDeltaLoggingListener - Condition evaluation unchanged
2025-06-05 09:31:45 [File Watcher] INFO  o.s.b.d.a.LocalDevToolsAutoConfiguration$RestartingClassPathChangeChangedEventListener - Restarting due to 1 class path change (0 additions, 0 deletions, 1 modification)
2025-06-05 09:31:45 [Thread-7] INFO  o.s.b.w.e.tomcat.GracefulShutdown - Commencing graceful shutdown. Waiting for active requests to complete
2025-06-05 09:31:45 [tomcat-shutdown] INFO  o.s.b.w.e.tomcat.GracefulShutdown - Graceful shutdown complete
2025-06-05 09:31:45 [Thread-7] INFO  o.s.o.j.LocalContainerEntityManagerFactoryBean - Closing JPA EntityManagerFactory for persistence unit 'default'
2025-06-05 09:31:45 [Thread-7] INFO  com.zaxxer.hikari.HikariDataSource - HikariPool-2 - Shutdown initiated...
2025-06-05 09:31:45 [Thread-7] INFO  com.zaxxer.hikari.HikariDataSource - HikariPool-2 - Shutdown completed.
2025-06-05 09:31:45 [restartedMain] INFO  com.app.fitrack.FitrackApplication - Starting FitrackApplication using Java 23.0.1 with PID 26204 (C:\Users\Charlene C. Dilig\OneDrive\Documents\Github\Fitrack\fitrack\target\classes started by Charlene C. Dilig in C:\Users\Charlene C. Dilig\OneDrive\Documents\Github\Fitrack)
2025-06-05 09:31:45 [restartedMain] DEBUG com.app.fitrack.FitrackApplication - Running with Spring Boot v3.4.3, Spring v6.2.3
2025-06-05 09:31:45 [restartedMain] INFO  com.app.fitrack.FitrackApplication - No active profile set, falling back to 1 default profile: "default"
2025-06-05 09:31:45 [restartedMain] INFO  o.s.d.r.c.RepositoryConfigurationDelegate - Bootstrapping Spring Data JPA repositories in DEFAULT mode.
2025-06-05 09:31:45 [restartedMain] INFO  o.s.d.r.c.RepositoryConfigurationDelegate - Finished Spring Data repository scanning in 31 ms. Found 7 JPA repository interfaces.
2025-06-05 09:31:45 [restartedMain] INFO  o.s.b.w.e.tomcat.TomcatWebServer - Tomcat initialized with port 8080 (http)
2025-06-05 09:31:45 [restartedMain] INFO  o.a.catalina.core.StandardService - Starting service [Tomcat]
2025-06-05 09:31:45 [restartedMain] INFO  o.a.catalina.core.StandardEngine - Starting Servlet engine: [Apache Tomcat/10.1.36]
2025-06-05 09:31:45 [restartedMain] INFO  o.a.c.c.C.[.[localhost].[/fitrack] - Initializing Spring embedded WebApplicationContext
2025-06-05 09:31:45 [restartedMain] INFO  o.s.b.w.s.c.ServletWebServerApplicationContext - Root WebApplicationContext: initialization completed in 484 ms
2025-06-05 09:31:45 [restartedMain] DEBUG o.s.w.f.ServerHttpObservationFilter - Filter 'webMvcObservationFilter' configured for use
2025-06-05 09:31:46 [restartedMain] DEBUG o.s.o.j.LocalContainerEntityManagerFactoryBean - Building JPA container EntityManagerFactory for persistence unit 'default'
2025-06-05 09:31:46 [restartedMain] INFO  o.h.jpa.internal.util.LogHelper - HHH000204: Processing PersistenceUnitInfo [name: default]
2025-06-05 09:31:46 [restartedMain] INFO  o.h.c.i.RegionFactoryInitiator - HHH000026: Second-level cache disabled
2025-06-05 09:31:46 [restartedMain] INFO  o.s.o.j.p.SpringPersistenceUnitInfo - No LoadTimeWeaver setup: ignoring JPA class transformer
2025-06-05 09:31:46 [restartedMain] INFO  com.zaxxer.hikari.HikariDataSource - HikariPool-3 - Starting...
2025-06-05 09:31:46 [restartedMain] INFO  com.zaxxer.hikari.pool.HikariPool - HikariPool-3 - Added connection com.mysql.cj.jdbc.ConnectionImpl@19273b73
2025-06-05 09:31:46 [restartedMain] INFO  com.zaxxer.hikari.HikariDataSource - HikariPool-3 - Start completed.
2025-06-05 09:31:46 [restartedMain] WARN  org.hibernate.orm.deprecation - HHH90000025: MySQL8Dialect does not need to be specified explicitly using 'hibernate.dialect' (remove the property setting and it will be selected by default)
2025-06-05 09:31:46 [restartedMain] WARN  org.hibernate.orm.deprecation - HHH90000026: MySQL8Dialect has been deprecated; use org.hibernate.dialect.MySQLDialect instead
2025-06-05 09:31:46 [restartedMain] INFO  o.hibernate.orm.connections.pooling - HHH10001005: Database info:
	Database JDBC URL [Connecting through datasource 'HikariDataSource (HikariPool-3)']
	Database driver: undefined/unknown
	Database version: 8.0
	Autocommit mode: undefined/unknown
	Isolation level: undefined/unknown
	Minimum pool size: undefined/unknown
	Maximum pool size: undefined/unknown
2025-06-05 09:31:46 [restartedMain] DEBUG o.h.t.d.sql.spi.DdlTypeRegistry - addDescriptor(12, org.hibernate.type.descriptor.sql.internal.CapacityDependentDdlType@49abb0b9) replaced previous registration(org.hibernate.type.descriptor.sql.internal.CapacityDependentDdlType@1165ebda)
2025-06-05 09:31:46 [restartedMain] DEBUG o.h.t.d.sql.spi.DdlTypeRegistry - addDescriptor(-9, org.hibernate.type.descriptor.sql.internal.CapacityDependentDdlType@624f75c2) replaced previous registration(org.hibernate.type.descriptor.sql.internal.CapacityDependentDdlType@534075ae)
2025-06-05 09:31:46 [restartedMain] DEBUG o.h.t.d.sql.spi.DdlTypeRegistry - addDescriptor(-3, org.hibernate.type.descriptor.sql.internal.CapacityDependentDdlType@477a2907) replaced previous registration(org.hibernate.type.descriptor.sql.internal.CapacityDependentDdlType@79ff2109)
2025-06-05 09:31:46 [restartedMain] DEBUG o.h.t.d.sql.spi.DdlTypeRegistry - addDescriptor(4003, org.hibernate.type.descriptor.sql.internal.DdlTypeImpl@6087ba91) replaced previous registration(org.hibernate.type.descriptor.sql.internal.DdlTypeImpl@303a5e2a)
2025-06-05 09:31:46 [restartedMain] DEBUG o.h.t.d.sql.spi.DdlTypeRegistry - addDescriptor(4001, org.hibernate.type.descriptor.sql.internal.DdlTypeImpl@269e7b3b) replaced previous registration(org.hibernate.type.descriptor.sql.internal.DdlTypeImpl@2669f188)
2025-06-05 09:31:46 [restartedMain] DEBUG o.h.t.d.sql.spi.DdlTypeRegistry - addDescriptor(4002, org.hibernate.type.descriptor.sql.internal.DdlTypeImpl@7b6784e6) replaced previous registration(org.hibernate.type.descriptor.sql.internal.DdlTypeImpl@194e5eae)
2025-06-05 09:31:46 [restartedMain] DEBUG o.h.t.d.sql.spi.DdlTypeRegistry - addDescriptor(2004, org.hibernate.type.descriptor.sql.internal.CapacityDependentDdlType@4c5cb91f) replaced previous registration(org.hibernate.type.descriptor.sql.internal.DdlTypeImpl@2550e4ad)
2025-06-05 09:31:46 [restartedMain] DEBUG o.h.t.d.sql.spi.DdlTypeRegistry - addDescriptor(2005, org.hibernate.type.descriptor.sql.internal.CapacityDependentDdlType@62d70455) replaced previous registration(org.hibernate.type.descriptor.sql.internal.DdlTypeImpl@9079d8f)
2025-06-05 09:31:46 [restartedMain] DEBUG o.h.t.d.sql.spi.DdlTypeRegistry - addDescriptor(2011, org.hibernate.type.descriptor.sql.internal.CapacityDependentDdlType@203a49f1) replaced previous registration(org.hibernate.type.descriptor.sql.internal.DdlTypeImpl@26da4d7)
2025-06-05 09:31:46 [restartedMain] INFO  o.h.e.t.j.p.i.JtaPlatformInitiator - HHH000489: No JTA platform available (set 'hibernate.transaction.jta.platform' to enable JTA platform integration)
2025-06-05 09:31:46 [restartedMain] INFO  o.s.o.j.LocalContainerEntityManagerFactoryBean - Initialized JPA EntityManagerFactory for persistence unit 'default'
2025-06-05 09:31:46 [restartedMain] DEBUG o.s.o.j.SharedEntityManagerCreator$SharedEntityManagerInvocationHandler - Creating new EntityManager for shared EntityManager invocation
2025-06-05 09:31:46 [restartedMain] DEBUG o.s.o.j.SharedEntityManagerCreator$SharedEntityManagerInvocationHandler - Creating new EntityManager for shared EntityManager invocation
2025-06-05 09:31:46 [restartedMain] DEBUG o.s.o.j.SharedEntityManagerCreator$SharedEntityManagerInvocationHandler - Creating new EntityManager for shared EntityManager invocation
2025-06-05 09:31:46 [restartedMain] DEBUG o.s.o.j.SharedEntityManagerCreator$SharedEntityManagerInvocationHandler - Creating new EntityManager for shared EntityManager invocation
2025-06-05 09:31:46 [restartedMain] DEBUG o.s.o.j.SharedEntityManagerCreator$SharedEntityManagerInvocationHandler - Creating new EntityManager for shared EntityManager invocation
2025-06-05 09:31:46 [restartedMain] DEBUG o.s.o.j.SharedEntityManagerCreator$SharedEntityManagerInvocationHandler - Creating new EntityManager for shared EntityManager invocation
2025-06-05 09:31:46 [restartedMain] DEBUG o.s.o.j.SharedEntityManagerCreator$SharedEntityManagerInvocationHandler - Creating new EntityManager for shared EntityManager invocation
2025-06-05 09:31:46 [restartedMain] DEBUG o.s.o.j.SharedEntityManagerCreator$SharedEntityManagerInvocationHandler - Creating new EntityManager for shared EntityManager invocation
2025-06-05 09:31:46 [restartedMain] TRACE o.s.t.a.AnnotationTransactionAttributeSource - Adding transactional method 'com.app.fitrack.service.EmailService.sendPasswordResetEmail' with attribute: PROPAGATION_REQUIRED,ISOLATION_DEFAULT
2025-06-05 09:31:46 [restartedMain] TRACE o.s.t.a.AnnotationTransactionAttributeSource - Adding transactional method 'com.app.fitrack.service.EmailService.sendVerificationEmail' with attribute: PROPAGATION_REQUIRED,ISOLATION_DEFAULT
2025-06-05 09:31:46 [restartedMain] DEBUG o.s.o.j.SharedEntityManagerCreator$SharedEntityManagerInvocationHandler - Creating new EntityManager for shared EntityManager invocation
2025-06-05 09:31:46 [restartedMain] DEBUG o.s.o.j.SharedEntityManagerCreator$SharedEntityManagerInvocationHandler - Creating new EntityManager for shared EntityManager invocation
2025-06-05 09:31:46 [restartedMain] DEBUG o.s.o.j.SharedEntityManagerCreator$SharedEntityManagerInvocationHandler - Creating new EntityManager for shared EntityManager invocation
2025-06-05 09:31:46 [restartedMain] DEBUG o.s.o.j.SharedEntityManagerCreator$SharedEntityManagerInvocationHandler - Creating new EntityManager for shared EntityManager invocation
2025-06-05 09:31:46 [restartedMain] DEBUG o.s.o.j.SharedEntityManagerCreator$SharedEntityManagerInvocationHandler - Creating new EntityManager for shared EntityManager invocation
2025-06-05 09:31:46 [restartedMain] DEBUG o.s.o.j.SharedEntityManagerCreator$SharedEntityManagerInvocationHandler - Creating new EntityManager for shared EntityManager invocation
2025-06-05 09:31:46 [restartedMain] DEBUG o.s.o.j.SharedEntityManagerCreator$SharedEntityManagerInvocationHandler - Creating new EntityManager for shared EntityManager invocation
2025-06-05 09:31:46 [restartedMain] DEBUG o.s.o.j.SharedEntityManagerCreator$SharedEntityManagerInvocationHandler - Creating new EntityManager for shared EntityManager invocation
2025-06-05 09:31:46 [restartedMain] DEBUG o.s.o.j.SharedEntityManagerCreator$SharedEntityManagerInvocationHandler - Creating new EntityManager for shared EntityManager invocation
2025-06-05 09:31:46 [restartedMain] DEBUG o.s.o.j.SharedEntityManagerCreator$SharedEntityManagerInvocationHandler - Creating new EntityManager for shared EntityManager invocation
2025-06-05 09:31:46 [restartedMain] DEBUG o.s.o.j.SharedEntityManagerCreator$SharedEntityManagerInvocationHandler - Creating new EntityManager for shared EntityManager invocation
2025-06-05 09:31:46 [restartedMain] DEBUG o.s.o.j.SharedEntityManagerCreator$SharedEntityManagerInvocationHandler - Creating new EntityManager for shared EntityManager invocation
2025-06-05 09:31:46 [restartedMain] TRACE o.s.t.a.AnnotationTransactionAttributeSource - Adding transactional method 'com.app.fitrack.service.UserService.saveUser' with attribute: PROPAGATION_REQUIRED,ISOLATION_DEFAULT
2025-06-05 09:31:46 [restartedMain] TRACE o.s.t.a.AnnotationTransactionAttributeSource - Adding transactional method 'com.app.fitrack.service.UserService.verifyUser' with attribute: PROPAGATION_REQUIRED,ISOLATION_DEFAULT
2025-06-05 09:31:46 [restartedMain] TRACE o.s.t.a.AnnotationTransactionAttributeSource - Adding transactional method 'com.app.fitrack.service.UserService.generatePasswordResetToken' with attribute: PROPAGATION_REQUIRED,ISOLATION_DEFAULT
2025-06-05 09:31:46 [restartedMain] TRACE o.s.t.a.AnnotationTransactionAttributeSource - Adding transactional method 'com.app.fitrack.service.UserService.resendVerificationCode' with attribute: PROPAGATION_REQUIRED,ISOLATION_DEFAULT
2025-06-05 09:31:46 [restartedMain] TRACE o.s.t.a.AnnotationTransactionAttributeSource - Adding transactional method 'com.app.fitrack.service.UserService.getAuthenticatedUser' with attribute: PROPAGATION_REQUIRED,ISOLATION_DEFAULT
2025-06-05 09:31:46 [restartedMain] TRACE o.s.t.a.AnnotationTransactionAttributeSource - Adding transactional method 'com.app.fitrack.service.UserService.findByEmail' with attribute: PROPAGATION_REQUIRED,ISOLATION_DEFAULT
2025-06-05 09:31:46 [restartedMain] TRACE o.s.t.a.AnnotationTransactionAttributeSource - Adding transactional method 'com.app.fitrack.service.UserService.createUserProfile' with attribute: PROPAGATION_REQUIRED,ISOLATION_DEFAULT
2025-06-05 09:31:46 [restartedMain] TRACE o.s.t.a.AnnotationTransactionAttributeSource - Adding transactional method 'com.app.fitrack.service.UserService.updateUserProfile' with attribute: PROPAGATION_REQUIRED,ISOLATION_DEFAULT
2025-06-05 09:31:46 [restartedMain] TRACE o.s.t.a.AnnotationTransactionAttributeSource - Adding transactional method 'com.app.fitrack.service.UserService.registerUser' with attribute: PROPAGATION_REQUIRED,ISOLATION_DEFAULT
2025-06-05 09:31:46 [restartedMain] TRACE o.s.t.a.AnnotationTransactionAttributeSource - Adding transactional method 'com.app.fitrack.service.UserService.verifyEmailChange' with attribute: PROPAGATION_REQUIRED,ISOLATION_DEFAULT
2025-06-05 09:31:46 [restartedMain] TRACE o.s.t.a.AnnotationTransactionAttributeSource - Adding transactional method 'com.app.fitrack.service.UserService.resetPassword' with attribute: PROPAGATION_REQUIRED,ISOLATION_DEFAULT
2025-06-05 09:31:46 [restartedMain] TRACE o.s.t.a.AnnotationTransactionAttributeSource - Adding transactional method 'com.app.fitrack.service.UserService.requestEmailChangeVerification' with attribute: PROPAGATION_REQUIRED,ISOLATION_DEFAULT
2025-06-05 09:31:46 [restartedMain] TRACE o.s.t.a.AnnotationTransactionAttributeSource - Adding transactional method 'com.app.fitrack.service.UserService.calculateDynamicActivityFactor' with attribute: PROPAGATION_REQUIRED,ISOLATION_DEFAULT
2025-06-05 09:31:46 [restartedMain] TRACE o.s.t.a.AnnotationTransactionAttributeSource - Adding transactional method 'com.app.fitrack.service.UserService.calculateTDEE' with attribute: PROPAGATION_REQUIRED,ISOLATION_DEFAULT
2025-06-05 09:31:46 [restartedMain] TRACE o.s.t.a.AnnotationTransactionAttributeSource - Adding transactional method 'com.app.fitrack.service.UserService.calculateBMR' with attribute: PROPAGATION_REQUIRED,ISOLATION_DEFAULT
2025-06-05 09:31:46 [restartedMain] DEBUG o.s.o.j.SharedEntityManagerCreator$SharedEntityManagerInvocationHandler - Creating new EntityManager for shared EntityManager invocation
2025-06-05 09:31:46 [restartedMain] DEBUG o.s.o.j.SharedEntityManagerCreator$SharedEntityManagerInvocationHandler - Creating new EntityManager for shared EntityManager invocation
2025-06-05 09:31:46 [restartedMain] DEBUG o.s.o.j.SharedEntityManagerCreator$SharedEntityManagerInvocationHandler - Creating new EntityManager for shared EntityManager invocation
2025-06-05 09:31:46 [restartedMain] DEBUG o.s.o.j.SharedEntityManagerCreator$SharedEntityManagerInvocationHandler - Creating new EntityManager for shared EntityManager invocation
2025-06-05 09:31:46 [restartedMain] DEBUG o.s.o.j.SharedEntityManagerCreator$SharedEntityManagerInvocationHandler - Creating new EntityManager for shared EntityManager invocation
2025-06-05 09:31:46 [restartedMain] DEBUG o.s.o.j.SharedEntityManagerCreator$SharedEntityManagerInvocationHandler - Creating new EntityManager for shared EntityManager invocation
2025-06-05 09:31:46 [restartedMain] DEBUG o.s.o.j.SharedEntityManagerCreator$SharedEntityManagerInvocationHandler - Creating new EntityManager for shared EntityManager invocation
2025-06-05 09:31:46 [restartedMain] DEBUG o.s.o.j.SharedEntityManagerCreator$SharedEntityManagerInvocationHandler - Creating new EntityManager for shared EntityManager invocation
2025-06-05 09:31:46 [restartedMain] DEBUG o.s.o.j.SharedEntityManagerCreator$SharedEntityManagerInvocationHandler - Creating new EntityManager for shared EntityManager invocation
2025-06-05 09:31:46 [restartedMain] DEBUG o.s.o.j.SharedEntityManagerCreator$SharedEntityManagerInvocationHandler - Creating new EntityManager for shared EntityManager invocation
2025-06-05 09:31:46 [restartedMain] DEBUG o.s.o.j.SharedEntityManagerCreator$SharedEntityManagerInvocationHandler - Creating new EntityManager for shared EntityManager invocation
2025-06-05 09:31:46 [restartedMain] DEBUG o.s.o.j.SharedEntityManagerCreator$SharedEntityManagerInvocationHandler - Creating new EntityManager for shared EntityManager invocation
2025-06-05 09:31:46 [restartedMain] DEBUG o.s.o.j.SharedEntityManagerCreator$SharedEntityManagerInvocationHandler - Creating new EntityManager for shared EntityManager invocation
2025-06-05 09:31:46 [restartedMain] INFO  c.a.f.service.NutritionixService - NutritionixService initialized. App ID loaded: true, API Key loaded: true
2025-06-05 09:31:46 [restartedMain] DEBUG o.s.o.j.SharedEntityManagerCreator$SharedEntityManagerInvocationHandler - Creating new EntityManager for shared EntityManager invocation
2025-06-05 09:31:46 [restartedMain] DEBUG o.s.o.j.SharedEntityManagerCreator$SharedEntityManagerInvocationHandler - Creating new EntityManager for shared EntityManager invocation
2025-06-05 09:31:46 [restartedMain] DEBUG o.s.o.j.SharedEntityManagerCreator$SharedEntityManagerInvocationHandler - Creating new EntityManager for shared EntityManager invocation
2025-06-05 09:31:46 [restartedMain] DEBUG o.s.o.j.SharedEntityManagerCreator$SharedEntityManagerInvocationHandler - Creating new EntityManager for shared EntityManager invocation
2025-06-05 09:31:46 [restartedMain] DEBUG o.s.o.j.SharedEntityManagerCreator$SharedEntityManagerInvocationHandler - Creating new EntityManager for shared EntityManager invocation
2025-06-05 09:31:46 [restartedMain] DEBUG o.s.o.j.SharedEntityManagerCreator$SharedEntityManagerInvocationHandler - Creating new EntityManager for shared EntityManager invocation
2025-06-05 09:31:46 [restartedMain] DEBUG o.s.o.j.SharedEntityManagerCreator$SharedEntityManagerInvocationHandler - Creating new EntityManager for shared EntityManager invocation
2025-06-05 09:31:46 [restartedMain] DEBUG o.s.o.j.SharedEntityManagerCreator$SharedEntityManagerInvocationHandler - Creating new EntityManager for shared EntityManager invocation
2025-06-05 09:31:46 [restartedMain] TRACE o.s.t.a.AnnotationTransactionAttributeSource - Adding transactional method 'com.app.fitrack.service.GoalService.deleteGoal' with attribute: PROPAGATION_REQUIRED,ISOLATION_DEFAULT
2025-06-05 09:31:46 [restartedMain] TRACE o.s.t.a.AnnotationTransactionAttributeSource - Adding transactional method 'com.app.fitrack.service.GoalService.updateGoalsBasedOnActivity' with attribute: PROPAGATION_REQUIRED,ISOLATION_DEFAULT
2025-06-05 09:31:46 [restartedMain] TRACE o.s.t.a.AnnotationTransactionAttributeSource - Adding transactional method 'com.app.fitrack.service.GoalService.updateGoalProgress' with attribute: PROPAGATION_REQUIRED,ISOLATION_DEFAULT
2025-06-05 09:31:46 [restartedMain] TRACE o.s.t.a.AnnotationTransactionAttributeSource - Adding transactional method 'com.app.fitrack.service.GoalService.archiveGoal' with attribute: PROPAGATION_REQUIRED,ISOLATION_DEFAULT
2025-06-05 09:31:46 [restartedMain] TRACE o.s.t.a.AnnotationTransactionAttributeSource - Adding transactional method 'com.app.fitrack.service.GoalService.createGoal' with attribute: PROPAGATION_REQUIRED,ISOLATION_DEFAULT
2025-06-05 09:31:46 [restartedMain] WARN  o.s.b.a.o.j.JpaBaseConfiguration$JpaWebConfiguration - spring.jpa.open-in-view is enabled by default. Therefore, database queries may be performed during view rendering. Explicitly configure spring.jpa.open-in-view to disable this warning
2025-06-05 09:31:46 [restartedMain] INFO  o.s.s.c.a.a.c.InitializeUserDetailsBeanManagerConfigurer$InitializeUserDetailsManagerConfigurer - Global AuthenticationManager configured with UserDetailsService bean with name customUserDetailsService
2025-06-05 09:31:46 [restartedMain] DEBUG o.s.w.s.m.m.a.RequestMappingHandlerMapping - 51 mappings in 'requestMappingHandlerMapping'
2025-06-05 09:31:46 [restartedMain] DEBUG o.s.w.s.h.SimpleUrlHandlerMapping - Patterns [/webjars/**, /**] in 'resourceHandlerMapping'
2025-06-05 09:31:46 [restartedMain] INFO  o.s.b.a.e.web.EndpointLinksResolver - Exposing 1 endpoint beneath base path '/actuator'
2025-06-05 09:31:46 [restartedMain] DEBUG o.s.s.web.DefaultSecurityFilterChain - Will secure any request with filters: DisableEncodeUrlFilter, WebAsyncManagerIntegrationFilter, SecurityContextHolderFilter, HeaderWriterFilter, CsrfFilter, LogoutFilter, UsernamePasswordAuthenticationFilter, RequestCacheAwareFilter, SecurityContextHolderAwareRequestFilter, AnonymousAuthenticationFilter, ExceptionTranslationFilter, AuthorizationFilter
2025-06-05 09:31:46 [restartedMain] DEBUG o.s.w.s.m.m.a.RequestMappingHandlerAdapter - ControllerAdvice beans: 0 @ModelAttribute, 0 @InitBinder, 1 RequestBodyAdvice, 1 ResponseBodyAdvice
2025-06-05 09:31:46 [restartedMain] DEBUG o.s.w.s.m.m.a.ExceptionHandlerExceptionResolver - ControllerAdvice beans: 0 @ExceptionHandler, 1 ResponseBodyAdvice
2025-06-05 09:31:46 [restartedMain] INFO  o.s.b.a.h.H2ConsoleAutoConfiguration - H2 console available at '/h2-console'. Database available at 'jdbc:mysql://localhost:3306/fitrackerapp'
2025-06-05 09:31:46 [restartedMain] INFO  o.s.b.d.a.OptionalLiveReloadServer - LiveReload server is running on port 35729
2025-06-05 09:31:46 [restartedMain] INFO  o.s.b.w.e.tomcat.TomcatWebServer - Tomcat started on port 8080 (http) with context path '/fitrack'
2025-06-05 09:31:46 [restartedMain] INFO  com.app.fitrack.FitrackApplication - Started FitrackApplication in 1.587 seconds (process running for 1687.935)
2025-06-05 09:31:46 [restartedMain] INFO  o.s.b.d.a.ConditionEvaluationDeltaLoggingListener - Condition evaluation unchanged
2025-06-05 12:21:05 [restartedMain] INFO  com.app.fitrack.FitrackApplication - Starting FitrackApplication using Java 23.0.1 with PID 18244 (C:\Users\Charlene C. Dilig\OneDrive\Documents\Github\Fitrack\fitrack\target\classes started by Charlene C. Dilig in C:\Users\Charlene C. Dilig\OneDrive\Documents\Github\Fitrack)
2025-06-05 12:21:05 [restartedMain] DEBUG com.app.fitrack.FitrackApplication - Running with Spring Boot v3.4.3, Spring v6.2.3
2025-06-05 12:21:05 [restartedMain] INFO  com.app.fitrack.FitrackApplication - No active profile set, falling back to 1 default profile: "default"
2025-06-05 12:21:05 [restartedMain] INFO  o.s.b.d.e.DevToolsPropertyDefaultsPostProcessor - Devtools property defaults active! Set 'spring.devtools.add-properties' to 'false' to disable
2025-06-05 12:21:05 [restartedMain] INFO  o.s.b.d.e.DevToolsPropertyDefaultsPostProcessor - For additional web related logging consider setting the 'logging.level.web' property to 'DEBUG'
2025-06-05 12:21:06 [restartedMain] INFO  o.s.d.r.c.RepositoryConfigurationDelegate - Bootstrapping Spring Data JPA repositories in DEFAULT mode.
2025-06-05 12:21:06 [restartedMain] INFO  o.s.d.r.c.RepositoryConfigurationDelegate - Finished Spring Data repository scanning in 75 ms. Found 7 JPA repository interfaces.
2025-06-05 12:21:08 [restartedMain] INFO  o.s.b.w.e.tomcat.TomcatWebServer - Tomcat initialized with port 8080 (http)
2025-06-05 12:21:08 [restartedMain] INFO  o.a.catalina.core.StandardService - Starting service [Tomcat]
2025-06-05 12:21:08 [restartedMain] INFO  o.a.catalina.core.StandardEngine - Starting Servlet engine: [Apache Tomcat/10.1.36]
2025-06-05 12:21:08 [restartedMain] INFO  o.a.c.c.C.[.[localhost].[/fitrack] - Initializing Spring embedded WebApplicationContext
2025-06-05 12:21:08 [restartedMain] INFO  o.s.b.w.s.c.ServletWebServerApplicationContext - Root WebApplicationContext: initialization completed in 2790 ms
2025-06-05 12:21:08 [restartedMain] DEBUG o.s.w.f.ServerHttpObservationFilter - Filter 'webMvcObservationFilter' configured for use
2025-06-05 12:21:08 [restartedMain] DEBUG o.s.o.j.LocalContainerEntityManagerFactoryBean - Building JPA container EntityManagerFactory for persistence unit 'default'
2025-06-05 12:21:08 [restartedMain] INFO  o.h.jpa.internal.util.LogHelper - HHH000204: Processing PersistenceUnitInfo [name: default]
2025-06-05 12:21:08 [restartedMain] INFO  org.hibernate.Version - HHH000412: Hibernate ORM core version 6.6.8.Final
2025-06-05 12:21:09 [restartedMain] INFO  o.h.c.i.RegionFactoryInitiator - HHH000026: Second-level cache disabled
2025-06-05 12:21:09 [restartedMain] INFO  o.s.o.j.p.SpringPersistenceUnitInfo - No LoadTimeWeaver setup: ignoring JPA class transformer
2025-06-05 12:21:09 [restartedMain] INFO  com.zaxxer.hikari.HikariDataSource - HikariPool-1 - Starting...
2025-06-05 12:21:09 [restartedMain] INFO  com.zaxxer.hikari.pool.HikariPool - HikariPool-1 - Added connection com.mysql.cj.jdbc.ConnectionImpl@32701024
2025-06-05 12:21:09 [restartedMain] INFO  com.zaxxer.hikari.HikariDataSource - HikariPool-1 - Start completed.
2025-06-05 12:21:09 [restartedMain] WARN  org.hibernate.orm.deprecation - HHH90000025: MySQL8Dialect does not need to be specified explicitly using 'hibernate.dialect' (remove the property setting and it will be selected by default)
2025-06-05 12:21:09 [restartedMain] WARN  org.hibernate.orm.deprecation - HHH90000026: MySQL8Dialect has been deprecated; use org.hibernate.dialect.MySQLDialect instead
2025-06-05 12:21:09 [restartedMain] INFO  o.hibernate.orm.connections.pooling - HHH10001005: Database info:
	Database JDBC URL [Connecting through datasource 'HikariDataSource (HikariPool-1)']
	Database driver: undefined/unknown
	Database version: 8.0
	Autocommit mode: undefined/unknown
	Isolation level: undefined/unknown
	Minimum pool size: undefined/unknown
	Maximum pool size: undefined/unknown
2025-06-05 12:21:09 [restartedMain] DEBUG o.h.t.d.sql.spi.DdlTypeRegistry - addDescriptor(12, org.hibernate.type.descriptor.sql.internal.CapacityDependentDdlType@1eaf69c7) replaced previous registration(org.hibernate.type.descriptor.sql.internal.CapacityDependentDdlType@668a72c)
2025-06-05 12:21:09 [restartedMain] DEBUG o.h.t.d.sql.spi.DdlTypeRegistry - addDescriptor(-9, org.hibernate.type.descriptor.sql.internal.CapacityDependentDdlType@200c48ba) replaced previous registration(org.hibernate.type.descriptor.sql.internal.CapacityDependentDdlType@8656db7)
2025-06-05 12:21:09 [restartedMain] DEBUG o.h.t.d.sql.spi.DdlTypeRegistry - addDescriptor(-3, org.hibernate.type.descriptor.sql.internal.CapacityDependentDdlType@6de1cc2d) replaced previous registration(org.hibernate.type.descriptor.sql.internal.CapacityDependentDdlType@2ef3477a)
2025-06-05 12:21:09 [restartedMain] DEBUG o.h.t.d.sql.spi.DdlTypeRegistry - addDescriptor(4003, org.hibernate.type.descriptor.sql.internal.DdlTypeImpl@6cf88386) replaced previous registration(org.hibernate.type.descriptor.sql.internal.DdlTypeImpl@4f53437b)
2025-06-05 12:21:09 [restartedMain] DEBUG o.h.t.d.sql.spi.DdlTypeRegistry - addDescriptor(4001, org.hibernate.type.descriptor.sql.internal.DdlTypeImpl@2c306e18) replaced previous registration(org.hibernate.type.descriptor.sql.internal.DdlTypeImpl@18cc2473)
2025-06-05 12:21:09 [restartedMain] DEBUG o.h.t.d.sql.spi.DdlTypeRegistry - addDescriptor(4002, org.hibernate.type.descriptor.sql.internal.DdlTypeImpl@3000605f) replaced previous registration(org.hibernate.type.descriptor.sql.internal.DdlTypeImpl@659da5bf)
2025-06-05 12:21:09 [restartedMain] DEBUG o.h.t.d.sql.spi.DdlTypeRegistry - addDescriptor(2004, org.hibernate.type.descriptor.sql.internal.CapacityDependentDdlType@4af247ba) replaced previous registration(org.hibernate.type.descriptor.sql.internal.DdlTypeImpl@33e41d2b)
2025-06-05 12:21:09 [restartedMain] DEBUG o.h.t.d.sql.spi.DdlTypeRegistry - addDescriptor(2005, org.hibernate.type.descriptor.sql.internal.CapacityDependentDdlType@559190) replaced previous registration(org.hibernate.type.descriptor.sql.internal.DdlTypeImpl@86d7c78)
2025-06-05 12:21:09 [restartedMain] DEBUG o.h.t.d.sql.spi.DdlTypeRegistry - addDescriptor(2011, org.hibernate.type.descriptor.sql.internal.CapacityDependentDdlType@507a3558) replaced previous registration(org.hibernate.type.descriptor.sql.internal.DdlTypeImpl@43e47739)
2025-06-05 12:21:10 [restartedMain] INFO  o.h.e.t.j.p.i.JtaPlatformInitiator - HHH000489: No JTA platform available (set 'hibernate.transaction.jta.platform' to enable JTA platform integration)
2025-06-05 12:21:10 [restartedMain] INFO  o.s.o.j.LocalContainerEntityManagerFactoryBean - Initialized JPA EntityManagerFactory for persistence unit 'default'
2025-06-05 12:21:10 [restartedMain] DEBUG o.s.o.j.SharedEntityManagerCreator$SharedEntityManagerInvocationHandler - Creating new EntityManager for shared EntityManager invocation
2025-06-05 12:21:10 [restartedMain] DEBUG o.s.o.j.SharedEntityManagerCreator$SharedEntityManagerInvocationHandler - Creating new EntityManager for shared EntityManager invocation
2025-06-05 12:21:11 [restartedMain] DEBUG o.s.o.j.SharedEntityManagerCreator$SharedEntityManagerInvocationHandler - Creating new EntityManager for shared EntityManager invocation
2025-06-05 12:21:11 [restartedMain] DEBUG o.s.o.j.SharedEntityManagerCreator$SharedEntityManagerInvocationHandler - Creating new EntityManager for shared EntityManager invocation
2025-06-05 12:21:11 [restartedMain] INFO  o.s.d.j.r.query.QueryEnhancerFactory - Hibernate is in classpath; If applicable, HQL parser will be used.
2025-06-05 12:21:11 [restartedMain] DEBUG o.s.o.j.SharedEntityManagerCreator$SharedEntityManagerInvocationHandler - Creating new EntityManager for shared EntityManager invocation
2025-06-05 12:21:11 [restartedMain] DEBUG o.s.o.j.SharedEntityManagerCreator$SharedEntityManagerInvocationHandler - Creating new EntityManager for shared EntityManager invocation
2025-06-05 12:21:11 [restartedMain] DEBUG o.s.o.j.SharedEntityManagerCreator$SharedEntityManagerInvocationHandler - Creating new EntityManager for shared EntityManager invocation
2025-06-05 12:21:11 [restartedMain] DEBUG o.s.o.j.SharedEntityManagerCreator$SharedEntityManagerInvocationHandler - Creating new EntityManager for shared EntityManager invocation
2025-06-05 12:21:11 [restartedMain] DEBUG o.s.o.j.SharedEntityManagerCreator$SharedEntityManagerInvocationHandler - Creating new EntityManager for shared EntityManager invocation
2025-06-05 12:21:11 [restartedMain] TRACE o.s.t.a.AnnotationTransactionAttributeSource - Adding transactional method 'com.app.fitrack.service.EmailService.sendPasswordResetEmail' with attribute: PROPAGATION_REQUIRED,ISOLATION_DEFAULT
2025-06-05 12:21:11 [restartedMain] TRACE o.s.t.a.AnnotationTransactionAttributeSource - Adding transactional method 'com.app.fitrack.service.EmailService.sendVerificationEmail' with attribute: PROPAGATION_REQUIRED,ISOLATION_DEFAULT
2025-06-05 12:21:11 [restartedMain] DEBUG o.s.o.j.SharedEntityManagerCreator$SharedEntityManagerInvocationHandler - Creating new EntityManager for shared EntityManager invocation
2025-06-05 12:21:11 [restartedMain] DEBUG o.s.o.j.SharedEntityManagerCreator$SharedEntityManagerInvocationHandler - Creating new EntityManager for shared EntityManager invocation
2025-06-05 12:21:11 [restartedMain] DEBUG o.s.o.j.SharedEntityManagerCreator$SharedEntityManagerInvocationHandler - Creating new EntityManager for shared EntityManager invocation
2025-06-05 12:21:12 [restartedMain] DEBUG o.s.o.j.SharedEntityManagerCreator$SharedEntityManagerInvocationHandler - Creating new EntityManager for shared EntityManager invocation
2025-06-05 12:21:12 [restartedMain] DEBUG o.s.o.j.SharedEntityManagerCreator$SharedEntityManagerInvocationHandler - Creating new EntityManager for shared EntityManager invocation
2025-06-05 12:21:12 [restartedMain] DEBUG o.s.o.j.SharedEntityManagerCreator$SharedEntityManagerInvocationHandler - Creating new EntityManager for shared EntityManager invocation
2025-06-05 12:21:12 [restartedMain] DEBUG o.s.o.j.SharedEntityManagerCreator$SharedEntityManagerInvocationHandler - Creating new EntityManager for shared EntityManager invocation
2025-06-05 12:21:12 [restartedMain] DEBUG o.s.o.j.SharedEntityManagerCreator$SharedEntityManagerInvocationHandler - Creating new EntityManager for shared EntityManager invocation
2025-06-05 12:21:12 [restartedMain] DEBUG o.s.o.j.SharedEntityManagerCreator$SharedEntityManagerInvocationHandler - Creating new EntityManager for shared EntityManager invocation
2025-06-05 12:21:12 [restartedMain] DEBUG o.s.o.j.SharedEntityManagerCreator$SharedEntityManagerInvocationHandler - Creating new EntityManager for shared EntityManager invocation
2025-06-05 12:21:12 [restartedMain] DEBUG o.s.o.j.SharedEntityManagerCreator$SharedEntityManagerInvocationHandler - Creating new EntityManager for shared EntityManager invocation
2025-06-05 12:21:12 [restartedMain] DEBUG o.s.o.j.SharedEntityManagerCreator$SharedEntityManagerInvocationHandler - Creating new EntityManager for shared EntityManager invocation
2025-06-05 12:21:12 [restartedMain] TRACE o.s.t.a.AnnotationTransactionAttributeSource - Adding transactional method 'com.app.fitrack.service.UserService.verifyEmailChange' with attribute: PROPAGATION_REQUIRED,ISOLATION_DEFAULT
2025-06-05 12:21:12 [restartedMain] TRACE o.s.t.a.AnnotationTransactionAttributeSource - Adding transactional method 'com.app.fitrack.service.UserService.updateUserProfile' with attribute: PROPAGATION_REQUIRED,ISOLATION_DEFAULT
2025-06-05 12:21:12 [restartedMain] TRACE o.s.t.a.AnnotationTransactionAttributeSource - Adding transactional method 'com.app.fitrack.service.UserService.createUserProfile' with attribute: PROPAGATION_REQUIRED,ISOLATION_DEFAULT
2025-06-05 12:21:12 [restartedMain] TRACE o.s.t.a.AnnotationTransactionAttributeSource - Adding transactional method 'com.app.fitrack.service.UserService.calculateTDEE' with attribute: PROPAGATION_REQUIRED,ISOLATION_DEFAULT
2025-06-05 12:21:12 [restartedMain] TRACE o.s.t.a.AnnotationTransactionAttributeSource - Adding transactional method 'com.app.fitrack.service.UserService.requestEmailChangeVerification' with attribute: PROPAGATION_REQUIRED,ISOLATION_DEFAULT
2025-06-05 12:21:12 [restartedMain] TRACE o.s.t.a.AnnotationTransactionAttributeSource - Adding transactional method 'com.app.fitrack.service.UserService.saveUser' with attribute: PROPAGATION_REQUIRED,ISOLATION_DEFAULT
2025-06-05 12:21:12 [restartedMain] TRACE o.s.t.a.AnnotationTransactionAttributeSource - Adding transactional method 'com.app.fitrack.service.UserService.verifyUser' with attribute: PROPAGATION_REQUIRED,ISOLATION_DEFAULT
2025-06-05 12:21:12 [restartedMain] TRACE o.s.t.a.AnnotationTransactionAttributeSource - Adding transactional method 'com.app.fitrack.service.UserService.resendVerificationCode' with attribute: PROPAGATION_REQUIRED,ISOLATION_DEFAULT
2025-06-05 12:21:12 [restartedMain] TRACE o.s.t.a.AnnotationTransactionAttributeSource - Adding transactional method 'com.app.fitrack.service.UserService.getAuthenticatedUser' with attribute: PROPAGATION_REQUIRED,ISOLATION_DEFAULT
2025-06-05 12:21:12 [restartedMain] TRACE o.s.t.a.AnnotationTransactionAttributeSource - Adding transactional method 'com.app.fitrack.service.UserService.generatePasswordResetToken' with attribute: PROPAGATION_REQUIRED,ISOLATION_DEFAULT
2025-06-05 12:21:12 [restartedMain] TRACE o.s.t.a.AnnotationTransactionAttributeSource - Adding transactional method 'com.app.fitrack.service.UserService.calculateDynamicActivityFactor' with attribute: PROPAGATION_REQUIRED,ISOLATION_DEFAULT
2025-06-05 12:21:12 [restartedMain] TRACE o.s.t.a.AnnotationTransactionAttributeSource - Adding transactional method 'com.app.fitrack.service.UserService.resetPassword' with attribute: PROPAGATION_REQUIRED,ISOLATION_DEFAULT
2025-06-05 12:21:12 [restartedMain] TRACE o.s.t.a.AnnotationTransactionAttributeSource - Adding transactional method 'com.app.fitrack.service.UserService.registerUser' with attribute: PROPAGATION_REQUIRED,ISOLATION_DEFAULT
2025-06-05 12:21:12 [restartedMain] TRACE o.s.t.a.AnnotationTransactionAttributeSource - Adding transactional method 'com.app.fitrack.service.UserService.calculateBMR' with attribute: PROPAGATION_REQUIRED,ISOLATION_DEFAULT
2025-06-05 12:21:12 [restartedMain] TRACE o.s.t.a.AnnotationTransactionAttributeSource - Adding transactional method 'com.app.fitrack.service.UserService.findByEmail' with attribute: PROPAGATION_REQUIRED,ISOLATION_DEFAULT
2025-06-05 12:21:12 [restartedMain] DEBUG o.s.o.j.SharedEntityManagerCreator$SharedEntityManagerInvocationHandler - Creating new EntityManager for shared EntityManager invocation
2025-06-05 12:21:12 [restartedMain] DEBUG o.s.o.j.SharedEntityManagerCreator$SharedEntityManagerInvocationHandler - Creating new EntityManager for shared EntityManager invocation
2025-06-05 12:21:12 [restartedMain] DEBUG o.s.o.j.SharedEntityManagerCreator$SharedEntityManagerInvocationHandler - Creating new EntityManager for shared EntityManager invocation
2025-06-05 12:21:12 [restartedMain] DEBUG o.s.o.j.SharedEntityManagerCreator$SharedEntityManagerInvocationHandler - Creating new EntityManager for shared EntityManager invocation
2025-06-05 12:21:12 [restartedMain] DEBUG o.s.o.j.SharedEntityManagerCreator$SharedEntityManagerInvocationHandler - Creating new EntityManager for shared EntityManager invocation
2025-06-05 12:21:12 [restartedMain] DEBUG o.s.o.j.SharedEntityManagerCreator$SharedEntityManagerInvocationHandler - Creating new EntityManager for shared EntityManager invocation
2025-06-05 12:21:12 [restartedMain] DEBUG o.s.o.j.SharedEntityManagerCreator$SharedEntityManagerInvocationHandler - Creating new EntityManager for shared EntityManager invocation
2025-06-05 12:21:12 [restartedMain] DEBUG o.s.o.j.SharedEntityManagerCreator$SharedEntityManagerInvocationHandler - Creating new EntityManager for shared EntityManager invocation
2025-06-05 12:21:12 [restartedMain] DEBUG o.s.o.j.SharedEntityManagerCreator$SharedEntityManagerInvocationHandler - Creating new EntityManager for shared EntityManager invocation
2025-06-05 12:21:12 [restartedMain] DEBUG o.s.o.j.SharedEntityManagerCreator$SharedEntityManagerInvocationHandler - Creating new EntityManager for shared EntityManager invocation
2025-06-05 12:21:12 [restartedMain] DEBUG o.s.o.j.SharedEntityManagerCreator$SharedEntityManagerInvocationHandler - Creating new EntityManager for shared EntityManager invocation
2025-06-05 12:21:12 [restartedMain] DEBUG o.s.o.j.SharedEntityManagerCreator$SharedEntityManagerInvocationHandler - Creating new EntityManager for shared EntityManager invocation
2025-06-05 12:21:12 [restartedMain] DEBUG o.s.o.j.SharedEntityManagerCreator$SharedEntityManagerInvocationHandler - Creating new EntityManager for shared EntityManager invocation
2025-06-05 12:21:12 [restartedMain] INFO  c.a.f.service.NutritionixService - NutritionixService initialized. App ID loaded: true, API Key loaded: true
2025-06-05 12:21:12 [restartedMain] DEBUG o.s.o.j.SharedEntityManagerCreator$SharedEntityManagerInvocationHandler - Creating new EntityManager for shared EntityManager invocation
2025-06-05 12:21:12 [restartedMain] DEBUG o.s.o.j.SharedEntityManagerCreator$SharedEntityManagerInvocationHandler - Creating new EntityManager for shared EntityManager invocation
2025-06-05 12:21:12 [restartedMain] DEBUG o.s.o.j.SharedEntityManagerCreator$SharedEntityManagerInvocationHandler - Creating new EntityManager for shared EntityManager invocation
2025-06-05 12:21:12 [restartedMain] DEBUG o.s.o.j.SharedEntityManagerCreator$SharedEntityManagerInvocationHandler - Creating new EntityManager for shared EntityManager invocation
2025-06-05 12:21:12 [restartedMain] DEBUG o.s.o.j.SharedEntityManagerCreator$SharedEntityManagerInvocationHandler - Creating new EntityManager for shared EntityManager invocation
2025-06-05 12:21:12 [restartedMain] DEBUG o.s.o.j.SharedEntityManagerCreator$SharedEntityManagerInvocationHandler - Creating new EntityManager for shared EntityManager invocation
2025-06-05 12:21:12 [restartedMain] DEBUG o.s.o.j.SharedEntityManagerCreator$SharedEntityManagerInvocationHandler - Creating new EntityManager for shared EntityManager invocation
2025-06-05 12:21:12 [restartedMain] DEBUG o.s.o.j.SharedEntityManagerCreator$SharedEntityManagerInvocationHandler - Creating new EntityManager for shared EntityManager invocation
2025-06-05 12:21:12 [restartedMain] TRACE o.s.t.a.AnnotationTransactionAttributeSource - Adding transactional method 'com.app.fitrack.service.GoalService.deleteGoal' with attribute: PROPAGATION_REQUIRED,ISOLATION_DEFAULT
2025-06-05 12:21:12 [restartedMain] TRACE o.s.t.a.AnnotationTransactionAttributeSource - Adding transactional method 'com.app.fitrack.service.GoalService.createGoal' with attribute: PROPAGATION_REQUIRED,ISOLATION_DEFAULT
2025-06-05 12:21:12 [restartedMain] TRACE o.s.t.a.AnnotationTransactionAttributeSource - Adding transactional method 'com.app.fitrack.service.GoalService.updateGoalsBasedOnActivity' with attribute: PROPAGATION_REQUIRED,ISOLATION_DEFAULT
2025-06-05 12:21:12 [restartedMain] TRACE o.s.t.a.AnnotationTransactionAttributeSource - Adding transactional method 'com.app.fitrack.service.GoalService.archiveGoal' with attribute: PROPAGATION_REQUIRED,ISOLATION_DEFAULT
2025-06-05 12:21:12 [restartedMain] TRACE o.s.t.a.AnnotationTransactionAttributeSource - Adding transactional method 'com.app.fitrack.service.GoalService.updateGoalProgress' with attribute: PROPAGATION_REQUIRED,ISOLATION_DEFAULT
2025-06-05 12:21:12 [restartedMain] WARN  o.s.b.a.o.j.JpaBaseConfiguration$JpaWebConfiguration - spring.jpa.open-in-view is enabled by default. Therefore, database queries may be performed during view rendering. Explicitly configure spring.jpa.open-in-view to disable this warning
2025-06-05 12:21:12 [restartedMain] INFO  o.s.s.c.a.a.c.InitializeUserDetailsBeanManagerConfigurer$InitializeUserDetailsManagerConfigurer - Global AuthenticationManager configured with UserDetailsService bean with name customUserDetailsService
2025-06-05 12:21:13 [restartedMain] DEBUG o.s.w.s.m.m.a.RequestMappingHandlerMapping - 51 mappings in 'requestMappingHandlerMapping'
2025-06-05 12:21:13 [restartedMain] DEBUG o.s.w.s.h.SimpleUrlHandlerMapping - Patterns [/webjars/**, /**] in 'resourceHandlerMapping'
2025-06-05 12:21:13 [restartedMain] INFO  o.s.b.a.e.web.EndpointLinksResolver - Exposing 1 endpoint beneath base path '/actuator'
2025-06-05 12:21:13 [restartedMain] DEBUG o.s.s.web.DefaultSecurityFilterChain - Will secure any request with filters: DisableEncodeUrlFilter, WebAsyncManagerIntegrationFilter, SecurityContextHolderFilter, HeaderWriterFilter, CsrfFilter, LogoutFilter, UsernamePasswordAuthenticationFilter, RequestCacheAwareFilter, SecurityContextHolderAwareRequestFilter, AnonymousAuthenticationFilter, ExceptionTranslationFilter, AuthorizationFilter
2025-06-05 12:21:13 [restartedMain] DEBUG o.s.w.s.m.m.a.RequestMappingHandlerAdapter - ControllerAdvice beans: 0 @ModelAttribute, 0 @InitBinder, 1 RequestBodyAdvice, 1 ResponseBodyAdvice
2025-06-05 12:21:13 [restartedMain] DEBUG o.s.w.s.m.m.a.ExceptionHandlerExceptionResolver - ControllerAdvice beans: 0 @ExceptionHandler, 1 ResponseBodyAdvice
2025-06-05 12:21:13 [restartedMain] INFO  o.s.b.a.h.H2ConsoleAutoConfiguration - H2 console available at '/h2-console'. Database available at 'jdbc:mysql://localhost:3306/fitrackerapp'
2025-06-05 12:21:14 [restartedMain] INFO  o.s.b.d.a.OptionalLiveReloadServer - LiveReload server is running on port 35729
2025-06-05 12:21:14 [restartedMain] INFO  o.s.b.w.e.tomcat.TomcatWebServer - Tomcat started on port 8080 (http) with context path '/fitrack'
2025-06-05 12:21:14 [restartedMain] INFO  com.app.fitrack.FitrackApplication - Started FitrackApplication in 9.092 seconds (process running for 9.745)
2025-06-05 12:21:14 [RMI TCP Connection(2)-127.0.0.1] INFO  o.a.c.c.C.[.[localhost].[/fitrack] - Initializing Spring DispatcherServlet 'dispatcherServlet'
2025-06-05 12:21:14 [RMI TCP Connection(2)-127.0.0.1] INFO  o.s.web.servlet.DispatcherServlet - Initializing Servlet 'dispatcherServlet'
2025-06-05 12:21:14 [RMI TCP Connection(2)-127.0.0.1] DEBUG o.s.web.servlet.DispatcherServlet - Detected StandardServletMultipartResolver
2025-06-05 12:21:14 [RMI TCP Connection(2)-127.0.0.1] DEBUG o.s.web.servlet.DispatcherServlet - Detected AcceptHeaderLocaleResolver
2025-06-05 12:21:14 [RMI TCP Connection(2)-127.0.0.1] DEBUG o.s.web.servlet.DispatcherServlet - Detected FixedThemeResolver
2025-06-05 12:21:14 [RMI TCP Connection(2)-127.0.0.1] DEBUG o.s.web.servlet.DispatcherServlet - Detected org.springframework.web.servlet.view.DefaultRequestToViewNameTranslator@4007fb26
2025-06-05 12:21:14 [RMI TCP Connection(2)-127.0.0.1] DEBUG o.s.web.servlet.DispatcherServlet - Detected org.springframework.web.servlet.support.SessionFlashMapManager@6cb60cc4
2025-06-05 12:21:14 [RMI TCP Connection(2)-127.0.0.1] DEBUG o.s.web.servlet.DispatcherServlet - enableLoggingRequestDetails='false': request parameters and headers will be masked to prevent unsafe logging of potentially sensitive data
2025-06-05 12:21:14 [RMI TCP Connection(2)-127.0.0.1] INFO  o.s.web.servlet.DispatcherServlet - Completed initialization in 3 ms
2025-06-05 12:21:23 [http-nio-8080-exec-1] DEBUG o.s.security.web.FilterChainProxy - Securing GET /user/analytics
2025-06-05 12:21:23 [http-nio-8080-exec-1] DEBUG o.s.s.w.a.AnonymousAuthenticationFilter - Set SecurityContextHolder to anonymous SecurityContext
2025-06-05 12:21:23 [http-nio-8080-exec-1] DEBUG o.s.s.w.s.HttpSessionRequestCache - Saved request http://localhost:8080/fitrack/user/analytics?continue to session
2025-06-05 12:21:23 [http-nio-8080-exec-1] DEBUG o.s.s.web.DefaultRedirectStrategy - Redirecting to http://localhost:8080/fitrack/user/login
2025-06-05 12:21:23 [http-nio-8080-exec-2] DEBUG o.s.security.web.FilterChainProxy - Securing GET /user/login
2025-06-05 12:21:23 [http-nio-8080-exec-2] DEBUG o.s.security.web.FilterChainProxy - Secured GET /user/login
2025-06-05 12:21:23 [http-nio-8080-exec-2] DEBUG o.s.web.servlet.DispatcherServlet - GET "/fitrack/user/login", parameters={}
2025-06-05 12:21:23 [http-nio-8080-exec-2] DEBUG o.s.w.s.m.m.a.RequestMappingHandlerMapping - Mapped to com.app.fitrack.controller.UserController#showLoginPage(Model)
2025-06-05 12:21:23 [http-nio-8080-exec-2] DEBUG o.s.o.j.s.OpenEntityManagerInViewInterceptor - Opening JPA EntityManager in OpenEntityManagerInViewInterceptor
2025-06-05 12:21:23 [http-nio-8080-exec-2] DEBUG o.s.w.s.v.ContentNegotiatingViewResolver - Selected 'text/html' given [text/html, application/xhtml+xml, application/xml;q=0.9, */*;q=0.8]
2025-06-05 12:21:24 [http-nio-8080-exec-2] DEBUG o.s.o.j.s.OpenEntityManagerInViewInterceptor - Closing JPA EntityManager in OpenEntityManagerInViewInterceptor
2025-06-05 12:21:24 [http-nio-8080-exec-2] DEBUG o.s.web.servlet.DispatcherServlet - Completed 200 OK
2025-06-05 12:21:24 [http-nio-8080-exec-2] DEBUG o.s.s.w.a.AnonymousAuthenticationFilter - Set SecurityContextHolder to anonymous SecurityContext
2025-06-05 12:21:24 [http-nio-8080-exec-3] DEBUG o.s.security.web.FilterChainProxy - Securing GET /styles/css/Join.css
2025-06-05 12:21:24 [http-nio-8080-exec-3] DEBUG o.s.security.web.FilterChainProxy - Secured GET /styles/css/Join.css
2025-06-05 12:21:24 [http-nio-8080-exec-3] DEBUG o.s.web.servlet.DispatcherServlet - GET "/fitrack/styles/css/Join.css", parameters={}
2025-06-05 12:21:24 [http-nio-8080-exec-3] DEBUG o.s.w.s.h.SimpleUrlHandlerMapping - Mapped to ResourceHttpRequestHandler [classpath [static/], URL [file:uploads/], ServletContext [/]]
2025-06-05 12:21:24 [http-nio-8080-exec-3] DEBUG o.s.o.j.s.OpenEntityManagerInViewInterceptor - Opening JPA EntityManager in OpenEntityManagerInViewInterceptor
2025-06-05 12:21:24 [http-nio-8080-exec-3] DEBUG o.s.o.j.s.OpenEntityManagerInViewInterceptor - Closing JPA EntityManager in OpenEntityManagerInViewInterceptor
2025-06-05 12:21:24 [http-nio-8080-exec-3] DEBUG o.s.web.servlet.DispatcherServlet - Completed 200 OK
2025-06-05 12:21:24 [http-nio-8080-exec-3] DEBUG o.s.s.w.a.AnonymousAuthenticationFilter - Set SecurityContextHolder to anonymous SecurityContext
2025-06-05 12:21:26 [http-nio-8080-exec-4] DEBUG o.s.security.web.FilterChainProxy - Securing POST /user/login
2025-06-05 12:21:26 [http-nio-8080-exec-4] TRACE o.s.t.i.TransactionInterceptor - No need to create transaction for [org.springframework.data.jpa.repository.support.SimpleJpaRepository.findByEmail]: This method is not transactional.
2025-06-05 12:21:26 [http-nio-8080-exec-4] DEBUG o.s.o.j.SharedEntityManagerCreator$SharedEntityManagerInvocationHandler - Creating new EntityManager for shared EntityManager invocation
2025-06-05 12:21:26 [http-nio-8080-exec-4] DEBUG org.hibernate.SQL - 
    select
        u1_0.id,
        u1_0.age,
        u1_0.email,
        u1_0.email_change_code,
        u1_0.email_change_code_expiry,
        u1_0.firstname,
        u1_0.gender,
        u1_0.height,
        u1_0.lastname,
        u1_0.password,
        u1_0.pending_email,
        u1_0.profile_picture,
        u1_0.verified,
        u1_0.weight 
    from
        users u1_0 
    where
        u1_0.email=?
2025-06-05 12:21:26 [http-nio-8080-exec-4] DEBUG o.s.s.a.d.DaoAuthenticationProvider - Authenticated user
2025-06-05 12:21:26 [http-nio-8080-exec-4] DEBUG o.s.s.w.a.s.ChangeSessionIdAuthenticationStrategy - Changed session id from D706A416E7764EFB10E508C1CCA4C929
2025-06-05 12:21:26 [http-nio-8080-exec-4] DEBUG o.s.s.w.c.CsrfAuthenticationStrategy - Replaced CSRF Token
2025-06-05 12:21:26 [http-nio-8080-exec-4] DEBUG o.s.s.w.c.HttpSessionSecurityContextRepository - Stored SecurityContextImpl [Authentication=UsernamePasswordAuthenticationToken [Principal=org.springframework.security.core.userdetails.User [Username=charlenedilig@gmail.com, Password=[PROTECTED], Enabled=true, AccountNonExpired=true, CredentialsNonExpired=true, AccountNonLocked=true, Granted Authorities=[ROLE_USER]], Credentials=[PROTECTED], Authenticated=true, Details=WebAuthenticationDetails [RemoteIpAddress=127.0.0.1, SessionId=D706A416E7764EFB10E508C1CCA4C929], Granted Authorities=[ROLE_USER]]] to HttpSession [org.apache.catalina.session.StandardSessionFacade@7bc937a2]
2025-06-05 12:21:26 [http-nio-8080-exec-4] DEBUG o.s.s.w.a.UsernamePasswordAuthenticationFilter - Set SecurityContextHolder to UsernamePasswordAuthenticationToken [Principal=org.springframework.security.core.userdetails.User [Username=charlenedilig@gmail.com, Password=[PROTECTED], Enabled=true, AccountNonExpired=true, CredentialsNonExpired=true, AccountNonLocked=true, Granted Authorities=[ROLE_USER]], Credentials=[PROTECTED], Authenticated=true, Details=WebAuthenticationDetails [RemoteIpAddress=127.0.0.1, SessionId=D706A416E7764EFB10E508C1CCA4C929], Granted Authorities=[ROLE_USER]]
2025-06-05 12:21:26 [http-nio-8080-exec-4] DEBUG o.s.orm.jpa.JpaTransactionManager - Creating new transaction with name [com.app.fitrack.service.UserService.findByEmail]: PROPAGATION_REQUIRED,ISOLATION_DEFAULT
2025-06-05 12:21:26 [http-nio-8080-exec-4] DEBUG o.s.orm.jpa.JpaTransactionManager - Opened new EntityManager [SessionImpl(653818467<open>)] for JPA transaction
2025-06-05 12:21:26 [http-nio-8080-exec-4] DEBUG o.s.orm.jpa.JpaTransactionManager - Exposing JPA transaction as JDBC [org.springframework.orm.jpa.vendor.HibernateJpaDialect$HibernateConnectionHandle@63d61641]
2025-06-05 12:21:26 [http-nio-8080-exec-4] TRACE o.s.t.i.TransactionInterceptor - Getting transaction for [com.app.fitrack.service.UserService.findByEmail]
2025-06-05 12:21:26 [http-nio-8080-exec-4] TRACE o.s.t.i.TransactionInterceptor - No need to create transaction for [org.springframework.data.jpa.repository.support.SimpleJpaRepository.findByEmail]: This method is not transactional.
2025-06-05 12:21:26 [http-nio-8080-exec-4] DEBUG org.hibernate.SQL - 
    select
        u1_0.id,
        u1_0.age,
        u1_0.email,
        u1_0.email_change_code,
        u1_0.email_change_code_expiry,
        u1_0.firstname,
        u1_0.gender,
        u1_0.height,
        u1_0.lastname,
        u1_0.password,
        u1_0.pending_email,
        u1_0.profile_picture,
        u1_0.verified,
        u1_0.weight 
    from
        users u1_0 
    where
        u1_0.email=?
2025-06-05 12:21:26 [http-nio-8080-exec-4] TRACE o.s.t.i.TransactionInterceptor - Completing transaction for [com.app.fitrack.service.UserService.findByEmail]
2025-06-05 12:21:26 [http-nio-8080-exec-4] DEBUG o.s.orm.jpa.JpaTransactionManager - Initiating transaction commit
2025-06-05 12:21:26 [http-nio-8080-exec-4] DEBUG o.s.orm.jpa.JpaTransactionManager - Committing JPA transaction on EntityManager [SessionImpl(653818467<open>)]
2025-06-05 12:21:26 [http-nio-8080-exec-4] DEBUG o.s.orm.jpa.JpaTransactionManager - Closing JPA EntityManager [SessionImpl(653818467<open>)] after transaction
2025-06-05 12:21:26 [http-nio-8080-exec-5] DEBUG o.s.security.web.FilterChainProxy - Securing GET /user/dashboard
2025-06-05 12:21:26 [http-nio-8080-exec-5] DEBUG o.s.s.w.c.HttpSessionSecurityContextRepository - Retrieved SecurityContextImpl [Authentication=UsernamePasswordAuthenticationToken [Principal=org.springframework.security.core.userdetails.User [Username=charlenedilig@gmail.com, Password=[PROTECTED], Enabled=true, AccountNonExpired=true, CredentialsNonExpired=true, AccountNonLocked=true, Granted Authorities=[ROLE_USER]], Credentials=[PROTECTED], Authenticated=true, Details=WebAuthenticationDetails [RemoteIpAddress=127.0.0.1, SessionId=D706A416E7764EFB10E508C1CCA4C929], Granted Authorities=[ROLE_USER]]]
2025-06-05 12:21:26 [http-nio-8080-exec-5] DEBUG o.s.security.web.FilterChainProxy - Secured GET /user/dashboard
2025-06-05 12:21:26 [http-nio-8080-exec-5] DEBUG o.s.web.servlet.DispatcherServlet - GET "/fitrack/user/dashboard", parameters={}
2025-06-05 12:21:26 [http-nio-8080-exec-5] DEBUG o.s.w.s.m.m.a.RequestMappingHandlerMapping - Mapped to com.app.fitrack.controller.UserController#showDashboard(UserDetails, Model)
2025-06-05 12:21:26 [http-nio-8080-exec-5] DEBUG o.s.o.j.s.OpenEntityManagerInViewInterceptor - Opening JPA EntityManager in OpenEntityManagerInViewInterceptor
2025-06-05 12:21:26 [http-nio-8080-exec-5] DEBUG o.s.orm.jpa.JpaTransactionManager - Found thread-bound EntityManager [SessionImpl(1175972799<open>)] for JPA transaction
2025-06-05 12:21:26 [http-nio-8080-exec-5] DEBUG o.s.orm.jpa.JpaTransactionManager - Creating new transaction with name [com.app.fitrack.service.UserService.findByEmail]: PROPAGATION_REQUIRED,ISOLATION_DEFAULT
2025-06-05 12:21:26 [http-nio-8080-exec-5] DEBUG o.s.orm.jpa.JpaTransactionManager - Exposing JPA transaction as JDBC [org.springframework.orm.jpa.vendor.HibernateJpaDialect$HibernateConnectionHandle@276dbee2]
2025-06-05 12:21:26 [http-nio-8080-exec-5] TRACE o.s.t.i.TransactionInterceptor - Getting transaction for [com.app.fitrack.service.UserService.findByEmail]
2025-06-05 12:21:26 [http-nio-8080-exec-5] TRACE o.s.t.i.TransactionInterceptor - No need to create transaction for [org.springframework.data.jpa.repository.support.SimpleJpaRepository.findByEmail]: This method is not transactional.
2025-06-05 12:21:26 [http-nio-8080-exec-5] DEBUG org.hibernate.SQL - 
    select
        u1_0.id,
        u1_0.age,
        u1_0.email,
        u1_0.email_change_code,
        u1_0.email_change_code_expiry,
        u1_0.firstname,
        u1_0.gender,
        u1_0.height,
        u1_0.lastname,
        u1_0.password,
        u1_0.pending_email,
        u1_0.profile_picture,
        u1_0.verified,
        u1_0.weight 
    from
        users u1_0 
    where
        u1_0.email=?
2025-06-05 12:21:26 [http-nio-8080-exec-5] TRACE o.s.t.i.TransactionInterceptor - Completing transaction for [com.app.fitrack.service.UserService.findByEmail]
2025-06-05 12:21:26 [http-nio-8080-exec-5] DEBUG o.s.orm.jpa.JpaTransactionManager - Initiating transaction commit
2025-06-05 12:21:26 [http-nio-8080-exec-5] DEBUG o.s.orm.jpa.JpaTransactionManager - Committing JPA transaction on EntityManager [SessionImpl(1175972799<open>)]
2025-06-05 12:21:26 [http-nio-8080-exec-5] DEBUG o.s.orm.jpa.JpaTransactionManager - Not closing pre-bound JPA EntityManager after transaction
2025-06-05 12:21:26 [http-nio-8080-exec-5] DEBUG o.s.orm.jpa.JpaTransactionManager - Found thread-bound EntityManager [SessionImpl(1175972799<open>)] for JPA transaction
2025-06-05 12:21:26 [http-nio-8080-exec-5] DEBUG o.s.orm.jpa.JpaTransactionManager - Creating new transaction with name [com.app.fitrack.service.UserService.getAuthenticatedUser]: PROPAGATION_REQUIRED,ISOLATION_DEFAULT
2025-06-05 12:21:26 [http-nio-8080-exec-5] DEBUG o.s.orm.jpa.JpaTransactionManager - Exposing JPA transaction as JDBC [org.springframework.orm.jpa.vendor.HibernateJpaDialect$HibernateConnectionHandle@440f4d94]
2025-06-05 12:21:26 [http-nio-8080-exec-5] TRACE o.s.t.i.TransactionInterceptor - Getting transaction for [com.app.fitrack.service.UserService.getAuthenticatedUser]
2025-06-05 12:21:26 [http-nio-8080-exec-5] TRACE o.s.t.i.TransactionInterceptor - No need to create transaction for [org.springframework.data.jpa.repository.support.SimpleJpaRepository.findByEmail]: This method is not transactional.
2025-06-05 12:21:26 [http-nio-8080-exec-5] DEBUG org.hibernate.SQL - 
    select
        u1_0.id,
        u1_0.age,
        u1_0.email,
        u1_0.email_change_code,
        u1_0.email_change_code_expiry,
        u1_0.firstname,
        u1_0.gender,
        u1_0.height,
        u1_0.lastname,
        u1_0.password,
        u1_0.pending_email,
        u1_0.profile_picture,
        u1_0.verified,
        u1_0.weight 
    from
        users u1_0 
    where
        u1_0.email=?
2025-06-05 12:21:26 [http-nio-8080-exec-5] TRACE o.s.t.i.TransactionInterceptor - Completing transaction for [com.app.fitrack.service.UserService.getAuthenticatedUser]
2025-06-05 12:21:26 [http-nio-8080-exec-5] DEBUG o.s.orm.jpa.JpaTransactionManager - Initiating transaction commit
2025-06-05 12:21:26 [http-nio-8080-exec-5] DEBUG o.s.orm.jpa.JpaTransactionManager - Committing JPA transaction on EntityManager [SessionImpl(1175972799<open>)]
2025-06-05 12:21:26 [http-nio-8080-exec-5] DEBUG o.s.orm.jpa.JpaTransactionManager - Not closing pre-bound JPA EntityManager after transaction
2025-06-05 12:21:26 [http-nio-8080-exec-5] TRACE o.s.t.i.TransactionInterceptor - No need to create transaction for [org.springframework.data.jpa.repository.support.SimpleJpaRepository.findByUser]: This method is not transactional.
2025-06-05 12:21:26 [http-nio-8080-exec-5] DEBUG org.hibernate.SQL - 
    select
        w1_0.id,
        w1_0.burned_calories,
        w1_0.date_time,
        w1_0.duration,
        w1_0.user_id,
        w1_0.workout_name,
        w1_0.workout_type 
    from
        workout w1_0 
    where
        w1_0.user_id=?
2025-06-05 12:21:26 [http-nio-8080-exec-5] DEBUG org.hibernate.SQL - 
    select
        rd1_0.workout_id,
        rd1_0.repeat_day 
    from
        workout_repeat_days rd1_0 
    where
        rd1_0.workout_id=?
2025-06-05 12:21:26 [http-nio-8080-exec-5] DEBUG org.hibernate.SQL - 
    select
        rd1_0.workout_id,
        rd1_0.repeat_day 
    from
        workout_repeat_days rd1_0 
    where
        rd1_0.workout_id=?
2025-06-05 12:21:26 [http-nio-8080-exec-5] DEBUG org.hibernate.SQL - 
    select
        rd1_0.workout_id,
        rd1_0.repeat_day 
    from
        workout_repeat_days rd1_0 
    where
        rd1_0.workout_id=?
2025-06-05 12:21:26 [http-nio-8080-exec-5] DEBUG org.hibernate.SQL - 
    select
        rd1_0.workout_id,
        rd1_0.repeat_day 
    from
        workout_repeat_days rd1_0 
    where
        rd1_0.workout_id=?
2025-06-05 12:21:26 [http-nio-8080-exec-5] DEBUG org.hibernate.SQL - 
    select
        rd1_0.workout_id,
        rd1_0.repeat_day 
    from
        workout_repeat_days rd1_0 
    where
        rd1_0.workout_id=?
2025-06-05 12:21:26 [http-nio-8080-exec-5] DEBUG org.hibernate.SQL - 
    select
        rd1_0.workout_id,
        rd1_0.repeat_day 
    from
        workout_repeat_days rd1_0 
    where
        rd1_0.workout_id=?
2025-06-05 12:21:26 [http-nio-8080-exec-5] TRACE o.s.t.i.TransactionInterceptor - No need to create transaction for [org.springframework.data.jpa.repository.support.SimpleJpaRepository.existsByUserAndWorkoutNameBetweenDates]: This method is not transactional.
2025-06-05 12:21:26 [http-nio-8080-exec-5] DEBUG org.hibernate.SQL - 
    select
        count(wl1_0.id)>0 
    from
        workout_log wl1_0 
    where
        wl1_0.user_id=? 
        and wl1_0.workout_name=? 
        and wl1_0.completed_at>=? 
        and wl1_0.completed_at<?
2025-06-05 12:21:26 [http-nio-8080-exec-5] TRACE o.s.t.i.TransactionInterceptor - No need to create transaction for [org.springframework.data.jpa.repository.support.SimpleJpaRepository.existsByUserAndWorkoutNameBetweenDates]: This method is not transactional.
2025-06-05 12:21:26 [http-nio-8080-exec-5] DEBUG org.hibernate.SQL - 
    select
        count(wl1_0.id)>0 
    from
        workout_log wl1_0 
    where
        wl1_0.user_id=? 
        and wl1_0.workout_name=? 
        and wl1_0.completed_at>=? 
        and wl1_0.completed_at<?
2025-06-05 12:21:26 [http-nio-8080-exec-5] TRACE o.s.t.i.TransactionInterceptor - No need to create transaction for [org.springframework.data.jpa.repository.support.SimpleJpaRepository.existsByUserAndWorkoutNameBetweenDates]: This method is not transactional.
2025-06-05 12:21:26 [http-nio-8080-exec-5] DEBUG org.hibernate.SQL - 
    select
        count(wl1_0.id)>0 
    from
        workout_log wl1_0 
    where
        wl1_0.user_id=? 
        and wl1_0.workout_name=? 
        and wl1_0.completed_at>=? 
        and wl1_0.completed_at<?
2025-06-05 12:21:26 [http-nio-8080-exec-5] TRACE o.s.t.i.TransactionInterceptor - No need to create transaction for [org.springframework.data.jpa.repository.support.SimpleJpaRepository.existsByUserAndWorkoutNameBetweenDates]: This method is not transactional.
2025-06-05 12:21:26 [http-nio-8080-exec-5] DEBUG org.hibernate.SQL - 
    select
        count(wl1_0.id)>0 
    from
        workout_log wl1_0 
    where
        wl1_0.user_id=? 
        and wl1_0.workout_name=? 
        and wl1_0.completed_at>=? 
        and wl1_0.completed_at<?
2025-06-05 12:21:26 [http-nio-8080-exec-5] TRACE o.s.t.i.TransactionInterceptor - No need to create transaction for [org.springframework.data.jpa.repository.support.SimpleJpaRepository.existsByUserAndWorkoutNameBetweenDates]: This method is not transactional.
2025-06-05 12:21:26 [http-nio-8080-exec-5] DEBUG org.hibernate.SQL - 
    select
        count(wl1_0.id)>0 
    from
        workout_log wl1_0 
    where
        wl1_0.user_id=? 
        and wl1_0.workout_name=? 
        and wl1_0.completed_at>=? 
        and wl1_0.completed_at<?
2025-06-05 12:21:26 [http-nio-8080-exec-5] TRACE o.s.t.i.TransactionInterceptor - No need to create transaction for [org.springframework.data.jpa.repository.support.SimpleJpaRepository.existsByUserAndWorkoutNameBetweenDates]: This method is not transactional.
2025-06-05 12:21:26 [http-nio-8080-exec-5] DEBUG org.hibernate.SQL - 
    select
        count(wl1_0.id)>0 
    from
        workout_log wl1_0 
    where
        wl1_0.user_id=? 
        and wl1_0.workout_name=? 
        and wl1_0.completed_at>=? 
        and wl1_0.completed_at<?
2025-06-05 12:21:26 [http-nio-8080-exec-5] DEBUG o.s.orm.jpa.JpaTransactionManager - Found thread-bound EntityManager [SessionImpl(1175972799<open>)] for JPA transaction
2025-06-05 12:21:26 [http-nio-8080-exec-5] DEBUG o.s.orm.jpa.JpaTransactionManager - Creating new transaction with name [com.app.fitrack.service.UserService.getAuthenticatedUser]: PROPAGATION_REQUIRED,ISOLATION_DEFAULT
2025-06-05 12:21:26 [http-nio-8080-exec-5] DEBUG o.s.orm.jpa.JpaTransactionManager - Exposing JPA transaction as JDBC [org.springframework.orm.jpa.vendor.HibernateJpaDialect$HibernateConnectionHandle@51404b71]
2025-06-05 12:21:26 [http-nio-8080-exec-5] TRACE o.s.t.i.TransactionInterceptor - Getting transaction for [com.app.fitrack.service.UserService.getAuthenticatedUser]
2025-06-05 12:21:26 [http-nio-8080-exec-5] TRACE o.s.t.i.TransactionInterceptor - No need to create transaction for [org.springframework.data.jpa.repository.support.SimpleJpaRepository.findByEmail]: This method is not transactional.
2025-06-05 12:21:26 [http-nio-8080-exec-5] DEBUG org.hibernate.SQL - 
    select
        u1_0.id,
        u1_0.age,
        u1_0.email,
        u1_0.email_change_code,
        u1_0.email_change_code_expiry,
        u1_0.firstname,
        u1_0.gender,
        u1_0.height,
        u1_0.lastname,
        u1_0.password,
        u1_0.pending_email,
        u1_0.profile_picture,
        u1_0.verified,
        u1_0.weight 
    from
        users u1_0 
    where
        u1_0.email=?
2025-06-05 12:21:26 [http-nio-8080-exec-5] TRACE o.s.t.i.TransactionInterceptor - Completing transaction for [com.app.fitrack.service.UserService.getAuthenticatedUser]
2025-06-05 12:21:26 [http-nio-8080-exec-5] DEBUG o.s.orm.jpa.JpaTransactionManager - Initiating transaction commit
2025-06-05 12:21:26 [http-nio-8080-exec-5] DEBUG o.s.orm.jpa.JpaTransactionManager - Committing JPA transaction on EntityManager [SessionImpl(1175972799<open>)]
2025-06-05 12:21:26 [http-nio-8080-exec-5] DEBUG o.s.orm.jpa.JpaTransactionManager - Not closing pre-bound JPA EntityManager after transaction
2025-06-05 12:21:26 [http-nio-8080-exec-5] TRACE o.s.t.i.TransactionInterceptor - No need to create transaction for [org.springframework.data.jpa.repository.support.SimpleJpaRepository.findByUserAndDateTimeBetween]: This method is not transactional.
2025-06-05 12:21:26 [http-nio-8080-exec-5] DEBUG org.hibernate.SQL - 
    select
        distinct m1_0.id,
        m1_0.date_time,
        fi1_0.meal_id,
        fi1_0.id,
        fi1_0.calories,
        fi1_0.carbs,
        fi1_0.fat,
        fi1_0.food_item,
        fi1_0.other_unit,
        fi1_0.protein,
        fi1_0.quantity,
        fi1_0.unit,
        m1_0.meal_name,
        m1_0.user_id 
    from
        meal m1_0 
    left join
        meal_food_item fi1_0 
            on m1_0.id=fi1_0.meal_id 
    where
        m1_0.user_id=? 
        and m1_0.date_time between ? and ?
2025-06-05 12:21:26 [http-nio-8080-exec-5] DEBUG com.app.fitrack.service.GoalService - Fetching active goals for user: charlenedilig@gmail.com
2025-06-05 12:21:26 [http-nio-8080-exec-5] TRACE o.s.t.i.TransactionInterceptor - No need to create transaction for [org.springframework.data.jpa.repository.support.SimpleJpaRepository.findByUserAndArchivedFalse]: This method is not transactional.
2025-06-05 12:21:26 [http-nio-8080-exec-5] DEBUG org.hibernate.SQL - 
    select
        g1_0.id,
        g1_0.archived,
        g1_0.completion_date,
        g1_0.current_value,
        g1_0.description,
        g1_0.goal_type,
        g1_0.start_date,
        g1_0.start_value,
        g1_0.status,
        g1_0.target_date,
        g1_0.target_value,
        g1_0.user_id 
    from
        goals g1_0 
    where
        g1_0.user_id=? 
        and not(g1_0.archived)
2025-06-05 12:21:26 [http-nio-8080-exec-5] TRACE o.s.t.i.TransactionInterceptor - No need to create transaction for [org.springframework.data.jpa.repository.support.SimpleJpaRepository.findByUserAndCompletedAtBetween]: This method is not transactional.
2025-06-05 12:21:26 [http-nio-8080-exec-5] DEBUG org.hibernate.SQL - 
    select
        wl1_0.id,
        wl1_0.burned_calories,
        wl1_0.completed_at,
        wl1_0.duration,
        wl1_0.user_id,
        wl1_0.workout_name,
        wl1_0.workout_type 
    from
        workout_log wl1_0 
    where
        wl1_0.user_id=? 
        and wl1_0.completed_at between ? and ?
2025-06-05 12:21:26 [http-nio-8080-exec-5] TRACE o.s.t.i.TransactionInterceptor - No need to create transaction for [org.springframework.data.jpa.repository.support.SimpleJpaRepository.countByUserAndCompletedAtBetween]: This method is not transactional.
2025-06-05 12:21:26 [http-nio-8080-exec-5] DEBUG org.hibernate.SQL - 
    select
        count(wl1_0.id) 
    from
        workout_log wl1_0 
    where
        wl1_0.user_id=? 
        and wl1_0.completed_at between ? and ?
2025-06-05 12:21:26 [http-nio-8080-exec-5] DEBUG o.s.w.s.v.ContentNegotiatingViewResolver - Selected 'text/html' given [text/html, application/xhtml+xml, application/xml;q=0.9, */*;q=0.8]
2025-06-05 12:21:26 [http-nio-8080-exec-6] DEBUG o.s.security.web.FilterChainProxy - Securing GET /styles/css/Fitrack.css
2025-06-05 12:21:26 [http-nio-8080-exec-6] DEBUG o.s.security.web.FilterChainProxy - Secured GET /styles/css/Fitrack.css
2025-06-05 12:21:26 [http-nio-8080-exec-6] DEBUG o.s.web.servlet.DispatcherServlet - GET "/fitrack/styles/css/Fitrack.css", parameters={}
2025-06-05 12:21:26 [http-nio-8080-exec-6] DEBUG o.s.w.s.h.SimpleUrlHandlerMapping - Mapped to ResourceHttpRequestHandler [classpath [static/], URL [file:uploads/], ServletContext [/]]
2025-06-05 12:21:26 [http-nio-8080-exec-6] DEBUG o.s.o.j.s.OpenEntityManagerInViewInterceptor - Opening JPA EntityManager in OpenEntityManagerInViewInterceptor
2025-06-05 12:21:26 [http-nio-8080-exec-6] DEBUG o.s.o.j.s.OpenEntityManagerInViewInterceptor - Closing JPA EntityManager in OpenEntityManagerInViewInterceptor
2025-06-05 12:21:26 [http-nio-8080-exec-6] DEBUG o.s.web.servlet.DispatcherServlet - Completed 200 OK
2025-06-05 12:21:26 [http-nio-8080-exec-6] DEBUG o.s.s.w.c.HttpSessionSecurityContextRepository - Retrieved SecurityContextImpl [Authentication=UsernamePasswordAuthenticationToken [Principal=org.springframework.security.core.userdetails.User [Username=charlenedilig@gmail.com, Password=[PROTECTED], Enabled=true, AccountNonExpired=true, CredentialsNonExpired=true, AccountNonLocked=true, Granted Authorities=[ROLE_USER]], Credentials=[PROTECTED], Authenticated=true, Details=WebAuthenticationDetails [RemoteIpAddress=127.0.0.1, SessionId=D706A416E7764EFB10E508C1CCA4C929], Granted Authorities=[ROLE_USER]]]
2025-06-05 12:21:26 [http-nio-8080-exec-5] DEBUG o.s.o.j.s.OpenEntityManagerInViewInterceptor - Closing JPA EntityManager in OpenEntityManagerInViewInterceptor
2025-06-05 12:21:26 [http-nio-8080-exec-5] DEBUG o.s.web.servlet.DispatcherServlet - Completed 200 OK
2025-06-05 12:21:26 [http-nio-8080-exec-7] DEBUG o.s.security.web.FilterChainProxy - Securing GET /styles/scripts/dashboard.js
2025-06-05 12:21:26 [http-nio-8080-exec-7] DEBUG o.s.security.web.FilterChainProxy - Secured GET /styles/scripts/dashboard.js
2025-06-05 12:21:26 [http-nio-8080-exec-7] DEBUG o.s.web.servlet.DispatcherServlet - GET "/fitrack/styles/scripts/dashboard.js", parameters={}
2025-06-05 12:21:26 [http-nio-8080-exec-7] DEBUG o.s.w.s.h.SimpleUrlHandlerMapping - Mapped to ResourceHttpRequestHandler [classpath [static/], URL [file:uploads/], ServletContext [/]]
2025-06-05 12:21:26 [http-nio-8080-exec-7] DEBUG o.s.o.j.s.OpenEntityManagerInViewInterceptor - Opening JPA EntityManager in OpenEntityManagerInViewInterceptor
2025-06-05 12:21:26 [http-nio-8080-exec-7] DEBUG o.s.o.j.s.OpenEntityManagerInViewInterceptor - Closing JPA EntityManager in OpenEntityManagerInViewInterceptor
2025-06-05 12:21:26 [http-nio-8080-exec-7] DEBUG o.s.web.servlet.DispatcherServlet - Completed 200 OK
2025-06-05 12:21:26 [http-nio-8080-exec-7] DEBUG o.s.s.w.c.HttpSessionSecurityContextRepository - Retrieved SecurityContextImpl [Authentication=UsernamePasswordAuthenticationToken [Principal=org.springframework.security.core.userdetails.User [Username=charlenedilig@gmail.com, Password=[PROTECTED], Enabled=true, AccountNonExpired=true, CredentialsNonExpired=true, AccountNonLocked=true, Granted Authorities=[ROLE_USER]], Credentials=[PROTECTED], Authenticated=true, Details=WebAuthenticationDetails [RemoteIpAddress=127.0.0.1, SessionId=D706A416E7764EFB10E508C1CCA4C929], Granted Authorities=[ROLE_USER]]]
2025-06-05 12:21:26 [http-nio-8080-exec-8] DEBUG o.s.security.web.FilterChainProxy - Securing GET /images/Fitrack.ico
2025-06-05 12:21:26 [http-nio-8080-exec-8] DEBUG o.s.security.web.FilterChainProxy - Secured GET /images/Fitrack.ico
2025-06-05 12:21:26 [http-nio-8080-exec-8] DEBUG o.s.web.servlet.DispatcherServlet - GET "/fitrack/images/Fitrack.ico", parameters={}
2025-06-05 12:21:26 [http-nio-8080-exec-8] DEBUG o.s.w.s.h.SimpleUrlHandlerMapping - Mapped to ResourceHttpRequestHandler [classpath [static/], URL [file:uploads/], ServletContext [/]]
2025-06-05 12:21:26 [http-nio-8080-exec-8] DEBUG o.s.o.j.s.OpenEntityManagerInViewInterceptor - Opening JPA EntityManager in OpenEntityManagerInViewInterceptor
2025-06-05 12:21:26 [http-nio-8080-exec-8] DEBUG o.s.o.j.s.OpenEntityManagerInViewInterceptor - Closing JPA EntityManager in OpenEntityManagerInViewInterceptor
2025-06-05 12:21:26 [http-nio-8080-exec-8] DEBUG o.s.web.servlet.DispatcherServlet - Completed 200 OK
2025-06-05 12:21:26 [http-nio-8080-exec-8] DEBUG o.s.s.w.c.HttpSessionSecurityContextRepository - Retrieved SecurityContextImpl [Authentication=UsernamePasswordAuthenticationToken [Principal=org.springframework.security.core.userdetails.User [Username=charlenedilig@gmail.com, Password=[PROTECTED], Enabled=true, AccountNonExpired=true, CredentialsNonExpired=true, AccountNonLocked=true, Granted Authorities=[ROLE_USER]], Credentials=[PROTECTED], Authenticated=true, Details=WebAuthenticationDetails [RemoteIpAddress=127.0.0.1, SessionId=D706A416E7764EFB10E508C1CCA4C929], Granted Authorities=[ROLE_USER]]]
2025-06-05 12:21:27 [http-nio-8080-exec-9] DEBUG o.s.security.web.FilterChainProxy - Securing GET /user/analytics
2025-06-05 12:21:27 [http-nio-8080-exec-9] DEBUG o.s.s.w.c.HttpSessionSecurityContextRepository - Retrieved SecurityContextImpl [Authentication=UsernamePasswordAuthenticationToken [Principal=org.springframework.security.core.userdetails.User [Username=charlenedilig@gmail.com, Password=[PROTECTED], Enabled=true, AccountNonExpired=true, CredentialsNonExpired=true, AccountNonLocked=true, Granted Authorities=[ROLE_USER]], Credentials=[PROTECTED], Authenticated=true, Details=WebAuthenticationDetails [RemoteIpAddress=127.0.0.1, SessionId=D706A416E7764EFB10E508C1CCA4C929], Granted Authorities=[ROLE_USER]]]
2025-06-05 12:21:27 [http-nio-8080-exec-9] DEBUG o.s.security.web.FilterChainProxy - Secured GET /user/analytics
2025-06-05 12:21:27 [http-nio-8080-exec-9] DEBUG o.s.web.servlet.DispatcherServlet - GET "/fitrack/user/analytics", parameters={}
2025-06-05 12:21:28 [http-nio-8080-exec-9] DEBUG o.s.w.s.m.m.a.RequestMappingHandlerMapping - Mapped to com.app.fitrack.controller.AnalyticsController#showAnalytics(UserDetails, Model)
2025-06-05 12:21:28 [http-nio-8080-exec-9] DEBUG o.s.o.j.s.OpenEntityManagerInViewInterceptor - Opening JPA EntityManager in OpenEntityManagerInViewInterceptor
2025-06-05 12:21:28 [http-nio-8080-exec-9] DEBUG c.a.f.controller.AnalyticsController - Analytics page requested for user: charlenedilig@gmail.com
2025-06-05 12:21:28 [http-nio-8080-exec-9] DEBUG o.s.orm.jpa.JpaTransactionManager - Found thread-bound EntityManager [SessionImpl(447384108<open>)] for JPA transaction
2025-06-05 12:21:28 [http-nio-8080-exec-9] DEBUG o.s.orm.jpa.JpaTransactionManager - Creating new transaction with name [com.app.fitrack.service.UserService.findByEmail]: PROPAGATION_REQUIRED,ISOLATION_DEFAULT
2025-06-05 12:21:28 [http-nio-8080-exec-9] DEBUG o.s.orm.jpa.JpaTransactionManager - Exposing JPA transaction as JDBC [org.springframework.orm.jpa.vendor.HibernateJpaDialect$HibernateConnectionHandle@1e950da1]
2025-06-05 12:21:28 [http-nio-8080-exec-9] TRACE o.s.t.i.TransactionInterceptor - Getting transaction for [com.app.fitrack.service.UserService.findByEmail]
2025-06-05 12:21:28 [http-nio-8080-exec-9] TRACE o.s.t.i.TransactionInterceptor - No need to create transaction for [org.springframework.data.jpa.repository.support.SimpleJpaRepository.findByEmail]: This method is not transactional.
2025-06-05 12:21:28 [http-nio-8080-exec-9] DEBUG org.hibernate.SQL - 
    select
        u1_0.id,
        u1_0.age,
        u1_0.email,
        u1_0.email_change_code,
        u1_0.email_change_code_expiry,
        u1_0.firstname,
        u1_0.gender,
        u1_0.height,
        u1_0.lastname,
        u1_0.password,
        u1_0.pending_email,
        u1_0.profile_picture,
        u1_0.verified,
        u1_0.weight 
    from
        users u1_0 
    where
        u1_0.email=?
2025-06-05 12:21:28 [http-nio-8080-exec-9] TRACE o.s.t.i.TransactionInterceptor - Completing transaction for [com.app.fitrack.service.UserService.findByEmail]
2025-06-05 12:21:28 [http-nio-8080-exec-9] DEBUG o.s.orm.jpa.JpaTransactionManager - Initiating transaction commit
2025-06-05 12:21:28 [http-nio-8080-exec-9] DEBUG o.s.orm.jpa.JpaTransactionManager - Committing JPA transaction on EntityManager [SessionImpl(447384108<open>)]
2025-06-05 12:21:28 [http-nio-8080-exec-9] DEBUG o.s.orm.jpa.JpaTransactionManager - Not closing pre-bound JPA EntityManager after transaction
2025-06-05 12:21:28 [http-nio-8080-exec-9] DEBUG c.a.fitrack.service.AnalyticsService - Entering getAnalyticsPageData for user: charlenedilig@gmail.com
2025-06-05 12:21:28 [http-nio-8080-exec-9] DEBUG c.a.fitrack.service.AnalyticsService - User details: firstName=charlene, lastName=dilig
2025-06-05 12:21:28 [http-nio-8080-exec-9] DEBUG c.a.fitrack.service.AnalyticsService - DTO fullName set to: charlene dilig
2025-06-05 12:21:28 [http-nio-8080-exec-9] TRACE o.s.t.i.TransactionInterceptor - No need to create transaction for [org.springframework.data.jpa.repository.support.SimpleJpaRepository.findByUser]: This method is not transactional.
2025-06-05 12:21:28 [http-nio-8080-exec-9] DEBUG org.hibernate.SQL - 
    select
        w1_0.id,
        w1_0.burned_calories,
        w1_0.date_time,
        w1_0.duration,
        w1_0.user_id,
        w1_0.workout_name,
        w1_0.workout_type 
    from
        workout w1_0 
    where
        w1_0.user_id=?
2025-06-05 12:21:28 [http-nio-8080-exec-9] DEBUG org.hibernate.SQL - 
    select
        rd1_0.workout_id,
        rd1_0.repeat_day 
    from
        workout_repeat_days rd1_0 
    where
        rd1_0.workout_id=?
2025-06-05 12:21:28 [http-nio-8080-exec-9] DEBUG org.hibernate.SQL - 
    select
        rd1_0.workout_id,
        rd1_0.repeat_day 
    from
        workout_repeat_days rd1_0 
    where
        rd1_0.workout_id=?
2025-06-05 12:21:28 [http-nio-8080-exec-9] DEBUG org.hibernate.SQL - 
    select
        rd1_0.workout_id,
        rd1_0.repeat_day 
    from
        workout_repeat_days rd1_0 
    where
        rd1_0.workout_id=?
2025-06-05 12:21:28 [http-nio-8080-exec-9] DEBUG org.hibernate.SQL - 
    select
        rd1_0.workout_id,
        rd1_0.repeat_day 
    from
        workout_repeat_days rd1_0 
    where
        rd1_0.workout_id=?
2025-06-05 12:21:28 [http-nio-8080-exec-9] DEBUG org.hibernate.SQL - 
    select
        rd1_0.workout_id,
        rd1_0.repeat_day 
    from
        workout_repeat_days rd1_0 
    where
        rd1_0.workout_id=?
2025-06-05 12:21:28 [http-nio-8080-exec-9] DEBUG org.hibernate.SQL - 
    select
        rd1_0.workout_id,
        rd1_0.repeat_day 
    from
        workout_repeat_days rd1_0 
    where
        rd1_0.workout_id=?
2025-06-05 12:21:28 [http-nio-8080-exec-9] DEBUG c.a.fitrack.service.AnalyticsService - Scheduled workout names for DTO: [Full Body Workout, HIIT Circuit Training, Upper Back Stretching, Yoga, Low Lunge Twists, Core Workout]
2025-06-05 12:21:28 [http-nio-8080-exec-9] INFO  c.a.f.service.BodyMeasurementService - Fetching measurements for UserID=1
2025-06-05 12:21:28 [http-nio-8080-exec-9] TRACE o.s.t.i.TransactionInterceptor - No need to create transaction for [org.springframework.data.jpa.repository.support.SimpleJpaRepository.findByUserOrderByDateTimeDesc]: This method is not transactional.
2025-06-05 12:21:28 [http-nio-8080-exec-9] DEBUG org.hibernate.SQL - 
    select
        bm1_0.id,
        bm1_0.date_time,
        bm1_0.notes,
        bm1_0.user_id,
        bm1_0.weight 
    from
        body_measurement bm1_0 
    where
        bm1_0.user_id=? 
    order by
        bm1_0.date_time desc
2025-06-05 12:21:28 [http-nio-8080-exec-9] INFO  c.a.f.service.BodyMeasurementService - Found 14 measurements for UserID=1
2025-06-05 12:21:28 [http-nio-8080-exec-9] DEBUG c.a.fitrack.service.AnalyticsService - Setting currentUserWeight from User object: 67.9
2025-06-05 12:21:28 [http-nio-8080-exec-9] TRACE o.s.t.i.TransactionInterceptor - No need to create transaction for [org.springframework.data.jpa.repository.support.SimpleJpaRepository.findByUserAndDateTimeBetween]: This method is not transactional.
2025-06-05 12:21:28 [http-nio-8080-exec-9] DEBUG org.hibernate.SQL - 
    select
        distinct m1_0.id,
        m1_0.date_time,
        fi1_0.meal_id,
        fi1_0.id,
        fi1_0.calories,
        fi1_0.carbs,
        fi1_0.fat,
        fi1_0.food_item,
        fi1_0.other_unit,
        fi1_0.protein,
        fi1_0.quantity,
        fi1_0.unit,
        m1_0.meal_name,
        m1_0.user_id 
    from
        meal m1_0 
    left join
        meal_food_item fi1_0 
            on m1_0.id=fi1_0.meal_id 
    where
        m1_0.user_id=? 
        and m1_0.date_time between ? and ?
2025-06-05 12:21:28 [http-nio-8080-exec-9] TRACE o.s.t.i.TransactionInterceptor - No need to create transaction for [org.springframework.data.jpa.repository.support.SimpleJpaRepository.findByUserAndCompletedAtBetween]: This method is not transactional.
2025-06-05 12:21:28 [http-nio-8080-exec-9] DEBUG org.hibernate.SQL - 
    select
        wl1_0.id,
        wl1_0.burned_calories,
        wl1_0.completed_at,
        wl1_0.duration,
        wl1_0.user_id,
        wl1_0.workout_name,
        wl1_0.workout_type 
    from
        workout_log wl1_0 
    where
        wl1_0.user_id=? 
        and wl1_0.completed_at between ? and ?
2025-06-05 12:21:28 [http-nio-8080-exec-9] DEBUG o.s.orm.jpa.JpaTransactionManager - Found thread-bound EntityManager [SessionImpl(447384108<open>)] for JPA transaction
2025-06-05 12:21:28 [http-nio-8080-exec-9] DEBUG o.s.orm.jpa.JpaTransactionManager - Creating new transaction with name [com.app.fitrack.service.UserService.calculateDynamicActivityFactor]: PROPAGATION_REQUIRED,ISOLATION_DEFAULT
2025-06-05 12:21:28 [http-nio-8080-exec-9] DEBUG o.s.orm.jpa.JpaTransactionManager - Exposing JPA transaction as JDBC [org.springframework.orm.jpa.vendor.HibernateJpaDialect$HibernateConnectionHandle@5900e50e]
2025-06-05 12:21:28 [http-nio-8080-exec-9] TRACE o.s.t.i.TransactionInterceptor - Getting transaction for [com.app.fitrack.service.UserService.calculateDynamicActivityFactor]
2025-06-05 12:21:28 [http-nio-8080-exec-9] TRACE o.s.t.i.TransactionInterceptor - No need to create transaction for [org.springframework.data.jpa.repository.support.SimpleJpaRepository.findByUserAndCompletedAtBetween]: This method is not transactional.
2025-06-05 12:21:28 [http-nio-8080-exec-9] DEBUG org.hibernate.SQL - 
    select
        wl1_0.id,
        wl1_0.burned_calories,
        wl1_0.completed_at,
        wl1_0.duration,
        wl1_0.user_id,
        wl1_0.workout_name,
        wl1_0.workout_type 
    from
        workout_log wl1_0 
    where
        wl1_0.user_id=? 
        and wl1_0.completed_at between ? and ?
2025-06-05 12:21:28 [http-nio-8080-exec-9] TRACE o.s.t.i.TransactionInterceptor - Completing transaction for [com.app.fitrack.service.UserService.calculateDynamicActivityFactor]
2025-06-05 12:21:28 [http-nio-8080-exec-9] DEBUG o.s.orm.jpa.JpaTransactionManager - Initiating transaction commit
2025-06-05 12:21:28 [http-nio-8080-exec-9] DEBUG o.s.orm.jpa.JpaTransactionManager - Committing JPA transaction on EntityManager [SessionImpl(447384108<open>)]
2025-06-05 12:21:28 [http-nio-8080-exec-9] DEBUG o.s.orm.jpa.JpaTransactionManager - Not closing pre-bound JPA EntityManager after transaction
2025-06-05 12:21:28 [http-nio-8080-exec-9] DEBUG o.s.orm.jpa.JpaTransactionManager - Found thread-bound EntityManager [SessionImpl(447384108<open>)] for JPA transaction
2025-06-05 12:21:28 [http-nio-8080-exec-9] DEBUG o.s.orm.jpa.JpaTransactionManager - Creating new transaction with name [com.app.fitrack.service.UserService.calculateTDEE]: PROPAGATION_REQUIRED,ISOLATION_DEFAULT
2025-06-05 12:21:28 [http-nio-8080-exec-9] DEBUG o.s.orm.jpa.JpaTransactionManager - Exposing JPA transaction as JDBC [org.springframework.orm.jpa.vendor.HibernateJpaDialect$HibernateConnectionHandle@32e568c9]
2025-06-05 12:21:28 [http-nio-8080-exec-9] TRACE o.s.t.i.TransactionInterceptor - Getting transaction for [com.app.fitrack.service.UserService.calculateTDEE]
2025-06-05 12:21:28 [http-nio-8080-exec-9] TRACE o.s.t.i.TransactionInterceptor - Completing transaction for [com.app.fitrack.service.UserService.calculateTDEE]
2025-06-05 12:21:28 [http-nio-8080-exec-9] DEBUG o.s.orm.jpa.JpaTransactionManager - Initiating transaction commit
2025-06-05 12:21:28 [http-nio-8080-exec-9] DEBUG o.s.orm.jpa.JpaTransactionManager - Committing JPA transaction on EntityManager [SessionImpl(447384108<open>)]
2025-06-05 12:21:28 [http-nio-8080-exec-9] DEBUG o.s.orm.jpa.JpaTransactionManager - Not closing pre-bound JPA EntityManager after transaction
2025-06-05 12:21:28 [http-nio-8080-exec-9] TRACE o.s.t.i.TransactionInterceptor - No need to create transaction for [org.springframework.data.jpa.repository.support.SimpleJpaRepository.findByUserAndDateTimeBetween]: This method is not transactional.
2025-06-05 12:21:28 [http-nio-8080-exec-9] DEBUG org.hibernate.SQL - 
    select
        distinct m1_0.id,
        m1_0.date_time,
        fi1_0.meal_id,
        fi1_0.id,
        fi1_0.calories,
        fi1_0.carbs,
        fi1_0.fat,
        fi1_0.food_item,
        fi1_0.other_unit,
        fi1_0.protein,
        fi1_0.quantity,
        fi1_0.unit,
        m1_0.meal_name,
        m1_0.user_id 
    from
        meal m1_0 
    left join
        meal_food_item fi1_0 
            on m1_0.id=fi1_0.meal_id 
    where
        m1_0.user_id=? 
        and m1_0.date_time between ? and ?
2025-06-05 12:21:28 [http-nio-8080-exec-9] TRACE o.s.t.i.TransactionInterceptor - No need to create transaction for [org.springframework.data.jpa.repository.support.SimpleJpaRepository.findByUserAndDateTimeBetween]: This method is not transactional.
2025-06-05 12:21:28 [http-nio-8080-exec-9] DEBUG org.hibernate.SQL - 
    select
        distinct m1_0.id,
        m1_0.date_time,
        fi1_0.meal_id,
        fi1_0.id,
        fi1_0.calories,
        fi1_0.carbs,
        fi1_0.fat,
        fi1_0.food_item,
        fi1_0.other_unit,
        fi1_0.protein,
        fi1_0.quantity,
        fi1_0.unit,
        m1_0.meal_name,
        m1_0.user_id 
    from
        meal m1_0 
    left join
        meal_food_item fi1_0 
            on m1_0.id=fi1_0.meal_id 
    where
        m1_0.user_id=? 
        and m1_0.date_time between ? and ?
2025-06-05 12:21:28 [http-nio-8080-exec-9] TRACE o.s.t.i.TransactionInterceptor - No need to create transaction for [org.springframework.data.jpa.repository.support.SimpleJpaRepository.findByUserAndDateTimeBetween]: This method is not transactional.
2025-06-05 12:21:28 [http-nio-8080-exec-9] DEBUG org.hibernate.SQL - 
    select
        distinct m1_0.id,
        m1_0.date_time,
        fi1_0.meal_id,
        fi1_0.id,
        fi1_0.calories,
        fi1_0.carbs,
        fi1_0.fat,
        fi1_0.food_item,
        fi1_0.other_unit,
        fi1_0.protein,
        fi1_0.quantity,
        fi1_0.unit,
        m1_0.meal_name,
        m1_0.user_id 
    from
        meal m1_0 
    left join
        meal_food_item fi1_0 
            on m1_0.id=fi1_0.meal_id 
    where
        m1_0.user_id=? 
        and m1_0.date_time between ? and ?
2025-06-05 12:21:28 [http-nio-8080-exec-9] TRACE o.s.t.i.TransactionInterceptor - No need to create transaction for [org.springframework.data.jpa.repository.support.SimpleJpaRepository.findByUserAndCompletedAtBetween]: This method is not transactional.
2025-06-05 12:21:28 [http-nio-8080-exec-9] DEBUG org.hibernate.SQL - 
    select
        wl1_0.id,
        wl1_0.burned_calories,
        wl1_0.completed_at,
        wl1_0.duration,
        wl1_0.user_id,
        wl1_0.workout_name,
        wl1_0.workout_type 
    from
        workout_log wl1_0 
    where
        wl1_0.user_id=? 
        and wl1_0.completed_at between ? and ?
2025-06-05 12:21:28 [http-nio-8080-exec-9] DEBUG c.a.fitrack.service.AnalyticsService - Populating workout frequency data for user: charlenedilig@gmail.com from 2025-03-07T12:21:28.043023900 to 2025-06-05T12:21:28.043023900
2025-06-05 12:21:28 [http-nio-8080-exec-9] TRACE o.s.t.i.TransactionInterceptor - No need to create transaction for [org.springframework.data.jpa.repository.support.SimpleJpaRepository.findByUserAndCompletedAtBetween]: This method is not transactional.
2025-06-05 12:21:28 [http-nio-8080-exec-9] DEBUG org.hibernate.SQL - 
    select
        wl1_0.id,
        wl1_0.burned_calories,
        wl1_0.completed_at,
        wl1_0.duration,
        wl1_0.user_id,
        wl1_0.workout_name,
        wl1_0.workout_type 
    from
        workout_log wl1_0 
    where
        wl1_0.user_id=? 
        and wl1_0.completed_at between ? and ?
2025-06-05 12:21:28 [http-nio-8080-exec-9] DEBUG c.a.fitrack.service.AnalyticsService - Workout type frequency map: {FLEXIBILITY=121, STRENGTH=55, HIIT=25}
2025-06-05 12:21:28 [http-nio-8080-exec-9] DEBUG c.a.f.service.BodyMeasurementService - Calculated current BMI: 30.58420791856223 for Weight=67.9, Height=149.0
2025-06-05 12:21:28 [http-nio-8080-exec-9] TRACE o.s.t.i.TransactionInterceptor - No need to create transaction for [org.springframework.data.jpa.repository.support.SimpleJpaRepository.countByUser]: This method is not transactional.
2025-06-05 12:21:28 [http-nio-8080-exec-9] DEBUG org.hibernate.SQL - 
    select
        count(m1_0.id) 
    from
        meal m1_0 
    where
        m1_0.user_id=?
2025-06-05 12:21:28 [http-nio-8080-exec-9] TRACE o.s.t.i.TransactionInterceptor - No need to create transaction for [org.springframework.data.jpa.repository.support.SimpleJpaRepository.countByUser]: This method is not transactional.
2025-06-05 12:21:28 [http-nio-8080-exec-9] DEBUG org.hibernate.SQL - 
    select
        count(wl1_0.id) 
    from
        workout_log wl1_0 
    where
        wl1_0.user_id=?
2025-06-05 12:21:28 [http-nio-8080-exec-9] DEBUG c.a.fitrack.service.AnalyticsService - Set newUserActivity to: false (noMealLogs: false, noWorkoutLogs: false) for user: charlenedilig@gmail.com
2025-06-05 12:21:28 [http-nio-8080-exec-9] DEBUG c.a.fitrack.service.AnalyticsService - Returning AnalyticsPageDTO for user: charlenedilig@gmail.com
2025-06-05 12:21:28 [http-nio-8080-exec-9] DEBUG c.a.f.controller.AnalyticsController - AnalyticsData DTO retrieved. FullName from DTO: charlene dilig
2025-06-05 12:21:28 [http-nio-8080-exec-9] DEBUG c.a.f.controller.AnalyticsController - Added analyticsData and user to model for view.
2025-06-05 12:21:28 [http-nio-8080-exec-9] DEBUG o.s.w.s.v.ContentNegotiatingViewResolver - Selected 'text/html' given [text/html, application/xhtml+xml, application/xml;q=0.9, */*;q=0.8]
2025-06-05 12:21:28 [http-nio-8080-exec-10] DEBUG o.s.security.web.FilterChainProxy - Securing GET /styles/css/Fitrack.css
2025-06-05 12:21:28 [http-nio-8080-exec-9] DEBUG o.s.o.j.s.OpenEntityManagerInViewInterceptor - Closing JPA EntityManager in OpenEntityManagerInViewInterceptor
2025-06-05 12:21:28 [http-nio-8080-exec-9] DEBUG o.s.web.servlet.DispatcherServlet - Completed 200 OK
2025-06-05 12:21:28 [http-nio-8080-exec-10] DEBUG o.s.security.web.FilterChainProxy - Secured GET /styles/css/Fitrack.css
2025-06-05 12:21:28 [http-nio-8080-exec-10] DEBUG o.s.web.servlet.DispatcherServlet - GET "/fitrack/styles/css/Fitrack.css", parameters={}
2025-06-05 12:21:28 [http-nio-8080-exec-10] DEBUG o.s.w.s.h.SimpleUrlHandlerMapping - Mapped to ResourceHttpRequestHandler [classpath [static/], URL [file:uploads/], ServletContext [/]]
2025-06-05 12:21:28 [http-nio-8080-exec-10] DEBUG o.s.o.j.s.OpenEntityManagerInViewInterceptor - Opening JPA EntityManager in OpenEntityManagerInViewInterceptor
2025-06-05 12:21:28 [http-nio-8080-exec-10] DEBUG o.s.o.j.s.OpenEntityManagerInViewInterceptor - Closing JPA EntityManager in OpenEntityManagerInViewInterceptor
2025-06-05 12:21:28 [http-nio-8080-exec-10] DEBUG o.s.web.servlet.DispatcherServlet - Completed 200 OK
2025-06-05 12:21:28 [http-nio-8080-exec-10] DEBUG o.s.s.w.c.HttpSessionSecurityContextRepository - Retrieved SecurityContextImpl [Authentication=UsernamePasswordAuthenticationToken [Principal=org.springframework.security.core.userdetails.User [Username=charlenedilig@gmail.com, Password=[PROTECTED], Enabled=true, AccountNonExpired=true, CredentialsNonExpired=true, AccountNonLocked=true, Granted Authorities=[ROLE_USER]], Credentials=[PROTECTED], Authenticated=true, Details=WebAuthenticationDetails [RemoteIpAddress=127.0.0.1, SessionId=D706A416E7764EFB10E508C1CCA4C929], Granted Authorities=[ROLE_USER]]]
2025-06-05 12:21:28 [http-nio-8080-exec-1] DEBUG o.s.security.web.FilterChainProxy - Securing GET /styles/scripts/dashboard.js
2025-06-05 12:21:28 [http-nio-8080-exec-2] DEBUG o.s.security.web.FilterChainProxy - Securing GET /styles/scripts/analytics.js
2025-06-05 12:21:28 [http-nio-8080-exec-2] DEBUG o.s.security.web.FilterChainProxy - Secured GET /styles/scripts/analytics.js
2025-06-05 12:21:28 [http-nio-8080-exec-2] DEBUG o.s.web.servlet.DispatcherServlet - GET "/fitrack/styles/scripts/analytics.js", parameters={}
2025-06-05 12:21:28 [http-nio-8080-exec-1] DEBUG o.s.security.web.FilterChainProxy - Secured GET /styles/scripts/dashboard.js
2025-06-05 12:21:28 [http-nio-8080-exec-1] DEBUG o.s.web.servlet.DispatcherServlet - GET "/fitrack/styles/scripts/dashboard.js", parameters={}
2025-06-05 12:21:28 [http-nio-8080-exec-2] DEBUG o.s.w.s.h.SimpleUrlHandlerMapping - Mapped to ResourceHttpRequestHandler [classpath [static/], URL [file:uploads/], ServletContext [/]]
2025-06-05 12:21:28 [http-nio-8080-exec-2] DEBUG o.s.o.j.s.OpenEntityManagerInViewInterceptor - Opening JPA EntityManager in OpenEntityManagerInViewInterceptor
2025-06-05 12:21:28 [http-nio-8080-exec-1] DEBUG o.s.w.s.h.SimpleUrlHandlerMapping - Mapped to ResourceHttpRequestHandler [classpath [static/], URL [file:uploads/], ServletContext [/]]
2025-06-05 12:21:28 [http-nio-8080-exec-1] DEBUG o.s.o.j.s.OpenEntityManagerInViewInterceptor - Opening JPA EntityManager in OpenEntityManagerInViewInterceptor
2025-06-05 12:21:28 [http-nio-8080-exec-1] DEBUG o.s.o.j.s.OpenEntityManagerInViewInterceptor - Closing JPA EntityManager in OpenEntityManagerInViewInterceptor
2025-06-05 12:21:28 [http-nio-8080-exec-2] DEBUG o.s.o.j.s.OpenEntityManagerInViewInterceptor - Closing JPA EntityManager in OpenEntityManagerInViewInterceptor
2025-06-05 12:21:28 [http-nio-8080-exec-1] DEBUG o.s.web.servlet.DispatcherServlet - Completed 200 OK
2025-06-05 12:21:28 [http-nio-8080-exec-2] DEBUG o.s.web.servlet.DispatcherServlet - Completed 200 OK
2025-06-05 12:21:28 [http-nio-8080-exec-1] DEBUG o.s.s.w.c.HttpSessionSecurityContextRepository - Retrieved SecurityContextImpl [Authentication=UsernamePasswordAuthenticationToken [Principal=org.springframework.security.core.userdetails.User [Username=charlenedilig@gmail.com, Password=[PROTECTED], Enabled=true, AccountNonExpired=true, CredentialsNonExpired=true, AccountNonLocked=true, Granted Authorities=[ROLE_USER]], Credentials=[PROTECTED], Authenticated=true, Details=WebAuthenticationDetails [RemoteIpAddress=127.0.0.1, SessionId=D706A416E7764EFB10E508C1CCA4C929], Granted Authorities=[ROLE_USER]]]
2025-06-05 12:21:28 [http-nio-8080-exec-2] DEBUG o.s.s.w.c.HttpSessionSecurityContextRepository - Retrieved SecurityContextImpl [Authentication=UsernamePasswordAuthenticationToken [Principal=org.springframework.security.core.userdetails.User [Username=charlenedilig@gmail.com, Password=[PROTECTED], Enabled=true, AccountNonExpired=true, CredentialsNonExpired=true, AccountNonLocked=true, Granted Authorities=[ROLE_USER]], Credentials=[PROTECTED], Authenticated=true, Details=WebAuthenticationDetails [RemoteIpAddress=127.0.0.1, SessionId=D706A416E7764EFB10E508C1CCA4C929], Granted Authorities=[ROLE_USER]]]
2025-06-05 12:21:34 [http-nio-8080-exec-3] DEBUG o.s.security.web.FilterChainProxy - Securing GET /api/meals/last-7-days
2025-06-05 12:21:34 [http-nio-8080-exec-3] DEBUG o.s.s.w.c.HttpSessionSecurityContextRepository - Retrieved SecurityContextImpl [Authentication=UsernamePasswordAuthenticationToken [Principal=org.springframework.security.core.userdetails.User [Username=charlenedilig@gmail.com, Password=[PROTECTED], Enabled=true, AccountNonExpired=true, CredentialsNonExpired=true, AccountNonLocked=true, Granted Authorities=[ROLE_USER]], Credentials=[PROTECTED], Authenticated=true, Details=WebAuthenticationDetails [RemoteIpAddress=127.0.0.1, SessionId=D706A416E7764EFB10E508C1CCA4C929], Granted Authorities=[ROLE_USER]]]
2025-06-05 12:21:34 [http-nio-8080-exec-3] DEBUG o.s.security.web.FilterChainProxy - Secured GET /api/meals/last-7-days
2025-06-05 12:21:34 [http-nio-8080-exec-3] DEBUG o.s.web.servlet.DispatcherServlet - GET "/fitrack/api/meals/last-7-days", parameters={}
2025-06-05 12:21:34 [http-nio-8080-exec-3] DEBUG o.s.w.s.m.m.a.RequestMappingHandlerMapping - Mapped to com.app.fitrack.controller.AnalyticsController#getLast7DaysMeals(Authentication)
2025-06-05 12:21:34 [http-nio-8080-exec-3] DEBUG o.s.o.j.s.OpenEntityManagerInViewInterceptor - Opening JPA EntityManager in OpenEntityManagerInViewInterceptor
2025-06-05 12:21:34 [http-nio-8080-exec-3] DEBUG o.s.orm.jpa.JpaTransactionManager - Found thread-bound EntityManager [SessionImpl(1983718730<open>)] for JPA transaction
2025-06-05 12:21:34 [http-nio-8080-exec-3] DEBUG o.s.orm.jpa.JpaTransactionManager - Creating new transaction with name [com.app.fitrack.service.UserService.findByEmail]: PROPAGATION_REQUIRED,ISOLATION_DEFAULT
2025-06-05 12:21:34 [http-nio-8080-exec-3] DEBUG o.s.orm.jpa.JpaTransactionManager - Exposing JPA transaction as JDBC [org.springframework.orm.jpa.vendor.HibernateJpaDialect$HibernateConnectionHandle@629c1d8]
2025-06-05 12:21:34 [http-nio-8080-exec-3] TRACE o.s.t.i.TransactionInterceptor - Getting transaction for [com.app.fitrack.service.UserService.findByEmail]
2025-06-05 12:21:34 [http-nio-8080-exec-3] TRACE o.s.t.i.TransactionInterceptor - No need to create transaction for [org.springframework.data.jpa.repository.support.SimpleJpaRepository.findByEmail]: This method is not transactional.
2025-06-05 12:21:34 [http-nio-8080-exec-3] DEBUG org.hibernate.SQL - 
    select
        u1_0.id,
        u1_0.age,
        u1_0.email,
        u1_0.email_change_code,
        u1_0.email_change_code_expiry,
        u1_0.firstname,
        u1_0.gender,
        u1_0.height,
        u1_0.lastname,
        u1_0.password,
        u1_0.pending_email,
        u1_0.profile_picture,
        u1_0.verified,
        u1_0.weight 
    from
        users u1_0 
    where
        u1_0.email=?
2025-06-05 12:21:34 [http-nio-8080-exec-3] TRACE o.s.t.i.TransactionInterceptor - Completing transaction for [com.app.fitrack.service.UserService.findByEmail]
2025-06-05 12:21:34 [http-nio-8080-exec-3] DEBUG o.s.orm.jpa.JpaTransactionManager - Initiating transaction commit
2025-06-05 12:21:34 [http-nio-8080-exec-3] DEBUG o.s.orm.jpa.JpaTransactionManager - Committing JPA transaction on EntityManager [SessionImpl(1983718730<open>)]
2025-06-05 12:21:34 [http-nio-8080-exec-3] DEBUG o.s.orm.jpa.JpaTransactionManager - Not closing pre-bound JPA EntityManager after transaction
2025-06-05 12:21:34 [http-nio-8080-exec-3] TRACE o.s.t.i.TransactionInterceptor - No need to create transaction for [org.springframework.data.jpa.repository.support.SimpleJpaRepository.findByUserAndDateTimeBetweenOrderByDateTimeDesc]: This method is not transactional.
2025-06-05 12:21:34 [http-nio-8080-exec-3] DEBUG org.hibernate.SQL - 
    select
        m1_0.id,
        m1_0.date_time,
        m1_0.meal_name,
        m1_0.user_id 
    from
        meal m1_0 
    where
        m1_0.user_id=? 
        and m1_0.date_time between ? and ? 
    order by
        m1_0.date_time desc
2025-06-05 12:21:34 [http-nio-8080-exec-3] DEBUG org.hibernate.SQL - 
    select
        fi1_0.meal_id,
        fi1_0.id,
        fi1_0.calories,
        fi1_0.carbs,
        fi1_0.fat,
        fi1_0.food_item,
        fi1_0.other_unit,
        fi1_0.protein,
        fi1_0.quantity,
        fi1_0.unit 
    from
        meal_food_item fi1_0 
    where
        fi1_0.meal_id=?
2025-06-05 12:21:34 [http-nio-8080-exec-3] DEBUG org.hibernate.SQL - 
    select
        fi1_0.meal_id,
        fi1_0.id,
        fi1_0.calories,
        fi1_0.carbs,
        fi1_0.fat,
        fi1_0.food_item,
        fi1_0.other_unit,
        fi1_0.protein,
        fi1_0.quantity,
        fi1_0.unit 
    from
        meal_food_item fi1_0 
    where
        fi1_0.meal_id=?
2025-06-05 12:21:34 [http-nio-8080-exec-3] DEBUG org.hibernate.SQL - 
    select
        fi1_0.meal_id,
        fi1_0.id,
        fi1_0.calories,
        fi1_0.carbs,
        fi1_0.fat,
        fi1_0.food_item,
        fi1_0.other_unit,
        fi1_0.protein,
        fi1_0.quantity,
        fi1_0.unit 
    from
        meal_food_item fi1_0 
    where
        fi1_0.meal_id=?
2025-06-05 12:21:34 [http-nio-8080-exec-3] DEBUG org.hibernate.SQL - 
    select
        fi1_0.meal_id,
        fi1_0.id,
        fi1_0.calories,
        fi1_0.carbs,
        fi1_0.fat,
        fi1_0.food_item,
        fi1_0.other_unit,
        fi1_0.protein,
        fi1_0.quantity,
        fi1_0.unit 
    from
        meal_food_item fi1_0 
    where
        fi1_0.meal_id=?
2025-06-05 12:21:34 [http-nio-8080-exec-3] DEBUG org.hibernate.SQL - 
    select
        fi1_0.meal_id,
        fi1_0.id,
        fi1_0.calories,
        fi1_0.carbs,
        fi1_0.fat,
        fi1_0.food_item,
        fi1_0.other_unit,
        fi1_0.protein,
        fi1_0.quantity,
        fi1_0.unit 
    from
        meal_food_item fi1_0 
    where
        fi1_0.meal_id=?
2025-06-05 12:21:34 [http-nio-8080-exec-3] DEBUG org.hibernate.SQL - 
    select
        fi1_0.meal_id,
        fi1_0.id,
        fi1_0.calories,
        fi1_0.carbs,
        fi1_0.fat,
        fi1_0.food_item,
        fi1_0.other_unit,
        fi1_0.protein,
        fi1_0.quantity,
        fi1_0.unit 
    from
        meal_food_item fi1_0 
    where
        fi1_0.meal_id=?
2025-06-05 12:21:34 [http-nio-8080-exec-3] DEBUG org.hibernate.SQL - 
    select
        fi1_0.meal_id,
        fi1_0.id,
        fi1_0.calories,
        fi1_0.carbs,
        fi1_0.fat,
        fi1_0.food_item,
        fi1_0.other_unit,
        fi1_0.protein,
        fi1_0.quantity,
        fi1_0.unit 
    from
        meal_food_item fi1_0 
    where
        fi1_0.meal_id=?
2025-06-05 12:21:34 [http-nio-8080-exec-3] DEBUG org.hibernate.SQL - 
    select
        fi1_0.meal_id,
        fi1_0.id,
        fi1_0.calories,
        fi1_0.carbs,
        fi1_0.fat,
        fi1_0.food_item,
        fi1_0.other_unit,
        fi1_0.protein,
        fi1_0.quantity,
        fi1_0.unit 
    from
        meal_food_item fi1_0 
    where
        fi1_0.meal_id=?
2025-06-05 12:21:34 [http-nio-8080-exec-3] DEBUG org.hibernate.SQL - 
    select
        fi1_0.meal_id,
        fi1_0.id,
        fi1_0.calories,
        fi1_0.carbs,
        fi1_0.fat,
        fi1_0.food_item,
        fi1_0.other_unit,
        fi1_0.protein,
        fi1_0.quantity,
        fi1_0.unit 
    from
        meal_food_item fi1_0 
    where
        fi1_0.meal_id=?
2025-06-05 12:21:34 [http-nio-8080-exec-3] DEBUG org.hibernate.SQL - 
    select
        fi1_0.meal_id,
        fi1_0.id,
        fi1_0.calories,
        fi1_0.carbs,
        fi1_0.fat,
        fi1_0.food_item,
        fi1_0.other_unit,
        fi1_0.protein,
        fi1_0.quantity,
        fi1_0.unit 
    from
        meal_food_item fi1_0 
    where
        fi1_0.meal_id=?
2025-06-05 12:21:34 [http-nio-8080-exec-3] DEBUG org.hibernate.SQL - 
    select
        fi1_0.meal_id,
        fi1_0.id,
        fi1_0.calories,
        fi1_0.carbs,
        fi1_0.fat,
        fi1_0.food_item,
        fi1_0.other_unit,
        fi1_0.protein,
        fi1_0.quantity,
        fi1_0.unit 
    from
        meal_food_item fi1_0 
    where
        fi1_0.meal_id=?
2025-06-05 12:21:34 [http-nio-8080-exec-3] DEBUG org.hibernate.SQL - 
    select
        fi1_0.meal_id,
        fi1_0.id,
        fi1_0.calories,
        fi1_0.carbs,
        fi1_0.fat,
        fi1_0.food_item,
        fi1_0.other_unit,
        fi1_0.protein,
        fi1_0.quantity,
        fi1_0.unit 
    from
        meal_food_item fi1_0 
    where
        fi1_0.meal_id=?
2025-06-05 12:21:34 [http-nio-8080-exec-3] DEBUG org.hibernate.SQL - 
    select
        fi1_0.meal_id,
        fi1_0.id,
        fi1_0.calories,
        fi1_0.carbs,
        fi1_0.fat,
        fi1_0.food_item,
        fi1_0.other_unit,
        fi1_0.protein,
        fi1_0.quantity,
        fi1_0.unit 
    from
        meal_food_item fi1_0 
    where
        fi1_0.meal_id=?
2025-06-05 12:21:34 [http-nio-8080-exec-3] DEBUG org.hibernate.SQL - 
    select
        fi1_0.meal_id,
        fi1_0.id,
        fi1_0.calories,
        fi1_0.carbs,
        fi1_0.fat,
        fi1_0.food_item,
        fi1_0.other_unit,
        fi1_0.protein,
        fi1_0.quantity,
        fi1_0.unit 
    from
        meal_food_item fi1_0 
    where
        fi1_0.meal_id=?
2025-06-05 12:21:34 [http-nio-8080-exec-3] DEBUG org.hibernate.SQL - 
    select
        fi1_0.meal_id,
        fi1_0.id,
        fi1_0.calories,
        fi1_0.carbs,
        fi1_0.fat,
        fi1_0.food_item,
        fi1_0.other_unit,
        fi1_0.protein,
        fi1_0.quantity,
        fi1_0.unit 
    from
        meal_food_item fi1_0 
    where
        fi1_0.meal_id=?
2025-06-05 12:21:34 [http-nio-8080-exec-3] DEBUG org.hibernate.SQL - 
    select
        fi1_0.meal_id,
        fi1_0.id,
        fi1_0.calories,
        fi1_0.carbs,
        fi1_0.fat,
        fi1_0.food_item,
        fi1_0.other_unit,
        fi1_0.protein,
        fi1_0.quantity,
        fi1_0.unit 
    from
        meal_food_item fi1_0 
    where
        fi1_0.meal_id=?
2025-06-05 12:21:34 [http-nio-8080-exec-3] DEBUG org.hibernate.SQL - 
    select
        fi1_0.meal_id,
        fi1_0.id,
        fi1_0.calories,
        fi1_0.carbs,
        fi1_0.fat,
        fi1_0.food_item,
        fi1_0.other_unit,
        fi1_0.protein,
        fi1_0.quantity,
        fi1_0.unit 
    from
        meal_food_item fi1_0 
    where
        fi1_0.meal_id=?
2025-06-05 12:21:34 [http-nio-8080-exec-3] DEBUG org.hibernate.SQL - 
    select
        fi1_0.meal_id,
        fi1_0.id,
        fi1_0.calories,
        fi1_0.carbs,
        fi1_0.fat,
        fi1_0.food_item,
        fi1_0.other_unit,
        fi1_0.protein,
        fi1_0.quantity,
        fi1_0.unit 
    from
        meal_food_item fi1_0 
    where
        fi1_0.meal_id=?
2025-06-05 12:21:34 [http-nio-8080-exec-3] DEBUG org.hibernate.SQL - 
    select
        fi1_0.meal_id,
        fi1_0.id,
        fi1_0.calories,
        fi1_0.carbs,
        fi1_0.fat,
        fi1_0.food_item,
        fi1_0.other_unit,
        fi1_0.protein,
        fi1_0.quantity,
        fi1_0.unit 
    from
        meal_food_item fi1_0 
    where
        fi1_0.meal_id=?
2025-06-05 12:21:34 [http-nio-8080-exec-3] DEBUG org.hibernate.SQL - 
    select
        fi1_0.meal_id,
        fi1_0.id,
        fi1_0.calories,
        fi1_0.carbs,
        fi1_0.fat,
        fi1_0.food_item,
        fi1_0.other_unit,
        fi1_0.protein,
        fi1_0.quantity,
        fi1_0.unit 
    from
        meal_food_item fi1_0 
    where
        fi1_0.meal_id=?
2025-06-05 12:21:34 [http-nio-8080-exec-3] DEBUG org.hibernate.SQL - 
    select
        fi1_0.meal_id,
        fi1_0.id,
        fi1_0.calories,
        fi1_0.carbs,
        fi1_0.fat,
        fi1_0.food_item,
        fi1_0.other_unit,
        fi1_0.protein,
        fi1_0.quantity,
        fi1_0.unit 
    from
        meal_food_item fi1_0 
    where
        fi1_0.meal_id=?
2025-06-05 12:21:34 [http-nio-8080-exec-3] DEBUG org.hibernate.SQL - 
    select
        fi1_0.meal_id,
        fi1_0.id,
        fi1_0.calories,
        fi1_0.carbs,
        fi1_0.fat,
        fi1_0.food_item,
        fi1_0.other_unit,
        fi1_0.protein,
        fi1_0.quantity,
        fi1_0.unit 
    from
        meal_food_item fi1_0 
    where
        fi1_0.meal_id=?
2025-06-05 12:21:34 [http-nio-8080-exec-3] DEBUG org.hibernate.SQL - 
    select
        fi1_0.meal_id,
        fi1_0.id,
        fi1_0.calories,
        fi1_0.carbs,
        fi1_0.fat,
        fi1_0.food_item,
        fi1_0.other_unit,
        fi1_0.protein,
        fi1_0.quantity,
        fi1_0.unit 
    from
        meal_food_item fi1_0 
    where
        fi1_0.meal_id=?
2025-06-05 12:21:34 [http-nio-8080-exec-3] DEBUG org.hibernate.SQL - 
    select
        fi1_0.meal_id,
        fi1_0.id,
        fi1_0.calories,
        fi1_0.carbs,
        fi1_0.fat,
        fi1_0.food_item,
        fi1_0.other_unit,
        fi1_0.protein,
        fi1_0.quantity,
        fi1_0.unit 
    from
        meal_food_item fi1_0 
    where
        fi1_0.meal_id=?
2025-06-05 12:21:34 [http-nio-8080-exec-3] DEBUG org.hibernate.SQL - 
    select
        fi1_0.meal_id,
        fi1_0.id,
        fi1_0.calories,
        fi1_0.carbs,
        fi1_0.fat,
        fi1_0.food_item,
        fi1_0.other_unit,
        fi1_0.protein,
        fi1_0.quantity,
        fi1_0.unit 
    from
        meal_food_item fi1_0 
    where
        fi1_0.meal_id=?
2025-06-05 12:21:34 [http-nio-8080-exec-3] DEBUG org.hibernate.SQL - 
    select
        fi1_0.meal_id,
        fi1_0.id,
        fi1_0.calories,
        fi1_0.carbs,
        fi1_0.fat,
        fi1_0.food_item,
        fi1_0.other_unit,
        fi1_0.protein,
        fi1_0.quantity,
        fi1_0.unit 
    from
        meal_food_item fi1_0 
    where
        fi1_0.meal_id=?
2025-06-05 12:21:34 [http-nio-8080-exec-3] DEBUG org.hibernate.SQL - 
    select
        fi1_0.meal_id,
        fi1_0.id,
        fi1_0.calories,
        fi1_0.carbs,
        fi1_0.fat,
        fi1_0.food_item,
        fi1_0.other_unit,
        fi1_0.protein,
        fi1_0.quantity,
        fi1_0.unit 
    from
        meal_food_item fi1_0 
    where
        fi1_0.meal_id=?
2025-06-05 12:21:34 [http-nio-8080-exec-3] DEBUG org.hibernate.SQL - 
    select
        fi1_0.meal_id,
        fi1_0.id,
        fi1_0.calories,
        fi1_0.carbs,
        fi1_0.fat,
        fi1_0.food_item,
        fi1_0.other_unit,
        fi1_0.protein,
        fi1_0.quantity,
        fi1_0.unit 
    from
        meal_food_item fi1_0 
    where
        fi1_0.meal_id=?
2025-06-05 12:21:34 [http-nio-8080-exec-3] DEBUG o.s.w.s.m.m.a.RequestResponseBodyMethodProcessor - Using 'application/json', given [*/*] and supported [application/json, application/*+json]
2025-06-05 12:21:34 [http-nio-8080-exec-3] DEBUG o.s.w.s.m.m.a.RequestResponseBodyMethodProcessor - Writing [[com.app.fitrack.controller.MealDTO@3835fb6d, com.app.fitrack.controller.MealDTO@14bb8339, com.app.f (truncated)...]
2025-06-05 12:21:34 [http-nio-8080-exec-3] DEBUG o.s.o.j.s.OpenEntityManagerInViewInterceptor - Closing JPA EntityManager in OpenEntityManagerInViewInterceptor
2025-06-05 12:21:34 [http-nio-8080-exec-3] DEBUG o.s.web.servlet.DispatcherServlet - Completed 200 OK
2025-06-05 12:21:45 [http-nio-8080-exec-4] DEBUG o.s.security.web.FilterChainProxy - Securing POST /workouts/estimate-calories
2025-06-05 12:21:45 [http-nio-8080-exec-4] DEBUG o.s.s.w.c.HttpSessionSecurityContextRepository - Retrieved SecurityContextImpl [Authentication=UsernamePasswordAuthenticationToken [Principal=org.springframework.security.core.userdetails.User [Username=charlenedilig@gmail.com, Password=[PROTECTED], Enabled=true, AccountNonExpired=true, CredentialsNonExpired=true, AccountNonLocked=true, Granted Authorities=[ROLE_USER]], Credentials=[PROTECTED], Authenticated=true, Details=WebAuthenticationDetails [RemoteIpAddress=127.0.0.1, SessionId=D706A416E7764EFB10E508C1CCA4C929], Granted Authorities=[ROLE_USER]]]
2025-06-05 12:21:45 [http-nio-8080-exec-4] DEBUG o.s.security.web.FilterChainProxy - Secured POST /workouts/estimate-calories
2025-06-05 12:21:45 [http-nio-8080-exec-4] DEBUG o.s.web.servlet.DispatcherServlet - POST "/fitrack/workouts/estimate-calories", parameters={}
2025-06-05 12:21:45 [http-nio-8080-exec-4] DEBUG o.s.w.s.m.m.a.RequestMappingHandlerMapping - Mapped to com.app.fitrack.controller.WorkoutController#estimateCalories(Map)
2025-06-05 12:21:45 [http-nio-8080-exec-4] DEBUG o.s.o.j.s.OpenEntityManagerInViewInterceptor - Opening JPA EntityManager in OpenEntityManagerInViewInterceptor
2025-06-05 12:21:45 [http-nio-8080-exec-4] DEBUG o.s.w.s.m.m.a.RequestResponseBodyMethodProcessor - Read "application/json;charset=UTF-8" to [{workoutName=Swimming, duration=30}]
2025-06-05 12:21:45 [http-nio-8080-exec-4] DEBUG o.s.orm.jpa.JpaTransactionManager - Found thread-bound EntityManager [SessionImpl(1986631534<open>)] for JPA transaction
2025-06-05 12:21:45 [http-nio-8080-exec-4] DEBUG o.s.orm.jpa.JpaTransactionManager - Creating new transaction with name [com.app.fitrack.service.UserService.getAuthenticatedUser]: PROPAGATION_REQUIRED,ISOLATION_DEFAULT
2025-06-05 12:21:45 [http-nio-8080-exec-4] DEBUG o.s.orm.jpa.JpaTransactionManager - Exposing JPA transaction as JDBC [org.springframework.orm.jpa.vendor.HibernateJpaDialect$HibernateConnectionHandle@215f20f0]
2025-06-05 12:21:45 [http-nio-8080-exec-4] TRACE o.s.t.i.TransactionInterceptor - Getting transaction for [com.app.fitrack.service.UserService.getAuthenticatedUser]
2025-06-05 12:21:45 [http-nio-8080-exec-4] TRACE o.s.t.i.TransactionInterceptor - No need to create transaction for [org.springframework.data.jpa.repository.support.SimpleJpaRepository.findByEmail]: This method is not transactional.
2025-06-05 12:21:45 [http-nio-8080-exec-4] DEBUG org.hibernate.SQL - 
    select
        u1_0.id,
        u1_0.age,
        u1_0.email,
        u1_0.email_change_code,
        u1_0.email_change_code_expiry,
        u1_0.firstname,
        u1_0.gender,
        u1_0.height,
        u1_0.lastname,
        u1_0.password,
        u1_0.pending_email,
        u1_0.profile_picture,
        u1_0.verified,
        u1_0.weight 
    from
        users u1_0 
    where
        u1_0.email=?
2025-06-05 12:21:45 [http-nio-8080-exec-4] TRACE o.s.t.i.TransactionInterceptor - Completing transaction for [com.app.fitrack.service.UserService.getAuthenticatedUser]
2025-06-05 12:21:45 [http-nio-8080-exec-4] DEBUG o.s.orm.jpa.JpaTransactionManager - Initiating transaction commit
2025-06-05 12:21:45 [http-nio-8080-exec-4] DEBUG o.s.orm.jpa.JpaTransactionManager - Committing JPA transaction on EntityManager [SessionImpl(1986631534<open>)]
2025-06-05 12:21:45 [http-nio-8080-exec-4] DEBUG o.s.orm.jpa.JpaTransactionManager - Not closing pre-bound JPA EntityManager after transaction
2025-06-05 12:21:45 [http-nio-8080-exec-4] INFO  c.a.f.service.NutritionixService - Sending request to Nutritionix for exercise calorie estimation:
2025-06-05 12:21:45 [http-nio-8080-exec-4] INFO  c.a.f.service.NutritionixService - URL: https://trackapi.nutritionix.com/v2/natural/exercise
2025-06-05 12:21:45 [http-nio-8080-exec-4] INFO  c.a.f.service.NutritionixService - Request Body: {weight_kg=67.9, gender=female, height_cm=149.0, query=30 minutes of Swimming, age=21}
2025-06-05 12:21:45 [http-nio-8080-exec-4] DEBUG o.s.web.client.RestTemplate - HTTP POST https://trackapi.nutritionix.com/v2/natural/exercise
2025-06-05 12:21:45 [http-nio-8080-exec-4] DEBUG o.s.web.client.RestTemplate - Accept=[application/json, application/*+json]
2025-06-05 12:21:45 [http-nio-8080-exec-4] DEBUG o.s.web.client.RestTemplate - Writing [{weight_kg=67.9, gender=female, height_cm=149.0, query=30 minutes of Swimming, age=21}] as "application/json"
2025-06-05 12:21:46 [http-nio-8080-exec-4] DEBUG o.s.web.client.RestTemplate - Response 200 OK
2025-06-05 12:21:46 [http-nio-8080-exec-4] DEBUG o.s.web.client.RestTemplate - Reading to [com.fasterxml.jackson.databind.JsonNode]
2025-06-05 12:21:46 [http-nio-8080-exec-4] INFO  c.a.f.service.NutritionixService - Nutritionix Response: {"exercises":[{"tag_id":63,"user_input":"swimming","duration_min":30,"met":6,"nf_calories":203.7,"photo":{"highres":"https://d2xdmhkmkbyw75.cloudfront.net/exercise//63_highres.jpg","thumb":"https://d2xdmhkmkbyw75.cloudfront.net/exercise//63_thumb.jpg","is_user_uploaded":false},"compendium_code":18310,"name":"swimming","description":null,"benefits":null}]}
2025-06-05 12:21:46 [http-nio-8080-exec-4] INFO  c.a.f.service.NutritionixService - Calculated calories: 203.7
2025-06-05 12:21:46 [http-nio-8080-exec-4] DEBUG o.s.w.s.m.m.a.HttpEntityMethodProcessor - Using 'application/json', given [*/*] and supported [application/json, application/*+json]
2025-06-05 12:21:46 [http-nio-8080-exec-4] DEBUG o.s.w.s.m.m.a.HttpEntityMethodProcessor - Writing [{calories=204}]
2025-06-05 12:21:46 [http-nio-8080-exec-4] DEBUG o.s.o.j.s.OpenEntityManagerInViewInterceptor - Closing JPA EntityManager in OpenEntityManagerInViewInterceptor
2025-06-05 12:21:46 [http-nio-8080-exec-4] DEBUG o.s.web.servlet.DispatcherServlet - Completed 200 OK
2025-06-05 12:21:49 [http-nio-8080-exec-6] DEBUG o.s.security.web.FilterChainProxy - Securing POST /workouts/estimate-calories
2025-06-05 12:21:49 [http-nio-8080-exec-6] DEBUG o.s.s.w.c.HttpSessionSecurityContextRepository - Retrieved SecurityContextImpl [Authentication=UsernamePasswordAuthenticationToken [Principal=org.springframework.security.core.userdetails.User [Username=charlenedilig@gmail.com, Password=[PROTECTED], Enabled=true, AccountNonExpired=true, CredentialsNonExpired=true, AccountNonLocked=true, Granted Authorities=[ROLE_USER]], Credentials=[PROTECTED], Authenticated=true, Details=WebAuthenticationDetails [RemoteIpAddress=127.0.0.1, SessionId=D706A416E7764EFB10E508C1CCA4C929], Granted Authorities=[ROLE_USER]]]
2025-06-05 12:21:49 [http-nio-8080-exec-6] DEBUG o.s.security.web.FilterChainProxy - Secured POST /workouts/estimate-calories
2025-06-05 12:21:49 [http-nio-8080-exec-6] DEBUG o.s.web.servlet.DispatcherServlet - POST "/fitrack/workouts/estimate-calories", parameters={}
2025-06-05 12:21:49 [http-nio-8080-exec-6] DEBUG o.s.w.s.m.m.a.RequestMappingHandlerMapping - Mapped to com.app.fitrack.controller.WorkoutController#estimateCalories(Map)
2025-06-05 12:21:49 [http-nio-8080-exec-6] DEBUG o.s.o.j.s.OpenEntityManagerInViewInterceptor - Opening JPA EntityManager in OpenEntityManagerInViewInterceptor
2025-06-05 12:21:49 [http-nio-8080-exec-6] DEBUG o.s.w.s.m.m.a.RequestResponseBodyMethodProcessor - Read "application/json;charset=UTF-8" to [{workoutName=Swimming, duration=30}]
2025-06-05 12:21:49 [http-nio-8080-exec-6] DEBUG o.s.orm.jpa.JpaTransactionManager - Found thread-bound EntityManager [SessionImpl(1216238122<open>)] for JPA transaction
2025-06-05 12:21:49 [http-nio-8080-exec-6] DEBUG o.s.orm.jpa.JpaTransactionManager - Creating new transaction with name [com.app.fitrack.service.UserService.getAuthenticatedUser]: PROPAGATION_REQUIRED,ISOLATION_DEFAULT
2025-06-05 12:21:49 [http-nio-8080-exec-6] DEBUG o.s.orm.jpa.JpaTransactionManager - Exposing JPA transaction as JDBC [org.springframework.orm.jpa.vendor.HibernateJpaDialect$HibernateConnectionHandle@d7cd541]
2025-06-05 12:21:49 [http-nio-8080-exec-6] TRACE o.s.t.i.TransactionInterceptor - Getting transaction for [com.app.fitrack.service.UserService.getAuthenticatedUser]
2025-06-05 12:21:49 [http-nio-8080-exec-6] TRACE o.s.t.i.TransactionInterceptor - No need to create transaction for [org.springframework.data.jpa.repository.support.SimpleJpaRepository.findByEmail]: This method is not transactional.
2025-06-05 12:21:49 [http-nio-8080-exec-6] DEBUG org.hibernate.SQL - 
    select
        u1_0.id,
        u1_0.age,
        u1_0.email,
        u1_0.email_change_code,
        u1_0.email_change_code_expiry,
        u1_0.firstname,
        u1_0.gender,
        u1_0.height,
        u1_0.lastname,
        u1_0.password,
        u1_0.pending_email,
        u1_0.profile_picture,
        u1_0.verified,
        u1_0.weight 
    from
        users u1_0 
    where
        u1_0.email=?
2025-06-05 12:21:49 [http-nio-8080-exec-6] TRACE o.s.t.i.TransactionInterceptor - Completing transaction for [com.app.fitrack.service.UserService.getAuthenticatedUser]
2025-06-05 12:21:49 [http-nio-8080-exec-6] DEBUG o.s.orm.jpa.JpaTransactionManager - Initiating transaction commit
2025-06-05 12:21:49 [http-nio-8080-exec-6] DEBUG o.s.orm.jpa.JpaTransactionManager - Committing JPA transaction on EntityManager [SessionImpl(1216238122<open>)]
2025-06-05 12:21:49 [http-nio-8080-exec-6] DEBUG o.s.orm.jpa.JpaTransactionManager - Not closing pre-bound JPA EntityManager after transaction
2025-06-05 12:21:49 [http-nio-8080-exec-6] INFO  c.a.f.service.NutritionixService - Sending request to Nutritionix for exercise calorie estimation:
2025-06-05 12:21:49 [http-nio-8080-exec-6] INFO  c.a.f.service.NutritionixService - URL: https://trackapi.nutritionix.com/v2/natural/exercise
2025-06-05 12:21:49 [http-nio-8080-exec-6] INFO  c.a.f.service.NutritionixService - Request Body: {weight_kg=67.9, gender=female, height_cm=149.0, query=30 minutes of Swimming, age=21}
2025-06-05 12:21:49 [http-nio-8080-exec-6] DEBUG o.s.web.client.RestTemplate - HTTP POST https://trackapi.nutritionix.com/v2/natural/exercise
2025-06-05 12:21:49 [http-nio-8080-exec-6] DEBUG o.s.web.client.RestTemplate - Accept=[application/json, application/*+json]
2025-06-05 12:21:49 [http-nio-8080-exec-6] DEBUG o.s.web.client.RestTemplate - Writing [{weight_kg=67.9, gender=female, height_cm=149.0, query=30 minutes of Swimming, age=21}] as "application/json"
2025-06-05 12:21:49 [http-nio-8080-exec-6] DEBUG o.s.web.client.RestTemplate - Response 200 OK
2025-06-05 12:21:49 [http-nio-8080-exec-6] DEBUG o.s.web.client.RestTemplate - Reading to [com.fasterxml.jackson.databind.JsonNode]
2025-06-05 12:21:49 [http-nio-8080-exec-6] INFO  c.a.f.service.NutritionixService - Nutritionix Response: {"exercises":[{"tag_id":63,"user_input":"swimming","duration_min":30,"met":6,"nf_calories":203.7,"photo":{"highres":"https://d2xdmhkmkbyw75.cloudfront.net/exercise//63_highres.jpg","thumb":"https://d2xdmhkmkbyw75.cloudfront.net/exercise//63_thumb.jpg","is_user_uploaded":false},"compendium_code":18310,"name":"swimming","description":null,"benefits":null}]}
2025-06-05 12:21:49 [http-nio-8080-exec-6] INFO  c.a.f.service.NutritionixService - Calculated calories: 203.7
2025-06-05 12:21:49 [http-nio-8080-exec-6] DEBUG o.s.w.s.m.m.a.HttpEntityMethodProcessor - Using 'application/json', given [*/*] and supported [application/json, application/*+json]
2025-06-05 12:21:49 [http-nio-8080-exec-6] DEBUG o.s.w.s.m.m.a.HttpEntityMethodProcessor - Writing [{calories=204}]
2025-06-05 12:21:49 [http-nio-8080-exec-6] DEBUG o.s.o.j.s.OpenEntityManagerInViewInterceptor - Closing JPA EntityManager in OpenEntityManagerInViewInterceptor
2025-06-05 12:21:49 [http-nio-8080-exec-6] DEBUG o.s.web.servlet.DispatcherServlet - Completed 200 OK
2025-06-05 12:22:25 [File Watcher] INFO  o.s.b.d.a.LocalDevToolsAutoConfiguration$RestartingClassPathChangeChangedEventListener - Restarting due to 1 class path change (0 additions, 0 deletions, 1 modification)
2025-06-05 12:22:25 [Thread-5] INFO  o.s.b.w.e.tomcat.GracefulShutdown - Commencing graceful shutdown. Waiting for active requests to complete
2025-06-05 12:22:25 [tomcat-shutdown] INFO  o.s.b.w.e.tomcat.GracefulShutdown - Graceful shutdown complete
2025-06-05 12:22:25 [Thread-5] INFO  o.s.o.j.LocalContainerEntityManagerFactoryBean - Closing JPA EntityManagerFactory for persistence unit 'default'
2025-06-05 12:22:25 [Thread-5] INFO  com.zaxxer.hikari.HikariDataSource - HikariPool-1 - Shutdown initiated...
2025-06-05 12:22:25 [Thread-5] INFO  com.zaxxer.hikari.HikariDataSource - HikariPool-1 - Shutdown completed.
2025-06-05 12:22:25 [restartedMain] INFO  com.app.fitrack.FitrackApplication - Starting FitrackApplication using Java 23.0.1 with PID 18244 (C:\Users\Charlene C. Dilig\OneDrive\Documents\Github\Fitrack\fitrack\target\classes started by Charlene C. Dilig in C:\Users\Charlene C. Dilig\OneDrive\Documents\Github\Fitrack)
2025-06-05 12:22:25 [restartedMain] DEBUG com.app.fitrack.FitrackApplication - Running with Spring Boot v3.4.3, Spring v6.2.3
2025-06-05 12:22:25 [restartedMain] INFO  com.app.fitrack.FitrackApplication - No active profile set, falling back to 1 default profile: "default"
2025-06-05 12:22:25 [restartedMain] INFO  o.s.d.r.c.RepositoryConfigurationDelegate - Bootstrapping Spring Data JPA repositories in DEFAULT mode.
2025-06-05 12:22:25 [restartedMain] INFO  o.s.d.r.c.RepositoryConfigurationDelegate - Finished Spring Data repository scanning in 21 ms. Found 7 JPA repository interfaces.
2025-06-05 12:22:26 [restartedMain] INFO  o.s.b.w.e.tomcat.TomcatWebServer - Tomcat initialized with port 8080 (http)
2025-06-05 12:22:26 [restartedMain] INFO  o.a.catalina.core.StandardService - Starting service [Tomcat]
2025-06-05 12:22:26 [restartedMain] INFO  o.a.catalina.core.StandardEngine - Starting Servlet engine: [Apache Tomcat/10.1.36]
2025-06-05 12:22:26 [restartedMain] INFO  o.a.c.c.C.[.[localhost].[/fitrack] - Initializing Spring embedded WebApplicationContext
2025-06-05 12:22:26 [restartedMain] INFO  o.s.b.w.s.c.ServletWebServerApplicationContext - Root WebApplicationContext: initialization completed in 501 ms
2025-06-05 12:22:26 [restartedMain] DEBUG o.s.w.f.ServerHttpObservationFilter - Filter 'webMvcObservationFilter' configured for use
2025-06-05 12:22:26 [restartedMain] DEBUG o.s.o.j.LocalContainerEntityManagerFactoryBean - Building JPA container EntityManagerFactory for persistence unit 'default'
2025-06-05 12:22:26 [restartedMain] INFO  o.h.jpa.internal.util.LogHelper - HHH000204: Processing PersistenceUnitInfo [name: default]
2025-06-05 12:22:26 [restartedMain] INFO  o.h.c.i.RegionFactoryInitiator - HHH000026: Second-level cache disabled
2025-06-05 12:22:26 [restartedMain] INFO  o.s.o.j.p.SpringPersistenceUnitInfo - No LoadTimeWeaver setup: ignoring JPA class transformer
2025-06-05 12:22:26 [restartedMain] INFO  com.zaxxer.hikari.HikariDataSource - HikariPool-2 - Starting...
2025-06-05 12:22:26 [restartedMain] INFO  com.zaxxer.hikari.pool.HikariPool - HikariPool-2 - Added connection com.mysql.cj.jdbc.ConnectionImpl@4905fad7
2025-06-05 12:22:26 [restartedMain] INFO  com.zaxxer.hikari.HikariDataSource - HikariPool-2 - Start completed.
2025-06-05 12:22:26 [restartedMain] WARN  org.hibernate.orm.deprecation - HHH90000025: MySQL8Dialect does not need to be specified explicitly using 'hibernate.dialect' (remove the property setting and it will be selected by default)
2025-06-05 12:22:26 [restartedMain] WARN  org.hibernate.orm.deprecation - HHH90000026: MySQL8Dialect has been deprecated; use org.hibernate.dialect.MySQLDialect instead
2025-06-05 12:22:26 [restartedMain] INFO  o.hibernate.orm.connections.pooling - HHH10001005: Database info:
	Database JDBC URL [Connecting through datasource 'HikariDataSource (HikariPool-2)']
	Database driver: undefined/unknown
	Database version: 8.0
	Autocommit mode: undefined/unknown
	Isolation level: undefined/unknown
	Minimum pool size: undefined/unknown
	Maximum pool size: undefined/unknown
2025-06-05 12:22:26 [restartedMain] DEBUG o.h.t.d.sql.spi.DdlTypeRegistry - addDescriptor(12, org.hibernate.type.descriptor.sql.internal.CapacityDependentDdlType@41250eaf) replaced previous registration(org.hibernate.type.descriptor.sql.internal.CapacityDependentDdlType@3d964ede)
2025-06-05 12:22:26 [restartedMain] DEBUG o.h.t.d.sql.spi.DdlTypeRegistry - addDescriptor(-9, org.hibernate.type.descriptor.sql.internal.CapacityDependentDdlType@71b8e141) replaced previous registration(org.hibernate.type.descriptor.sql.internal.CapacityDependentDdlType@77226861)
2025-06-05 12:22:26 [restartedMain] DEBUG o.h.t.d.sql.spi.DdlTypeRegistry - addDescriptor(-3, org.hibernate.type.descriptor.sql.internal.CapacityDependentDdlType@1e9b505c) replaced previous registration(org.hibernate.type.descriptor.sql.internal.CapacityDependentDdlType@11f40def)
2025-06-05 12:22:26 [restartedMain] DEBUG o.h.t.d.sql.spi.DdlTypeRegistry - addDescriptor(4003, org.hibernate.type.descriptor.sql.internal.DdlTypeImpl@27704479) replaced previous registration(org.hibernate.type.descriptor.sql.internal.DdlTypeImpl@43f55196)
2025-06-05 12:22:26 [restartedMain] DEBUG o.h.t.d.sql.spi.DdlTypeRegistry - addDescriptor(4001, org.hibernate.type.descriptor.sql.internal.DdlTypeImpl@728f004) replaced previous registration(org.hibernate.type.descriptor.sql.internal.DdlTypeImpl@36820e7b)
2025-06-05 12:22:26 [restartedMain] DEBUG o.h.t.d.sql.spi.DdlTypeRegistry - addDescriptor(4002, org.hibernate.type.descriptor.sql.internal.DdlTypeImpl@13f4c75e) replaced previous registration(org.hibernate.type.descriptor.sql.internal.DdlTypeImpl@7a644d57)
2025-06-05 12:22:26 [restartedMain] DEBUG o.h.t.d.sql.spi.DdlTypeRegistry - addDescriptor(2004, org.hibernate.type.descriptor.sql.internal.CapacityDependentDdlType@3a0c3acf) replaced previous registration(org.hibernate.type.descriptor.sql.internal.DdlTypeImpl@1c5b0a23)
2025-06-05 12:22:26 [restartedMain] DEBUG o.h.t.d.sql.spi.DdlTypeRegistry - addDescriptor(2005, org.hibernate.type.descriptor.sql.internal.CapacityDependentDdlType@29a0f0c1) replaced previous registration(org.hibernate.type.descriptor.sql.internal.DdlTypeImpl@71f60e57)
2025-06-05 12:22:26 [restartedMain] DEBUG o.h.t.d.sql.spi.DdlTypeRegistry - addDescriptor(2011, org.hibernate.type.descriptor.sql.internal.CapacityDependentDdlType@2af798e4) replaced previous registration(org.hibernate.type.descriptor.sql.internal.DdlTypeImpl@6e39958b)
2025-06-05 12:22:26 [restartedMain] INFO  o.h.e.t.j.p.i.JtaPlatformInitiator - HHH000489: No JTA platform available (set 'hibernate.transaction.jta.platform' to enable JTA platform integration)
2025-06-05 12:22:26 [restartedMain] INFO  o.s.o.j.LocalContainerEntityManagerFactoryBean - Initialized JPA EntityManagerFactory for persistence unit 'default'
2025-06-05 12:22:26 [restartedMain] DEBUG o.s.o.j.SharedEntityManagerCreator$SharedEntityManagerInvocationHandler - Creating new EntityManager for shared EntityManager invocation
2025-06-05 12:22:26 [restartedMain] DEBUG o.s.o.j.SharedEntityManagerCreator$SharedEntityManagerInvocationHandler - Creating new EntityManager for shared EntityManager invocation
2025-06-05 12:22:26 [restartedMain] DEBUG o.s.o.j.SharedEntityManagerCreator$SharedEntityManagerInvocationHandler - Creating new EntityManager for shared EntityManager invocation
2025-06-05 12:22:26 [restartedMain] DEBUG o.s.o.j.SharedEntityManagerCreator$SharedEntityManagerInvocationHandler - Creating new EntityManager for shared EntityManager invocation
2025-06-05 12:22:26 [restartedMain] DEBUG o.s.o.j.SharedEntityManagerCreator$SharedEntityManagerInvocationHandler - Creating new EntityManager for shared EntityManager invocation
2025-06-05 12:22:26 [restartedMain] DEBUG o.s.o.j.SharedEntityManagerCreator$SharedEntityManagerInvocationHandler - Creating new EntityManager for shared EntityManager invocation
2025-06-05 12:22:26 [restartedMain] DEBUG o.s.o.j.SharedEntityManagerCreator$SharedEntityManagerInvocationHandler - Creating new EntityManager for shared EntityManager invocation
2025-06-05 12:22:26 [restartedMain] DEBUG o.s.o.j.SharedEntityManagerCreator$SharedEntityManagerInvocationHandler - Creating new EntityManager for shared EntityManager invocation
2025-06-05 12:22:26 [restartedMain] TRACE o.s.t.a.AnnotationTransactionAttributeSource - Adding transactional method 'com.app.fitrack.service.EmailService.sendPasswordResetEmail' with attribute: PROPAGATION_REQUIRED,ISOLATION_DEFAULT
2025-06-05 12:22:26 [restartedMain] TRACE o.s.t.a.AnnotationTransactionAttributeSource - Adding transactional method 'com.app.fitrack.service.EmailService.sendVerificationEmail' with attribute: PROPAGATION_REQUIRED,ISOLATION_DEFAULT
2025-06-05 12:22:26 [restartedMain] DEBUG o.s.o.j.SharedEntityManagerCreator$SharedEntityManagerInvocationHandler - Creating new EntityManager for shared EntityManager invocation
2025-06-05 12:22:26 [restartedMain] DEBUG o.s.o.j.SharedEntityManagerCreator$SharedEntityManagerInvocationHandler - Creating new EntityManager for shared EntityManager invocation
2025-06-05 12:22:26 [restartedMain] DEBUG o.s.o.j.SharedEntityManagerCreator$SharedEntityManagerInvocationHandler - Creating new EntityManager for shared EntityManager invocation
2025-06-05 12:22:26 [restartedMain] DEBUG o.s.o.j.SharedEntityManagerCreator$SharedEntityManagerInvocationHandler - Creating new EntityManager for shared EntityManager invocation
2025-06-05 12:22:26 [restartedMain] DEBUG o.s.o.j.SharedEntityManagerCreator$SharedEntityManagerInvocationHandler - Creating new EntityManager for shared EntityManager invocation
2025-06-05 12:22:26 [restartedMain] DEBUG o.s.o.j.SharedEntityManagerCreator$SharedEntityManagerInvocationHandler - Creating new EntityManager for shared EntityManager invocation
2025-06-05 12:22:26 [restartedMain] DEBUG o.s.o.j.SharedEntityManagerCreator$SharedEntityManagerInvocationHandler - Creating new EntityManager for shared EntityManager invocation
2025-06-05 12:22:26 [restartedMain] DEBUG o.s.o.j.SharedEntityManagerCreator$SharedEntityManagerInvocationHandler - Creating new EntityManager for shared EntityManager invocation
2025-06-05 12:22:26 [restartedMain] DEBUG o.s.o.j.SharedEntityManagerCreator$SharedEntityManagerInvocationHandler - Creating new EntityManager for shared EntityManager invocation
2025-06-05 12:22:26 [restartedMain] DEBUG o.s.o.j.SharedEntityManagerCreator$SharedEntityManagerInvocationHandler - Creating new EntityManager for shared EntityManager invocation
2025-06-05 12:22:26 [restartedMain] DEBUG o.s.o.j.SharedEntityManagerCreator$SharedEntityManagerInvocationHandler - Creating new EntityManager for shared EntityManager invocation
2025-06-05 12:22:26 [restartedMain] DEBUG o.s.o.j.SharedEntityManagerCreator$SharedEntityManagerInvocationHandler - Creating new EntityManager for shared EntityManager invocation
2025-06-05 12:22:26 [restartedMain] TRACE o.s.t.a.AnnotationTransactionAttributeSource - Adding transactional method 'com.app.fitrack.service.UserService.verifyEmailChange' with attribute: PROPAGATION_REQUIRED,ISOLATION_DEFAULT
2025-06-05 12:22:26 [restartedMain] TRACE o.s.t.a.AnnotationTransactionAttributeSource - Adding transactional method 'com.app.fitrack.service.UserService.updateUserProfile' with attribute: PROPAGATION_REQUIRED,ISOLATION_DEFAULT
2025-06-05 12:22:26 [restartedMain] TRACE o.s.t.a.AnnotationTransactionAttributeSource - Adding transactional method 'com.app.fitrack.service.UserService.createUserProfile' with attribute: PROPAGATION_REQUIRED,ISOLATION_DEFAULT
2025-06-05 12:22:26 [restartedMain] TRACE o.s.t.a.AnnotationTransactionAttributeSource - Adding transactional method 'com.app.fitrack.service.UserService.calculateTDEE' with attribute: PROPAGATION_REQUIRED,ISOLATION_DEFAULT
2025-06-05 12:22:26 [restartedMain] TRACE o.s.t.a.AnnotationTransactionAttributeSource - Adding transactional method 'com.app.fitrack.service.UserService.requestEmailChangeVerification' with attribute: PROPAGATION_REQUIRED,ISOLATION_DEFAULT
2025-06-05 12:22:26 [restartedMain] TRACE o.s.t.a.AnnotationTransactionAttributeSource - Adding transactional method 'com.app.fitrack.service.UserService.saveUser' with attribute: PROPAGATION_REQUIRED,ISOLATION_DEFAULT
2025-06-05 12:22:26 [restartedMain] TRACE o.s.t.a.AnnotationTransactionAttributeSource - Adding transactional method 'com.app.fitrack.service.UserService.verifyUser' with attribute: PROPAGATION_REQUIRED,ISOLATION_DEFAULT
2025-06-05 12:22:26 [restartedMain] TRACE o.s.t.a.AnnotationTransactionAttributeSource - Adding transactional method 'com.app.fitrack.service.UserService.resendVerificationCode' with attribute: PROPAGATION_REQUIRED,ISOLATION_DEFAULT
2025-06-05 12:22:26 [restartedMain] TRACE o.s.t.a.AnnotationTransactionAttributeSource - Adding transactional method 'com.app.fitrack.service.UserService.getAuthenticatedUser' with attribute: PROPAGATION_REQUIRED,ISOLATION_DEFAULT
2025-06-05 12:22:26 [restartedMain] TRACE o.s.t.a.AnnotationTransactionAttributeSource - Adding transactional method 'com.app.fitrack.service.UserService.generatePasswordResetToken' with attribute: PROPAGATION_REQUIRED,ISOLATION_DEFAULT
2025-06-05 12:22:26 [restartedMain] TRACE o.s.t.a.AnnotationTransactionAttributeSource - Adding transactional method 'com.app.fitrack.service.UserService.calculateDynamicActivityFactor' with attribute: PROPAGATION_REQUIRED,ISOLATION_DEFAULT
2025-06-05 12:22:26 [restartedMain] TRACE o.s.t.a.AnnotationTransactionAttributeSource - Adding transactional method 'com.app.fitrack.service.UserService.resetPassword' with attribute: PROPAGATION_REQUIRED,ISOLATION_DEFAULT
2025-06-05 12:22:26 [restartedMain] TRACE o.s.t.a.AnnotationTransactionAttributeSource - Adding transactional method 'com.app.fitrack.service.UserService.registerUser' with attribute: PROPAGATION_REQUIRED,ISOLATION_DEFAULT
2025-06-05 12:22:26 [restartedMain] TRACE o.s.t.a.AnnotationTransactionAttributeSource - Adding transactional method 'com.app.fitrack.service.UserService.calculateBMR' with attribute: PROPAGATION_REQUIRED,ISOLATION_DEFAULT
2025-06-05 12:22:26 [restartedMain] TRACE o.s.t.a.AnnotationTransactionAttributeSource - Adding transactional method 'com.app.fitrack.service.UserService.findByEmail' with attribute: PROPAGATION_REQUIRED,ISOLATION_DEFAULT
2025-06-05 12:22:26 [restartedMain] DEBUG o.s.o.j.SharedEntityManagerCreator$SharedEntityManagerInvocationHandler - Creating new EntityManager for shared EntityManager invocation
2025-06-05 12:22:26 [restartedMain] DEBUG o.s.o.j.SharedEntityManagerCreator$SharedEntityManagerInvocationHandler - Creating new EntityManager for shared EntityManager invocation
2025-06-05 12:22:26 [restartedMain] DEBUG o.s.o.j.SharedEntityManagerCreator$SharedEntityManagerInvocationHandler - Creating new EntityManager for shared EntityManager invocation
2025-06-05 12:22:26 [restartedMain] DEBUG o.s.o.j.SharedEntityManagerCreator$SharedEntityManagerInvocationHandler - Creating new EntityManager for shared EntityManager invocation
2025-06-05 12:22:26 [restartedMain] DEBUG o.s.o.j.SharedEntityManagerCreator$SharedEntityManagerInvocationHandler - Creating new EntityManager for shared EntityManager invocation
2025-06-05 12:22:26 [restartedMain] DEBUG o.s.o.j.SharedEntityManagerCreator$SharedEntityManagerInvocationHandler - Creating new EntityManager for shared EntityManager invocation
2025-06-05 12:22:26 [restartedMain] DEBUG o.s.o.j.SharedEntityManagerCreator$SharedEntityManagerInvocationHandler - Creating new EntityManager for shared EntityManager invocation
2025-06-05 12:22:26 [restartedMain] DEBUG o.s.o.j.SharedEntityManagerCreator$SharedEntityManagerInvocationHandler - Creating new EntityManager for shared EntityManager invocation
2025-06-05 12:22:26 [restartedMain] DEBUG o.s.o.j.SharedEntityManagerCreator$SharedEntityManagerInvocationHandler - Creating new EntityManager for shared EntityManager invocation
2025-06-05 12:22:26 [restartedMain] DEBUG o.s.o.j.SharedEntityManagerCreator$SharedEntityManagerInvocationHandler - Creating new EntityManager for shared EntityManager invocation
2025-06-05 12:22:26 [restartedMain] DEBUG o.s.o.j.SharedEntityManagerCreator$SharedEntityManagerInvocationHandler - Creating new EntityManager for shared EntityManager invocation
2025-06-05 12:22:26 [restartedMain] DEBUG o.s.o.j.SharedEntityManagerCreator$SharedEntityManagerInvocationHandler - Creating new EntityManager for shared EntityManager invocation
2025-06-05 12:22:26 [restartedMain] DEBUG o.s.o.j.SharedEntityManagerCreator$SharedEntityManagerInvocationHandler - Creating new EntityManager for shared EntityManager invocation
2025-06-05 12:22:26 [restartedMain] INFO  c.a.f.service.NutritionixService - NutritionixService initialized. App ID loaded: true, API Key loaded: true
2025-06-05 12:22:26 [restartedMain] DEBUG o.s.o.j.SharedEntityManagerCreator$SharedEntityManagerInvocationHandler - Creating new EntityManager for shared EntityManager invocation
2025-06-05 12:22:26 [restartedMain] DEBUG o.s.o.j.SharedEntityManagerCreator$SharedEntityManagerInvocationHandler - Creating new EntityManager for shared EntityManager invocation
2025-06-05 12:22:26 [restartedMain] DEBUG o.s.o.j.SharedEntityManagerCreator$SharedEntityManagerInvocationHandler - Creating new EntityManager for shared EntityManager invocation
2025-06-05 12:22:26 [restartedMain] DEBUG o.s.o.j.SharedEntityManagerCreator$SharedEntityManagerInvocationHandler - Creating new EntityManager for shared EntityManager invocation
2025-06-05 12:22:26 [restartedMain] DEBUG o.s.o.j.SharedEntityManagerCreator$SharedEntityManagerInvocationHandler - Creating new EntityManager for shared EntityManager invocation
2025-06-05 12:22:26 [restartedMain] DEBUG o.s.o.j.SharedEntityManagerCreator$SharedEntityManagerInvocationHandler - Creating new EntityManager for shared EntityManager invocation
2025-06-05 12:22:26 [restartedMain] DEBUG o.s.o.j.SharedEntityManagerCreator$SharedEntityManagerInvocationHandler - Creating new EntityManager for shared EntityManager invocation
2025-06-05 12:22:26 [restartedMain] DEBUG o.s.o.j.SharedEntityManagerCreator$SharedEntityManagerInvocationHandler - Creating new EntityManager for shared EntityManager invocation
2025-06-05 12:22:26 [restartedMain] TRACE o.s.t.a.AnnotationTransactionAttributeSource - Adding transactional method 'com.app.fitrack.service.GoalService.deleteGoal' with attribute: PROPAGATION_REQUIRED,ISOLATION_DEFAULT
2025-06-05 12:22:26 [restartedMain] TRACE o.s.t.a.AnnotationTransactionAttributeSource - Adding transactional method 'com.app.fitrack.service.GoalService.createGoal' with attribute: PROPAGATION_REQUIRED,ISOLATION_DEFAULT
2025-06-05 12:22:26 [restartedMain] TRACE o.s.t.a.AnnotationTransactionAttributeSource - Adding transactional method 'com.app.fitrack.service.GoalService.updateGoalsBasedOnActivity' with attribute: PROPAGATION_REQUIRED,ISOLATION_DEFAULT
2025-06-05 12:22:26 [restartedMain] TRACE o.s.t.a.AnnotationTransactionAttributeSource - Adding transactional method 'com.app.fitrack.service.GoalService.archiveGoal' with attribute: PROPAGATION_REQUIRED,ISOLATION_DEFAULT
2025-06-05 12:22:26 [restartedMain] TRACE o.s.t.a.AnnotationTransactionAttributeSource - Adding transactional method 'com.app.fitrack.service.GoalService.updateGoalProgress' with attribute: PROPAGATION_REQUIRED,ISOLATION_DEFAULT
2025-06-05 12:22:26 [restartedMain] WARN  o.s.b.a.o.j.JpaBaseConfiguration$JpaWebConfiguration - spring.jpa.open-in-view is enabled by default. Therefore, database queries may be performed during view rendering. Explicitly configure spring.jpa.open-in-view to disable this warning
2025-06-05 12:22:27 [restartedMain] INFO  o.s.s.c.a.a.c.InitializeUserDetailsBeanManagerConfigurer$InitializeUserDetailsManagerConfigurer - Global AuthenticationManager configured with UserDetailsService bean with name customUserDetailsService
2025-06-05 12:22:27 [restartedMain] DEBUG o.s.w.s.m.m.a.RequestMappingHandlerMapping - 51 mappings in 'requestMappingHandlerMapping'
2025-06-05 12:22:27 [restartedMain] DEBUG o.s.w.s.h.SimpleUrlHandlerMapping - Patterns [/webjars/**, /**] in 'resourceHandlerMapping'
2025-06-05 12:22:27 [restartedMain] INFO  o.s.b.a.e.web.EndpointLinksResolver - Exposing 1 endpoint beneath base path '/actuator'
2025-06-05 12:22:27 [restartedMain] DEBUG o.s.s.web.DefaultSecurityFilterChain - Will secure any request with filters: DisableEncodeUrlFilter, WebAsyncManagerIntegrationFilter, SecurityContextHolderFilter, HeaderWriterFilter, CsrfFilter, LogoutFilter, UsernamePasswordAuthenticationFilter, RequestCacheAwareFilter, SecurityContextHolderAwareRequestFilter, AnonymousAuthenticationFilter, ExceptionTranslationFilter, AuthorizationFilter
2025-06-05 12:22:27 [restartedMain] DEBUG o.s.w.s.m.m.a.RequestMappingHandlerAdapter - ControllerAdvice beans: 0 @ModelAttribute, 0 @InitBinder, 1 RequestBodyAdvice, 1 ResponseBodyAdvice
2025-06-05 12:22:27 [restartedMain] DEBUG o.s.w.s.m.m.a.ExceptionHandlerExceptionResolver - ControllerAdvice beans: 0 @ExceptionHandler, 1 ResponseBodyAdvice
2025-06-05 12:22:27 [restartedMain] INFO  o.s.b.a.h.H2ConsoleAutoConfiguration - H2 console available at '/h2-console'. Database available at 'jdbc:mysql://localhost:3306/fitrackerapp'
2025-06-05 12:22:27 [restartedMain] INFO  o.s.b.d.a.OptionalLiveReloadServer - LiveReload server is running on port 35729
2025-06-05 12:22:27 [restartedMain] INFO  o.s.b.w.e.tomcat.TomcatWebServer - Tomcat started on port 8080 (http) with context path '/fitrack'
2025-06-05 12:22:27 [restartedMain] INFO  com.app.fitrack.FitrackApplication - Started FitrackApplication in 1.881 seconds (process running for 83.025)
2025-06-05 12:22:27 [restartedMain] INFO  o.s.b.d.a.ConditionEvaluationDeltaLoggingListener - Condition evaluation unchanged
2025-06-05 12:23:01 [File Watcher] INFO  o.s.b.d.a.LocalDevToolsAutoConfiguration$RestartingClassPathChangeChangedEventListener - Restarting due to 1 class path change (0 additions, 0 deletions, 1 modification)
2025-06-05 12:23:01 [Thread-7] INFO  o.s.b.w.e.tomcat.GracefulShutdown - Commencing graceful shutdown. Waiting for active requests to complete
2025-06-05 12:23:01 [tomcat-shutdown] INFO  o.s.b.w.e.tomcat.GracefulShutdown - Graceful shutdown complete
2025-06-05 12:23:01 [Thread-7] INFO  o.s.o.j.LocalContainerEntityManagerFactoryBean - Closing JPA EntityManagerFactory for persistence unit 'default'
2025-06-05 12:23:01 [Thread-7] INFO  com.zaxxer.hikari.HikariDataSource - HikariPool-2 - Shutdown initiated...
2025-06-05 12:23:01 [Thread-7] INFO  com.zaxxer.hikari.HikariDataSource - HikariPool-2 - Shutdown completed.
2025-06-05 12:23:01 [restartedMain] INFO  com.app.fitrack.FitrackApplication - Starting FitrackApplication using Java 23.0.1 with PID 18244 (C:\Users\Charlene C. Dilig\OneDrive\Documents\Github\Fitrack\fitrack\target\classes started by Charlene C. Dilig in C:\Users\Charlene C. Dilig\OneDrive\Documents\Github\Fitrack)
2025-06-05 12:23:01 [restartedMain] DEBUG com.app.fitrack.FitrackApplication - Running with Spring Boot v3.4.3, Spring v6.2.3
2025-06-05 12:23:01 [restartedMain] INFO  com.app.fitrack.FitrackApplication - No active profile set, falling back to 1 default profile: "default"
2025-06-05 12:23:02 [restartedMain] INFO  o.s.d.r.c.RepositoryConfigurationDelegate - Bootstrapping Spring Data JPA repositories in DEFAULT mode.
2025-06-05 12:23:02 [restartedMain] INFO  o.s.d.r.c.RepositoryConfigurationDelegate - Finished Spring Data repository scanning in 44 ms. Found 7 JPA repository interfaces.
2025-06-05 12:23:02 [restartedMain] INFO  o.s.b.w.e.tomcat.TomcatWebServer - Tomcat initialized with port 8080 (http)
2025-06-05 12:23:02 [restartedMain] INFO  o.a.catalina.core.StandardService - Starting service [Tomcat]
2025-06-05 12:23:02 [restartedMain] INFO  o.a.catalina.core.StandardEngine - Starting Servlet engine: [Apache Tomcat/10.1.36]
2025-06-05 12:23:02 [restartedMain] INFO  o.a.c.c.C.[.[localhost].[/fitrack] - Initializing Spring embedded WebApplicationContext
2025-06-05 12:23:02 [restartedMain] INFO  o.s.b.w.s.c.ServletWebServerApplicationContext - Root WebApplicationContext: initialization completed in 621 ms
2025-06-05 12:23:02 [restartedMain] DEBUG o.s.w.f.ServerHttpObservationFilter - Filter 'webMvcObservationFilter' configured for use
2025-06-05 12:23:02 [restartedMain] DEBUG o.s.o.j.LocalContainerEntityManagerFactoryBean - Building JPA container EntityManagerFactory for persistence unit 'default'
2025-06-05 12:23:02 [restartedMain] INFO  o.h.jpa.internal.util.LogHelper - HHH000204: Processing PersistenceUnitInfo [name: default]
2025-06-05 12:23:02 [restartedMain] INFO  o.h.c.i.RegionFactoryInitiator - HHH000026: Second-level cache disabled
2025-06-05 12:23:02 [restartedMain] INFO  o.s.o.j.p.SpringPersistenceUnitInfo - No LoadTimeWeaver setup: ignoring JPA class transformer
2025-06-05 12:23:02 [restartedMain] INFO  com.zaxxer.hikari.HikariDataSource - HikariPool-3 - Starting...
2025-06-05 12:23:02 [restartedMain] INFO  com.zaxxer.hikari.pool.HikariPool - HikariPool-3 - Added connection com.mysql.cj.jdbc.ConnectionImpl@23dfb094
2025-06-05 12:23:02 [restartedMain] INFO  com.zaxxer.hikari.HikariDataSource - HikariPool-3 - Start completed.
2025-06-05 12:23:02 [restartedMain] WARN  org.hibernate.orm.deprecation - HHH90000025: MySQL8Dialect does not need to be specified explicitly using 'hibernate.dialect' (remove the property setting and it will be selected by default)
2025-06-05 12:23:02 [restartedMain] WARN  org.hibernate.orm.deprecation - HHH90000026: MySQL8Dialect has been deprecated; use org.hibernate.dialect.MySQLDialect instead
2025-06-05 12:23:02 [restartedMain] INFO  o.hibernate.orm.connections.pooling - HHH10001005: Database info:
	Database JDBC URL [Connecting through datasource 'HikariDataSource (HikariPool-3)']
	Database driver: undefined/unknown
	Database version: 8.0
	Autocommit mode: undefined/unknown
	Isolation level: undefined/unknown
	Minimum pool size: undefined/unknown
	Maximum pool size: undefined/unknown
2025-06-05 12:23:02 [restartedMain] DEBUG o.h.t.d.sql.spi.DdlTypeRegistry - addDescriptor(12, org.hibernate.type.descriptor.sql.internal.CapacityDependentDdlType@675f963f) replaced previous registration(org.hibernate.type.descriptor.sql.internal.CapacityDependentDdlType@71c6a01)
2025-06-05 12:23:02 [restartedMain] DEBUG o.h.t.d.sql.spi.DdlTypeRegistry - addDescriptor(-9, org.hibernate.type.descriptor.sql.internal.CapacityDependentDdlType@3eef2a2a) replaced previous registration(org.hibernate.type.descriptor.sql.internal.CapacityDependentDdlType@736c0160)
2025-06-05 12:23:02 [restartedMain] DEBUG o.h.t.d.sql.spi.DdlTypeRegistry - addDescriptor(-3, org.hibernate.type.descriptor.sql.internal.CapacityDependentDdlType@68999f5c) replaced previous registration(org.hibernate.type.descriptor.sql.internal.CapacityDependentDdlType@cb1ac2c)
2025-06-05 12:23:02 [restartedMain] DEBUG o.h.t.d.sql.spi.DdlTypeRegistry - addDescriptor(4003, org.hibernate.type.descriptor.sql.internal.DdlTypeImpl@4b4879ea) replaced previous registration(org.hibernate.type.descriptor.sql.internal.DdlTypeImpl@58bc06e2)
2025-06-05 12:23:02 [restartedMain] DEBUG o.h.t.d.sql.spi.DdlTypeRegistry - addDescriptor(4001, org.hibernate.type.descriptor.sql.internal.DdlTypeImpl@7cfb11d6) replaced previous registration(org.hibernate.type.descriptor.sql.internal.DdlTypeImpl@7d2a02a9)
2025-06-05 12:23:02 [restartedMain] DEBUG o.h.t.d.sql.spi.DdlTypeRegistry - addDescriptor(4002, org.hibernate.type.descriptor.sql.internal.DdlTypeImpl@7525a3cf) replaced previous registration(org.hibernate.type.descriptor.sql.internal.DdlTypeImpl@4d16209f)
2025-06-05 12:23:02 [restartedMain] DEBUG o.h.t.d.sql.spi.DdlTypeRegistry - addDescriptor(2004, org.hibernate.type.descriptor.sql.internal.CapacityDependentDdlType@69c7fd4a) replaced previous registration(org.hibernate.type.descriptor.sql.internal.DdlTypeImpl@44d59591)
2025-06-05 12:23:02 [restartedMain] DEBUG o.h.t.d.sql.spi.DdlTypeRegistry - addDescriptor(2005, org.hibernate.type.descriptor.sql.internal.CapacityDependentDdlType@1c366d1f) replaced previous registration(org.hibernate.type.descriptor.sql.internal.DdlTypeImpl@60d8a4de)
2025-06-05 12:23:02 [restartedMain] DEBUG o.h.t.d.sql.spi.DdlTypeRegistry - addDescriptor(2011, org.hibernate.type.descriptor.sql.internal.CapacityDependentDdlType@36233822) replaced previous registration(org.hibernate.type.descriptor.sql.internal.DdlTypeImpl@5e325a6a)
2025-06-05 12:23:02 [restartedMain] INFO  o.h.e.t.j.p.i.JtaPlatformInitiator - HHH000489: No JTA platform available (set 'hibernate.transaction.jta.platform' to enable JTA platform integration)
2025-06-05 12:23:02 [restartedMain] INFO  o.s.o.j.LocalContainerEntityManagerFactoryBean - Initialized JPA EntityManagerFactory for persistence unit 'default'
2025-06-05 12:23:03 [restartedMain] DEBUG o.s.o.j.SharedEntityManagerCreator$SharedEntityManagerInvocationHandler - Creating new EntityManager for shared EntityManager invocation
2025-06-05 12:23:03 [restartedMain] DEBUG o.s.o.j.SharedEntityManagerCreator$SharedEntityManagerInvocationHandler - Creating new EntityManager for shared EntityManager invocation
2025-06-05 12:23:03 [restartedMain] DEBUG o.s.o.j.SharedEntityManagerCreator$SharedEntityManagerInvocationHandler - Creating new EntityManager for shared EntityManager invocation
2025-06-05 12:23:03 [restartedMain] DEBUG o.s.o.j.SharedEntityManagerCreator$SharedEntityManagerInvocationHandler - Creating new EntityManager for shared EntityManager invocation
2025-06-05 12:23:03 [restartedMain] DEBUG o.s.o.j.SharedEntityManagerCreator$SharedEntityManagerInvocationHandler - Creating new EntityManager for shared EntityManager invocation
2025-06-05 12:23:03 [restartedMain] DEBUG o.s.o.j.SharedEntityManagerCreator$SharedEntityManagerInvocationHandler - Creating new EntityManager for shared EntityManager invocation
2025-06-05 12:23:03 [restartedMain] DEBUG o.s.o.j.SharedEntityManagerCreator$SharedEntityManagerInvocationHandler - Creating new EntityManager for shared EntityManager invocation
2025-06-05 12:23:03 [restartedMain] DEBUG o.s.o.j.SharedEntityManagerCreator$SharedEntityManagerInvocationHandler - Creating new EntityManager for shared EntityManager invocation
2025-06-05 12:23:03 [restartedMain] TRACE o.s.t.a.AnnotationTransactionAttributeSource - Adding transactional method 'com.app.fitrack.service.EmailService.sendPasswordResetEmail' with attribute: PROPAGATION_REQUIRED,ISOLATION_DEFAULT
2025-06-05 12:23:03 [restartedMain] TRACE o.s.t.a.AnnotationTransactionAttributeSource - Adding transactional method 'com.app.fitrack.service.EmailService.sendVerificationEmail' with attribute: PROPAGATION_REQUIRED,ISOLATION_DEFAULT
2025-06-05 12:23:03 [restartedMain] DEBUG o.s.o.j.SharedEntityManagerCreator$SharedEntityManagerInvocationHandler - Creating new EntityManager for shared EntityManager invocation
2025-06-05 12:23:03 [restartedMain] DEBUG o.s.o.j.SharedEntityManagerCreator$SharedEntityManagerInvocationHandler - Creating new EntityManager for shared EntityManager invocation
2025-06-05 12:23:03 [restartedMain] DEBUG o.s.o.j.SharedEntityManagerCreator$SharedEntityManagerInvocationHandler - Creating new EntityManager for shared EntityManager invocation
2025-06-05 12:23:03 [restartedMain] DEBUG o.s.o.j.SharedEntityManagerCreator$SharedEntityManagerInvocationHandler - Creating new EntityManager for shared EntityManager invocation
2025-06-05 12:23:03 [restartedMain] DEBUG o.s.o.j.SharedEntityManagerCreator$SharedEntityManagerInvocationHandler - Creating new EntityManager for shared EntityManager invocation
2025-06-05 12:23:03 [restartedMain] DEBUG o.s.o.j.SharedEntityManagerCreator$SharedEntityManagerInvocationHandler - Creating new EntityManager for shared EntityManager invocation
2025-06-05 12:23:03 [restartedMain] DEBUG o.s.o.j.SharedEntityManagerCreator$SharedEntityManagerInvocationHandler - Creating new EntityManager for shared EntityManager invocation
2025-06-05 12:23:03 [restartedMain] DEBUG o.s.o.j.SharedEntityManagerCreator$SharedEntityManagerInvocationHandler - Creating new EntityManager for shared EntityManager invocation
2025-06-05 12:23:03 [restartedMain] DEBUG o.s.o.j.SharedEntityManagerCreator$SharedEntityManagerInvocationHandler - Creating new EntityManager for shared EntityManager invocation
2025-06-05 12:23:03 [restartedMain] DEBUG o.s.o.j.SharedEntityManagerCreator$SharedEntityManagerInvocationHandler - Creating new EntityManager for shared EntityManager invocation
2025-06-05 12:23:03 [restartedMain] DEBUG o.s.o.j.SharedEntityManagerCreator$SharedEntityManagerInvocationHandler - Creating new EntityManager for shared EntityManager invocation
2025-06-05 12:23:03 [restartedMain] DEBUG o.s.o.j.SharedEntityManagerCreator$SharedEntityManagerInvocationHandler - Creating new EntityManager for shared EntityManager invocation
2025-06-05 12:23:03 [restartedMain] TRACE o.s.t.a.AnnotationTransactionAttributeSource - Adding transactional method 'com.app.fitrack.service.UserService.verifyEmailChange' with attribute: PROPAGATION_REQUIRED,ISOLATION_DEFAULT
2025-06-05 12:23:03 [restartedMain] TRACE o.s.t.a.AnnotationTransactionAttributeSource - Adding transactional method 'com.app.fitrack.service.UserService.updateUserProfile' with attribute: PROPAGATION_REQUIRED,ISOLATION_DEFAULT
2025-06-05 12:23:03 [restartedMain] TRACE o.s.t.a.AnnotationTransactionAttributeSource - Adding transactional method 'com.app.fitrack.service.UserService.createUserProfile' with attribute: PROPAGATION_REQUIRED,ISOLATION_DEFAULT
2025-06-05 12:23:03 [restartedMain] TRACE o.s.t.a.AnnotationTransactionAttributeSource - Adding transactional method 'com.app.fitrack.service.UserService.calculateTDEE' with attribute: PROPAGATION_REQUIRED,ISOLATION_DEFAULT
2025-06-05 12:23:03 [restartedMain] TRACE o.s.t.a.AnnotationTransactionAttributeSource - Adding transactional method 'com.app.fitrack.service.UserService.requestEmailChangeVerification' with attribute: PROPAGATION_REQUIRED,ISOLATION_DEFAULT
2025-06-05 12:23:03 [restartedMain] TRACE o.s.t.a.AnnotationTransactionAttributeSource - Adding transactional method 'com.app.fitrack.service.UserService.saveUser' with attribute: PROPAGATION_REQUIRED,ISOLATION_DEFAULT
2025-06-05 12:23:03 [restartedMain] TRACE o.s.t.a.AnnotationTransactionAttributeSource - Adding transactional method 'com.app.fitrack.service.UserService.verifyUser' with attribute: PROPAGATION_REQUIRED,ISOLATION_DEFAULT
2025-06-05 12:23:03 [restartedMain] TRACE o.s.t.a.AnnotationTransactionAttributeSource - Adding transactional method 'com.app.fitrack.service.UserService.resendVerificationCode' with attribute: PROPAGATION_REQUIRED,ISOLATION_DEFAULT
2025-06-05 12:23:03 [restartedMain] TRACE o.s.t.a.AnnotationTransactionAttributeSource - Adding transactional method 'com.app.fitrack.service.UserService.getAuthenticatedUser' with attribute: PROPAGATION_REQUIRED,ISOLATION_DEFAULT
2025-06-05 12:23:03 [restartedMain] TRACE o.s.t.a.AnnotationTransactionAttributeSource - Adding transactional method 'com.app.fitrack.service.UserService.generatePasswordResetToken' with attribute: PROPAGATION_REQUIRED,ISOLATION_DEFAULT
2025-06-05 12:23:03 [restartedMain] TRACE o.s.t.a.AnnotationTransactionAttributeSource - Adding transactional method 'com.app.fitrack.service.UserService.calculateDynamicActivityFactor' with attribute: PROPAGATION_REQUIRED,ISOLATION_DEFAULT
2025-06-05 12:23:03 [restartedMain] TRACE o.s.t.a.AnnotationTransactionAttributeSource - Adding transactional method 'com.app.fitrack.service.UserService.resetPassword' with attribute: PROPAGATION_REQUIRED,ISOLATION_DEFAULT
2025-06-05 12:23:03 [restartedMain] TRACE o.s.t.a.AnnotationTransactionAttributeSource - Adding transactional method 'com.app.fitrack.service.UserService.registerUser' with attribute: PROPAGATION_REQUIRED,ISOLATION_DEFAULT
2025-06-05 12:23:03 [restartedMain] TRACE o.s.t.a.AnnotationTransactionAttributeSource - Adding transactional method 'com.app.fitrack.service.UserService.calculateBMR' with attribute: PROPAGATION_REQUIRED,ISOLATION_DEFAULT
2025-06-05 12:23:03 [restartedMain] TRACE o.s.t.a.AnnotationTransactionAttributeSource - Adding transactional method 'com.app.fitrack.service.UserService.findByEmail' with attribute: PROPAGATION_REQUIRED,ISOLATION_DEFAULT
2025-06-05 12:23:03 [restartedMain] DEBUG o.s.o.j.SharedEntityManagerCreator$SharedEntityManagerInvocationHandler - Creating new EntityManager for shared EntityManager invocation
2025-06-05 12:23:03 [restartedMain] DEBUG o.s.o.j.SharedEntityManagerCreator$SharedEntityManagerInvocationHandler - Creating new EntityManager for shared EntityManager invocation
2025-06-05 12:23:03 [restartedMain] DEBUG o.s.o.j.SharedEntityManagerCreator$SharedEntityManagerInvocationHandler - Creating new EntityManager for shared EntityManager invocation
2025-06-05 12:23:03 [restartedMain] DEBUG o.s.o.j.SharedEntityManagerCreator$SharedEntityManagerInvocationHandler - Creating new EntityManager for shared EntityManager invocation
2025-06-05 12:23:03 [restartedMain] DEBUG o.s.o.j.SharedEntityManagerCreator$SharedEntityManagerInvocationHandler - Creating new EntityManager for shared EntityManager invocation
2025-06-05 12:23:03 [restartedMain] DEBUG o.s.o.j.SharedEntityManagerCreator$SharedEntityManagerInvocationHandler - Creating new EntityManager for shared EntityManager invocation
2025-06-05 12:23:03 [restartedMain] DEBUG o.s.o.j.SharedEntityManagerCreator$SharedEntityManagerInvocationHandler - Creating new EntityManager for shared EntityManager invocation
2025-06-05 12:23:03 [restartedMain] DEBUG o.s.o.j.SharedEntityManagerCreator$SharedEntityManagerInvocationHandler - Creating new EntityManager for shared EntityManager invocation
2025-06-05 12:23:03 [restartedMain] DEBUG o.s.o.j.SharedEntityManagerCreator$SharedEntityManagerInvocationHandler - Creating new EntityManager for shared EntityManager invocation
2025-06-05 12:23:03 [restartedMain] DEBUG o.s.o.j.SharedEntityManagerCreator$SharedEntityManagerInvocationHandler - Creating new EntityManager for shared EntityManager invocation
2025-06-05 12:23:03 [restartedMain] DEBUG o.s.o.j.SharedEntityManagerCreator$SharedEntityManagerInvocationHandler - Creating new EntityManager for shared EntityManager invocation
2025-06-05 12:23:03 [restartedMain] DEBUG o.s.o.j.SharedEntityManagerCreator$SharedEntityManagerInvocationHandler - Creating new EntityManager for shared EntityManager invocation
2025-06-05 12:23:03 [restartedMain] DEBUG o.s.o.j.SharedEntityManagerCreator$SharedEntityManagerInvocationHandler - Creating new EntityManager for shared EntityManager invocation
2025-06-05 12:23:03 [restartedMain] INFO  c.a.f.service.NutritionixService - NutritionixService initialized. App ID loaded: true, API Key loaded: true
2025-06-05 12:23:03 [restartedMain] DEBUG o.s.o.j.SharedEntityManagerCreator$SharedEntityManagerInvocationHandler - Creating new EntityManager for shared EntityManager invocation
2025-06-05 12:23:03 [restartedMain] DEBUG o.s.o.j.SharedEntityManagerCreator$SharedEntityManagerInvocationHandler - Creating new EntityManager for shared EntityManager invocation
2025-06-05 12:23:03 [restartedMain] DEBUG o.s.o.j.SharedEntityManagerCreator$SharedEntityManagerInvocationHandler - Creating new EntityManager for shared EntityManager invocation
2025-06-05 12:23:03 [restartedMain] DEBUG o.s.o.j.SharedEntityManagerCreator$SharedEntityManagerInvocationHandler - Creating new EntityManager for shared EntityManager invocation
2025-06-05 12:23:03 [restartedMain] DEBUG o.s.o.j.SharedEntityManagerCreator$SharedEntityManagerInvocationHandler - Creating new EntityManager for shared EntityManager invocation
2025-06-05 12:23:03 [restartedMain] DEBUG o.s.o.j.SharedEntityManagerCreator$SharedEntityManagerInvocationHandler - Creating new EntityManager for shared EntityManager invocation
2025-06-05 12:23:03 [restartedMain] DEBUG o.s.o.j.SharedEntityManagerCreator$SharedEntityManagerInvocationHandler - Creating new EntityManager for shared EntityManager invocation
2025-06-05 12:23:03 [restartedMain] DEBUG o.s.o.j.SharedEntityManagerCreator$SharedEntityManagerInvocationHandler - Creating new EntityManager for shared EntityManager invocation
2025-06-05 12:23:03 [restartedMain] TRACE o.s.t.a.AnnotationTransactionAttributeSource - Adding transactional method 'com.app.fitrack.service.GoalService.deleteGoal' with attribute: PROPAGATION_REQUIRED,ISOLATION_DEFAULT
2025-06-05 12:23:03 [restartedMain] TRACE o.s.t.a.AnnotationTransactionAttributeSource - Adding transactional method 'com.app.fitrack.service.GoalService.createGoal' with attribute: PROPAGATION_REQUIRED,ISOLATION_DEFAULT
2025-06-05 12:23:03 [restartedMain] TRACE o.s.t.a.AnnotationTransactionAttributeSource - Adding transactional method 'com.app.fitrack.service.GoalService.updateGoalsBasedOnActivity' with attribute: PROPAGATION_REQUIRED,ISOLATION_DEFAULT
2025-06-05 12:23:03 [restartedMain] TRACE o.s.t.a.AnnotationTransactionAttributeSource - Adding transactional method 'com.app.fitrack.service.GoalService.archiveGoal' with attribute: PROPAGATION_REQUIRED,ISOLATION_DEFAULT
2025-06-05 12:23:03 [restartedMain] TRACE o.s.t.a.AnnotationTransactionAttributeSource - Adding transactional method 'com.app.fitrack.service.GoalService.updateGoalProgress' with attribute: PROPAGATION_REQUIRED,ISOLATION_DEFAULT
2025-06-05 12:23:03 [restartedMain] WARN  o.s.b.a.o.j.JpaBaseConfiguration$JpaWebConfiguration - spring.jpa.open-in-view is enabled by default. Therefore, database queries may be performed during view rendering. Explicitly configure spring.jpa.open-in-view to disable this warning
2025-06-05 12:23:03 [restartedMain] INFO  o.s.s.c.a.a.c.InitializeUserDetailsBeanManagerConfigurer$InitializeUserDetailsManagerConfigurer - Global AuthenticationManager configured with UserDetailsService bean with name customUserDetailsService
2025-06-05 12:23:03 [restartedMain] DEBUG o.s.w.s.m.m.a.RequestMappingHandlerMapping - 51 mappings in 'requestMappingHandlerMapping'
2025-06-05 12:23:03 [restartedMain] DEBUG o.s.w.s.h.SimpleUrlHandlerMapping - Patterns [/webjars/**, /**] in 'resourceHandlerMapping'
2025-06-05 12:23:03 [restartedMain] INFO  o.s.b.a.e.web.EndpointLinksResolver - Exposing 1 endpoint beneath base path '/actuator'
2025-06-05 12:23:03 [restartedMain] DEBUG o.s.s.web.DefaultSecurityFilterChain - Will secure any request with filters: DisableEncodeUrlFilter, WebAsyncManagerIntegrationFilter, SecurityContextHolderFilter, HeaderWriterFilter, CsrfFilter, LogoutFilter, UsernamePasswordAuthenticationFilter, RequestCacheAwareFilter, SecurityContextHolderAwareRequestFilter, AnonymousAuthenticationFilter, ExceptionTranslationFilter, AuthorizationFilter
2025-06-05 12:23:03 [restartedMain] DEBUG o.s.w.s.m.m.a.RequestMappingHandlerAdapter - ControllerAdvice beans: 0 @ModelAttribute, 0 @InitBinder, 1 RequestBodyAdvice, 1 ResponseBodyAdvice
2025-06-05 12:23:03 [restartedMain] DEBUG o.s.w.s.m.m.a.ExceptionHandlerExceptionResolver - ControllerAdvice beans: 0 @ExceptionHandler, 1 ResponseBodyAdvice
2025-06-05 12:23:03 [restartedMain] INFO  o.s.b.a.h.H2ConsoleAutoConfiguration - H2 console available at '/h2-console'. Database available at 'jdbc:mysql://localhost:3306/fitrackerapp'
2025-06-05 12:23:03 [restartedMain] INFO  o.s.b.d.a.OptionalLiveReloadServer - LiveReload server is running on port 35729
2025-06-05 12:23:03 [restartedMain] INFO  o.s.b.w.e.tomcat.TomcatWebServer - Tomcat started on port 8080 (http) with context path '/fitrack'
2025-06-05 12:23:03 [restartedMain] INFO  com.app.fitrack.FitrackApplication - Started FitrackApplication in 1.799 seconds (process running for 119.37)
2025-06-05 12:23:03 [restartedMain] INFO  o.s.b.d.a.ConditionEvaluationDeltaLoggingListener - Condition evaluation unchanged
2025-06-05 12:23:07 [File Watcher] INFO  o.s.b.d.a.LocalDevToolsAutoConfiguration$RestartingClassPathChangeChangedEventListener - Restarting due to 1 class path change (0 additions, 0 deletions, 1 modification)
2025-06-05 12:23:07 [Thread-11] INFO  o.s.b.w.e.tomcat.GracefulShutdown - Commencing graceful shutdown. Waiting for active requests to complete
2025-06-05 12:23:07 [tomcat-shutdown] INFO  o.s.b.w.e.tomcat.GracefulShutdown - Graceful shutdown complete
2025-06-05 12:23:07 [Thread-11] INFO  o.s.o.j.LocalContainerEntityManagerFactoryBean - Closing JPA EntityManagerFactory for persistence unit 'default'
2025-06-05 12:23:07 [Thread-11] INFO  com.zaxxer.hikari.HikariDataSource - HikariPool-3 - Shutdown initiated...
2025-06-05 12:23:07 [Thread-11] INFO  com.zaxxer.hikari.HikariDataSource - HikariPool-3 - Shutdown completed.
2025-06-05 12:23:07 [restartedMain] INFO  com.app.fitrack.FitrackApplication - Starting FitrackApplication using Java 23.0.1 with PID 18244 (C:\Users\Charlene C. Dilig\OneDrive\Documents\Github\Fitrack\fitrack\target\classes started by Charlene C. Dilig in C:\Users\Charlene C. Dilig\OneDrive\Documents\Github\Fitrack)
2025-06-05 12:23:07 [restartedMain] DEBUG com.app.fitrack.FitrackApplication - Running with Spring Boot v3.4.3, Spring v6.2.3
2025-06-05 12:23:07 [restartedMain] INFO  com.app.fitrack.FitrackApplication - No active profile set, falling back to 1 default profile: "default"
2025-06-05 12:23:07 [restartedMain] INFO  o.s.d.r.c.RepositoryConfigurationDelegate - Bootstrapping Spring Data JPA repositories in DEFAULT mode.
2025-06-05 12:23:07 [restartedMain] INFO  o.s.d.r.c.RepositoryConfigurationDelegate - Finished Spring Data repository scanning in 20 ms. Found 7 JPA repository interfaces.
2025-06-05 12:23:07 [restartedMain] INFO  o.s.b.w.e.tomcat.TomcatWebServer - Tomcat initialized with port 8080 (http)
2025-06-05 12:23:07 [restartedMain] INFO  o.a.catalina.core.StandardService - Starting service [Tomcat]
2025-06-05 12:23:07 [restartedMain] INFO  o.a.catalina.core.StandardEngine - Starting Servlet engine: [Apache Tomcat/10.1.36]
2025-06-05 12:23:07 [restartedMain] INFO  o.a.c.c.C.[.[localhost].[/fitrack] - Initializing Spring embedded WebApplicationContext
2025-06-05 12:23:07 [restartedMain] INFO  o.s.b.w.s.c.ServletWebServerApplicationContext - Root WebApplicationContext: initialization completed in 510 ms
2025-06-05 12:23:07 [restartedMain] DEBUG o.s.w.f.ServerHttpObservationFilter - Filter 'webMvcObservationFilter' configured for use
2025-06-05 12:23:07 [restartedMain] DEBUG o.s.o.j.LocalContainerEntityManagerFactoryBean - Building JPA container EntityManagerFactory for persistence unit 'default'
2025-06-05 12:23:07 [restartedMain] INFO  o.h.jpa.internal.util.LogHelper - HHH000204: Processing PersistenceUnitInfo [name: default]
2025-06-05 12:23:07 [restartedMain] INFO  o.h.c.i.RegionFactoryInitiator - HHH000026: Second-level cache disabled
2025-06-05 12:23:07 [restartedMain] INFO  o.s.o.j.p.SpringPersistenceUnitInfo - No LoadTimeWeaver setup: ignoring JPA class transformer
2025-06-05 12:23:07 [restartedMain] INFO  com.zaxxer.hikari.HikariDataSource - HikariPool-4 - Starting...
2025-06-05 12:23:07 [restartedMain] INFO  com.zaxxer.hikari.pool.HikariPool - HikariPool-4 - Added connection com.mysql.cj.jdbc.ConnectionImpl@1b1cf735
2025-06-05 12:23:07 [restartedMain] INFO  com.zaxxer.hikari.HikariDataSource - HikariPool-4 - Start completed.
2025-06-05 12:23:07 [restartedMain] WARN  org.hibernate.orm.deprecation - HHH90000025: MySQL8Dialect does not need to be specified explicitly using 'hibernate.dialect' (remove the property setting and it will be selected by default)
2025-06-05 12:23:07 [restartedMain] WARN  org.hibernate.orm.deprecation - HHH90000026: MySQL8Dialect has been deprecated; use org.hibernate.dialect.MySQLDialect instead
2025-06-05 12:23:07 [restartedMain] INFO  o.hibernate.orm.connections.pooling - HHH10001005: Database info:
	Database JDBC URL [Connecting through datasource 'HikariDataSource (HikariPool-4)']
	Database driver: undefined/unknown
	Database version: 8.0
	Autocommit mode: undefined/unknown
	Isolation level: undefined/unknown
	Minimum pool size: undefined/unknown
	Maximum pool size: undefined/unknown
2025-06-05 12:23:07 [restartedMain] DEBUG o.h.t.d.sql.spi.DdlTypeRegistry - addDescriptor(12, org.hibernate.type.descriptor.sql.internal.CapacityDependentDdlType@fcfe53d) replaced previous registration(org.hibernate.type.descriptor.sql.internal.CapacityDependentDdlType@2e0f4cf2)
2025-06-05 12:23:07 [restartedMain] DEBUG o.h.t.d.sql.spi.DdlTypeRegistry - addDescriptor(-9, org.hibernate.type.descriptor.sql.internal.CapacityDependentDdlType@73a8f5b8) replaced previous registration(org.hibernate.type.descriptor.sql.internal.CapacityDependentDdlType@1d8ad498)
2025-06-05 12:23:07 [restartedMain] DEBUG o.h.t.d.sql.spi.DdlTypeRegistry - addDescriptor(-3, org.hibernate.type.descriptor.sql.internal.CapacityDependentDdlType@6d9c3c19) replaced previous registration(org.hibernate.type.descriptor.sql.internal.CapacityDependentDdlType@39a09584)
2025-06-05 12:23:07 [restartedMain] DEBUG o.h.t.d.sql.spi.DdlTypeRegistry - addDescriptor(4003, org.hibernate.type.descriptor.sql.internal.DdlTypeImpl@d91b23d) replaced previous registration(org.hibernate.type.descriptor.sql.internal.DdlTypeImpl@46f49903)
2025-06-05 12:23:07 [restartedMain] DEBUG o.h.t.d.sql.spi.DdlTypeRegistry - addDescriptor(4001, org.hibernate.type.descriptor.sql.internal.DdlTypeImpl@7735a951) replaced previous registration(org.hibernate.type.descriptor.sql.internal.DdlTypeImpl@7735fdd0)
2025-06-05 12:23:07 [restartedMain] DEBUG o.h.t.d.sql.spi.DdlTypeRegistry - addDescriptor(4002, org.hibernate.type.descriptor.sql.internal.DdlTypeImpl@156b4eb4) replaced previous registration(org.hibernate.type.descriptor.sql.internal.DdlTypeImpl@7f4c08a0)
2025-06-05 12:23:07 [restartedMain] DEBUG o.h.t.d.sql.spi.DdlTypeRegistry - addDescriptor(2004, org.hibernate.type.descriptor.sql.internal.CapacityDependentDdlType@25e94939) replaced previous registration(org.hibernate.type.descriptor.sql.internal.DdlTypeImpl@7deaeb29)
2025-06-05 12:23:07 [restartedMain] DEBUG o.h.t.d.sql.spi.DdlTypeRegistry - addDescriptor(2005, org.hibernate.type.descriptor.sql.internal.CapacityDependentDdlType@32bb04ce) replaced previous registration(org.hibernate.type.descriptor.sql.internal.DdlTypeImpl@2d2d1331)
2025-06-05 12:23:07 [restartedMain] DEBUG o.h.t.d.sql.spi.DdlTypeRegistry - addDescriptor(2011, org.hibernate.type.descriptor.sql.internal.CapacityDependentDdlType@42e2372c) replaced previous registration(org.hibernate.type.descriptor.sql.internal.DdlTypeImpl@68fb2ffa)
2025-06-05 12:23:08 [restartedMain] INFO  o.h.e.t.j.p.i.JtaPlatformInitiator - HHH000489: No JTA platform available (set 'hibernate.transaction.jta.platform' to enable JTA platform integration)
2025-06-05 12:23:08 [restartedMain] INFO  o.s.o.j.LocalContainerEntityManagerFactoryBean - Initialized JPA EntityManagerFactory for persistence unit 'default'
2025-06-05 12:23:08 [restartedMain] DEBUG o.s.o.j.SharedEntityManagerCreator$SharedEntityManagerInvocationHandler - Creating new EntityManager for shared EntityManager invocation
2025-06-05 12:23:08 [restartedMain] DEBUG o.s.o.j.SharedEntityManagerCreator$SharedEntityManagerInvocationHandler - Creating new EntityManager for shared EntityManager invocation
2025-06-05 12:23:08 [restartedMain] DEBUG o.s.o.j.SharedEntityManagerCreator$SharedEntityManagerInvocationHandler - Creating new EntityManager for shared EntityManager invocation
2025-06-05 12:23:08 [restartedMain] DEBUG o.s.o.j.SharedEntityManagerCreator$SharedEntityManagerInvocationHandler - Creating new EntityManager for shared EntityManager invocation
2025-06-05 12:23:08 [restartedMain] DEBUG o.s.o.j.SharedEntityManagerCreator$SharedEntityManagerInvocationHandler - Creating new EntityManager for shared EntityManager invocation
2025-06-05 12:23:08 [restartedMain] DEBUG o.s.o.j.SharedEntityManagerCreator$SharedEntityManagerInvocationHandler - Creating new EntityManager for shared EntityManager invocation
2025-06-05 12:23:08 [restartedMain] DEBUG o.s.o.j.SharedEntityManagerCreator$SharedEntityManagerInvocationHandler - Creating new EntityManager for shared EntityManager invocation
2025-06-05 12:23:08 [restartedMain] DEBUG o.s.o.j.SharedEntityManagerCreator$SharedEntityManagerInvocationHandler - Creating new EntityManager for shared EntityManager invocation
2025-06-05 12:23:08 [restartedMain] TRACE o.s.t.a.AnnotationTransactionAttributeSource - Adding transactional method 'com.app.fitrack.service.EmailService.sendPasswordResetEmail' with attribute: PROPAGATION_REQUIRED,ISOLATION_DEFAULT
2025-06-05 12:23:08 [restartedMain] TRACE o.s.t.a.AnnotationTransactionAttributeSource - Adding transactional method 'com.app.fitrack.service.EmailService.sendVerificationEmail' with attribute: PROPAGATION_REQUIRED,ISOLATION_DEFAULT
2025-06-05 12:23:08 [restartedMain] DEBUG o.s.o.j.SharedEntityManagerCreator$SharedEntityManagerInvocationHandler - Creating new EntityManager for shared EntityManager invocation
2025-06-05 12:23:08 [restartedMain] DEBUG o.s.o.j.SharedEntityManagerCreator$SharedEntityManagerInvocationHandler - Creating new EntityManager for shared EntityManager invocation
2025-06-05 12:23:08 [restartedMain] DEBUG o.s.o.j.SharedEntityManagerCreator$SharedEntityManagerInvocationHandler - Creating new EntityManager for shared EntityManager invocation
2025-06-05 12:23:08 [restartedMain] DEBUG o.s.o.j.SharedEntityManagerCreator$SharedEntityManagerInvocationHandler - Creating new EntityManager for shared EntityManager invocation
2025-06-05 12:23:08 [restartedMain] DEBUG o.s.o.j.SharedEntityManagerCreator$SharedEntityManagerInvocationHandler - Creating new EntityManager for shared EntityManager invocation
2025-06-05 12:23:08 [restartedMain] DEBUG o.s.o.j.SharedEntityManagerCreator$SharedEntityManagerInvocationHandler - Creating new EntityManager for shared EntityManager invocation
2025-06-05 12:23:08 [restartedMain] DEBUG o.s.o.j.SharedEntityManagerCreator$SharedEntityManagerInvocationHandler - Creating new EntityManager for shared EntityManager invocation
2025-06-05 12:23:08 [restartedMain] DEBUG o.s.o.j.SharedEntityManagerCreator$SharedEntityManagerInvocationHandler - Creating new EntityManager for shared EntityManager invocation
2025-06-05 12:23:08 [restartedMain] DEBUG o.s.o.j.SharedEntityManagerCreator$SharedEntityManagerInvocationHandler - Creating new EntityManager for shared EntityManager invocation
2025-06-05 12:23:08 [restartedMain] DEBUG o.s.o.j.SharedEntityManagerCreator$SharedEntityManagerInvocationHandler - Creating new EntityManager for shared EntityManager invocation
2025-06-05 12:23:08 [restartedMain] DEBUG o.s.o.j.SharedEntityManagerCreator$SharedEntityManagerInvocationHandler - Creating new EntityManager for shared EntityManager invocation
2025-06-05 12:23:08 [restartedMain] DEBUG o.s.o.j.SharedEntityManagerCreator$SharedEntityManagerInvocationHandler - Creating new EntityManager for shared EntityManager invocation
2025-06-05 12:23:08 [restartedMain] TRACE o.s.t.a.AnnotationTransactionAttributeSource - Adding transactional method 'com.app.fitrack.service.UserService.verifyEmailChange' with attribute: PROPAGATION_REQUIRED,ISOLATION_DEFAULT
2025-06-05 12:23:08 [restartedMain] TRACE o.s.t.a.AnnotationTransactionAttributeSource - Adding transactional method 'com.app.fitrack.service.UserService.updateUserProfile' with attribute: PROPAGATION_REQUIRED,ISOLATION_DEFAULT
2025-06-05 12:23:08 [restartedMain] TRACE o.s.t.a.AnnotationTransactionAttributeSource - Adding transactional method 'com.app.fitrack.service.UserService.createUserProfile' with attribute: PROPAGATION_REQUIRED,ISOLATION_DEFAULT
2025-06-05 12:23:08 [restartedMain] TRACE o.s.t.a.AnnotationTransactionAttributeSource - Adding transactional method 'com.app.fitrack.service.UserService.calculateTDEE' with attribute: PROPAGATION_REQUIRED,ISOLATION_DEFAULT
2025-06-05 12:23:08 [restartedMain] TRACE o.s.t.a.AnnotationTransactionAttributeSource - Adding transactional method 'com.app.fitrack.service.UserService.requestEmailChangeVerification' with attribute: PROPAGATION_REQUIRED,ISOLATION_DEFAULT
2025-06-05 12:23:08 [restartedMain] TRACE o.s.t.a.AnnotationTransactionAttributeSource - Adding transactional method 'com.app.fitrack.service.UserService.saveUser' with attribute: PROPAGATION_REQUIRED,ISOLATION_DEFAULT
2025-06-05 12:23:08 [restartedMain] TRACE o.s.t.a.AnnotationTransactionAttributeSource - Adding transactional method 'com.app.fitrack.service.UserService.verifyUser' with attribute: PROPAGATION_REQUIRED,ISOLATION_DEFAULT
2025-06-05 12:23:08 [restartedMain] TRACE o.s.t.a.AnnotationTransactionAttributeSource - Adding transactional method 'com.app.fitrack.service.UserService.resendVerificationCode' with attribute: PROPAGATION_REQUIRED,ISOLATION_DEFAULT
2025-06-05 12:23:08 [restartedMain] TRACE o.s.t.a.AnnotationTransactionAttributeSource - Adding transactional method 'com.app.fitrack.service.UserService.getAuthenticatedUser' with attribute: PROPAGATION_REQUIRED,ISOLATION_DEFAULT
2025-06-05 12:23:08 [restartedMain] TRACE o.s.t.a.AnnotationTransactionAttributeSource - Adding transactional method 'com.app.fitrack.service.UserService.generatePasswordResetToken' with attribute: PROPAGATION_REQUIRED,ISOLATION_DEFAULT
2025-06-05 12:23:08 [restartedMain] TRACE o.s.t.a.AnnotationTransactionAttributeSource - Adding transactional method 'com.app.fitrack.service.UserService.calculateDynamicActivityFactor' with attribute: PROPAGATION_REQUIRED,ISOLATION_DEFAULT
2025-06-05 12:23:08 [restartedMain] TRACE o.s.t.a.AnnotationTransactionAttributeSource - Adding transactional method 'com.app.fitrack.service.UserService.resetPassword' with attribute: PROPAGATION_REQUIRED,ISOLATION_DEFAULT
2025-06-05 12:23:08 [restartedMain] TRACE o.s.t.a.AnnotationTransactionAttributeSource - Adding transactional method 'com.app.fitrack.service.UserService.registerUser' with attribute: PROPAGATION_REQUIRED,ISOLATION_DEFAULT
2025-06-05 12:23:08 [restartedMain] TRACE o.s.t.a.AnnotationTransactionAttributeSource - Adding transactional method 'com.app.fitrack.service.UserService.calculateBMR' with attribute: PROPAGATION_REQUIRED,ISOLATION_DEFAULT
2025-06-05 12:23:08 [restartedMain] TRACE o.s.t.a.AnnotationTransactionAttributeSource - Adding transactional method 'com.app.fitrack.service.UserService.findByEmail' with attribute: PROPAGATION_REQUIRED,ISOLATION_DEFAULT
2025-06-05 12:23:08 [restartedMain] DEBUG o.s.o.j.SharedEntityManagerCreator$SharedEntityManagerInvocationHandler - Creating new EntityManager for shared EntityManager invocation
2025-06-05 12:23:08 [restartedMain] DEBUG o.s.o.j.SharedEntityManagerCreator$SharedEntityManagerInvocationHandler - Creating new EntityManager for shared EntityManager invocation
2025-06-05 12:23:08 [restartedMain] DEBUG o.s.o.j.SharedEntityManagerCreator$SharedEntityManagerInvocationHandler - Creating new EntityManager for shared EntityManager invocation
2025-06-05 12:23:08 [restartedMain] DEBUG o.s.o.j.SharedEntityManagerCreator$SharedEntityManagerInvocationHandler - Creating new EntityManager for shared EntityManager invocation
2025-06-05 12:23:08 [restartedMain] DEBUG o.s.o.j.SharedEntityManagerCreator$SharedEntityManagerInvocationHandler - Creating new EntityManager for shared EntityManager invocation
2025-06-05 12:23:08 [restartedMain] DEBUG o.s.o.j.SharedEntityManagerCreator$SharedEntityManagerInvocationHandler - Creating new EntityManager for shared EntityManager invocation
2025-06-05 12:23:08 [restartedMain] DEBUG o.s.o.j.SharedEntityManagerCreator$SharedEntityManagerInvocationHandler - Creating new EntityManager for shared EntityManager invocation
2025-06-05 12:23:08 [restartedMain] DEBUG o.s.o.j.SharedEntityManagerCreator$SharedEntityManagerInvocationHandler - Creating new EntityManager for shared EntityManager invocation
2025-06-05 12:23:08 [restartedMain] DEBUG o.s.o.j.SharedEntityManagerCreator$SharedEntityManagerInvocationHandler - Creating new EntityManager for shared EntityManager invocation
2025-06-05 12:23:08 [restartedMain] DEBUG o.s.o.j.SharedEntityManagerCreator$SharedEntityManagerInvocationHandler - Creating new EntityManager for shared EntityManager invocation
2025-06-05 12:23:08 [restartedMain] DEBUG o.s.o.j.SharedEntityManagerCreator$SharedEntityManagerInvocationHandler - Creating new EntityManager for shared EntityManager invocation
2025-06-05 12:23:08 [restartedMain] DEBUG o.s.o.j.SharedEntityManagerCreator$SharedEntityManagerInvocationHandler - Creating new EntityManager for shared EntityManager invocation
2025-06-05 12:23:08 [restartedMain] DEBUG o.s.o.j.SharedEntityManagerCreator$SharedEntityManagerInvocationHandler - Creating new EntityManager for shared EntityManager invocation
2025-06-05 12:23:08 [restartedMain] INFO  c.a.f.service.NutritionixService - NutritionixService initialized. App ID loaded: true, API Key loaded: true
2025-06-05 12:23:08 [restartedMain] DEBUG o.s.o.j.SharedEntityManagerCreator$SharedEntityManagerInvocationHandler - Creating new EntityManager for shared EntityManager invocation
2025-06-05 12:23:08 [restartedMain] DEBUG o.s.o.j.SharedEntityManagerCreator$SharedEntityManagerInvocationHandler - Creating new EntityManager for shared EntityManager invocation
2025-06-05 12:23:08 [restartedMain] DEBUG o.s.o.j.SharedEntityManagerCreator$SharedEntityManagerInvocationHandler - Creating new EntityManager for shared EntityManager invocation
2025-06-05 12:23:08 [restartedMain] DEBUG o.s.o.j.SharedEntityManagerCreator$SharedEntityManagerInvocationHandler - Creating new EntityManager for shared EntityManager invocation
2025-06-05 12:23:08 [restartedMain] DEBUG o.s.o.j.SharedEntityManagerCreator$SharedEntityManagerInvocationHandler - Creating new EntityManager for shared EntityManager invocation
2025-06-05 12:23:08 [restartedMain] DEBUG o.s.o.j.SharedEntityManagerCreator$SharedEntityManagerInvocationHandler - Creating new EntityManager for shared EntityManager invocation
2025-06-05 12:23:08 [restartedMain] DEBUG o.s.o.j.SharedEntityManagerCreator$SharedEntityManagerInvocationHandler - Creating new EntityManager for shared EntityManager invocation
2025-06-05 12:23:08 [restartedMain] DEBUG o.s.o.j.SharedEntityManagerCreator$SharedEntityManagerInvocationHandler - Creating new EntityManager for shared EntityManager invocation
2025-06-05 12:23:08 [restartedMain] TRACE o.s.t.a.AnnotationTransactionAttributeSource - Adding transactional method 'com.app.fitrack.service.GoalService.deleteGoal' with attribute: PROPAGATION_REQUIRED,ISOLATION_DEFAULT
2025-06-05 12:23:08 [restartedMain] TRACE o.s.t.a.AnnotationTransactionAttributeSource - Adding transactional method 'com.app.fitrack.service.GoalService.createGoal' with attribute: PROPAGATION_REQUIRED,ISOLATION_DEFAULT
2025-06-05 12:23:08 [restartedMain] TRACE o.s.t.a.AnnotationTransactionAttributeSource - Adding transactional method 'com.app.fitrack.service.GoalService.updateGoalsBasedOnActivity' with attribute: PROPAGATION_REQUIRED,ISOLATION_DEFAULT
2025-06-05 12:23:08 [restartedMain] TRACE o.s.t.a.AnnotationTransactionAttributeSource - Adding transactional method 'com.app.fitrack.service.GoalService.archiveGoal' with attribute: PROPAGATION_REQUIRED,ISOLATION_DEFAULT
2025-06-05 12:23:08 [restartedMain] TRACE o.s.t.a.AnnotationTransactionAttributeSource - Adding transactional method 'com.app.fitrack.service.GoalService.updateGoalProgress' with attribute: PROPAGATION_REQUIRED,ISOLATION_DEFAULT
2025-06-05 12:23:08 [restartedMain] WARN  o.s.b.a.o.j.JpaBaseConfiguration$JpaWebConfiguration - spring.jpa.open-in-view is enabled by default. Therefore, database queries may be performed during view rendering. Explicitly configure spring.jpa.open-in-view to disable this warning
2025-06-05 12:23:08 [restartedMain] INFO  o.s.s.c.a.a.c.InitializeUserDetailsBeanManagerConfigurer$InitializeUserDetailsManagerConfigurer - Global AuthenticationManager configured with UserDetailsService bean with name customUserDetailsService
2025-06-05 12:23:08 [restartedMain] DEBUG o.s.w.s.m.m.a.RequestMappingHandlerMapping - 51 mappings in 'requestMappingHandlerMapping'
2025-06-05 12:23:08 [restartedMain] DEBUG o.s.w.s.h.SimpleUrlHandlerMapping - Patterns [/webjars/**, /**] in 'resourceHandlerMapping'
2025-06-05 12:23:08 [restartedMain] INFO  o.s.b.a.e.web.EndpointLinksResolver - Exposing 1 endpoint beneath base path '/actuator'
2025-06-05 12:23:08 [restartedMain] DEBUG o.s.s.web.DefaultSecurityFilterChain - Will secure any request with filters: DisableEncodeUrlFilter, WebAsyncManagerIntegrationFilter, SecurityContextHolderFilter, HeaderWriterFilter, CsrfFilter, LogoutFilter, UsernamePasswordAuthenticationFilter, RequestCacheAwareFilter, SecurityContextHolderAwareRequestFilter, AnonymousAuthenticationFilter, ExceptionTranslationFilter, AuthorizationFilter
2025-06-05 12:23:08 [restartedMain] DEBUG o.s.w.s.m.m.a.RequestMappingHandlerAdapter - ControllerAdvice beans: 0 @ModelAttribute, 0 @InitBinder, 1 RequestBodyAdvice, 1 ResponseBodyAdvice
2025-06-05 12:23:08 [restartedMain] DEBUG o.s.w.s.m.m.a.ExceptionHandlerExceptionResolver - ControllerAdvice beans: 0 @ExceptionHandler, 1 ResponseBodyAdvice
2025-06-05 12:23:08 [restartedMain] INFO  o.s.b.a.h.H2ConsoleAutoConfiguration - H2 console available at '/h2-console'. Database available at 'jdbc:mysql://localhost:3306/fitrackerapp'
2025-06-05 12:23:08 [restartedMain] INFO  o.s.b.d.a.OptionalLiveReloadServer - LiveReload server is running on port 35729
2025-06-05 12:23:08 [restartedMain] INFO  o.s.b.w.e.tomcat.TomcatWebServer - Tomcat started on port 8080 (http) with context path '/fitrack'
2025-06-05 12:23:08 [restartedMain] INFO  com.app.fitrack.FitrackApplication - Started FitrackApplication in 1.531 seconds (process running for 124.461)
2025-06-05 12:23:08 [restartedMain] INFO  o.s.b.d.a.ConditionEvaluationDeltaLoggingListener - Condition evaluation unchanged
2025-06-05 12:23:10 [File Watcher] INFO  o.s.b.d.a.LocalDevToolsAutoConfiguration$RestartingClassPathChangeChangedEventListener - Restarting due to 1 class path change (0 additions, 0 deletions, 1 modification)
2025-06-05 12:23:10 [Thread-15] INFO  o.s.b.w.e.tomcat.GracefulShutdown - Commencing graceful shutdown. Waiting for active requests to complete
2025-06-05 12:23:10 [tomcat-shutdown] INFO  o.s.b.w.e.tomcat.GracefulShutdown - Graceful shutdown complete
2025-06-05 12:23:10 [Thread-15] INFO  o.s.o.j.LocalContainerEntityManagerFactoryBean - Closing JPA EntityManagerFactory for persistence unit 'default'
2025-06-05 12:23:10 [Thread-15] INFO  com.zaxxer.hikari.HikariDataSource - HikariPool-4 - Shutdown initiated...
2025-06-05 12:23:10 [Thread-15] INFO  com.zaxxer.hikari.HikariDataSource - HikariPool-4 - Shutdown completed.
2025-06-05 12:23:10 [restartedMain] INFO  com.app.fitrack.FitrackApplication - Starting FitrackApplication using Java 23.0.1 with PID 18244 (C:\Users\Charlene C. Dilig\OneDrive\Documents\Github\Fitrack\fitrack\target\classes started by Charlene C. Dilig in C:\Users\Charlene C. Dilig\OneDrive\Documents\Github\Fitrack)
2025-06-05 12:23:10 [restartedMain] DEBUG com.app.fitrack.FitrackApplication - Running with Spring Boot v3.4.3, Spring v6.2.3
2025-06-05 12:23:10 [restartedMain] INFO  com.app.fitrack.FitrackApplication - No active profile set, falling back to 1 default profile: "default"
2025-06-05 12:23:10 [restartedMain] INFO  o.s.d.r.c.RepositoryConfigurationDelegate - Bootstrapping Spring Data JPA repositories in DEFAULT mode.
2025-06-05 12:23:10 [restartedMain] INFO  o.s.d.r.c.RepositoryConfigurationDelegate - Finished Spring Data repository scanning in 19 ms. Found 7 JPA repository interfaces.
2025-06-05 12:23:10 [restartedMain] INFO  o.s.b.w.e.tomcat.TomcatWebServer - Tomcat initialized with port 8080 (http)
2025-06-05 12:23:10 [restartedMain] INFO  o.a.catalina.core.StandardService - Starting service [Tomcat]
2025-06-05 12:23:10 [restartedMain] INFO  o.a.catalina.core.StandardEngine - Starting Servlet engine: [Apache Tomcat/10.1.36]
2025-06-05 12:23:10 [restartedMain] INFO  o.a.c.c.C.[.[localhost].[/fitrack] - Initializing Spring embedded WebApplicationContext
2025-06-05 12:23:10 [restartedMain] INFO  o.s.b.w.s.c.ServletWebServerApplicationContext - Root WebApplicationContext: initialization completed in 443 ms
2025-06-05 12:23:10 [restartedMain] DEBUG o.s.w.f.ServerHttpObservationFilter - Filter 'webMvcObservationFilter' configured for use
2025-06-05 12:23:10 [restartedMain] DEBUG o.s.o.j.LocalContainerEntityManagerFactoryBean - Building JPA container EntityManagerFactory for persistence unit 'default'
2025-06-05 12:23:10 [restartedMain] INFO  o.h.jpa.internal.util.LogHelper - HHH000204: Processing PersistenceUnitInfo [name: default]
2025-06-05 12:23:10 [restartedMain] INFO  o.h.c.i.RegionFactoryInitiator - HHH000026: Second-level cache disabled
2025-06-05 12:23:10 [restartedMain] INFO  o.s.o.j.p.SpringPersistenceUnitInfo - No LoadTimeWeaver setup: ignoring JPA class transformer
2025-06-05 12:23:10 [restartedMain] INFO  com.zaxxer.hikari.HikariDataSource - HikariPool-5 - Starting...
2025-06-05 12:23:10 [restartedMain] INFO  com.zaxxer.hikari.pool.HikariPool - HikariPool-5 - Added connection com.mysql.cj.jdbc.ConnectionImpl@73f6b4d7
2025-06-05 12:23:10 [restartedMain] INFO  com.zaxxer.hikari.HikariDataSource - HikariPool-5 - Start completed.
2025-06-05 12:23:10 [restartedMain] WARN  org.hibernate.orm.deprecation - HHH90000025: MySQL8Dialect does not need to be specified explicitly using 'hibernate.dialect' (remove the property setting and it will be selected by default)
2025-06-05 12:23:10 [restartedMain] WARN  org.hibernate.orm.deprecation - HHH90000026: MySQL8Dialect has been deprecated; use org.hibernate.dialect.MySQLDialect instead
2025-06-05 12:23:10 [restartedMain] INFO  o.hibernate.orm.connections.pooling - HHH10001005: Database info:
	Database JDBC URL [Connecting through datasource 'HikariDataSource (HikariPool-5)']
	Database driver: undefined/unknown
	Database version: 8.0
	Autocommit mode: undefined/unknown
	Isolation level: undefined/unknown
	Minimum pool size: undefined/unknown
	Maximum pool size: undefined/unknown
2025-06-05 12:23:10 [restartedMain] DEBUG o.h.t.d.sql.spi.DdlTypeRegistry - addDescriptor(12, org.hibernate.type.descriptor.sql.internal.CapacityDependentDdlType@44c6d2c1) replaced previous registration(org.hibernate.type.descriptor.sql.internal.CapacityDependentDdlType@2354705b)
2025-06-05 12:23:10 [restartedMain] DEBUG o.h.t.d.sql.spi.DdlTypeRegistry - addDescriptor(-9, org.hibernate.type.descriptor.sql.internal.CapacityDependentDdlType@5c28ba43) replaced previous registration(org.hibernate.type.descriptor.sql.internal.CapacityDependentDdlType@57fa8c93)
2025-06-05 12:23:10 [restartedMain] DEBUG o.h.t.d.sql.spi.DdlTypeRegistry - addDescriptor(-3, org.hibernate.type.descriptor.sql.internal.CapacityDependentDdlType@25581c77) replaced previous registration(org.hibernate.type.descriptor.sql.internal.CapacityDependentDdlType@250e662f)
2025-06-05 12:23:10 [restartedMain] DEBUG o.h.t.d.sql.spi.DdlTypeRegistry - addDescriptor(4003, org.hibernate.type.descriptor.sql.internal.DdlTypeImpl@3c6d2a6f) replaced previous registration(org.hibernate.type.descriptor.sql.internal.DdlTypeImpl@3ff0a765)
2025-06-05 12:23:10 [restartedMain] DEBUG o.h.t.d.sql.spi.DdlTypeRegistry - addDescriptor(4001, org.hibernate.type.descriptor.sql.internal.DdlTypeImpl@5aaebf48) replaced previous registration(org.hibernate.type.descriptor.sql.internal.DdlTypeImpl@c47852c)
2025-06-05 12:23:10 [restartedMain] DEBUG o.h.t.d.sql.spi.DdlTypeRegistry - addDescriptor(4002, org.hibernate.type.descriptor.sql.internal.DdlTypeImpl@592ce899) replaced previous registration(org.hibernate.type.descriptor.sql.internal.DdlTypeImpl@635da756)
2025-06-05 12:23:10 [restartedMain] DEBUG o.h.t.d.sql.spi.DdlTypeRegistry - addDescriptor(2004, org.hibernate.type.descriptor.sql.internal.CapacityDependentDdlType@4ca6108a) replaced previous registration(org.hibernate.type.descriptor.sql.internal.DdlTypeImpl@7cf892d7)
2025-06-05 12:23:10 [restartedMain] DEBUG o.h.t.d.sql.spi.DdlTypeRegistry - addDescriptor(2005, org.hibernate.type.descriptor.sql.internal.CapacityDependentDdlType@42aed5f1) replaced previous registration(org.hibernate.type.descriptor.sql.internal.DdlTypeImpl@4cc7ade5)
2025-06-05 12:23:10 [restartedMain] DEBUG o.h.t.d.sql.spi.DdlTypeRegistry - addDescriptor(2011, org.hibernate.type.descriptor.sql.internal.CapacityDependentDdlType@3099c6b7) replaced previous registration(org.hibernate.type.descriptor.sql.internal.DdlTypeImpl@84f8459)
2025-06-05 12:23:11 [restartedMain] INFO  o.h.e.t.j.p.i.JtaPlatformInitiator - HHH000489: No JTA platform available (set 'hibernate.transaction.jta.platform' to enable JTA platform integration)
2025-06-05 12:23:11 [restartedMain] INFO  o.s.o.j.LocalContainerEntityManagerFactoryBean - Initialized JPA EntityManagerFactory for persistence unit 'default'
2025-06-05 12:23:11 [restartedMain] DEBUG o.s.o.j.SharedEntityManagerCreator$SharedEntityManagerInvocationHandler - Creating new EntityManager for shared EntityManager invocation
2025-06-05 12:23:11 [restartedMain] DEBUG o.s.o.j.SharedEntityManagerCreator$SharedEntityManagerInvocationHandler - Creating new EntityManager for shared EntityManager invocation
2025-06-05 12:23:11 [restartedMain] DEBUG o.s.o.j.SharedEntityManagerCreator$SharedEntityManagerInvocationHandler - Creating new EntityManager for shared EntityManager invocation
2025-06-05 12:23:11 [restartedMain] DEBUG o.s.o.j.SharedEntityManagerCreator$SharedEntityManagerInvocationHandler - Creating new EntityManager for shared EntityManager invocation
2025-06-05 12:23:11 [restartedMain] DEBUG o.s.o.j.SharedEntityManagerCreator$SharedEntityManagerInvocationHandler - Creating new EntityManager for shared EntityManager invocation
2025-06-05 12:23:11 [restartedMain] DEBUG o.s.o.j.SharedEntityManagerCreator$SharedEntityManagerInvocationHandler - Creating new EntityManager for shared EntityManager invocation
2025-06-05 12:23:11 [restartedMain] DEBUG o.s.o.j.SharedEntityManagerCreator$SharedEntityManagerInvocationHandler - Creating new EntityManager for shared EntityManager invocation
2025-06-05 12:23:11 [restartedMain] DEBUG o.s.o.j.SharedEntityManagerCreator$SharedEntityManagerInvocationHandler - Creating new EntityManager for shared EntityManager invocation
2025-06-05 12:23:11 [restartedMain] TRACE o.s.t.a.AnnotationTransactionAttributeSource - Adding transactional method 'com.app.fitrack.service.EmailService.sendPasswordResetEmail' with attribute: PROPAGATION_REQUIRED,ISOLATION_DEFAULT
2025-06-05 12:23:11 [restartedMain] TRACE o.s.t.a.AnnotationTransactionAttributeSource - Adding transactional method 'com.app.fitrack.service.EmailService.sendVerificationEmail' with attribute: PROPAGATION_REQUIRED,ISOLATION_DEFAULT
2025-06-05 12:23:11 [restartedMain] DEBUG o.s.o.j.SharedEntityManagerCreator$SharedEntityManagerInvocationHandler - Creating new EntityManager for shared EntityManager invocation
2025-06-05 12:23:11 [restartedMain] DEBUG o.s.o.j.SharedEntityManagerCreator$SharedEntityManagerInvocationHandler - Creating new EntityManager for shared EntityManager invocation
2025-06-05 12:23:11 [restartedMain] DEBUG o.s.o.j.SharedEntityManagerCreator$SharedEntityManagerInvocationHandler - Creating new EntityManager for shared EntityManager invocation
2025-06-05 12:23:11 [restartedMain] DEBUG o.s.o.j.SharedEntityManagerCreator$SharedEntityManagerInvocationHandler - Creating new EntityManager for shared EntityManager invocation
2025-06-05 12:23:11 [restartedMain] DEBUG o.s.o.j.SharedEntityManagerCreator$SharedEntityManagerInvocationHandler - Creating new EntityManager for shared EntityManager invocation
2025-06-05 12:23:11 [restartedMain] DEBUG o.s.o.j.SharedEntityManagerCreator$SharedEntityManagerInvocationHandler - Creating new EntityManager for shared EntityManager invocation
2025-06-05 12:23:11 [restartedMain] DEBUG o.s.o.j.SharedEntityManagerCreator$SharedEntityManagerInvocationHandler - Creating new EntityManager for shared EntityManager invocation
2025-06-05 12:23:11 [restartedMain] DEBUG o.s.o.j.SharedEntityManagerCreator$SharedEntityManagerInvocationHandler - Creating new EntityManager for shared EntityManager invocation
2025-06-05 12:23:11 [restartedMain] DEBUG o.s.o.j.SharedEntityManagerCreator$SharedEntityManagerInvocationHandler - Creating new EntityManager for shared EntityManager invocation
2025-06-05 12:23:11 [restartedMain] DEBUG o.s.o.j.SharedEntityManagerCreator$SharedEntityManagerInvocationHandler - Creating new EntityManager for shared EntityManager invocation
2025-06-05 12:23:11 [restartedMain] DEBUG o.s.o.j.SharedEntityManagerCreator$SharedEntityManagerInvocationHandler - Creating new EntityManager for shared EntityManager invocation
2025-06-05 12:23:11 [restartedMain] DEBUG o.s.o.j.SharedEntityManagerCreator$SharedEntityManagerInvocationHandler - Creating new EntityManager for shared EntityManager invocation
2025-06-05 12:23:11 [restartedMain] TRACE o.s.t.a.AnnotationTransactionAttributeSource - Adding transactional method 'com.app.fitrack.service.UserService.verifyEmailChange' with attribute: PROPAGATION_REQUIRED,ISOLATION_DEFAULT
2025-06-05 12:23:11 [restartedMain] TRACE o.s.t.a.AnnotationTransactionAttributeSource - Adding transactional method 'com.app.fitrack.service.UserService.updateUserProfile' with attribute: PROPAGATION_REQUIRED,ISOLATION_DEFAULT
2025-06-05 12:23:11 [restartedMain] TRACE o.s.t.a.AnnotationTransactionAttributeSource - Adding transactional method 'com.app.fitrack.service.UserService.createUserProfile' with attribute: PROPAGATION_REQUIRED,ISOLATION_DEFAULT
2025-06-05 12:23:11 [restartedMain] TRACE o.s.t.a.AnnotationTransactionAttributeSource - Adding transactional method 'com.app.fitrack.service.UserService.calculateTDEE' with attribute: PROPAGATION_REQUIRED,ISOLATION_DEFAULT
2025-06-05 12:23:11 [restartedMain] TRACE o.s.t.a.AnnotationTransactionAttributeSource - Adding transactional method 'com.app.fitrack.service.UserService.requestEmailChangeVerification' with attribute: PROPAGATION_REQUIRED,ISOLATION_DEFAULT
2025-06-05 12:23:11 [restartedMain] TRACE o.s.t.a.AnnotationTransactionAttributeSource - Adding transactional method 'com.app.fitrack.service.UserService.saveUser' with attribute: PROPAGATION_REQUIRED,ISOLATION_DEFAULT
2025-06-05 12:23:11 [restartedMain] TRACE o.s.t.a.AnnotationTransactionAttributeSource - Adding transactional method 'com.app.fitrack.service.UserService.verifyUser' with attribute: PROPAGATION_REQUIRED,ISOLATION_DEFAULT
2025-06-05 12:23:11 [restartedMain] TRACE o.s.t.a.AnnotationTransactionAttributeSource - Adding transactional method 'com.app.fitrack.service.UserService.resendVerificationCode' with attribute: PROPAGATION_REQUIRED,ISOLATION_DEFAULT
2025-06-05 12:23:11 [restartedMain] TRACE o.s.t.a.AnnotationTransactionAttributeSource - Adding transactional method 'com.app.fitrack.service.UserService.getAuthenticatedUser' with attribute: PROPAGATION_REQUIRED,ISOLATION_DEFAULT
2025-06-05 12:23:11 [restartedMain] TRACE o.s.t.a.AnnotationTransactionAttributeSource - Adding transactional method 'com.app.fitrack.service.UserService.generatePasswordResetToken' with attribute: PROPAGATION_REQUIRED,ISOLATION_DEFAULT
2025-06-05 12:23:11 [restartedMain] TRACE o.s.t.a.AnnotationTransactionAttributeSource - Adding transactional method 'com.app.fitrack.service.UserService.calculateDynamicActivityFactor' with attribute: PROPAGATION_REQUIRED,ISOLATION_DEFAULT
2025-06-05 12:23:11 [restartedMain] TRACE o.s.t.a.AnnotationTransactionAttributeSource - Adding transactional method 'com.app.fitrack.service.UserService.resetPassword' with attribute: PROPAGATION_REQUIRED,ISOLATION_DEFAULT
2025-06-05 12:23:11 [restartedMain] TRACE o.s.t.a.AnnotationTransactionAttributeSource - Adding transactional method 'com.app.fitrack.service.UserService.registerUser' with attribute: PROPAGATION_REQUIRED,ISOLATION_DEFAULT
2025-06-05 12:23:11 [restartedMain] TRACE o.s.t.a.AnnotationTransactionAttributeSource - Adding transactional method 'com.app.fitrack.service.UserService.calculateBMR' with attribute: PROPAGATION_REQUIRED,ISOLATION_DEFAULT
2025-06-05 12:23:11 [restartedMain] TRACE o.s.t.a.AnnotationTransactionAttributeSource - Adding transactional method 'com.app.fitrack.service.UserService.findByEmail' with attribute: PROPAGATION_REQUIRED,ISOLATION_DEFAULT
2025-06-05 12:23:11 [restartedMain] DEBUG o.s.o.j.SharedEntityManagerCreator$SharedEntityManagerInvocationHandler - Creating new EntityManager for shared EntityManager invocation
2025-06-05 12:23:11 [restartedMain] DEBUG o.s.o.j.SharedEntityManagerCreator$SharedEntityManagerInvocationHandler - Creating new EntityManager for shared EntityManager invocation
2025-06-05 12:23:11 [restartedMain] DEBUG o.s.o.j.SharedEntityManagerCreator$SharedEntityManagerInvocationHandler - Creating new EntityManager for shared EntityManager invocation
2025-06-05 12:23:11 [restartedMain] DEBUG o.s.o.j.SharedEntityManagerCreator$SharedEntityManagerInvocationHandler - Creating new EntityManager for shared EntityManager invocation
2025-06-05 12:23:11 [restartedMain] DEBUG o.s.o.j.SharedEntityManagerCreator$SharedEntityManagerInvocationHandler - Creating new EntityManager for shared EntityManager invocation
2025-06-05 12:23:11 [restartedMain] DEBUG o.s.o.j.SharedEntityManagerCreator$SharedEntityManagerInvocationHandler - Creating new EntityManager for shared EntityManager invocation
2025-06-05 12:23:11 [restartedMain] DEBUG o.s.o.j.SharedEntityManagerCreator$SharedEntityManagerInvocationHandler - Creating new EntityManager for shared EntityManager invocation
2025-06-05 12:23:11 [restartedMain] DEBUG o.s.o.j.SharedEntityManagerCreator$SharedEntityManagerInvocationHandler - Creating new EntityManager for shared EntityManager invocation
2025-06-05 12:23:11 [restartedMain] DEBUG o.s.o.j.SharedEntityManagerCreator$SharedEntityManagerInvocationHandler - Creating new EntityManager for shared EntityManager invocation
2025-06-05 12:23:11 [restartedMain] DEBUG o.s.o.j.SharedEntityManagerCreator$SharedEntityManagerInvocationHandler - Creating new EntityManager for shared EntityManager invocation
2025-06-05 12:23:11 [restartedMain] DEBUG o.s.o.j.SharedEntityManagerCreator$SharedEntityManagerInvocationHandler - Creating new EntityManager for shared EntityManager invocation
2025-06-05 12:23:11 [restartedMain] DEBUG o.s.o.j.SharedEntityManagerCreator$SharedEntityManagerInvocationHandler - Creating new EntityManager for shared EntityManager invocation
2025-06-05 12:23:11 [restartedMain] DEBUG o.s.o.j.SharedEntityManagerCreator$SharedEntityManagerInvocationHandler - Creating new EntityManager for shared EntityManager invocation
2025-06-05 12:23:11 [restartedMain] INFO  c.a.f.service.NutritionixService - NutritionixService initialized. App ID loaded: true, API Key loaded: true
2025-06-05 12:23:11 [restartedMain] DEBUG o.s.o.j.SharedEntityManagerCreator$SharedEntityManagerInvocationHandler - Creating new EntityManager for shared EntityManager invocation
2025-06-05 12:23:11 [restartedMain] DEBUG o.s.o.j.SharedEntityManagerCreator$SharedEntityManagerInvocationHandler - Creating new EntityManager for shared EntityManager invocation
2025-06-05 12:23:11 [restartedMain] DEBUG o.s.o.j.SharedEntityManagerCreator$SharedEntityManagerInvocationHandler - Creating new EntityManager for shared EntityManager invocation
2025-06-05 12:23:11 [restartedMain] DEBUG o.s.o.j.SharedEntityManagerCreator$SharedEntityManagerInvocationHandler - Creating new EntityManager for shared EntityManager invocation
2025-06-05 12:23:11 [restartedMain] DEBUG o.s.o.j.SharedEntityManagerCreator$SharedEntityManagerInvocationHandler - Creating new EntityManager for shared EntityManager invocation
2025-06-05 12:23:11 [restartedMain] DEBUG o.s.o.j.SharedEntityManagerCreator$SharedEntityManagerInvocationHandler - Creating new EntityManager for shared EntityManager invocation
2025-06-05 12:23:11 [restartedMain] DEBUG o.s.o.j.SharedEntityManagerCreator$SharedEntityManagerInvocationHandler - Creating new EntityManager for shared EntityManager invocation
2025-06-05 12:23:11 [restartedMain] DEBUG o.s.o.j.SharedEntityManagerCreator$SharedEntityManagerInvocationHandler - Creating new EntityManager for shared EntityManager invocation
2025-06-05 12:23:11 [restartedMain] TRACE o.s.t.a.AnnotationTransactionAttributeSource - Adding transactional method 'com.app.fitrack.service.GoalService.deleteGoal' with attribute: PROPAGATION_REQUIRED,ISOLATION_DEFAULT
2025-06-05 12:23:11 [restartedMain] TRACE o.s.t.a.AnnotationTransactionAttributeSource - Adding transactional method 'com.app.fitrack.service.GoalService.createGoal' with attribute: PROPAGATION_REQUIRED,ISOLATION_DEFAULT
2025-06-05 12:23:11 [restartedMain] TRACE o.s.t.a.AnnotationTransactionAttributeSource - Adding transactional method 'com.app.fitrack.service.GoalService.updateGoalsBasedOnActivity' with attribute: PROPAGATION_REQUIRED,ISOLATION_DEFAULT
2025-06-05 12:23:11 [restartedMain] TRACE o.s.t.a.AnnotationTransactionAttributeSource - Adding transactional method 'com.app.fitrack.service.GoalService.archiveGoal' with attribute: PROPAGATION_REQUIRED,ISOLATION_DEFAULT
2025-06-05 12:23:11 [restartedMain] TRACE o.s.t.a.AnnotationTransactionAttributeSource - Adding transactional method 'com.app.fitrack.service.GoalService.updateGoalProgress' with attribute: PROPAGATION_REQUIRED,ISOLATION_DEFAULT
2025-06-05 12:23:11 [restartedMain] WARN  o.s.b.a.o.j.JpaBaseConfiguration$JpaWebConfiguration - spring.jpa.open-in-view is enabled by default. Therefore, database queries may be performed during view rendering. Explicitly configure spring.jpa.open-in-view to disable this warning
2025-06-05 12:23:11 [restartedMain] INFO  o.s.s.c.a.a.c.InitializeUserDetailsBeanManagerConfigurer$InitializeUserDetailsManagerConfigurer - Global AuthenticationManager configured with UserDetailsService bean with name customUserDetailsService
2025-06-05 12:23:11 [restartedMain] DEBUG o.s.w.s.m.m.a.RequestMappingHandlerMapping - 51 mappings in 'requestMappingHandlerMapping'
2025-06-05 12:23:11 [restartedMain] DEBUG o.s.w.s.h.SimpleUrlHandlerMapping - Patterns [/webjars/**, /**] in 'resourceHandlerMapping'
2025-06-05 12:23:11 [restartedMain] INFO  o.s.b.a.e.web.EndpointLinksResolver - Exposing 1 endpoint beneath base path '/actuator'
2025-06-05 12:23:11 [restartedMain] DEBUG o.s.s.web.DefaultSecurityFilterChain - Will secure any request with filters: DisableEncodeUrlFilter, WebAsyncManagerIntegrationFilter, SecurityContextHolderFilter, HeaderWriterFilter, CsrfFilter, LogoutFilter, UsernamePasswordAuthenticationFilter, RequestCacheAwareFilter, SecurityContextHolderAwareRequestFilter, AnonymousAuthenticationFilter, ExceptionTranslationFilter, AuthorizationFilter
2025-06-05 12:23:11 [restartedMain] DEBUG o.s.w.s.m.m.a.RequestMappingHandlerAdapter - ControllerAdvice beans: 0 @ModelAttribute, 0 @InitBinder, 1 RequestBodyAdvice, 1 ResponseBodyAdvice
2025-06-05 12:23:11 [restartedMain] DEBUG o.s.w.s.m.m.a.ExceptionHandlerExceptionResolver - ControllerAdvice beans: 0 @ExceptionHandler, 1 ResponseBodyAdvice
2025-06-05 12:23:11 [restartedMain] INFO  o.s.b.a.h.H2ConsoleAutoConfiguration - H2 console available at '/h2-console'. Database available at 'jdbc:mysql://localhost:3306/fitrackerapp'
2025-06-05 12:23:11 [restartedMain] INFO  o.s.b.d.a.OptionalLiveReloadServer - LiveReload server is running on port 35729
2025-06-05 12:23:11 [restartedMain] INFO  o.s.b.w.e.tomcat.TomcatWebServer - Tomcat started on port 8080 (http) with context path '/fitrack'
2025-06-05 12:23:11 [restartedMain] INFO  com.app.fitrack.FitrackApplication - Started FitrackApplication in 1.418 seconds (process running for 127.414)
2025-06-05 12:23:11 [restartedMain] INFO  o.s.b.d.a.ConditionEvaluationDeltaLoggingListener - Condition evaluation unchanged
2025-06-05 12:23:15 [File Watcher] INFO  o.s.b.d.a.LocalDevToolsAutoConfiguration$RestartingClassPathChangeChangedEventListener - Restarting due to 1 class path change (0 additions, 0 deletions, 1 modification)
2025-06-05 12:23:15 [Thread-19] INFO  o.s.b.w.e.tomcat.GracefulShutdown - Commencing graceful shutdown. Waiting for active requests to complete
2025-06-05 12:23:15 [tomcat-shutdown] INFO  o.s.b.w.e.tomcat.GracefulShutdown - Graceful shutdown complete
2025-06-05 12:23:15 [Thread-19] INFO  o.s.o.j.LocalContainerEntityManagerFactoryBean - Closing JPA EntityManagerFactory for persistence unit 'default'
2025-06-05 12:23:15 [Thread-19] INFO  com.zaxxer.hikari.HikariDataSource - HikariPool-5 - Shutdown initiated...
2025-06-05 12:23:15 [Thread-19] INFO  com.zaxxer.hikari.HikariDataSource - HikariPool-5 - Shutdown completed.
2025-06-05 12:23:15 [restartedMain] INFO  com.app.fitrack.FitrackApplication - Starting FitrackApplication using Java 23.0.1 with PID 18244 (C:\Users\Charlene C. Dilig\OneDrive\Documents\Github\Fitrack\fitrack\target\classes started by Charlene C. Dilig in C:\Users\Charlene C. Dilig\OneDrive\Documents\Github\Fitrack)
2025-06-05 12:23:15 [restartedMain] DEBUG com.app.fitrack.FitrackApplication - Running with Spring Boot v3.4.3, Spring v6.2.3
2025-06-05 12:23:15 [restartedMain] INFO  com.app.fitrack.FitrackApplication - No active profile set, falling back to 1 default profile: "default"
2025-06-05 12:23:15 [restartedMain] INFO  o.s.d.r.c.RepositoryConfigurationDelegate - Bootstrapping Spring Data JPA repositories in DEFAULT mode.
2025-06-05 12:23:15 [restartedMain] INFO  o.s.d.r.c.RepositoryConfigurationDelegate - Finished Spring Data repository scanning in 19 ms. Found 7 JPA repository interfaces.
2025-06-05 12:23:15 [restartedMain] INFO  o.s.b.w.e.tomcat.TomcatWebServer - Tomcat initialized with port 8080 (http)
2025-06-05 12:23:15 [restartedMain] INFO  o.a.catalina.core.StandardService - Starting service [Tomcat]
2025-06-05 12:23:15 [restartedMain] INFO  o.a.catalina.core.StandardEngine - Starting Servlet engine: [Apache Tomcat/10.1.36]
2025-06-05 12:23:15 [restartedMain] INFO  o.a.c.c.C.[.[localhost].[/fitrack] - Initializing Spring embedded WebApplicationContext
2025-06-05 12:23:15 [restartedMain] INFO  o.s.b.w.s.c.ServletWebServerApplicationContext - Root WebApplicationContext: initialization completed in 435 ms
2025-06-05 12:23:15 [restartedMain] DEBUG o.s.w.f.ServerHttpObservationFilter - Filter 'webMvcObservationFilter' configured for use
2025-06-05 12:23:15 [restartedMain] DEBUG o.s.o.j.LocalContainerEntityManagerFactoryBean - Building JPA container EntityManagerFactory for persistence unit 'default'
2025-06-05 12:23:15 [restartedMain] INFO  o.h.jpa.internal.util.LogHelper - HHH000204: Processing PersistenceUnitInfo [name: default]
2025-06-05 12:23:15 [restartedMain] INFO  o.h.c.i.RegionFactoryInitiator - HHH000026: Second-level cache disabled
2025-06-05 12:23:15 [restartedMain] INFO  o.s.o.j.p.SpringPersistenceUnitInfo - No LoadTimeWeaver setup: ignoring JPA class transformer
2025-06-05 12:23:15 [restartedMain] INFO  com.zaxxer.hikari.HikariDataSource - HikariPool-6 - Starting...
2025-06-05 12:23:15 [restartedMain] INFO  com.zaxxer.hikari.pool.HikariPool - HikariPool-6 - Added connection com.mysql.cj.jdbc.ConnectionImpl@43fbffa1
2025-06-05 12:23:15 [restartedMain] INFO  com.zaxxer.hikari.HikariDataSource - HikariPool-6 - Start completed.
2025-06-05 12:23:15 [restartedMain] WARN  org.hibernate.orm.deprecation - HHH90000025: MySQL8Dialect does not need to be specified explicitly using 'hibernate.dialect' (remove the property setting and it will be selected by default)
2025-06-05 12:23:15 [restartedMain] WARN  org.hibernate.orm.deprecation - HHH90000026: MySQL8Dialect has been deprecated; use org.hibernate.dialect.MySQLDialect instead
2025-06-05 12:23:15 [restartedMain] INFO  o.hibernate.orm.connections.pooling - HHH10001005: Database info:
	Database JDBC URL [Connecting through datasource 'HikariDataSource (HikariPool-6)']
	Database driver: undefined/unknown
	Database version: 8.0
	Autocommit mode: undefined/unknown
	Isolation level: undefined/unknown
	Minimum pool size: undefined/unknown
	Maximum pool size: undefined/unknown
2025-06-05 12:23:15 [restartedMain] DEBUG o.h.t.d.sql.spi.DdlTypeRegistry - addDescriptor(12, org.hibernate.type.descriptor.sql.internal.CapacityDependentDdlType@37d0b303) replaced previous registration(org.hibernate.type.descriptor.sql.internal.CapacityDependentDdlType@2cd7d591)
2025-06-05 12:23:15 [restartedMain] DEBUG o.h.t.d.sql.spi.DdlTypeRegistry - addDescriptor(-9, org.hibernate.type.descriptor.sql.internal.CapacityDependentDdlType@418225b5) replaced previous registration(org.hibernate.type.descriptor.sql.internal.CapacityDependentDdlType@67dbd444)
2025-06-05 12:23:15 [restartedMain] DEBUG o.h.t.d.sql.spi.DdlTypeRegistry - addDescriptor(-3, org.hibernate.type.descriptor.sql.internal.CapacityDependentDdlType@55a13b17) replaced previous registration(org.hibernate.type.descriptor.sql.internal.CapacityDependentDdlType@47c8176f)
2025-06-05 12:23:15 [restartedMain] DEBUG o.h.t.d.sql.spi.DdlTypeRegistry - addDescriptor(4003, org.hibernate.type.descriptor.sql.internal.DdlTypeImpl@17373dae) replaced previous registration(org.hibernate.type.descriptor.sql.internal.DdlTypeImpl@2ef7b2f8)
2025-06-05 12:23:15 [restartedMain] DEBUG o.h.t.d.sql.spi.DdlTypeRegistry - addDescriptor(4001, org.hibernate.type.descriptor.sql.internal.DdlTypeImpl@72d25db2) replaced previous registration(org.hibernate.type.descriptor.sql.internal.DdlTypeImpl@75a65fe8)
2025-06-05 12:23:15 [restartedMain] DEBUG o.h.t.d.sql.spi.DdlTypeRegistry - addDescriptor(4002, org.hibernate.type.descriptor.sql.internal.DdlTypeImpl@5bd2d6bf) replaced previous registration(org.hibernate.type.descriptor.sql.internal.DdlTypeImpl@48a1cf4f)
2025-06-05 12:23:15 [restartedMain] DEBUG o.h.t.d.sql.spi.DdlTypeRegistry - addDescriptor(2004, org.hibernate.type.descriptor.sql.internal.CapacityDependentDdlType@28fe3424) replaced previous registration(org.hibernate.type.descriptor.sql.internal.DdlTypeImpl@6f6077cc)
2025-06-05 12:23:15 [restartedMain] DEBUG o.h.t.d.sql.spi.DdlTypeRegistry - addDescriptor(2005, org.hibernate.type.descriptor.sql.internal.CapacityDependentDdlType@22ca23b1) replaced previous registration(org.hibernate.type.descriptor.sql.internal.DdlTypeImpl@64574b10)
2025-06-05 12:23:15 [restartedMain] DEBUG o.h.t.d.sql.spi.DdlTypeRegistry - addDescriptor(2011, org.hibernate.type.descriptor.sql.internal.CapacityDependentDdlType@3dd10caa) replaced previous registration(org.hibernate.type.descriptor.sql.internal.DdlTypeImpl@51e3d2cb)
2025-06-05 12:23:16 [restartedMain] INFO  o.h.e.t.j.p.i.JtaPlatformInitiator - HHH000489: No JTA platform available (set 'hibernate.transaction.jta.platform' to enable JTA platform integration)
2025-06-05 12:23:16 [restartedMain] INFO  o.s.o.j.LocalContainerEntityManagerFactoryBean - Initialized JPA EntityManagerFactory for persistence unit 'default'
2025-06-05 12:23:16 [restartedMain] DEBUG o.s.o.j.SharedEntityManagerCreator$SharedEntityManagerInvocationHandler - Creating new EntityManager for shared EntityManager invocation
2025-06-05 12:23:16 [restartedMain] DEBUG o.s.o.j.SharedEntityManagerCreator$SharedEntityManagerInvocationHandler - Creating new EntityManager for shared EntityManager invocation
2025-06-05 12:23:16 [restartedMain] DEBUG o.s.o.j.SharedEntityManagerCreator$SharedEntityManagerInvocationHandler - Creating new EntityManager for shared EntityManager invocation
2025-06-05 12:23:16 [restartedMain] DEBUG o.s.o.j.SharedEntityManagerCreator$SharedEntityManagerInvocationHandler - Creating new EntityManager for shared EntityManager invocation
2025-06-05 12:23:16 [restartedMain] DEBUG o.s.o.j.SharedEntityManagerCreator$SharedEntityManagerInvocationHandler - Creating new EntityManager for shared EntityManager invocation
2025-06-05 12:23:16 [restartedMain] DEBUG o.s.o.j.SharedEntityManagerCreator$SharedEntityManagerInvocationHandler - Creating new EntityManager for shared EntityManager invocation
2025-06-05 12:23:16 [restartedMain] DEBUG o.s.o.j.SharedEntityManagerCreator$SharedEntityManagerInvocationHandler - Creating new EntityManager for shared EntityManager invocation
2025-06-05 12:23:16 [restartedMain] DEBUG o.s.o.j.SharedEntityManagerCreator$SharedEntityManagerInvocationHandler - Creating new EntityManager for shared EntityManager invocation
2025-06-05 12:23:16 [restartedMain] TRACE o.s.t.a.AnnotationTransactionAttributeSource - Adding transactional method 'com.app.fitrack.service.EmailService.sendPasswordResetEmail' with attribute: PROPAGATION_REQUIRED,ISOLATION_DEFAULT
2025-06-05 12:23:16 [restartedMain] TRACE o.s.t.a.AnnotationTransactionAttributeSource - Adding transactional method 'com.app.fitrack.service.EmailService.sendVerificationEmail' with attribute: PROPAGATION_REQUIRED,ISOLATION_DEFAULT
2025-06-05 12:23:16 [restartedMain] DEBUG o.s.o.j.SharedEntityManagerCreator$SharedEntityManagerInvocationHandler - Creating new EntityManager for shared EntityManager invocation
2025-06-05 12:23:16 [restartedMain] DEBUG o.s.o.j.SharedEntityManagerCreator$SharedEntityManagerInvocationHandler - Creating new EntityManager for shared EntityManager invocation
2025-06-05 12:23:16 [restartedMain] DEBUG o.s.o.j.SharedEntityManagerCreator$SharedEntityManagerInvocationHandler - Creating new EntityManager for shared EntityManager invocation
2025-06-05 12:23:16 [restartedMain] DEBUG o.s.o.j.SharedEntityManagerCreator$SharedEntityManagerInvocationHandler - Creating new EntityManager for shared EntityManager invocation
2025-06-05 12:23:16 [restartedMain] DEBUG o.s.o.j.SharedEntityManagerCreator$SharedEntityManagerInvocationHandler - Creating new EntityManager for shared EntityManager invocation
2025-06-05 12:23:16 [restartedMain] DEBUG o.s.o.j.SharedEntityManagerCreator$SharedEntityManagerInvocationHandler - Creating new EntityManager for shared EntityManager invocation
2025-06-05 12:23:16 [restartedMain] DEBUG o.s.o.j.SharedEntityManagerCreator$SharedEntityManagerInvocationHandler - Creating new EntityManager for shared EntityManager invocation
2025-06-05 12:23:16 [restartedMain] DEBUG o.s.o.j.SharedEntityManagerCreator$SharedEntityManagerInvocationHandler - Creating new EntityManager for shared EntityManager invocation
2025-06-05 12:23:16 [restartedMain] DEBUG o.s.o.j.SharedEntityManagerCreator$SharedEntityManagerInvocationHandler - Creating new EntityManager for shared EntityManager invocation
2025-06-05 12:23:16 [restartedMain] DEBUG o.s.o.j.SharedEntityManagerCreator$SharedEntityManagerInvocationHandler - Creating new EntityManager for shared EntityManager invocation
2025-06-05 12:23:16 [restartedMain] DEBUG o.s.o.j.SharedEntityManagerCreator$SharedEntityManagerInvocationHandler - Creating new EntityManager for shared EntityManager invocation
2025-06-05 12:23:16 [restartedMain] DEBUG o.s.o.j.SharedEntityManagerCreator$SharedEntityManagerInvocationHandler - Creating new EntityManager for shared EntityManager invocation
2025-06-05 12:23:16 [restartedMain] TRACE o.s.t.a.AnnotationTransactionAttributeSource - Adding transactional method 'com.app.fitrack.service.UserService.verifyEmailChange' with attribute: PROPAGATION_REQUIRED,ISOLATION_DEFAULT
2025-06-05 12:23:16 [restartedMain] TRACE o.s.t.a.AnnotationTransactionAttributeSource - Adding transactional method 'com.app.fitrack.service.UserService.updateUserProfile' with attribute: PROPAGATION_REQUIRED,ISOLATION_DEFAULT
2025-06-05 12:23:16 [restartedMain] TRACE o.s.t.a.AnnotationTransactionAttributeSource - Adding transactional method 'com.app.fitrack.service.UserService.createUserProfile' with attribute: PROPAGATION_REQUIRED,ISOLATION_DEFAULT
2025-06-05 12:23:16 [restartedMain] TRACE o.s.t.a.AnnotationTransactionAttributeSource - Adding transactional method 'com.app.fitrack.service.UserService.calculateTDEE' with attribute: PROPAGATION_REQUIRED,ISOLATION_DEFAULT
2025-06-05 12:23:16 [restartedMain] TRACE o.s.t.a.AnnotationTransactionAttributeSource - Adding transactional method 'com.app.fitrack.service.UserService.requestEmailChangeVerification' with attribute: PROPAGATION_REQUIRED,ISOLATION_DEFAULT
2025-06-05 12:23:16 [restartedMain] TRACE o.s.t.a.AnnotationTransactionAttributeSource - Adding transactional method 'com.app.fitrack.service.UserService.saveUser' with attribute: PROPAGATION_REQUIRED,ISOLATION_DEFAULT
2025-06-05 12:23:16 [restartedMain] TRACE o.s.t.a.AnnotationTransactionAttributeSource - Adding transactional method 'com.app.fitrack.service.UserService.verifyUser' with attribute: PROPAGATION_REQUIRED,ISOLATION_DEFAULT
2025-06-05 12:23:16 [restartedMain] TRACE o.s.t.a.AnnotationTransactionAttributeSource - Adding transactional method 'com.app.fitrack.service.UserService.resendVerificationCode' with attribute: PROPAGATION_REQUIRED,ISOLATION_DEFAULT
2025-06-05 12:23:16 [restartedMain] TRACE o.s.t.a.AnnotationTransactionAttributeSource - Adding transactional method 'com.app.fitrack.service.UserService.getAuthenticatedUser' with attribute: PROPAGATION_REQUIRED,ISOLATION_DEFAULT
2025-06-05 12:23:16 [restartedMain] TRACE o.s.t.a.AnnotationTransactionAttributeSource - Adding transactional method 'com.app.fitrack.service.UserService.generatePasswordResetToken' with attribute: PROPAGATION_REQUIRED,ISOLATION_DEFAULT
2025-06-05 12:23:16 [restartedMain] TRACE o.s.t.a.AnnotationTransactionAttributeSource - Adding transactional method 'com.app.fitrack.service.UserService.calculateDynamicActivityFactor' with attribute: PROPAGATION_REQUIRED,ISOLATION_DEFAULT
2025-06-05 12:23:16 [restartedMain] TRACE o.s.t.a.AnnotationTransactionAttributeSource - Adding transactional method 'com.app.fitrack.service.UserService.resetPassword' with attribute: PROPAGATION_REQUIRED,ISOLATION_DEFAULT
2025-06-05 12:23:16 [restartedMain] TRACE o.s.t.a.AnnotationTransactionAttributeSource - Adding transactional method 'com.app.fitrack.service.UserService.registerUser' with attribute: PROPAGATION_REQUIRED,ISOLATION_DEFAULT
2025-06-05 12:23:16 [restartedMain] TRACE o.s.t.a.AnnotationTransactionAttributeSource - Adding transactional method 'com.app.fitrack.service.UserService.calculateBMR' with attribute: PROPAGATION_REQUIRED,ISOLATION_DEFAULT
2025-06-05 12:23:16 [restartedMain] TRACE o.s.t.a.AnnotationTransactionAttributeSource - Adding transactional method 'com.app.fitrack.service.UserService.findByEmail' with attribute: PROPAGATION_REQUIRED,ISOLATION_DEFAULT
2025-06-05 12:23:16 [restartedMain] DEBUG o.s.o.j.SharedEntityManagerCreator$SharedEntityManagerInvocationHandler - Creating new EntityManager for shared EntityManager invocation
2025-06-05 12:23:16 [restartedMain] DEBUG o.s.o.j.SharedEntityManagerCreator$SharedEntityManagerInvocationHandler - Creating new EntityManager for shared EntityManager invocation
2025-06-05 12:23:16 [restartedMain] DEBUG o.s.o.j.SharedEntityManagerCreator$SharedEntityManagerInvocationHandler - Creating new EntityManager for shared EntityManager invocation
2025-06-05 12:23:16 [restartedMain] DEBUG o.s.o.j.SharedEntityManagerCreator$SharedEntityManagerInvocationHandler - Creating new EntityManager for shared EntityManager invocation
2025-06-05 12:23:16 [restartedMain] DEBUG o.s.o.j.SharedEntityManagerCreator$SharedEntityManagerInvocationHandler - Creating new EntityManager for shared EntityManager invocation
2025-06-05 12:23:16 [restartedMain] DEBUG o.s.o.j.SharedEntityManagerCreator$SharedEntityManagerInvocationHandler - Creating new EntityManager for shared EntityManager invocation
2025-06-05 12:23:16 [restartedMain] DEBUG o.s.o.j.SharedEntityManagerCreator$SharedEntityManagerInvocationHandler - Creating new EntityManager for shared EntityManager invocation
2025-06-05 12:23:16 [restartedMain] DEBUG o.s.o.j.SharedEntityManagerCreator$SharedEntityManagerInvocationHandler - Creating new EntityManager for shared EntityManager invocation
2025-06-05 12:23:16 [restartedMain] DEBUG o.s.o.j.SharedEntityManagerCreator$SharedEntityManagerInvocationHandler - Creating new EntityManager for shared EntityManager invocation
2025-06-05 12:23:16 [restartedMain] DEBUG o.s.o.j.SharedEntityManagerCreator$SharedEntityManagerInvocationHandler - Creating new EntityManager for shared EntityManager invocation
2025-06-05 12:23:16 [restartedMain] DEBUG o.s.o.j.SharedEntityManagerCreator$SharedEntityManagerInvocationHandler - Creating new EntityManager for shared EntityManager invocation
2025-06-05 12:23:16 [restartedMain] DEBUG o.s.o.j.SharedEntityManagerCreator$SharedEntityManagerInvocationHandler - Creating new EntityManager for shared EntityManager invocation
2025-06-05 12:23:16 [restartedMain] DEBUG o.s.o.j.SharedEntityManagerCreator$SharedEntityManagerInvocationHandler - Creating new EntityManager for shared EntityManager invocation
2025-06-05 12:23:16 [restartedMain] INFO  c.a.f.service.NutritionixService - NutritionixService initialized. App ID loaded: true, API Key loaded: true
2025-06-05 12:23:16 [restartedMain] DEBUG o.s.o.j.SharedEntityManagerCreator$SharedEntityManagerInvocationHandler - Creating new EntityManager for shared EntityManager invocation
2025-06-05 12:23:16 [restartedMain] DEBUG o.s.o.j.SharedEntityManagerCreator$SharedEntityManagerInvocationHandler - Creating new EntityManager for shared EntityManager invocation
2025-06-05 12:23:16 [restartedMain] DEBUG o.s.o.j.SharedEntityManagerCreator$SharedEntityManagerInvocationHandler - Creating new EntityManager for shared EntityManager invocation
2025-06-05 12:23:16 [restartedMain] DEBUG o.s.o.j.SharedEntityManagerCreator$SharedEntityManagerInvocationHandler - Creating new EntityManager for shared EntityManager invocation
2025-06-05 12:23:16 [restartedMain] DEBUG o.s.o.j.SharedEntityManagerCreator$SharedEntityManagerInvocationHandler - Creating new EntityManager for shared EntityManager invocation
2025-06-05 12:23:16 [restartedMain] DEBUG o.s.o.j.SharedEntityManagerCreator$SharedEntityManagerInvocationHandler - Creating new EntityManager for shared EntityManager invocation
2025-06-05 12:23:16 [restartedMain] DEBUG o.s.o.j.SharedEntityManagerCreator$SharedEntityManagerInvocationHandler - Creating new EntityManager for shared EntityManager invocation
2025-06-05 12:23:16 [restartedMain] DEBUG o.s.o.j.SharedEntityManagerCreator$SharedEntityManagerInvocationHandler - Creating new EntityManager for shared EntityManager invocation
2025-06-05 12:23:16 [restartedMain] TRACE o.s.t.a.AnnotationTransactionAttributeSource - Adding transactional method 'com.app.fitrack.service.GoalService.deleteGoal' with attribute: PROPAGATION_REQUIRED,ISOLATION_DEFAULT
2025-06-05 12:23:16 [restartedMain] TRACE o.s.t.a.AnnotationTransactionAttributeSource - Adding transactional method 'com.app.fitrack.service.GoalService.createGoal' with attribute: PROPAGATION_REQUIRED,ISOLATION_DEFAULT
2025-06-05 12:23:16 [restartedMain] TRACE o.s.t.a.AnnotationTransactionAttributeSource - Adding transactional method 'com.app.fitrack.service.GoalService.updateGoalsBasedOnActivity' with attribute: PROPAGATION_REQUIRED,ISOLATION_DEFAULT
2025-06-05 12:23:16 [restartedMain] TRACE o.s.t.a.AnnotationTransactionAttributeSource - Adding transactional method 'com.app.fitrack.service.GoalService.archiveGoal' with attribute: PROPAGATION_REQUIRED,ISOLATION_DEFAULT
2025-06-05 12:23:16 [restartedMain] TRACE o.s.t.a.AnnotationTransactionAttributeSource - Adding transactional method 'com.app.fitrack.service.GoalService.updateGoalProgress' with attribute: PROPAGATION_REQUIRED,ISOLATION_DEFAULT
2025-06-05 12:23:16 [restartedMain] WARN  o.s.b.a.o.j.JpaBaseConfiguration$JpaWebConfiguration - spring.jpa.open-in-view is enabled by default. Therefore, database queries may be performed during view rendering. Explicitly configure spring.jpa.open-in-view to disable this warning
2025-06-05 12:23:16 [restartedMain] INFO  o.s.s.c.a.a.c.InitializeUserDetailsBeanManagerConfigurer$InitializeUserDetailsManagerConfigurer - Global AuthenticationManager configured with UserDetailsService bean with name customUserDetailsService
2025-06-05 12:23:16 [restartedMain] DEBUG o.s.w.s.m.m.a.RequestMappingHandlerMapping - 51 mappings in 'requestMappingHandlerMapping'
2025-06-05 12:23:16 [restartedMain] DEBUG o.s.w.s.h.SimpleUrlHandlerMapping - Patterns [/webjars/**, /**] in 'resourceHandlerMapping'
2025-06-05 12:23:16 [restartedMain] INFO  o.s.b.a.e.web.EndpointLinksResolver - Exposing 1 endpoint beneath base path '/actuator'
2025-06-05 12:23:16 [restartedMain] DEBUG o.s.s.web.DefaultSecurityFilterChain - Will secure any request with filters: DisableEncodeUrlFilter, WebAsyncManagerIntegrationFilter, SecurityContextHolderFilter, HeaderWriterFilter, CsrfFilter, LogoutFilter, UsernamePasswordAuthenticationFilter, RequestCacheAwareFilter, SecurityContextHolderAwareRequestFilter, AnonymousAuthenticationFilter, ExceptionTranslationFilter, AuthorizationFilter
2025-06-05 12:23:16 [restartedMain] DEBUG o.s.w.s.m.m.a.RequestMappingHandlerAdapter - ControllerAdvice beans: 0 @ModelAttribute, 0 @InitBinder, 1 RequestBodyAdvice, 1 ResponseBodyAdvice
2025-06-05 12:23:16 [restartedMain] DEBUG o.s.w.s.m.m.a.ExceptionHandlerExceptionResolver - ControllerAdvice beans: 0 @ExceptionHandler, 1 ResponseBodyAdvice
2025-06-05 12:23:16 [restartedMain] INFO  o.s.b.a.h.H2ConsoleAutoConfiguration - H2 console available at '/h2-console'. Database available at 'jdbc:mysql://localhost:3306/fitrackerapp'
2025-06-05 12:23:16 [restartedMain] INFO  o.s.b.d.a.OptionalLiveReloadServer - LiveReload server is running on port 35729
2025-06-05 12:23:16 [restartedMain] INFO  o.s.b.w.e.tomcat.TomcatWebServer - Tomcat started on port 8080 (http) with context path '/fitrack'
2025-06-05 12:23:16 [restartedMain] INFO  com.app.fitrack.FitrackApplication - Started FitrackApplication in 1.412 seconds (process running for 132.423)
2025-06-05 12:23:16 [restartedMain] INFO  o.s.b.d.a.ConditionEvaluationDeltaLoggingListener - Condition evaluation unchanged
2025-06-05 12:23:18 [File Watcher] INFO  o.s.b.d.a.LocalDevToolsAutoConfiguration$RestartingClassPathChangeChangedEventListener - Restarting due to 1 class path change (0 additions, 0 deletions, 1 modification)
2025-06-05 12:23:18 [Thread-23] INFO  o.s.b.w.e.tomcat.GracefulShutdown - Commencing graceful shutdown. Waiting for active requests to complete
2025-06-05 12:23:18 [tomcat-shutdown] INFO  o.s.b.w.e.tomcat.GracefulShutdown - Graceful shutdown complete
2025-06-05 12:23:18 [Thread-23] INFO  o.s.o.j.LocalContainerEntityManagerFactoryBean - Closing JPA EntityManagerFactory for persistence unit 'default'
2025-06-05 12:23:18 [Thread-23] INFO  com.zaxxer.hikari.HikariDataSource - HikariPool-6 - Shutdown initiated...
2025-06-05 12:23:18 [Thread-23] INFO  com.zaxxer.hikari.HikariDataSource - HikariPool-6 - Shutdown completed.
2025-06-05 12:23:18 [restartedMain] INFO  com.app.fitrack.FitrackApplication - Starting FitrackApplication using Java 23.0.1 with PID 18244 (C:\Users\Charlene C. Dilig\OneDrive\Documents\Github\Fitrack\fitrack\target\classes started by Charlene C. Dilig in C:\Users\Charlene C. Dilig\OneDrive\Documents\Github\Fitrack)
2025-06-05 12:23:18 [restartedMain] DEBUG com.app.fitrack.FitrackApplication - Running with Spring Boot v3.4.3, Spring v6.2.3
2025-06-05 12:23:18 [restartedMain] INFO  com.app.fitrack.FitrackApplication - No active profile set, falling back to 1 default profile: "default"
2025-06-05 12:23:18 [restartedMain] INFO  o.s.d.r.c.RepositoryConfigurationDelegate - Bootstrapping Spring Data JPA repositories in DEFAULT mode.
2025-06-05 12:23:18 [restartedMain] INFO  o.s.d.r.c.RepositoryConfigurationDelegate - Finished Spring Data repository scanning in 24 ms. Found 7 JPA repository interfaces.
2025-06-05 12:23:18 [restartedMain] INFO  o.s.b.w.e.tomcat.TomcatWebServer - Tomcat initialized with port 8080 (http)
2025-06-05 12:23:18 [restartedMain] INFO  o.a.catalina.core.StandardService - Starting service [Tomcat]
2025-06-05 12:23:18 [restartedMain] INFO  o.a.catalina.core.StandardEngine - Starting Servlet engine: [Apache Tomcat/10.1.36]
2025-06-05 12:23:18 [restartedMain] INFO  o.a.c.c.C.[.[localhost].[/fitrack] - Initializing Spring embedded WebApplicationContext
2025-06-05 12:23:18 [restartedMain] INFO  o.s.b.w.s.c.ServletWebServerApplicationContext - Root WebApplicationContext: initialization completed in 456 ms
2025-06-05 12:23:18 [restartedMain] DEBUG o.s.w.f.ServerHttpObservationFilter - Filter 'webMvcObservationFilter' configured for use
2025-06-05 12:23:18 [restartedMain] DEBUG o.s.o.j.LocalContainerEntityManagerFactoryBean - Building JPA container EntityManagerFactory for persistence unit 'default'
2025-06-05 12:23:18 [restartedMain] INFO  o.h.jpa.internal.util.LogHelper - HHH000204: Processing PersistenceUnitInfo [name: default]
2025-06-05 12:23:18 [restartedMain] INFO  o.h.c.i.RegionFactoryInitiator - HHH000026: Second-level cache disabled
2025-06-05 12:23:18 [restartedMain] INFO  o.s.o.j.p.SpringPersistenceUnitInfo - No LoadTimeWeaver setup: ignoring JPA class transformer
2025-06-05 12:23:18 [restartedMain] INFO  com.zaxxer.hikari.HikariDataSource - HikariPool-7 - Starting...
2025-06-05 12:23:18 [restartedMain] INFO  com.zaxxer.hikari.pool.HikariPool - HikariPool-7 - Added connection com.mysql.cj.jdbc.ConnectionImpl@1eb2ef29
2025-06-05 12:23:18 [restartedMain] INFO  com.zaxxer.hikari.HikariDataSource - HikariPool-7 - Start completed.
2025-06-05 12:23:18 [restartedMain] WARN  org.hibernate.orm.deprecation - HHH90000025: MySQL8Dialect does not need to be specified explicitly using 'hibernate.dialect' (remove the property setting and it will be selected by default)
2025-06-05 12:23:18 [restartedMain] WARN  org.hibernate.orm.deprecation - HHH90000026: MySQL8Dialect has been deprecated; use org.hibernate.dialect.MySQLDialect instead
2025-06-05 12:23:18 [restartedMain] INFO  o.hibernate.orm.connections.pooling - HHH10001005: Database info:
	Database JDBC URL [Connecting through datasource 'HikariDataSource (HikariPool-7)']
	Database driver: undefined/unknown
	Database version: 8.0
	Autocommit mode: undefined/unknown
	Isolation level: undefined/unknown
	Minimum pool size: undefined/unknown
	Maximum pool size: undefined/unknown
2025-06-05 12:23:18 [restartedMain] DEBUG o.h.t.d.sql.spi.DdlTypeRegistry - addDescriptor(12, org.hibernate.type.descriptor.sql.internal.CapacityDependentDdlType@7bbe1a53) replaced previous registration(org.hibernate.type.descriptor.sql.internal.CapacityDependentDdlType@684ed2e7)
2025-06-05 12:23:18 [restartedMain] DEBUG o.h.t.d.sql.spi.DdlTypeRegistry - addDescriptor(-9, org.hibernate.type.descriptor.sql.internal.CapacityDependentDdlType@269d44a3) replaced previous registration(org.hibernate.type.descriptor.sql.internal.CapacityDependentDdlType@72629b48)
2025-06-05 12:23:18 [restartedMain] DEBUG o.h.t.d.sql.spi.DdlTypeRegistry - addDescriptor(-3, org.hibernate.type.descriptor.sql.internal.CapacityDependentDdlType@79056bd5) replaced previous registration(org.hibernate.type.descriptor.sql.internal.CapacityDependentDdlType@67c247f8)
2025-06-05 12:23:18 [restartedMain] DEBUG o.h.t.d.sql.spi.DdlTypeRegistry - addDescriptor(4003, org.hibernate.type.descriptor.sql.internal.DdlTypeImpl@2b36bfff) replaced previous registration(org.hibernate.type.descriptor.sql.internal.DdlTypeImpl@4d68c90a)
2025-06-05 12:23:18 [restartedMain] DEBUG o.h.t.d.sql.spi.DdlTypeRegistry - addDescriptor(4001, org.hibernate.type.descriptor.sql.internal.DdlTypeImpl@1fe158b1) replaced previous registration(org.hibernate.type.descriptor.sql.internal.DdlTypeImpl@6ae93132)
2025-06-05 12:23:18 [restartedMain] DEBUG o.h.t.d.sql.spi.DdlTypeRegistry - addDescriptor(4002, org.hibernate.type.descriptor.sql.internal.DdlTypeImpl@743eb2d7) replaced previous registration(org.hibernate.type.descriptor.sql.internal.DdlTypeImpl@7f1505c3)
2025-06-05 12:23:18 [restartedMain] DEBUG o.h.t.d.sql.spi.DdlTypeRegistry - addDescriptor(2004, org.hibernate.type.descriptor.sql.internal.CapacityDependentDdlType@6aa4fe40) replaced previous registration(org.hibernate.type.descriptor.sql.internal.DdlTypeImpl@49e72287)
2025-06-05 12:23:18 [restartedMain] DEBUG o.h.t.d.sql.spi.DdlTypeRegistry - addDescriptor(2005, org.hibernate.type.descriptor.sql.internal.CapacityDependentDdlType@48ce9966) replaced previous registration(org.hibernate.type.descriptor.sql.internal.DdlTypeImpl@1f22b6a1)
2025-06-05 12:23:18 [restartedMain] DEBUG o.h.t.d.sql.spi.DdlTypeRegistry - addDescriptor(2011, org.hibernate.type.descriptor.sql.internal.CapacityDependentDdlType@52b90dfb) replaced previous registration(org.hibernate.type.descriptor.sql.internal.DdlTypeImpl@22baee31)
2025-06-05 12:23:19 [restartedMain] INFO  o.h.e.t.j.p.i.JtaPlatformInitiator - HHH000489: No JTA platform available (set 'hibernate.transaction.jta.platform' to enable JTA platform integration)
2025-06-05 12:23:19 [restartedMain] INFO  o.s.o.j.LocalContainerEntityManagerFactoryBean - Initialized JPA EntityManagerFactory for persistence unit 'default'
2025-06-05 12:23:19 [restartedMain] DEBUG o.s.o.j.SharedEntityManagerCreator$SharedEntityManagerInvocationHandler - Creating new EntityManager for shared EntityManager invocation
2025-06-05 12:23:19 [restartedMain] DEBUG o.s.o.j.SharedEntityManagerCreator$SharedEntityManagerInvocationHandler - Creating new EntityManager for shared EntityManager invocation
2025-06-05 12:23:19 [restartedMain] DEBUG o.s.o.j.SharedEntityManagerCreator$SharedEntityManagerInvocationHandler - Creating new EntityManager for shared EntityManager invocation
2025-06-05 12:23:19 [restartedMain] DEBUG o.s.o.j.SharedEntityManagerCreator$SharedEntityManagerInvocationHandler - Creating new EntityManager for shared EntityManager invocation
2025-06-05 12:23:19 [restartedMain] DEBUG o.s.o.j.SharedEntityManagerCreator$SharedEntityManagerInvocationHandler - Creating new EntityManager for shared EntityManager invocation
2025-06-05 12:23:19 [restartedMain] DEBUG o.s.o.j.SharedEntityManagerCreator$SharedEntityManagerInvocationHandler - Creating new EntityManager for shared EntityManager invocation
2025-06-05 12:23:19 [restartedMain] DEBUG o.s.o.j.SharedEntityManagerCreator$SharedEntityManagerInvocationHandler - Creating new EntityManager for shared EntityManager invocation
2025-06-05 12:23:19 [restartedMain] DEBUG o.s.o.j.SharedEntityManagerCreator$SharedEntityManagerInvocationHandler - Creating new EntityManager for shared EntityManager invocation
2025-06-05 12:23:19 [restartedMain] TRACE o.s.t.a.AnnotationTransactionAttributeSource - Adding transactional method 'com.app.fitrack.service.EmailService.sendPasswordResetEmail' with attribute: PROPAGATION_REQUIRED,ISOLATION_DEFAULT
2025-06-05 12:23:19 [restartedMain] TRACE o.s.t.a.AnnotationTransactionAttributeSource - Adding transactional method 'com.app.fitrack.service.EmailService.sendVerificationEmail' with attribute: PROPAGATION_REQUIRED,ISOLATION_DEFAULT
2025-06-05 12:23:19 [restartedMain] DEBUG o.s.o.j.SharedEntityManagerCreator$SharedEntityManagerInvocationHandler - Creating new EntityManager for shared EntityManager invocation
2025-06-05 12:23:19 [restartedMain] DEBUG o.s.o.j.SharedEntityManagerCreator$SharedEntityManagerInvocationHandler - Creating new EntityManager for shared EntityManager invocation
2025-06-05 12:23:19 [restartedMain] DEBUG o.s.o.j.SharedEntityManagerCreator$SharedEntityManagerInvocationHandler - Creating new EntityManager for shared EntityManager invocation
2025-06-05 12:23:19 [restartedMain] DEBUG o.s.o.j.SharedEntityManagerCreator$SharedEntityManagerInvocationHandler - Creating new EntityManager for shared EntityManager invocation
2025-06-05 12:23:19 [restartedMain] DEBUG o.s.o.j.SharedEntityManagerCreator$SharedEntityManagerInvocationHandler - Creating new EntityManager for shared EntityManager invocation
2025-06-05 12:23:19 [restartedMain] DEBUG o.s.o.j.SharedEntityManagerCreator$SharedEntityManagerInvocationHandler - Creating new EntityManager for shared EntityManager invocation
2025-06-05 12:23:19 [restartedMain] DEBUG o.s.o.j.SharedEntityManagerCreator$SharedEntityManagerInvocationHandler - Creating new EntityManager for shared EntityManager invocation
2025-06-05 12:23:19 [restartedMain] DEBUG o.s.o.j.SharedEntityManagerCreator$SharedEntityManagerInvocationHandler - Creating new EntityManager for shared EntityManager invocation
2025-06-05 12:23:19 [restartedMain] DEBUG o.s.o.j.SharedEntityManagerCreator$SharedEntityManagerInvocationHandler - Creating new EntityManager for shared EntityManager invocation
2025-06-05 12:23:19 [restartedMain] DEBUG o.s.o.j.SharedEntityManagerCreator$SharedEntityManagerInvocationHandler - Creating new EntityManager for shared EntityManager invocation
2025-06-05 12:23:19 [restartedMain] DEBUG o.s.o.j.SharedEntityManagerCreator$SharedEntityManagerInvocationHandler - Creating new EntityManager for shared EntityManager invocation
2025-06-05 12:23:19 [restartedMain] DEBUG o.s.o.j.SharedEntityManagerCreator$SharedEntityManagerInvocationHandler - Creating new EntityManager for shared EntityManager invocation
2025-06-05 12:23:19 [restartedMain] TRACE o.s.t.a.AnnotationTransactionAttributeSource - Adding transactional method 'com.app.fitrack.service.UserService.verifyEmailChange' with attribute: PROPAGATION_REQUIRED,ISOLATION_DEFAULT
2025-06-05 12:23:19 [restartedMain] TRACE o.s.t.a.AnnotationTransactionAttributeSource - Adding transactional method 'com.app.fitrack.service.UserService.updateUserProfile' with attribute: PROPAGATION_REQUIRED,ISOLATION_DEFAULT
2025-06-05 12:23:19 [restartedMain] TRACE o.s.t.a.AnnotationTransactionAttributeSource - Adding transactional method 'com.app.fitrack.service.UserService.createUserProfile' with attribute: PROPAGATION_REQUIRED,ISOLATION_DEFAULT
2025-06-05 12:23:19 [restartedMain] TRACE o.s.t.a.AnnotationTransactionAttributeSource - Adding transactional method 'com.app.fitrack.service.UserService.calculateTDEE' with attribute: PROPAGATION_REQUIRED,ISOLATION_DEFAULT
2025-06-05 12:23:19 [restartedMain] TRACE o.s.t.a.AnnotationTransactionAttributeSource - Adding transactional method 'com.app.fitrack.service.UserService.requestEmailChangeVerification' with attribute: PROPAGATION_REQUIRED,ISOLATION_DEFAULT
2025-06-05 12:23:19 [restartedMain] TRACE o.s.t.a.AnnotationTransactionAttributeSource - Adding transactional method 'com.app.fitrack.service.UserService.saveUser' with attribute: PROPAGATION_REQUIRED,ISOLATION_DEFAULT
2025-06-05 12:23:19 [restartedMain] TRACE o.s.t.a.AnnotationTransactionAttributeSource - Adding transactional method 'com.app.fitrack.service.UserService.verifyUser' with attribute: PROPAGATION_REQUIRED,ISOLATION_DEFAULT
2025-06-05 12:23:19 [restartedMain] TRACE o.s.t.a.AnnotationTransactionAttributeSource - Adding transactional method 'com.app.fitrack.service.UserService.resendVerificationCode' with attribute: PROPAGATION_REQUIRED,ISOLATION_DEFAULT
2025-06-05 12:23:19 [restartedMain] TRACE o.s.t.a.AnnotationTransactionAttributeSource - Adding transactional method 'com.app.fitrack.service.UserService.getAuthenticatedUser' with attribute: PROPAGATION_REQUIRED,ISOLATION_DEFAULT
2025-06-05 12:23:19 [restartedMain] TRACE o.s.t.a.AnnotationTransactionAttributeSource - Adding transactional method 'com.app.fitrack.service.UserService.generatePasswordResetToken' with attribute: PROPAGATION_REQUIRED,ISOLATION_DEFAULT
2025-06-05 12:23:19 [restartedMain] TRACE o.s.t.a.AnnotationTransactionAttributeSource - Adding transactional method 'com.app.fitrack.service.UserService.calculateDynamicActivityFactor' with attribute: PROPAGATION_REQUIRED,ISOLATION_DEFAULT
2025-06-05 12:23:19 [restartedMain] TRACE o.s.t.a.AnnotationTransactionAttributeSource - Adding transactional method 'com.app.fitrack.service.UserService.resetPassword' with attribute: PROPAGATION_REQUIRED,ISOLATION_DEFAULT
2025-06-05 12:23:19 [restartedMain] TRACE o.s.t.a.AnnotationTransactionAttributeSource - Adding transactional method 'com.app.fitrack.service.UserService.registerUser' with attribute: PROPAGATION_REQUIRED,ISOLATION_DEFAULT
2025-06-05 12:23:19 [restartedMain] TRACE o.s.t.a.AnnotationTransactionAttributeSource - Adding transactional method 'com.app.fitrack.service.UserService.calculateBMR' with attribute: PROPAGATION_REQUIRED,ISOLATION_DEFAULT
2025-06-05 12:23:19 [restartedMain] TRACE o.s.t.a.AnnotationTransactionAttributeSource - Adding transactional method 'com.app.fitrack.service.UserService.findByEmail' with attribute: PROPAGATION_REQUIRED,ISOLATION_DEFAULT
2025-06-05 12:23:19 [restartedMain] DEBUG o.s.o.j.SharedEntityManagerCreator$SharedEntityManagerInvocationHandler - Creating new EntityManager for shared EntityManager invocation
2025-06-05 12:23:19 [restartedMain] DEBUG o.s.o.j.SharedEntityManagerCreator$SharedEntityManagerInvocationHandler - Creating new EntityManager for shared EntityManager invocation
2025-06-05 12:23:19 [restartedMain] DEBUG o.s.o.j.SharedEntityManagerCreator$SharedEntityManagerInvocationHandler - Creating new EntityManager for shared EntityManager invocation
2025-06-05 12:23:19 [restartedMain] DEBUG o.s.o.j.SharedEntityManagerCreator$SharedEntityManagerInvocationHandler - Creating new EntityManager for shared EntityManager invocation
2025-06-05 12:23:19 [restartedMain] DEBUG o.s.o.j.SharedEntityManagerCreator$SharedEntityManagerInvocationHandler - Creating new EntityManager for shared EntityManager invocation
2025-06-05 12:23:19 [restartedMain] DEBUG o.s.o.j.SharedEntityManagerCreator$SharedEntityManagerInvocationHandler - Creating new EntityManager for shared EntityManager invocation
2025-06-05 12:23:19 [restartedMain] DEBUG o.s.o.j.SharedEntityManagerCreator$SharedEntityManagerInvocationHandler - Creating new EntityManager for shared EntityManager invocation
2025-06-05 12:23:19 [restartedMain] DEBUG o.s.o.j.SharedEntityManagerCreator$SharedEntityManagerInvocationHandler - Creating new EntityManager for shared EntityManager invocation
2025-06-05 12:23:19 [restartedMain] DEBUG o.s.o.j.SharedEntityManagerCreator$SharedEntityManagerInvocationHandler - Creating new EntityManager for shared EntityManager invocation
2025-06-05 12:23:19 [restartedMain] DEBUG o.s.o.j.SharedEntityManagerCreator$SharedEntityManagerInvocationHandler - Creating new EntityManager for shared EntityManager invocation
2025-06-05 12:23:19 [restartedMain] DEBUG o.s.o.j.SharedEntityManagerCreator$SharedEntityManagerInvocationHandler - Creating new EntityManager for shared EntityManager invocation
2025-06-05 12:23:19 [restartedMain] DEBUG o.s.o.j.SharedEntityManagerCreator$SharedEntityManagerInvocationHandler - Creating new EntityManager for shared EntityManager invocation
2025-06-05 12:23:19 [restartedMain] DEBUG o.s.o.j.SharedEntityManagerCreator$SharedEntityManagerInvocationHandler - Creating new EntityManager for shared EntityManager invocation
2025-06-05 12:23:19 [restartedMain] INFO  c.a.f.service.NutritionixService - NutritionixService initialized. App ID loaded: true, API Key loaded: true
2025-06-05 12:23:19 [restartedMain] DEBUG o.s.o.j.SharedEntityManagerCreator$SharedEntityManagerInvocationHandler - Creating new EntityManager for shared EntityManager invocation
2025-06-05 12:23:19 [restartedMain] DEBUG o.s.o.j.SharedEntityManagerCreator$SharedEntityManagerInvocationHandler - Creating new EntityManager for shared EntityManager invocation
2025-06-05 12:23:19 [restartedMain] DEBUG o.s.o.j.SharedEntityManagerCreator$SharedEntityManagerInvocationHandler - Creating new EntityManager for shared EntityManager invocation
2025-06-05 12:23:19 [restartedMain] DEBUG o.s.o.j.SharedEntityManagerCreator$SharedEntityManagerInvocationHandler - Creating new EntityManager for shared EntityManager invocation
2025-06-05 12:23:19 [restartedMain] DEBUG o.s.o.j.SharedEntityManagerCreator$SharedEntityManagerInvocationHandler - Creating new EntityManager for shared EntityManager invocation
2025-06-05 12:23:19 [restartedMain] DEBUG o.s.o.j.SharedEntityManagerCreator$SharedEntityManagerInvocationHandler - Creating new EntityManager for shared EntityManager invocation
2025-06-05 12:23:19 [restartedMain] DEBUG o.s.o.j.SharedEntityManagerCreator$SharedEntityManagerInvocationHandler - Creating new EntityManager for shared EntityManager invocation
2025-06-05 12:23:19 [restartedMain] DEBUG o.s.o.j.SharedEntityManagerCreator$SharedEntityManagerInvocationHandler - Creating new EntityManager for shared EntityManager invocation
2025-06-05 12:23:19 [restartedMain] TRACE o.s.t.a.AnnotationTransactionAttributeSource - Adding transactional method 'com.app.fitrack.service.GoalService.deleteGoal' with attribute: PROPAGATION_REQUIRED,ISOLATION_DEFAULT
2025-06-05 12:23:19 [restartedMain] TRACE o.s.t.a.AnnotationTransactionAttributeSource - Adding transactional method 'com.app.fitrack.service.GoalService.createGoal' with attribute: PROPAGATION_REQUIRED,ISOLATION_DEFAULT
2025-06-05 12:23:19 [restartedMain] TRACE o.s.t.a.AnnotationTransactionAttributeSource - Adding transactional method 'com.app.fitrack.service.GoalService.updateGoalsBasedOnActivity' with attribute: PROPAGATION_REQUIRED,ISOLATION_DEFAULT
2025-06-05 12:23:19 [restartedMain] TRACE o.s.t.a.AnnotationTransactionAttributeSource - Adding transactional method 'com.app.fitrack.service.GoalService.archiveGoal' with attribute: PROPAGATION_REQUIRED,ISOLATION_DEFAULT
2025-06-05 12:23:19 [restartedMain] TRACE o.s.t.a.AnnotationTransactionAttributeSource - Adding transactional method 'com.app.fitrack.service.GoalService.updateGoalProgress' with attribute: PROPAGATION_REQUIRED,ISOLATION_DEFAULT
2025-06-05 12:23:19 [restartedMain] WARN  o.s.b.a.o.j.JpaBaseConfiguration$JpaWebConfiguration - spring.jpa.open-in-view is enabled by default. Therefore, database queries may be performed during view rendering. Explicitly configure spring.jpa.open-in-view to disable this warning
2025-06-05 12:23:19 [restartedMain] INFO  o.s.s.c.a.a.c.InitializeUserDetailsBeanManagerConfigurer$InitializeUserDetailsManagerConfigurer - Global AuthenticationManager configured with UserDetailsService bean with name customUserDetailsService
2025-06-05 12:23:19 [restartedMain] DEBUG o.s.w.s.m.m.a.RequestMappingHandlerMapping - 51 mappings in 'requestMappingHandlerMapping'
2025-06-05 12:23:19 [restartedMain] DEBUG o.s.w.s.h.SimpleUrlHandlerMapping - Patterns [/webjars/**, /**] in 'resourceHandlerMapping'
2025-06-05 12:23:19 [restartedMain] INFO  o.s.b.a.e.web.EndpointLinksResolver - Exposing 1 endpoint beneath base path '/actuator'
2025-06-05 12:23:19 [restartedMain] DEBUG o.s.s.web.DefaultSecurityFilterChain - Will secure any request with filters: DisableEncodeUrlFilter, WebAsyncManagerIntegrationFilter, SecurityContextHolderFilter, HeaderWriterFilter, CsrfFilter, LogoutFilter, UsernamePasswordAuthenticationFilter, RequestCacheAwareFilter, SecurityContextHolderAwareRequestFilter, AnonymousAuthenticationFilter, ExceptionTranslationFilter, AuthorizationFilter
2025-06-05 12:23:19 [restartedMain] DEBUG o.s.w.s.m.m.a.RequestMappingHandlerAdapter - ControllerAdvice beans: 0 @ModelAttribute, 0 @InitBinder, 1 RequestBodyAdvice, 1 ResponseBodyAdvice
2025-06-05 12:23:19 [restartedMain] DEBUG o.s.w.s.m.m.a.ExceptionHandlerExceptionResolver - ControllerAdvice beans: 0 @ExceptionHandler, 1 ResponseBodyAdvice
2025-06-05 12:23:19 [restartedMain] INFO  o.s.b.a.h.H2ConsoleAutoConfiguration - H2 console available at '/h2-console'. Database available at 'jdbc:mysql://localhost:3306/fitrackerapp'
2025-06-05 12:23:19 [restartedMain] INFO  o.s.b.d.a.OptionalLiveReloadServer - LiveReload server is running on port 35729
2025-06-05 12:23:19 [restartedMain] INFO  o.s.b.w.e.tomcat.TomcatWebServer - Tomcat started on port 8080 (http) with context path '/fitrack'
2025-06-05 12:23:19 [restartedMain] INFO  com.app.fitrack.FitrackApplication - Started FitrackApplication in 1.437 seconds (process running for 135.398)
2025-06-05 12:23:19 [restartedMain] INFO  o.s.b.d.a.ConditionEvaluationDeltaLoggingListener - Condition evaluation unchanged
2025-06-05 12:23:22 [http-nio-8080-exec-1] INFO  o.a.c.c.C.[.[localhost].[/fitrack] - Initializing Spring DispatcherServlet 'dispatcherServlet'
2025-06-05 12:23:22 [http-nio-8080-exec-1] INFO  o.s.web.servlet.DispatcherServlet - Initializing Servlet 'dispatcherServlet'
2025-06-05 12:23:22 [http-nio-8080-exec-1] DEBUG o.s.web.servlet.DispatcherServlet - Detected StandardServletMultipartResolver
2025-06-05 12:23:22 [http-nio-8080-exec-1] DEBUG o.s.web.servlet.DispatcherServlet - Detected AcceptHeaderLocaleResolver
2025-06-05 12:23:22 [http-nio-8080-exec-1] DEBUG o.s.web.servlet.DispatcherServlet - Detected FixedThemeResolver
2025-06-05 12:23:22 [http-nio-8080-exec-1] DEBUG o.s.web.servlet.DispatcherServlet - Detected org.springframework.web.servlet.view.DefaultRequestToViewNameTranslator@1748c34c
2025-06-05 12:23:22 [http-nio-8080-exec-1] DEBUG o.s.web.servlet.DispatcherServlet - Detected org.springframework.web.servlet.support.SessionFlashMapManager@1c193621
2025-06-05 12:23:22 [http-nio-8080-exec-1] DEBUG o.s.web.servlet.DispatcherServlet - enableLoggingRequestDetails='false': request parameters and headers will be masked to prevent unsafe logging of potentially sensitive data
2025-06-05 12:23:22 [http-nio-8080-exec-1] INFO  o.s.web.servlet.DispatcherServlet - Completed initialization in 3 ms
2025-06-05 12:23:22 [http-nio-8080-exec-1] DEBUG o.s.security.web.FilterChainProxy - Securing GET /user/analytics
2025-06-05 12:23:22 [http-nio-8080-exec-1] DEBUG o.s.s.w.c.HttpSessionSecurityContextRepository - Retrieved SecurityContextImpl [Authentication=UsernamePasswordAuthenticationToken [Principal=org.springframework.security.core.userdetails.User [Username=charlenedilig@gmail.com, Password=[PROTECTED], Enabled=true, AccountNonExpired=true, CredentialsNonExpired=true, AccountNonLocked=true, Granted Authorities=[ROLE_USER]], Credentials=[PROTECTED], Authenticated=true, Details=WebAuthenticationDetails [RemoteIpAddress=127.0.0.1, SessionId=D706A416E7764EFB10E508C1CCA4C929], Granted Authorities=[ROLE_USER]]]
2025-06-05 12:23:22 [http-nio-8080-exec-1] DEBUG o.s.security.web.FilterChainProxy - Secured GET /user/analytics
2025-06-05 12:23:22 [http-nio-8080-exec-1] DEBUG o.s.web.servlet.DispatcherServlet - GET "/fitrack/user/analytics", parameters={}
2025-06-05 12:23:22 [http-nio-8080-exec-1] DEBUG o.s.w.s.m.m.a.RequestMappingHandlerMapping - Mapped to com.app.fitrack.controller.AnalyticsController#showAnalytics(UserDetails, Model)
2025-06-05 12:23:22 [http-nio-8080-exec-1] DEBUG o.s.o.j.s.OpenEntityManagerInViewInterceptor - Opening JPA EntityManager in OpenEntityManagerInViewInterceptor
2025-06-05 12:23:22 [http-nio-8080-exec-1] DEBUG c.a.f.controller.AnalyticsController - Analytics page requested for user: charlenedilig@gmail.com
2025-06-05 12:23:22 [http-nio-8080-exec-1] DEBUG o.s.orm.jpa.JpaTransactionManager - Found thread-bound EntityManager [SessionImpl(954180559<open>)] for JPA transaction
2025-06-05 12:23:22 [http-nio-8080-exec-1] DEBUG o.s.orm.jpa.JpaTransactionManager - Creating new transaction with name [com.app.fitrack.service.UserService.findByEmail]: PROPAGATION_REQUIRED,ISOLATION_DEFAULT
2025-06-05 12:23:22 [http-nio-8080-exec-1] DEBUG o.s.orm.jpa.JpaTransactionManager - Exposing JPA transaction as JDBC [org.springframework.orm.jpa.vendor.HibernateJpaDialect$HibernateConnectionHandle@34870e36]
2025-06-05 12:23:22 [http-nio-8080-exec-1] TRACE o.s.t.i.TransactionInterceptor - Getting transaction for [com.app.fitrack.service.UserService.findByEmail]
2025-06-05 12:23:22 [http-nio-8080-exec-1] TRACE o.s.t.i.TransactionInterceptor - No need to create transaction for [org.springframework.data.jpa.repository.support.SimpleJpaRepository.findByEmail]: This method is not transactional.
2025-06-05 12:23:22 [http-nio-8080-exec-1] DEBUG org.hibernate.SQL - 
    select
        u1_0.id,
        u1_0.age,
        u1_0.email,
        u1_0.email_change_code,
        u1_0.email_change_code_expiry,
        u1_0.firstname,
        u1_0.gender,
        u1_0.height,
        u1_0.lastname,
        u1_0.password,
        u1_0.pending_email,
        u1_0.profile_picture,
        u1_0.verified,
        u1_0.weight 
    from
        users u1_0 
    where
        u1_0.email=?
2025-06-05 12:23:22 [http-nio-8080-exec-1] TRACE o.s.t.i.TransactionInterceptor - Completing transaction for [com.app.fitrack.service.UserService.findByEmail]
2025-06-05 12:23:22 [http-nio-8080-exec-1] DEBUG o.s.orm.jpa.JpaTransactionManager - Initiating transaction commit
2025-06-05 12:23:22 [http-nio-8080-exec-1] DEBUG o.s.orm.jpa.JpaTransactionManager - Committing JPA transaction on EntityManager [SessionImpl(954180559<open>)]
2025-06-05 12:23:22 [http-nio-8080-exec-1] DEBUG o.s.orm.jpa.JpaTransactionManager - Not closing pre-bound JPA EntityManager after transaction
2025-06-05 12:23:22 [http-nio-8080-exec-1] DEBUG c.a.fitrack.service.AnalyticsService - Entering getAnalyticsPageData for user: charlenedilig@gmail.com
2025-06-05 12:23:22 [http-nio-8080-exec-1] DEBUG c.a.fitrack.service.AnalyticsService - User details: firstName=charlene, lastName=dilig
2025-06-05 12:23:22 [http-nio-8080-exec-1] DEBUG c.a.fitrack.service.AnalyticsService - DTO fullName set to: charlene dilig
2025-06-05 12:23:22 [http-nio-8080-exec-1] TRACE o.s.t.i.TransactionInterceptor - No need to create transaction for [org.springframework.data.jpa.repository.support.SimpleJpaRepository.findByUser]: This method is not transactional.
2025-06-05 12:23:22 [http-nio-8080-exec-1] DEBUG org.hibernate.SQL - 
    select
        w1_0.id,
        w1_0.burned_calories,
        w1_0.date_time,
        w1_0.duration,
        w1_0.user_id,
        w1_0.workout_name,
        w1_0.workout_type 
    from
        workout w1_0 
    where
        w1_0.user_id=?
2025-06-05 12:23:22 [http-nio-8080-exec-1] DEBUG org.hibernate.SQL - 
    select
        rd1_0.workout_id,
        rd1_0.repeat_day 
    from
        workout_repeat_days rd1_0 
    where
        rd1_0.workout_id=?
2025-06-05 12:23:22 [http-nio-8080-exec-1] DEBUG org.hibernate.SQL - 
    select
        rd1_0.workout_id,
        rd1_0.repeat_day 
    from
        workout_repeat_days rd1_0 
    where
        rd1_0.workout_id=?
2025-06-05 12:23:22 [http-nio-8080-exec-1] DEBUG org.hibernate.SQL - 
    select
        rd1_0.workout_id,
        rd1_0.repeat_day 
    from
        workout_repeat_days rd1_0 
    where
        rd1_0.workout_id=?
2025-06-05 12:23:22 [http-nio-8080-exec-1] DEBUG org.hibernate.SQL - 
    select
        rd1_0.workout_id,
        rd1_0.repeat_day 
    from
        workout_repeat_days rd1_0 
    where
        rd1_0.workout_id=?
2025-06-05 12:23:22 [http-nio-8080-exec-1] DEBUG org.hibernate.SQL - 
    select
        rd1_0.workout_id,
        rd1_0.repeat_day 
    from
        workout_repeat_days rd1_0 
    where
        rd1_0.workout_id=?
2025-06-05 12:23:22 [http-nio-8080-exec-1] DEBUG org.hibernate.SQL - 
    select
        rd1_0.workout_id,
        rd1_0.repeat_day 
    from
        workout_repeat_days rd1_0 
    where
        rd1_0.workout_id=?
2025-06-05 12:23:22 [http-nio-8080-exec-1] DEBUG c.a.fitrack.service.AnalyticsService - Scheduled workout names for DTO: [Full Body Workout, HIIT Circuit Training, Upper Back Stretching, Yoga, Low Lunge Twists, Core Workout]
2025-06-05 12:23:22 [http-nio-8080-exec-1] INFO  c.a.f.service.BodyMeasurementService - Fetching measurements for UserID=1
2025-06-05 12:23:22 [http-nio-8080-exec-1] TRACE o.s.t.i.TransactionInterceptor - No need to create transaction for [org.springframework.data.jpa.repository.support.SimpleJpaRepository.findByUserOrderByDateTimeDesc]: This method is not transactional.
2025-06-05 12:23:22 [http-nio-8080-exec-1] DEBUG org.hibernate.SQL - 
    select
        bm1_0.id,
        bm1_0.date_time,
        bm1_0.notes,
        bm1_0.user_id,
        bm1_0.weight 
    from
        body_measurement bm1_0 
    where
        bm1_0.user_id=? 
    order by
        bm1_0.date_time desc
2025-06-05 12:23:22 [http-nio-8080-exec-1] INFO  c.a.f.service.BodyMeasurementService - Found 15 measurements for UserID=1
2025-06-05 12:23:22 [http-nio-8080-exec-1] DEBUG c.a.fitrack.service.AnalyticsService - Setting currentUserWeight from User object: 67.0
2025-06-05 12:23:22 [http-nio-8080-exec-1] TRACE o.s.t.i.TransactionInterceptor - No need to create transaction for [org.springframework.data.jpa.repository.support.SimpleJpaRepository.findByUserAndDateTimeBetween]: This method is not transactional.
2025-06-05 12:23:22 [http-nio-8080-exec-1] DEBUG org.hibernate.SQL - 
    select
        distinct m1_0.id,
        m1_0.date_time,
        fi1_0.meal_id,
        fi1_0.id,
        fi1_0.calories,
        fi1_0.carbs,
        fi1_0.fat,
        fi1_0.food_item,
        fi1_0.other_unit,
        fi1_0.protein,
        fi1_0.quantity,
        fi1_0.unit,
        m1_0.meal_name,
        m1_0.user_id 
    from
        meal m1_0 
    left join
        meal_food_item fi1_0 
            on m1_0.id=fi1_0.meal_id 
    where
        m1_0.user_id=? 
        and m1_0.date_time between ? and ?
2025-06-05 12:23:22 [http-nio-8080-exec-1] TRACE o.s.t.i.TransactionInterceptor - No need to create transaction for [org.springframework.data.jpa.repository.support.SimpleJpaRepository.findByUserAndCompletedAtBetween]: This method is not transactional.
2025-06-05 12:23:22 [http-nio-8080-exec-1] DEBUG org.hibernate.SQL - 
    select
        wl1_0.id,
        wl1_0.burned_calories,
        wl1_0.completed_at,
        wl1_0.duration,
        wl1_0.user_id,
        wl1_0.workout_name,
        wl1_0.workout_type 
    from
        workout_log wl1_0 
    where
        wl1_0.user_id=? 
        and wl1_0.completed_at between ? and ?
2025-06-05 12:23:22 [http-nio-8080-exec-1] DEBUG o.s.orm.jpa.JpaTransactionManager - Found thread-bound EntityManager [SessionImpl(954180559<open>)] for JPA transaction
2025-06-05 12:23:22 [http-nio-8080-exec-1] DEBUG o.s.orm.jpa.JpaTransactionManager - Creating new transaction with name [com.app.fitrack.service.UserService.calculateDynamicActivityFactor]: PROPAGATION_REQUIRED,ISOLATION_DEFAULT
2025-06-05 12:23:22 [http-nio-8080-exec-1] DEBUG o.s.orm.jpa.JpaTransactionManager - Exposing JPA transaction as JDBC [org.springframework.orm.jpa.vendor.HibernateJpaDialect$HibernateConnectionHandle@7859a8eb]
2025-06-05 12:23:22 [http-nio-8080-exec-1] TRACE o.s.t.i.TransactionInterceptor - Getting transaction for [com.app.fitrack.service.UserService.calculateDynamicActivityFactor]
2025-06-05 12:23:22 [http-nio-8080-exec-1] TRACE o.s.t.i.TransactionInterceptor - No need to create transaction for [org.springframework.data.jpa.repository.support.SimpleJpaRepository.findByUserAndCompletedAtBetween]: This method is not transactional.
2025-06-05 12:23:22 [http-nio-8080-exec-1] DEBUG org.hibernate.SQL - 
    select
        wl1_0.id,
        wl1_0.burned_calories,
        wl1_0.completed_at,
        wl1_0.duration,
        wl1_0.user_id,
        wl1_0.workout_name,
        wl1_0.workout_type 
    from
        workout_log wl1_0 
    where
        wl1_0.user_id=? 
        and wl1_0.completed_at between ? and ?
2025-06-05 12:23:22 [http-nio-8080-exec-1] TRACE o.s.t.i.TransactionInterceptor - Completing transaction for [com.app.fitrack.service.UserService.calculateDynamicActivityFactor]
2025-06-05 12:23:22 [http-nio-8080-exec-1] DEBUG o.s.orm.jpa.JpaTransactionManager - Initiating transaction commit
2025-06-05 12:23:22 [http-nio-8080-exec-1] DEBUG o.s.orm.jpa.JpaTransactionManager - Committing JPA transaction on EntityManager [SessionImpl(954180559<open>)]
2025-06-05 12:23:22 [http-nio-8080-exec-1] DEBUG o.s.orm.jpa.JpaTransactionManager - Not closing pre-bound JPA EntityManager after transaction
2025-06-05 12:23:22 [http-nio-8080-exec-1] DEBUG o.s.orm.jpa.JpaTransactionManager - Found thread-bound EntityManager [SessionImpl(954180559<open>)] for JPA transaction
2025-06-05 12:23:22 [http-nio-8080-exec-1] DEBUG o.s.orm.jpa.JpaTransactionManager - Creating new transaction with name [com.app.fitrack.service.UserService.calculateTDEE]: PROPAGATION_REQUIRED,ISOLATION_DEFAULT
2025-06-05 12:23:22 [http-nio-8080-exec-1] DEBUG o.s.orm.jpa.JpaTransactionManager - Exposing JPA transaction as JDBC [org.springframework.orm.jpa.vendor.HibernateJpaDialect$HibernateConnectionHandle@41b1ec34]
2025-06-05 12:23:22 [http-nio-8080-exec-1] TRACE o.s.t.i.TransactionInterceptor - Getting transaction for [com.app.fitrack.service.UserService.calculateTDEE]
2025-06-05 12:23:22 [http-nio-8080-exec-1] TRACE o.s.t.i.TransactionInterceptor - Completing transaction for [com.app.fitrack.service.UserService.calculateTDEE]
2025-06-05 12:23:22 [http-nio-8080-exec-1] DEBUG o.s.orm.jpa.JpaTransactionManager - Initiating transaction commit
2025-06-05 12:23:22 [http-nio-8080-exec-1] DEBUG o.s.orm.jpa.JpaTransactionManager - Committing JPA transaction on EntityManager [SessionImpl(954180559<open>)]
2025-06-05 12:23:22 [http-nio-8080-exec-1] DEBUG o.s.orm.jpa.JpaTransactionManager - Not closing pre-bound JPA EntityManager after transaction
2025-06-05 12:23:22 [http-nio-8080-exec-1] TRACE o.s.t.i.TransactionInterceptor - No need to create transaction for [org.springframework.data.jpa.repository.support.SimpleJpaRepository.findByUserAndDateTimeBetween]: This method is not transactional.
2025-06-05 12:23:22 [http-nio-8080-exec-1] DEBUG org.hibernate.SQL - 
    select
        distinct m1_0.id,
        m1_0.date_time,
        fi1_0.meal_id,
        fi1_0.id,
        fi1_0.calories,
        fi1_0.carbs,
        fi1_0.fat,
        fi1_0.food_item,
        fi1_0.other_unit,
        fi1_0.protein,
        fi1_0.quantity,
        fi1_0.unit,
        m1_0.meal_name,
        m1_0.user_id 
    from
        meal m1_0 
    left join
        meal_food_item fi1_0 
            on m1_0.id=fi1_0.meal_id 
    where
        m1_0.user_id=? 
        and m1_0.date_time between ? and ?
2025-06-05 12:23:22 [http-nio-8080-exec-1] TRACE o.s.t.i.TransactionInterceptor - No need to create transaction for [org.springframework.data.jpa.repository.support.SimpleJpaRepository.findByUserAndDateTimeBetween]: This method is not transactional.
2025-06-05 12:23:22 [http-nio-8080-exec-1] DEBUG org.hibernate.SQL - 
    select
        distinct m1_0.id,
        m1_0.date_time,
        fi1_0.meal_id,
        fi1_0.id,
        fi1_0.calories,
        fi1_0.carbs,
        fi1_0.fat,
        fi1_0.food_item,
        fi1_0.other_unit,
        fi1_0.protein,
        fi1_0.quantity,
        fi1_0.unit,
        m1_0.meal_name,
        m1_0.user_id 
    from
        meal m1_0 
    left join
        meal_food_item fi1_0 
            on m1_0.id=fi1_0.meal_id 
    where
        m1_0.user_id=? 
        and m1_0.date_time between ? and ?
2025-06-05 12:23:22 [http-nio-8080-exec-1] TRACE o.s.t.i.TransactionInterceptor - No need to create transaction for [org.springframework.data.jpa.repository.support.SimpleJpaRepository.findByUserAndDateTimeBetween]: This method is not transactional.
2025-06-05 12:23:22 [http-nio-8080-exec-1] DEBUG org.hibernate.SQL - 
    select
        distinct m1_0.id,
        m1_0.date_time,
        fi1_0.meal_id,
        fi1_0.id,
        fi1_0.calories,
        fi1_0.carbs,
        fi1_0.fat,
        fi1_0.food_item,
        fi1_0.other_unit,
        fi1_0.protein,
        fi1_0.quantity,
        fi1_0.unit,
        m1_0.meal_name,
        m1_0.user_id 
    from
        meal m1_0 
    left join
        meal_food_item fi1_0 
            on m1_0.id=fi1_0.meal_id 
    where
        m1_0.user_id=? 
        and m1_0.date_time between ? and ?
2025-06-05 12:23:22 [http-nio-8080-exec-1] TRACE o.s.t.i.TransactionInterceptor - No need to create transaction for [org.springframework.data.jpa.repository.support.SimpleJpaRepository.findByUserAndCompletedAtBetween]: This method is not transactional.
2025-06-05 12:23:22 [http-nio-8080-exec-1] DEBUG org.hibernate.SQL - 
    select
        wl1_0.id,
        wl1_0.burned_calories,
        wl1_0.completed_at,
        wl1_0.duration,
        wl1_0.user_id,
        wl1_0.workout_name,
        wl1_0.workout_type 
    from
        workout_log wl1_0 
    where
        wl1_0.user_id=? 
        and wl1_0.completed_at between ? and ?
2025-06-05 12:23:22 [http-nio-8080-exec-1] DEBUG c.a.fitrack.service.AnalyticsService - Populating workout frequency data for user: charlenedilig@gmail.com from 2025-03-07T12:23:22.056784800 to 2025-06-05T12:23:22.056784800
2025-06-05 12:23:22 [http-nio-8080-exec-1] TRACE o.s.t.i.TransactionInterceptor - No need to create transaction for [org.springframework.data.jpa.repository.support.SimpleJpaRepository.findByUserAndCompletedAtBetween]: This method is not transactional.
2025-06-05 12:23:22 [http-nio-8080-exec-1] DEBUG org.hibernate.SQL - 
    select
        wl1_0.id,
        wl1_0.burned_calories,
        wl1_0.completed_at,
        wl1_0.duration,
        wl1_0.user_id,
        wl1_0.workout_name,
        wl1_0.workout_type 
    from
        workout_log wl1_0 
    where
        wl1_0.user_id=? 
        and wl1_0.completed_at between ? and ?
2025-06-05 12:23:22 [http-nio-8080-exec-1] DEBUG c.a.fitrack.service.AnalyticsService - Workout type frequency map: {FLEXIBILITY=121, STRENGTH=55, HIIT=25}
2025-06-05 12:23:22 [http-nio-8080-exec-1] DEBUG c.a.f.service.BodyMeasurementService - Calculated current BMI: 30.178820773839018 for Weight=67.0, Height=149.0
2025-06-05 12:23:22 [http-nio-8080-exec-1] TRACE o.s.t.i.TransactionInterceptor - No need to create transaction for [org.springframework.data.jpa.repository.support.SimpleJpaRepository.countByUser]: This method is not transactional.
2025-06-05 12:23:22 [http-nio-8080-exec-1] DEBUG org.hibernate.SQL - 
    select
        count(m1_0.id) 
    from
        meal m1_0 
    where
        m1_0.user_id=?
2025-06-05 12:23:22 [http-nio-8080-exec-1] TRACE o.s.t.i.TransactionInterceptor - No need to create transaction for [org.springframework.data.jpa.repository.support.SimpleJpaRepository.countByUser]: This method is not transactional.
2025-06-05 12:23:22 [http-nio-8080-exec-1] DEBUG org.hibernate.SQL - 
    select
        count(wl1_0.id) 
    from
        workout_log wl1_0 
    where
        wl1_0.user_id=?
2025-06-05 12:23:22 [http-nio-8080-exec-1] DEBUG c.a.fitrack.service.AnalyticsService - Set newUserActivity to: false (noMealLogs: false, noWorkoutLogs: false) for user: charlenedilig@gmail.com
2025-06-05 12:23:22 [http-nio-8080-exec-1] DEBUG c.a.fitrack.service.AnalyticsService - Returning AnalyticsPageDTO for user: charlenedilig@gmail.com
2025-06-05 12:23:22 [http-nio-8080-exec-1] DEBUG c.a.f.controller.AnalyticsController - AnalyticsData DTO retrieved. FullName from DTO: charlene dilig
2025-06-05 12:23:22 [http-nio-8080-exec-1] DEBUG c.a.f.controller.AnalyticsController - Added analyticsData and user to model for view.
2025-06-05 12:23:22 [http-nio-8080-exec-1] DEBUG o.s.w.s.v.ContentNegotiatingViewResolver - Selected 'text/html' given [text/html, application/xhtml+xml, application/xml;q=0.9, */*;q=0.8]
2025-06-05 12:23:22 [http-nio-8080-exec-2] DEBUG o.s.security.web.FilterChainProxy - Securing GET /styles/css/Fitrack.css
2025-06-05 12:23:22 [http-nio-8080-exec-2] DEBUG o.s.security.web.FilterChainProxy - Secured GET /styles/css/Fitrack.css
2025-06-05 12:23:22 [http-nio-8080-exec-2] DEBUG o.s.web.servlet.DispatcherServlet - GET "/fitrack/styles/css/Fitrack.css", parameters={}
2025-06-05 12:23:22 [http-nio-8080-exec-2] DEBUG o.s.w.s.h.SimpleUrlHandlerMapping - Mapped to ResourceHttpRequestHandler [classpath [static/], URL [file:uploads/], ServletContext [/]]
2025-06-05 12:23:22 [http-nio-8080-exec-2] DEBUG o.s.o.j.s.OpenEntityManagerInViewInterceptor - Opening JPA EntityManager in OpenEntityManagerInViewInterceptor
2025-06-05 12:23:22 [http-nio-8080-exec-2] DEBUG o.s.o.j.s.OpenEntityManagerInViewInterceptor - Closing JPA EntityManager in OpenEntityManagerInViewInterceptor
2025-06-05 12:23:22 [http-nio-8080-exec-2] DEBUG o.s.web.servlet.DispatcherServlet - Completed 200 OK
2025-06-05 12:23:22 [http-nio-8080-exec-2] DEBUG o.s.s.w.c.HttpSessionSecurityContextRepository - Retrieved SecurityContextImpl [Authentication=UsernamePasswordAuthenticationToken [Principal=org.springframework.security.core.userdetails.User [Username=charlenedilig@gmail.com, Password=[PROTECTED], Enabled=true, AccountNonExpired=true, CredentialsNonExpired=true, AccountNonLocked=true, Granted Authorities=[ROLE_USER]], Credentials=[PROTECTED], Authenticated=true, Details=WebAuthenticationDetails [RemoteIpAddress=127.0.0.1, SessionId=D706A416E7764EFB10E508C1CCA4C929], Granted Authorities=[ROLE_USER]]]
2025-06-05 12:23:22 [http-nio-8080-exec-3] DEBUG o.s.security.web.FilterChainProxy - Securing GET /styles/scripts/dashboard.js
2025-06-05 12:23:22 [http-nio-8080-exec-1] DEBUG o.s.o.j.s.OpenEntityManagerInViewInterceptor - Closing JPA EntityManager in OpenEntityManagerInViewInterceptor
2025-06-05 12:23:22 [http-nio-8080-exec-3] DEBUG o.s.security.web.FilterChainProxy - Secured GET /styles/scripts/dashboard.js
2025-06-05 12:23:22 [http-nio-8080-exec-3] DEBUG o.s.web.servlet.DispatcherServlet - GET "/fitrack/styles/scripts/dashboard.js", parameters={}
2025-06-05 12:23:22 [http-nio-8080-exec-1] DEBUG o.s.web.servlet.DispatcherServlet - Completed 200 OK
2025-06-05 12:23:22 [http-nio-8080-exec-3] DEBUG o.s.w.s.h.SimpleUrlHandlerMapping - Mapped to ResourceHttpRequestHandler [classpath [static/], URL [file:uploads/], ServletContext [/]]
2025-06-05 12:23:22 [http-nio-8080-exec-3] DEBUG o.s.o.j.s.OpenEntityManagerInViewInterceptor - Opening JPA EntityManager in OpenEntityManagerInViewInterceptor
2025-06-05 12:23:22 [http-nio-8080-exec-4] DEBUG o.s.security.web.FilterChainProxy - Securing GET /styles/scripts/analytics.js
2025-06-05 12:23:22 [http-nio-8080-exec-4] DEBUG o.s.security.web.FilterChainProxy - Secured GET /styles/scripts/analytics.js
2025-06-05 12:23:22 [http-nio-8080-exec-4] DEBUG o.s.web.servlet.DispatcherServlet - GET "/fitrack/styles/scripts/analytics.js", parameters={}
2025-06-05 12:23:22 [http-nio-8080-exec-3] DEBUG o.s.o.j.s.OpenEntityManagerInViewInterceptor - Closing JPA EntityManager in OpenEntityManagerInViewInterceptor
2025-06-05 12:23:22 [http-nio-8080-exec-4] DEBUG o.s.w.s.h.SimpleUrlHandlerMapping - Mapped to ResourceHttpRequestHandler [classpath [static/], URL [file:uploads/], ServletContext [/]]
2025-06-05 12:23:22 [http-nio-8080-exec-3] DEBUG o.s.web.servlet.DispatcherServlet - Completed 200 OK
2025-06-05 12:23:22 [http-nio-8080-exec-4] DEBUG o.s.o.j.s.OpenEntityManagerInViewInterceptor - Opening JPA EntityManager in OpenEntityManagerInViewInterceptor
2025-06-05 12:23:22 [http-nio-8080-exec-3] DEBUG o.s.s.w.c.HttpSessionSecurityContextRepository - Retrieved SecurityContextImpl [Authentication=UsernamePasswordAuthenticationToken [Principal=org.springframework.security.core.userdetails.User [Username=charlenedilig@gmail.com, Password=[PROTECTED], Enabled=true, AccountNonExpired=true, CredentialsNonExpired=true, AccountNonLocked=true, Granted Authorities=[ROLE_USER]], Credentials=[PROTECTED], Authenticated=true, Details=WebAuthenticationDetails [RemoteIpAddress=127.0.0.1, SessionId=D706A416E7764EFB10E508C1CCA4C929], Granted Authorities=[ROLE_USER]]]
2025-06-05 12:23:22 [http-nio-8080-exec-4] DEBUG o.s.o.j.s.OpenEntityManagerInViewInterceptor - Closing JPA EntityManager in OpenEntityManagerInViewInterceptor
2025-06-05 12:23:22 [http-nio-8080-exec-4] DEBUG o.s.web.servlet.DispatcherServlet - Completed 200 OK
2025-06-05 12:23:22 [http-nio-8080-exec-4] DEBUG o.s.s.w.c.HttpSessionSecurityContextRepository - Retrieved SecurityContextImpl [Authentication=UsernamePasswordAuthenticationToken [Principal=org.springframework.security.core.userdetails.User [Username=charlenedilig@gmail.com, Password=[PROTECTED], Enabled=true, AccountNonExpired=true, CredentialsNonExpired=true, AccountNonLocked=true, Granted Authorities=[ROLE_USER]], Credentials=[PROTECTED], Authenticated=true, Details=WebAuthenticationDetails [RemoteIpAddress=127.0.0.1, SessionId=D706A416E7764EFB10E508C1CCA4C929], Granted Authorities=[ROLE_USER]]]
2025-06-05 12:23:29 [http-nio-8080-exec-5] DEBUG o.s.security.web.FilterChainProxy - Securing POST /workouts/estimate-calories
2025-06-05 12:23:29 [http-nio-8080-exec-6] DEBUG o.s.security.web.FilterChainProxy - Securing POST /workouts/estimate-calories
2025-06-05 12:23:29 [http-nio-8080-exec-5] DEBUG o.s.s.w.c.HttpSessionSecurityContextRepository - Retrieved SecurityContextImpl [Authentication=UsernamePasswordAuthenticationToken [Principal=org.springframework.security.core.userdetails.User [Username=charlenedilig@gmail.com, Password=[PROTECTED], Enabled=true, AccountNonExpired=true, CredentialsNonExpired=true, AccountNonLocked=true, Granted Authorities=[ROLE_USER]], Credentials=[PROTECTED], Authenticated=true, Details=WebAuthenticationDetails [RemoteIpAddress=127.0.0.1, SessionId=D706A416E7764EFB10E508C1CCA4C929], Granted Authorities=[ROLE_USER]]]
2025-06-05 12:23:29 [http-nio-8080-exec-6] DEBUG o.s.s.w.c.HttpSessionSecurityContextRepository - Retrieved SecurityContextImpl [Authentication=UsernamePasswordAuthenticationToken [Principal=org.springframework.security.core.userdetails.User [Username=charlenedilig@gmail.com, Password=[PROTECTED], Enabled=true, AccountNonExpired=true, CredentialsNonExpired=true, AccountNonLocked=true, Granted Authorities=[ROLE_USER]], Credentials=[PROTECTED], Authenticated=true, Details=WebAuthenticationDetails [RemoteIpAddress=127.0.0.1, SessionId=D706A416E7764EFB10E508C1CCA4C929], Granted Authorities=[ROLE_USER]]]
2025-06-05 12:23:29 [http-nio-8080-exec-5] DEBUG o.s.security.web.FilterChainProxy - Secured POST /workouts/estimate-calories
2025-06-05 12:23:29 [http-nio-8080-exec-6] DEBUG o.s.security.web.FilterChainProxy - Secured POST /workouts/estimate-calories
2025-06-05 12:23:29 [http-nio-8080-exec-5] DEBUG o.s.web.servlet.DispatcherServlet - POST "/fitrack/workouts/estimate-calories", parameters={}
2025-06-05 12:23:29 [http-nio-8080-exec-6] DEBUG o.s.web.servlet.DispatcherServlet - POST "/fitrack/workouts/estimate-calories", parameters={}
2025-06-05 12:23:29 [http-nio-8080-exec-5] DEBUG o.s.w.s.m.m.a.RequestMappingHandlerMapping - Mapped to com.app.fitrack.controller.WorkoutController#estimateCalories(Map)
2025-06-05 12:23:29 [http-nio-8080-exec-6] DEBUG o.s.w.s.m.m.a.RequestMappingHandlerMapping - Mapped to com.app.fitrack.controller.WorkoutController#estimateCalories(Map)
2025-06-05 12:23:29 [http-nio-8080-exec-5] DEBUG o.s.o.j.s.OpenEntityManagerInViewInterceptor - Opening JPA EntityManager in OpenEntityManagerInViewInterceptor
2025-06-05 12:23:29 [http-nio-8080-exec-7] DEBUG o.s.security.web.FilterChainProxy - Securing POST /workouts/estimate-calories
2025-06-05 12:23:29 [http-nio-8080-exec-6] DEBUG o.s.o.j.s.OpenEntityManagerInViewInterceptor - Opening JPA EntityManager in OpenEntityManagerInViewInterceptor
2025-06-05 12:23:29 [http-nio-8080-exec-7] DEBUG o.s.s.w.c.HttpSessionSecurityContextRepository - Retrieved SecurityContextImpl [Authentication=UsernamePasswordAuthenticationToken [Principal=org.springframework.security.core.userdetails.User [Username=charlenedilig@gmail.com, Password=[PROTECTED], Enabled=true, AccountNonExpired=true, CredentialsNonExpired=true, AccountNonLocked=true, Granted Authorities=[ROLE_USER]], Credentials=[PROTECTED], Authenticated=true, Details=WebAuthenticationDetails [RemoteIpAddress=127.0.0.1, SessionId=D706A416E7764EFB10E508C1CCA4C929], Granted Authorities=[ROLE_USER]]]
2025-06-05 12:23:29 [http-nio-8080-exec-5] DEBUG o.s.w.s.m.m.a.RequestResponseBodyMethodProcessor - Read "application/json;charset=UTF-8" to [{workoutName=Running, duration=20}]
2025-06-05 12:23:29 [http-nio-8080-exec-6] DEBUG o.s.w.s.m.m.a.RequestResponseBodyMethodProcessor - Read "application/json;charset=UTF-8" to [{workoutName=Swimming, duration=30}]
2025-06-05 12:23:29 [http-nio-8080-exec-7] DEBUG o.s.security.web.FilterChainProxy - Secured POST /workouts/estimate-calories
2025-06-05 12:23:29 [http-nio-8080-exec-6] DEBUG o.s.orm.jpa.JpaTransactionManager - Found thread-bound EntityManager [SessionImpl(317209171<open>)] for JPA transaction
2025-06-05 12:23:29 [http-nio-8080-exec-5] DEBUG o.s.orm.jpa.JpaTransactionManager - Found thread-bound EntityManager [SessionImpl(1746861732<open>)] for JPA transaction
2025-06-05 12:23:29 [http-nio-8080-exec-7] DEBUG o.s.web.servlet.DispatcherServlet - POST "/fitrack/workouts/estimate-calories", parameters={}
2025-06-05 12:23:29 [http-nio-8080-exec-6] DEBUG o.s.orm.jpa.JpaTransactionManager - Creating new transaction with name [com.app.fitrack.service.UserService.getAuthenticatedUser]: PROPAGATION_REQUIRED,ISOLATION_DEFAULT
2025-06-05 12:23:29 [http-nio-8080-exec-5] DEBUG o.s.orm.jpa.JpaTransactionManager - Creating new transaction with name [com.app.fitrack.service.UserService.getAuthenticatedUser]: PROPAGATION_REQUIRED,ISOLATION_DEFAULT
2025-06-05 12:23:29 [http-nio-8080-exec-7] DEBUG o.s.w.s.m.m.a.RequestMappingHandlerMapping - Mapped to com.app.fitrack.controller.WorkoutController#estimateCalories(Map)
2025-06-05 12:23:29 [http-nio-8080-exec-7] DEBUG o.s.o.j.s.OpenEntityManagerInViewInterceptor - Opening JPA EntityManager in OpenEntityManagerInViewInterceptor
2025-06-05 12:23:29 [http-nio-8080-exec-6] DEBUG o.s.orm.jpa.JpaTransactionManager - Exposing JPA transaction as JDBC [org.springframework.orm.jpa.vendor.HibernateJpaDialect$HibernateConnectionHandle@1bf6cae2]
2025-06-05 12:23:29 [http-nio-8080-exec-5] DEBUG o.s.orm.jpa.JpaTransactionManager - Exposing JPA transaction as JDBC [org.springframework.orm.jpa.vendor.HibernateJpaDialect$HibernateConnectionHandle@280e05b1]
2025-06-05 12:23:29 [http-nio-8080-exec-6] TRACE o.s.t.i.TransactionInterceptor - Getting transaction for [com.app.fitrack.service.UserService.getAuthenticatedUser]
2025-06-05 12:23:29 [http-nio-8080-exec-5] TRACE o.s.t.i.TransactionInterceptor - Getting transaction for [com.app.fitrack.service.UserService.getAuthenticatedUser]
2025-06-05 12:23:29 [http-nio-8080-exec-7] DEBUG o.s.w.s.m.m.a.RequestResponseBodyMethodProcessor - Read "application/json;charset=UTF-8" to [{workoutName=Brisk Walking, duration=30}]
2025-06-05 12:23:29 [http-nio-8080-exec-5] TRACE o.s.t.i.TransactionInterceptor - No need to create transaction for [org.springframework.data.jpa.repository.support.SimpleJpaRepository.findByEmail]: This method is not transactional.
2025-06-05 12:23:29 [http-nio-8080-exec-6] TRACE o.s.t.i.TransactionInterceptor - No need to create transaction for [org.springframework.data.jpa.repository.support.SimpleJpaRepository.findByEmail]: This method is not transactional.
2025-06-05 12:23:29 [http-nio-8080-exec-7] DEBUG o.s.orm.jpa.JpaTransactionManager - Found thread-bound EntityManager [SessionImpl(542917141<open>)] for JPA transaction
2025-06-05 12:23:29 [http-nio-8080-exec-6] DEBUG org.hibernate.SQL - 
    select
        u1_0.id,
        u1_0.age,
        u1_0.email,
        u1_0.email_change_code,
        u1_0.email_change_code_expiry,
        u1_0.firstname,
        u1_0.gender,
        u1_0.height,
        u1_0.lastname,
        u1_0.password,
        u1_0.pending_email,
        u1_0.profile_picture,
        u1_0.verified,
        u1_0.weight 
    from
        users u1_0 
    where
        u1_0.email=?
2025-06-05 12:23:29 [http-nio-8080-exec-8] DEBUG o.s.security.web.FilterChainProxy - Securing POST /workouts/estimate-calories
2025-06-05 12:23:29 [http-nio-8080-exec-5] DEBUG org.hibernate.SQL - 
    select
        u1_0.id,
        u1_0.age,
        u1_0.email,
        u1_0.email_change_code,
        u1_0.email_change_code_expiry,
        u1_0.firstname,
        u1_0.gender,
        u1_0.height,
        u1_0.lastname,
        u1_0.password,
        u1_0.pending_email,
        u1_0.profile_picture,
        u1_0.verified,
        u1_0.weight 
    from
        users u1_0 
    where
        u1_0.email=?
2025-06-05 12:23:29 [http-nio-8080-exec-1] DEBUG o.s.security.web.FilterChainProxy - Securing POST /workouts/estimate-calories
2025-06-05 12:23:29 [http-nio-8080-exec-7] DEBUG o.s.orm.jpa.JpaTransactionManager - Creating new transaction with name [com.app.fitrack.service.UserService.getAuthenticatedUser]: PROPAGATION_REQUIRED,ISOLATION_DEFAULT
2025-06-05 12:23:29 [http-nio-8080-exec-9] DEBUG o.s.security.web.FilterChainProxy - Securing POST /workouts/estimate-calories
2025-06-05 12:23:29 [http-nio-8080-exec-10] DEBUG o.s.security.web.FilterChainProxy - Securing POST /workouts/estimate-calories
2025-06-05 12:23:29 [http-nio-8080-exec-6] TRACE o.s.t.i.TransactionInterceptor - Completing transaction for [com.app.fitrack.service.UserService.getAuthenticatedUser]
2025-06-05 12:23:29 [http-nio-8080-exec-3] DEBUG o.s.security.web.FilterChainProxy - Securing POST /workouts/estimate-calories
2025-06-05 12:23:29 [http-nio-8080-exec-2] DEBUG o.s.security.web.FilterChainProxy - Securing POST /workouts/estimate-calories
2025-06-05 12:23:29 [http-nio-8080-exec-8] DEBUG o.s.s.w.c.HttpSessionSecurityContextRepository - Retrieved SecurityContextImpl [Authentication=UsernamePasswordAuthenticationToken [Principal=org.springframework.security.core.userdetails.User [Username=charlenedilig@gmail.com, Password=[PROTECTED], Enabled=true, AccountNonExpired=true, CredentialsNonExpired=true, AccountNonLocked=true, Granted Authorities=[ROLE_USER]], Credentials=[PROTECTED], Authenticated=true, Details=WebAuthenticationDetails [RemoteIpAddress=127.0.0.1, SessionId=D706A416E7764EFB10E508C1CCA4C929], Granted Authorities=[ROLE_USER]]]
2025-06-05 12:23:29 [http-nio-8080-exec-6] DEBUG o.s.orm.jpa.JpaTransactionManager - Initiating transaction commit
2025-06-05 12:23:29 [http-nio-8080-exec-7] DEBUG o.s.orm.jpa.JpaTransactionManager - Exposing JPA transaction as JDBC [org.springframework.orm.jpa.vendor.HibernateJpaDialect$HibernateConnectionHandle@6161482e]
2025-06-05 12:23:29 [http-nio-8080-exec-1] DEBUG o.s.s.w.c.HttpSessionSecurityContextRepository - Retrieved SecurityContextImpl [Authentication=UsernamePasswordAuthenticationToken [Principal=org.springframework.security.core.userdetails.User [Username=charlenedilig@gmail.com, Password=[PROTECTED], Enabled=true, AccountNonExpired=true, CredentialsNonExpired=true, AccountNonLocked=true, Granted Authorities=[ROLE_USER]], Credentials=[PROTECTED], Authenticated=true, Details=WebAuthenticationDetails [RemoteIpAddress=127.0.0.1, SessionId=D706A416E7764EFB10E508C1CCA4C929], Granted Authorities=[ROLE_USER]]]
2025-06-05 12:23:29 [http-nio-8080-exec-9] DEBUG o.s.s.w.c.HttpSessionSecurityContextRepository - Retrieved SecurityContextImpl [Authentication=UsernamePasswordAuthenticationToken [Principal=org.springframework.security.core.userdetails.User [Username=charlenedilig@gmail.com, Password=[PROTECTED], Enabled=true, AccountNonExpired=true, CredentialsNonExpired=true, AccountNonLocked=true, Granted Authorities=[ROLE_USER]], Credentials=[PROTECTED], Authenticated=true, Details=WebAuthenticationDetails [RemoteIpAddress=127.0.0.1, SessionId=D706A416E7764EFB10E508C1CCA4C929], Granted Authorities=[ROLE_USER]]]
2025-06-05 12:23:29 [http-nio-8080-exec-1] DEBUG o.s.security.web.FilterChainProxy - Secured POST /workouts/estimate-calories
2025-06-05 12:23:29 [http-nio-8080-exec-10] DEBUG o.s.s.w.c.HttpSessionSecurityContextRepository - Retrieved SecurityContextImpl [Authentication=UsernamePasswordAuthenticationToken [Principal=org.springframework.security.core.userdetails.User [Username=charlenedilig@gmail.com, Password=[PROTECTED], Enabled=true, AccountNonExpired=true, CredentialsNonExpired=true, AccountNonLocked=true, Granted Authorities=[ROLE_USER]], Credentials=[PROTECTED], Authenticated=true, Details=WebAuthenticationDetails [RemoteIpAddress=127.0.0.1, SessionId=D706A416E7764EFB10E508C1CCA4C929], Granted Authorities=[ROLE_USER]]]
2025-06-05 12:23:29 [http-nio-8080-exec-6] DEBUG o.s.orm.jpa.JpaTransactionManager - Committing JPA transaction on EntityManager [SessionImpl(317209171<open>)]
2025-06-05 12:23:29 [http-nio-8080-exec-8] DEBUG o.s.security.web.FilterChainProxy - Secured POST /workouts/estimate-calories
2025-06-05 12:23:29 [http-nio-8080-exec-7] TRACE o.s.t.i.TransactionInterceptor - Getting transaction for [com.app.fitrack.service.UserService.getAuthenticatedUser]
2025-06-05 12:23:29 [http-nio-8080-exec-2] DEBUG o.s.s.w.c.HttpSessionSecurityContextRepository - Retrieved SecurityContextImpl [Authentication=UsernamePasswordAuthenticationToken [Principal=org.springframework.security.core.userdetails.User [Username=charlenedilig@gmail.com, Password=[PROTECTED], Enabled=true, AccountNonExpired=true, CredentialsNonExpired=true, AccountNonLocked=true, Granted Authorities=[ROLE_USER]], Credentials=[PROTECTED], Authenticated=true, Details=WebAuthenticationDetails [RemoteIpAddress=127.0.0.1, SessionId=D706A416E7764EFB10E508C1CCA4C929], Granted Authorities=[ROLE_USER]]]
2025-06-05 12:23:29 [http-nio-8080-exec-3] DEBUG o.s.s.w.c.HttpSessionSecurityContextRepository - Retrieved SecurityContextImpl [Authentication=UsernamePasswordAuthenticationToken [Principal=org.springframework.security.core.userdetails.User [Username=charlenedilig@gmail.com, Password=[PROTECTED], Enabled=true, AccountNonExpired=true, CredentialsNonExpired=true, AccountNonLocked=true, Granted Authorities=[ROLE_USER]], Credentials=[PROTECTED], Authenticated=true, Details=WebAuthenticationDetails [RemoteIpAddress=127.0.0.1, SessionId=D706A416E7764EFB10E508C1CCA4C929], Granted Authorities=[ROLE_USER]]]
2025-06-05 12:23:29 [http-nio-8080-exec-5] TRACE o.s.t.i.TransactionInterceptor - Completing transaction for [com.app.fitrack.service.UserService.getAuthenticatedUser]
2025-06-05 12:23:29 [http-nio-8080-exec-1] DEBUG o.s.web.servlet.DispatcherServlet - POST "/fitrack/workouts/estimate-calories", parameters={}
2025-06-05 12:23:29 [http-nio-8080-exec-9] DEBUG o.s.security.web.FilterChainProxy - Secured POST /workouts/estimate-calories
2025-06-05 12:23:29 [http-nio-8080-exec-10] DEBUG o.s.security.web.FilterChainProxy - Secured POST /workouts/estimate-calories
2025-06-05 12:23:29 [http-nio-8080-exec-9] DEBUG o.s.web.servlet.DispatcherServlet - POST "/fitrack/workouts/estimate-calories", parameters={}
2025-06-05 12:23:29 [http-nio-8080-exec-8] DEBUG o.s.web.servlet.DispatcherServlet - POST "/fitrack/workouts/estimate-calories", parameters={}
2025-06-05 12:23:29 [http-nio-8080-exec-7] TRACE o.s.t.i.TransactionInterceptor - No need to create transaction for [org.springframework.data.jpa.repository.support.SimpleJpaRepository.findByEmail]: This method is not transactional.
2025-06-05 12:23:29 [http-nio-8080-exec-2] DEBUG o.s.security.web.FilterChainProxy - Secured POST /workouts/estimate-calories
2025-06-05 12:23:29 [http-nio-8080-exec-3] DEBUG o.s.security.web.FilterChainProxy - Secured POST /workouts/estimate-calories
2025-06-05 12:23:29 [http-nio-8080-exec-5] DEBUG o.s.orm.jpa.JpaTransactionManager - Initiating transaction commit
2025-06-05 12:23:29 [http-nio-8080-exec-6] DEBUG o.s.orm.jpa.JpaTransactionManager - Not closing pre-bound JPA EntityManager after transaction
2025-06-05 12:23:29 [http-nio-8080-exec-10] DEBUG o.s.web.servlet.DispatcherServlet - POST "/fitrack/workouts/estimate-calories", parameters={}
2025-06-05 12:23:29 [http-nio-8080-exec-1] DEBUG o.s.w.s.m.m.a.RequestMappingHandlerMapping - Mapped to com.app.fitrack.controller.WorkoutController#estimateCalories(Map)
2025-06-05 12:23:29 [http-nio-8080-exec-9] DEBUG o.s.w.s.m.m.a.RequestMappingHandlerMapping - Mapped to com.app.fitrack.controller.WorkoutController#estimateCalories(Map)
2025-06-05 12:23:29 [http-nio-8080-exec-8] DEBUG o.s.w.s.m.m.a.RequestMappingHandlerMapping - Mapped to com.app.fitrack.controller.WorkoutController#estimateCalories(Map)
2025-06-05 12:23:29 [http-nio-8080-exec-2] DEBUG o.s.web.servlet.DispatcherServlet - POST "/fitrack/workouts/estimate-calories", parameters={}
2025-06-05 12:23:29 [http-nio-8080-exec-3] DEBUG o.s.web.servlet.DispatcherServlet - POST "/fitrack/workouts/estimate-calories", parameters={}
2025-06-05 12:23:29 [http-nio-8080-exec-5] DEBUG o.s.orm.jpa.JpaTransactionManager - Committing JPA transaction on EntityManager [SessionImpl(1746861732<open>)]
2025-06-05 12:23:29 [http-nio-8080-exec-7] DEBUG org.hibernate.SQL - 
    select
        u1_0.id,
        u1_0.age,
        u1_0.email,
        u1_0.email_change_code,
        u1_0.email_change_code_expiry,
        u1_0.firstname,
        u1_0.gender,
        u1_0.height,
        u1_0.lastname,
        u1_0.password,
        u1_0.pending_email,
        u1_0.profile_picture,
        u1_0.verified,
        u1_0.weight 
    from
        users u1_0 
    where
        u1_0.email=?
2025-06-05 12:23:29 [http-nio-8080-exec-6] INFO  c.a.f.service.NutritionixService - Sending request to Nutritionix for exercise calorie estimation:
2025-06-05 12:23:29 [http-nio-8080-exec-10] DEBUG o.s.w.s.m.m.a.RequestMappingHandlerMapping - Mapped to com.app.fitrack.controller.WorkoutController#estimateCalories(Map)
2025-06-05 12:23:29 [http-nio-8080-exec-1] DEBUG o.s.o.j.s.OpenEntityManagerInViewInterceptor - Opening JPA EntityManager in OpenEntityManagerInViewInterceptor
2025-06-05 12:23:29 [http-nio-8080-exec-10] DEBUG o.s.o.j.s.OpenEntityManagerInViewInterceptor - Opening JPA EntityManager in OpenEntityManagerInViewInterceptor
2025-06-05 12:23:29 [http-nio-8080-exec-9] DEBUG o.s.o.j.s.OpenEntityManagerInViewInterceptor - Opening JPA EntityManager in OpenEntityManagerInViewInterceptor
2025-06-05 12:23:29 [http-nio-8080-exec-8] DEBUG o.s.o.j.s.OpenEntityManagerInViewInterceptor - Opening JPA EntityManager in OpenEntityManagerInViewInterceptor
2025-06-05 12:23:29 [http-nio-8080-exec-2] DEBUG o.s.w.s.m.m.a.RequestMappingHandlerMapping - Mapped to com.app.fitrack.controller.WorkoutController#estimateCalories(Map)
2025-06-05 12:23:29 [http-nio-8080-exec-3] DEBUG o.s.w.s.m.m.a.RequestMappingHandlerMapping - Mapped to com.app.fitrack.controller.WorkoutController#estimateCalories(Map)
2025-06-05 12:23:29 [http-nio-8080-exec-10] DEBUG o.s.w.s.m.m.a.RequestResponseBodyMethodProcessor - Read "application/json;charset=UTF-8" to [{workoutName=Push-ups, duration=15}]
2025-06-05 12:23:29 [http-nio-8080-exec-5] DEBUG o.s.orm.jpa.JpaTransactionManager - Not closing pre-bound JPA EntityManager after transaction
2025-06-05 12:23:29 [http-nio-8080-exec-10] DEBUG o.s.orm.jpa.JpaTransactionManager - Found thread-bound EntityManager [SessionImpl(924933204<open>)] for JPA transaction
2025-06-05 12:23:29 [http-nio-8080-exec-6] INFO  c.a.f.service.NutritionixService - URL: https://trackapi.nutritionix.com/v2/natural/exercise
2025-06-05 12:23:29 [http-nio-8080-exec-2] DEBUG o.s.o.j.s.OpenEntityManagerInViewInterceptor - Opening JPA EntityManager in OpenEntityManagerInViewInterceptor
2025-06-05 12:23:29 [http-nio-8080-exec-7] TRACE o.s.t.i.TransactionInterceptor - Completing transaction for [com.app.fitrack.service.UserService.getAuthenticatedUser]
2025-06-05 12:23:29 [http-nio-8080-exec-1] DEBUG o.s.w.s.m.m.a.RequestResponseBodyMethodProcessor - Read "application/json;charset=UTF-8" to [{workoutName=Lunges, duration=15}]
2025-06-05 12:23:29 [http-nio-8080-exec-8] DEBUG o.s.w.s.m.m.a.RequestResponseBodyMethodProcessor - Read "application/json;charset=UTF-8" to [{workoutName=Jumping Jacks, duration=10}]
2025-06-05 12:23:29 [http-nio-8080-exec-3] DEBUG o.s.o.j.s.OpenEntityManagerInViewInterceptor - Opening JPA EntityManager in OpenEntityManagerInViewInterceptor
2025-06-05 12:23:29 [http-nio-8080-exec-9] DEBUG o.s.w.s.m.m.a.RequestResponseBodyMethodProcessor - Read "application/json;charset=UTF-8" to [{workoutName=Cycling, duration=30}]
2025-06-05 12:23:29 [http-nio-8080-exec-5] INFO  c.a.f.service.NutritionixService - Sending request to Nutritionix for exercise calorie estimation:
2025-06-05 12:23:29 [http-nio-8080-exec-10] DEBUG o.s.orm.jpa.JpaTransactionManager - Creating new transaction with name [com.app.fitrack.service.UserService.getAuthenticatedUser]: PROPAGATION_REQUIRED,ISOLATION_DEFAULT
2025-06-05 12:23:29 [http-nio-8080-exec-6] INFO  c.a.f.service.NutritionixService - Request Body: {weight_kg=67.0, gender=female, height_cm=149.0, query=30 minutes of Swimming, age=21}
2025-06-05 12:23:29 [http-nio-8080-exec-7] DEBUG o.s.orm.jpa.JpaTransactionManager - Initiating transaction commit
2025-06-05 12:23:29 [http-nio-8080-exec-1] DEBUG o.s.orm.jpa.JpaTransactionManager - Found thread-bound EntityManager [SessionImpl(757376024<open>)] for JPA transaction
2025-06-05 12:23:29 [http-nio-8080-exec-8] DEBUG o.s.orm.jpa.JpaTransactionManager - Found thread-bound EntityManager [SessionImpl(2114897172<open>)] for JPA transaction
2025-06-05 12:23:29 [http-nio-8080-exec-2] DEBUG o.s.w.s.m.m.a.RequestResponseBodyMethodProcessor - Read "application/json;charset=UTF-8" to [{workoutName=Plank, duration=1}]
2025-06-05 12:23:29 [http-nio-8080-exec-9] DEBUG o.s.orm.jpa.JpaTransactionManager - Found thread-bound EntityManager [SessionImpl(1857149469<open>)] for JPA transaction
2025-06-05 12:23:29 [http-nio-8080-exec-5] INFO  c.a.f.service.NutritionixService - URL: https://trackapi.nutritionix.com/v2/natural/exercise
2025-06-05 12:23:29 [http-nio-8080-exec-3] DEBUG o.s.w.s.m.m.a.RequestResponseBodyMethodProcessor - Read "application/json;charset=UTF-8" to [{workoutName=Hamstring Stretch, duration=5}]
2025-06-05 12:23:29 [http-nio-8080-exec-7] DEBUG o.s.orm.jpa.JpaTransactionManager - Committing JPA transaction on EntityManager [SessionImpl(542917141<open>)]
2025-06-05 12:23:29 [http-nio-8080-exec-6] DEBUG o.s.web.client.RestTemplate - HTTP POST https://trackapi.nutritionix.com/v2/natural/exercise
2025-06-05 12:23:29 [http-nio-8080-exec-1] DEBUG o.s.orm.jpa.JpaTransactionManager - Creating new transaction with name [com.app.fitrack.service.UserService.getAuthenticatedUser]: PROPAGATION_REQUIRED,ISOLATION_DEFAULT
2025-06-05 12:23:29 [http-nio-8080-exec-8] DEBUG o.s.orm.jpa.JpaTransactionManager - Creating new transaction with name [com.app.fitrack.service.UserService.getAuthenticatedUser]: PROPAGATION_REQUIRED,ISOLATION_DEFAULT
2025-06-05 12:23:29 [http-nio-8080-exec-10] DEBUG o.s.orm.jpa.JpaTransactionManager - Exposing JPA transaction as JDBC [org.springframework.orm.jpa.vendor.HibernateJpaDialect$HibernateConnectionHandle@331ede68]
2025-06-05 12:23:29 [http-nio-8080-exec-9] DEBUG o.s.orm.jpa.JpaTransactionManager - Creating new transaction with name [com.app.fitrack.service.UserService.getAuthenticatedUser]: PROPAGATION_REQUIRED,ISOLATION_DEFAULT
2025-06-05 12:23:29 [http-nio-8080-exec-2] DEBUG o.s.orm.jpa.JpaTransactionManager - Found thread-bound EntityManager [SessionImpl(2055898<open>)] for JPA transaction
2025-06-05 12:23:29 [http-nio-8080-exec-5] INFO  c.a.f.service.NutritionixService - Request Body: {weight_kg=67.0, gender=female, height_cm=149.0, query=20 minutes of Running, age=21}
2025-06-05 12:23:29 [http-nio-8080-exec-3] DEBUG o.s.orm.jpa.JpaTransactionManager - Found thread-bound EntityManager [SessionImpl(1052912583<open>)] for JPA transaction
2025-06-05 12:23:29 [http-nio-8080-exec-7] DEBUG o.s.orm.jpa.JpaTransactionManager - Not closing pre-bound JPA EntityManager after transaction
2025-06-05 12:23:29 [http-nio-8080-exec-10] TRACE o.s.t.i.TransactionInterceptor - Getting transaction for [com.app.fitrack.service.UserService.getAuthenticatedUser]
2025-06-05 12:23:29 [http-nio-8080-exec-1] DEBUG o.s.orm.jpa.JpaTransactionManager - Exposing JPA transaction as JDBC [org.springframework.orm.jpa.vendor.HibernateJpaDialect$HibernateConnectionHandle@2be115ae]
2025-06-05 12:23:29 [http-nio-8080-exec-6] DEBUG o.s.web.client.RestTemplate - Accept=[application/json, application/*+json]
2025-06-05 12:23:29 [http-nio-8080-exec-8] DEBUG o.s.orm.jpa.JpaTransactionManager - Exposing JPA transaction as JDBC [org.springframework.orm.jpa.vendor.HibernateJpaDialect$HibernateConnectionHandle@7a315e0d]
2025-06-05 12:23:29 [http-nio-8080-exec-2] DEBUG o.s.orm.jpa.JpaTransactionManager - Creating new transaction with name [com.app.fitrack.service.UserService.getAuthenticatedUser]: PROPAGATION_REQUIRED,ISOLATION_DEFAULT
2025-06-05 12:23:29 [http-nio-8080-exec-9] DEBUG o.s.orm.jpa.JpaTransactionManager - Exposing JPA transaction as JDBC [org.springframework.orm.jpa.vendor.HibernateJpaDialect$HibernateConnectionHandle@6a8e5313]
2025-06-05 12:23:29 [http-nio-8080-exec-3] DEBUG o.s.orm.jpa.JpaTransactionManager - Creating new transaction with name [com.app.fitrack.service.UserService.getAuthenticatedUser]: PROPAGATION_REQUIRED,ISOLATION_DEFAULT
2025-06-05 12:23:29 [http-nio-8080-exec-5] DEBUG o.s.web.client.RestTemplate - HTTP POST https://trackapi.nutritionix.com/v2/natural/exercise
2025-06-05 12:23:29 [http-nio-8080-exec-7] INFO  c.a.f.service.NutritionixService - Sending request to Nutritionix for exercise calorie estimation:
2025-06-05 12:23:29 [http-nio-8080-exec-10] TRACE o.s.t.i.TransactionInterceptor - No need to create transaction for [org.springframework.data.jpa.repository.support.SimpleJpaRepository.findByEmail]: This method is not transactional.
2025-06-05 12:23:29 [http-nio-8080-exec-1] TRACE o.s.t.i.TransactionInterceptor - Getting transaction for [com.app.fitrack.service.UserService.getAuthenticatedUser]
2025-06-05 12:23:29 [http-nio-8080-exec-8] TRACE o.s.t.i.TransactionInterceptor - Getting transaction for [com.app.fitrack.service.UserService.getAuthenticatedUser]
2025-06-05 12:23:29 [http-nio-8080-exec-6] DEBUG o.s.web.client.RestTemplate - Writing [{weight_kg=67.0, gender=female, height_cm=149.0, query=30 minutes of Swimming, age=21}] as "application/json"
2025-06-05 12:23:29 [http-nio-8080-exec-9] TRACE o.s.t.i.TransactionInterceptor - Getting transaction for [com.app.fitrack.service.UserService.getAuthenticatedUser]
2025-06-05 12:23:29 [http-nio-8080-exec-7] INFO  c.a.f.service.NutritionixService - URL: https://trackapi.nutritionix.com/v2/natural/exercise
2025-06-05 12:23:29 [http-nio-8080-exec-5] DEBUG o.s.web.client.RestTemplate - Accept=[application/json, application/*+json]
2025-06-05 12:23:29 [http-nio-8080-exec-2] DEBUG o.s.orm.jpa.JpaTransactionManager - Exposing JPA transaction as JDBC [org.springframework.orm.jpa.vendor.HibernateJpaDialect$HibernateConnectionHandle@451dd0bd]
2025-06-05 12:23:29 [http-nio-8080-exec-3] DEBUG o.s.orm.jpa.JpaTransactionManager - Exposing JPA transaction as JDBC [org.springframework.orm.jpa.vendor.HibernateJpaDialect$HibernateConnectionHandle@7bc0b27b]
2025-06-05 12:23:29 [http-nio-8080-exec-1] TRACE o.s.t.i.TransactionInterceptor - No need to create transaction for [org.springframework.data.jpa.repository.support.SimpleJpaRepository.findByEmail]: This method is not transactional.
2025-06-05 12:23:29 [http-nio-8080-exec-8] TRACE o.s.t.i.TransactionInterceptor - No need to create transaction for [org.springframework.data.jpa.repository.support.SimpleJpaRepository.findByEmail]: This method is not transactional.
2025-06-05 12:23:29 [http-nio-8080-exec-10] DEBUG org.hibernate.SQL - 
    select
        u1_0.id,
        u1_0.age,
        u1_0.email,
        u1_0.email_change_code,
        u1_0.email_change_code_expiry,
        u1_0.firstname,
        u1_0.gender,
        u1_0.height,
        u1_0.lastname,
        u1_0.password,
        u1_0.pending_email,
        u1_0.profile_picture,
        u1_0.verified,
        u1_0.weight 
    from
        users u1_0 
    where
        u1_0.email=?
2025-06-05 12:23:29 [http-nio-8080-exec-9] TRACE o.s.t.i.TransactionInterceptor - No need to create transaction for [org.springframework.data.jpa.repository.support.SimpleJpaRepository.findByEmail]: This method is not transactional.
2025-06-05 12:23:29 [http-nio-8080-exec-7] INFO  c.a.f.service.NutritionixService - Request Body: {weight_kg=67.0, gender=female, height_cm=149.0, query=30 minutes of Brisk Walking, age=21}
2025-06-05 12:23:29 [http-nio-8080-exec-5] DEBUG o.s.web.client.RestTemplate - Writing [{weight_kg=67.0, gender=female, height_cm=149.0, query=20 minutes of Running, age=21}] as "application/json"
2025-06-05 12:23:29 [http-nio-8080-exec-2] TRACE o.s.t.i.TransactionInterceptor - Getting transaction for [com.app.fitrack.service.UserService.getAuthenticatedUser]
2025-06-05 12:23:29 [http-nio-8080-exec-3] TRACE o.s.t.i.TransactionInterceptor - Getting transaction for [com.app.fitrack.service.UserService.getAuthenticatedUser]
2025-06-05 12:23:29 [http-nio-8080-exec-1] DEBUG org.hibernate.SQL - 
    select
        u1_0.id,
        u1_0.age,
        u1_0.email,
        u1_0.email_change_code,
        u1_0.email_change_code_expiry,
        u1_0.firstname,
        u1_0.gender,
        u1_0.height,
        u1_0.lastname,
        u1_0.password,
        u1_0.pending_email,
        u1_0.profile_picture,
        u1_0.verified,
        u1_0.weight 
    from
        users u1_0 
    where
        u1_0.email=?
2025-06-05 12:23:29 [http-nio-8080-exec-8] DEBUG org.hibernate.SQL - 
    select
        u1_0.id,
        u1_0.age,
        u1_0.email,
        u1_0.email_change_code,
        u1_0.email_change_code_expiry,
        u1_0.firstname,
        u1_0.gender,
        u1_0.height,
        u1_0.lastname,
        u1_0.password,
        u1_0.pending_email,
        u1_0.profile_picture,
        u1_0.verified,
        u1_0.weight 
    from
        users u1_0 
    where
        u1_0.email=?
2025-06-05 12:23:29 [http-nio-8080-exec-9] DEBUG org.hibernate.SQL - 
    select
        u1_0.id,
        u1_0.age,
        u1_0.email,
        u1_0.email_change_code,
        u1_0.email_change_code_expiry,
        u1_0.firstname,
        u1_0.gender,
        u1_0.height,
        u1_0.lastname,
        u1_0.password,
        u1_0.pending_email,
        u1_0.profile_picture,
        u1_0.verified,
        u1_0.weight 
    from
        users u1_0 
    where
        u1_0.email=?
2025-06-05 12:23:29 [http-nio-8080-exec-7] DEBUG o.s.web.client.RestTemplate - HTTP POST https://trackapi.nutritionix.com/v2/natural/exercise
2025-06-05 12:23:29 [http-nio-8080-exec-2] TRACE o.s.t.i.TransactionInterceptor - No need to create transaction for [org.springframework.data.jpa.repository.support.SimpleJpaRepository.findByEmail]: This method is not transactional.
2025-06-05 12:23:29 [http-nio-8080-exec-3] TRACE o.s.t.i.TransactionInterceptor - No need to create transaction for [org.springframework.data.jpa.repository.support.SimpleJpaRepository.findByEmail]: This method is not transactional.
2025-06-05 12:23:29 [http-nio-8080-exec-10] TRACE o.s.t.i.TransactionInterceptor - Completing transaction for [com.app.fitrack.service.UserService.getAuthenticatedUser]
2025-06-05 12:23:29 [http-nio-8080-exec-1] TRACE o.s.t.i.TransactionInterceptor - Completing transaction for [com.app.fitrack.service.UserService.getAuthenticatedUser]
2025-06-05 12:23:29 [http-nio-8080-exec-7] DEBUG o.s.web.client.RestTemplate - Accept=[application/json, application/*+json]
2025-06-05 12:23:29 [http-nio-8080-exec-8] TRACE o.s.t.i.TransactionInterceptor - Completing transaction for [com.app.fitrack.service.UserService.getAuthenticatedUser]
2025-06-05 12:23:29 [http-nio-8080-exec-10] DEBUG o.s.orm.jpa.JpaTransactionManager - Initiating transaction commit
2025-06-05 12:23:29 [http-nio-8080-exec-3] DEBUG org.hibernate.SQL - 
    select
        u1_0.id,
        u1_0.age,
        u1_0.email,
        u1_0.email_change_code,
        u1_0.email_change_code_expiry,
        u1_0.firstname,
        u1_0.gender,
        u1_0.height,
        u1_0.lastname,
        u1_0.password,
        u1_0.pending_email,
        u1_0.profile_picture,
        u1_0.verified,
        u1_0.weight 
    from
        users u1_0 
    where
        u1_0.email=?
2025-06-05 12:23:29 [http-nio-8080-exec-2] DEBUG org.hibernate.SQL - 
    select
        u1_0.id,
        u1_0.age,
        u1_0.email,
        u1_0.email_change_code,
        u1_0.email_change_code_expiry,
        u1_0.firstname,
        u1_0.gender,
        u1_0.height,
        u1_0.lastname,
        u1_0.password,
        u1_0.pending_email,
        u1_0.profile_picture,
        u1_0.verified,
        u1_0.weight 
    from
        users u1_0 
    where
        u1_0.email=?
2025-06-05 12:23:29 [http-nio-8080-exec-1] DEBUG o.s.orm.jpa.JpaTransactionManager - Initiating transaction commit
2025-06-05 12:23:29 [http-nio-8080-exec-9] TRACE o.s.t.i.TransactionInterceptor - Completing transaction for [com.app.fitrack.service.UserService.getAuthenticatedUser]
2025-06-05 12:23:29 [http-nio-8080-exec-7] DEBUG o.s.web.client.RestTemplate - Writing [{weight_kg=67.0, gender=female, height_cm=149.0, query=30 minutes of Brisk Walking, age=21}] as "application/json"
2025-06-05 12:23:29 [http-nio-8080-exec-8] DEBUG o.s.orm.jpa.JpaTransactionManager - Initiating transaction commit
2025-06-05 12:23:29 [http-nio-8080-exec-10] DEBUG o.s.orm.jpa.JpaTransactionManager - Committing JPA transaction on EntityManager [SessionImpl(924933204<open>)]
2025-06-05 12:23:29 [http-nio-8080-exec-1] DEBUG o.s.orm.jpa.JpaTransactionManager - Committing JPA transaction on EntityManager [SessionImpl(757376024<open>)]
2025-06-05 12:23:29 [http-nio-8080-exec-3] TRACE o.s.t.i.TransactionInterceptor - Completing transaction for [com.app.fitrack.service.UserService.getAuthenticatedUser]
2025-06-05 12:23:29 [http-nio-8080-exec-9] DEBUG o.s.orm.jpa.JpaTransactionManager - Initiating transaction commit
2025-06-05 12:23:29 [http-nio-8080-exec-8] DEBUG o.s.orm.jpa.JpaTransactionManager - Committing JPA transaction on EntityManager [SessionImpl(2114897172<open>)]
2025-06-05 12:23:29 [http-nio-8080-exec-2] TRACE o.s.t.i.TransactionInterceptor - Completing transaction for [com.app.fitrack.service.UserService.getAuthenticatedUser]
2025-06-05 12:23:29 [http-nio-8080-exec-3] DEBUG o.s.orm.jpa.JpaTransactionManager - Initiating transaction commit
2025-06-05 12:23:29 [http-nio-8080-exec-1] DEBUG o.s.orm.jpa.JpaTransactionManager - Not closing pre-bound JPA EntityManager after transaction
2025-06-05 12:23:29 [http-nio-8080-exec-10] DEBUG o.s.orm.jpa.JpaTransactionManager - Not closing pre-bound JPA EntityManager after transaction
2025-06-05 12:23:29 [http-nio-8080-exec-9] DEBUG o.s.orm.jpa.JpaTransactionManager - Committing JPA transaction on EntityManager [SessionImpl(1857149469<open>)]
2025-06-05 12:23:29 [http-nio-8080-exec-2] DEBUG o.s.orm.jpa.JpaTransactionManager - Initiating transaction commit
2025-06-05 12:23:29 [http-nio-8080-exec-3] DEBUG o.s.orm.jpa.JpaTransactionManager - Committing JPA transaction on EntityManager [SessionImpl(1052912583<open>)]
2025-06-05 12:23:29 [http-nio-8080-exec-8] DEBUG o.s.orm.jpa.JpaTransactionManager - Not closing pre-bound JPA EntityManager after transaction
2025-06-05 12:23:29 [http-nio-8080-exec-1] INFO  c.a.f.service.NutritionixService - Sending request to Nutritionix for exercise calorie estimation:
2025-06-05 12:23:29 [http-nio-8080-exec-10] INFO  c.a.f.service.NutritionixService - Sending request to Nutritionix for exercise calorie estimation:
2025-06-05 12:23:29 [http-nio-8080-exec-2] DEBUG o.s.orm.jpa.JpaTransactionManager - Committing JPA transaction on EntityManager [SessionImpl(2055898<open>)]
2025-06-05 12:23:29 [http-nio-8080-exec-8] INFO  c.a.f.service.NutritionixService - Sending request to Nutritionix for exercise calorie estimation:
2025-06-05 12:23:29 [http-nio-8080-exec-9] DEBUG o.s.orm.jpa.JpaTransactionManager - Not closing pre-bound JPA EntityManager after transaction
2025-06-05 12:23:29 [http-nio-8080-exec-1] INFO  c.a.f.service.NutritionixService - URL: https://trackapi.nutritionix.com/v2/natural/exercise
2025-06-05 12:23:29 [http-nio-8080-exec-3] DEBUG o.s.orm.jpa.JpaTransactionManager - Not closing pre-bound JPA EntityManager after transaction
2025-06-05 12:23:29 [http-nio-8080-exec-10] INFO  c.a.f.service.NutritionixService - URL: https://trackapi.nutritionix.com/v2/natural/exercise
2025-06-05 12:23:29 [http-nio-8080-exec-8] INFO  c.a.f.service.NutritionixService - URL: https://trackapi.nutritionix.com/v2/natural/exercise
2025-06-05 12:23:29 [http-nio-8080-exec-9] INFO  c.a.f.service.NutritionixService - Sending request to Nutritionix for exercise calorie estimation:
2025-06-05 12:23:29 [http-nio-8080-exec-2] DEBUG o.s.orm.jpa.JpaTransactionManager - Not closing pre-bound JPA EntityManager after transaction
2025-06-05 12:23:29 [http-nio-8080-exec-1] INFO  c.a.f.service.NutritionixService - Request Body: {weight_kg=67.0, gender=female, height_cm=149.0, query=15 minutes of Lunges, age=21}
2025-06-05 12:23:29 [http-nio-8080-exec-3] INFO  c.a.f.service.NutritionixService - Sending request to Nutritionix for exercise calorie estimation:
2025-06-05 12:23:29 [http-nio-8080-exec-10] INFO  c.a.f.service.NutritionixService - Request Body: {weight_kg=67.0, gender=female, height_cm=149.0, query=15 minutes of Push-ups, age=21}
2025-06-05 12:23:29 [http-nio-8080-exec-8] INFO  c.a.f.service.NutritionixService - Request Body: {weight_kg=67.0, gender=female, height_cm=149.0, query=10 minutes of Jumping Jacks, age=21}
2025-06-05 12:23:29 [http-nio-8080-exec-9] INFO  c.a.f.service.NutritionixService - URL: https://trackapi.nutritionix.com/v2/natural/exercise
2025-06-05 12:23:29 [http-nio-8080-exec-8] DEBUG o.s.web.client.RestTemplate - HTTP POST https://trackapi.nutritionix.com/v2/natural/exercise
2025-06-05 12:23:29 [http-nio-8080-exec-2] INFO  c.a.f.service.NutritionixService - Sending request to Nutritionix for exercise calorie estimation:
2025-06-05 12:23:29 [http-nio-8080-exec-3] INFO  c.a.f.service.NutritionixService - URL: https://trackapi.nutritionix.com/v2/natural/exercise
2025-06-05 12:23:29 [http-nio-8080-exec-1] DEBUG o.s.web.client.RestTemplate - HTTP POST https://trackapi.nutritionix.com/v2/natural/exercise
2025-06-05 12:23:29 [http-nio-8080-exec-10] DEBUG o.s.web.client.RestTemplate - HTTP POST https://trackapi.nutritionix.com/v2/natural/exercise
2025-06-05 12:23:29 [http-nio-8080-exec-9] INFO  c.a.f.service.NutritionixService - Request Body: {weight_kg=67.0, gender=female, height_cm=149.0, query=30 minutes of Cycling, age=21}
2025-06-05 12:23:29 [http-nio-8080-exec-2] INFO  c.a.f.service.NutritionixService - URL: https://trackapi.nutritionix.com/v2/natural/exercise
2025-06-05 12:23:29 [http-nio-8080-exec-8] DEBUG o.s.web.client.RestTemplate - Accept=[application/json, application/*+json]
2025-06-05 12:23:29 [http-nio-8080-exec-3] INFO  c.a.f.service.NutritionixService - Request Body: {weight_kg=67.0, gender=female, height_cm=149.0, query=5 minutes of Hamstring Stretch, age=21}
2025-06-05 12:23:29 [http-nio-8080-exec-1] DEBUG o.s.web.client.RestTemplate - Accept=[application/json, application/*+json]
2025-06-05 12:23:29 [http-nio-8080-exec-10] DEBUG o.s.web.client.RestTemplate - Accept=[application/json, application/*+json]
2025-06-05 12:23:29 [http-nio-8080-exec-9] DEBUG o.s.web.client.RestTemplate - HTTP POST https://trackapi.nutritionix.com/v2/natural/exercise
2025-06-05 12:23:29 [http-nio-8080-exec-2] INFO  c.a.f.service.NutritionixService - Request Body: {weight_kg=67.0, gender=female, height_cm=149.0, query=1 minutes of Plank, age=21}
2025-06-05 12:23:29 [http-nio-8080-exec-8] DEBUG o.s.web.client.RestTemplate - Writing [{weight_kg=67.0, gender=female, height_cm=149.0, query=10 minutes of Jumping Jacks, age=21}] as "application/json"
2025-06-05 12:23:29 [http-nio-8080-exec-3] DEBUG o.s.web.client.RestTemplate - HTTP POST https://trackapi.nutritionix.com/v2/natural/exercise
2025-06-05 12:23:29 [http-nio-8080-exec-1] DEBUG o.s.web.client.RestTemplate - Writing [{weight_kg=67.0, gender=female, height_cm=149.0, query=15 minutes of Lunges, age=21}] as "application/json"
2025-06-05 12:23:29 [http-nio-8080-exec-10] DEBUG o.s.web.client.RestTemplate - Writing [{weight_kg=67.0, gender=female, height_cm=149.0, query=15 minutes of Push-ups, age=21}] as "application/json"
2025-06-05 12:23:29 [http-nio-8080-exec-9] DEBUG o.s.web.client.RestTemplate - Accept=[application/json, application/*+json]
2025-06-05 12:23:29 [http-nio-8080-exec-2] DEBUG o.s.web.client.RestTemplate - HTTP POST https://trackapi.nutritionix.com/v2/natural/exercise
2025-06-05 12:23:29 [http-nio-8080-exec-3] DEBUG o.s.web.client.RestTemplate - Accept=[application/json, application/*+json]
2025-06-05 12:23:29 [http-nio-8080-exec-9] DEBUG o.s.web.client.RestTemplate - Writing [{weight_kg=67.0, gender=female, height_cm=149.0, query=30 minutes of Cycling, age=21}] as "application/json"
2025-06-05 12:23:29 [http-nio-8080-exec-2] DEBUG o.s.web.client.RestTemplate - Accept=[application/json, application/*+json]
2025-06-05 12:23:29 [http-nio-8080-exec-3] DEBUG o.s.web.client.RestTemplate - Writing [{weight_kg=67.0, gender=female, height_cm=149.0, query=5 minutes of Hamstring Stretch, age=21}] as "application/json"
2025-06-05 12:23:29 [http-nio-8080-exec-2] DEBUG o.s.web.client.RestTemplate - Writing [{weight_kg=67.0, gender=female, height_cm=149.0, query=1 minutes of Plank, age=21}] as "application/json"
2025-06-05 12:23:29 [http-nio-8080-exec-1] DEBUG o.s.web.client.RestTemplate - Response 200 OK
2025-06-05 12:23:29 [http-nio-8080-exec-5] DEBUG o.s.web.client.RestTemplate - Response 200 OK
2025-06-05 12:23:29 [http-nio-8080-exec-1] DEBUG o.s.web.client.RestTemplate - Reading to [com.fasterxml.jackson.databind.JsonNode]
2025-06-05 12:23:29 [http-nio-8080-exec-5] DEBUG o.s.web.client.RestTemplate - Reading to [com.fasterxml.jackson.databind.JsonNode]
2025-06-05 12:23:29 [http-nio-8080-exec-5] INFO  c.a.f.service.NutritionixService - Nutritionix Response: {"exercises":[{"tag_id":317,"user_input":"running","duration_min":20,"met":9.8,"nf_calories":218.87,"photo":{"highres":"https://d2xdmhkmkbyw75.cloudfront.net/exercise/317_highres.jpg","thumb":"https://d2xdmhkmkbyw75.cloudfront.net/exercise/317_thumb.jpg","is_user_uploaded":false},"compendium_code":12050,"name":"running","description":null,"benefits":null}]}
2025-06-05 12:23:29 [http-nio-8080-exec-1] INFO  c.a.f.service.NutritionixService - Nutritionix Response: {"exercises":[{"tag_id":771,"user_input":"lunges","duration_min":15,"met":3.8,"nf_calories":63.65,"photo":{"highres":"https://d2xdmhkmkbyw75.cloudfront.net/exercise/771_highres.jpg","thumb":"https://d2xdmhkmkbyw75.cloudfront.net/exercise/771_thumb.jpg","is_user_uploaded":false},"compendium_code":2022,"name":"calisthenics","description":null,"benefits":null}]}
2025-06-05 12:23:29 [http-nio-8080-exec-5] INFO  c.a.f.service.NutritionixService - Calculated calories: 218.87
2025-06-05 12:23:29 [http-nio-8080-exec-10] DEBUG o.s.web.client.RestTemplate - Response 200 OK
2025-06-05 12:23:29 [http-nio-8080-exec-1] INFO  c.a.f.service.NutritionixService - Calculated calories: 63.65
2025-06-05 12:23:29 [http-nio-8080-exec-10] DEBUG o.s.web.client.RestTemplate - Reading to [com.fasterxml.jackson.databind.JsonNode]
2025-06-05 12:23:29 [http-nio-8080-exec-10] INFO  c.a.f.service.NutritionixService - Nutritionix Response: {"exercises":[{"tag_id":824,"user_input":"push ups","duration_min":15,"met":3.8,"nf_calories":63.65,"photo":{"highres":"https://d2xdmhkmkbyw75.cloudfront.net/exercise/824_highres.jpg","thumb":"https://d2xdmhkmkbyw75.cloudfront.net/exercise/824_thumb.jpg","is_user_uploaded":false},"compendium_code":2022,"name":"push-up","description":null,"benefits":null}]}
2025-06-05 12:23:29 [http-nio-8080-exec-10] INFO  c.a.f.service.NutritionixService - Calculated calories: 63.65
2025-06-05 12:23:29 [http-nio-8080-exec-10] DEBUG o.s.w.s.m.m.a.HttpEntityMethodProcessor - Using 'application/json', given [*/*] and supported [application/json, application/*+json]
2025-06-05 12:23:29 [http-nio-8080-exec-5] DEBUG o.s.w.s.m.m.a.HttpEntityMethodProcessor - Using 'application/json', given [*/*] and supported [application/json, application/*+json]
2025-06-05 12:23:29 [http-nio-8080-exec-1] DEBUG o.s.w.s.m.m.a.HttpEntityMethodProcessor - Using 'application/json', given [*/*] and supported [application/json, application/*+json]
2025-06-05 12:23:29 [http-nio-8080-exec-6] DEBUG o.s.web.client.RestTemplate - Response 200 OK
2025-06-05 12:23:29 [http-nio-8080-exec-10] DEBUG o.s.w.s.m.m.a.HttpEntityMethodProcessor - Writing [{calories=64}]
2025-06-05 12:23:29 [http-nio-8080-exec-5] DEBUG o.s.w.s.m.m.a.HttpEntityMethodProcessor - Writing [{calories=219}]
2025-06-05 12:23:29 [http-nio-8080-exec-1] DEBUG o.s.w.s.m.m.a.HttpEntityMethodProcessor - Writing [{calories=64}]
2025-06-05 12:23:29 [http-nio-8080-exec-6] DEBUG o.s.web.client.RestTemplate - Reading to [com.fasterxml.jackson.databind.JsonNode]
2025-06-05 12:23:29 [http-nio-8080-exec-10] DEBUG o.s.o.j.s.OpenEntityManagerInViewInterceptor - Closing JPA EntityManager in OpenEntityManagerInViewInterceptor
2025-06-05 12:23:29 [http-nio-8080-exec-1] DEBUG o.s.o.j.s.OpenEntityManagerInViewInterceptor - Closing JPA EntityManager in OpenEntityManagerInViewInterceptor
2025-06-05 12:23:29 [http-nio-8080-exec-10] DEBUG o.s.web.servlet.DispatcherServlet - Completed 200 OK
2025-06-05 12:23:29 [http-nio-8080-exec-5] DEBUG o.s.o.j.s.OpenEntityManagerInViewInterceptor - Closing JPA EntityManager in OpenEntityManagerInViewInterceptor
2025-06-05 12:23:29 [http-nio-8080-exec-6] INFO  c.a.f.service.NutritionixService - Nutritionix Response: {"exercises":[{"tag_id":63,"user_input":"swimming","duration_min":30,"met":6,"nf_calories":201,"photo":{"highres":"https://d2xdmhkmkbyw75.cloudfront.net/exercise//63_highres.jpg","thumb":"https://d2xdmhkmkbyw75.cloudfront.net/exercise//63_thumb.jpg","is_user_uploaded":false},"compendium_code":18310,"name":"swimming","description":null,"benefits":null}]}
2025-06-05 12:23:29 [http-nio-8080-exec-1] DEBUG o.s.web.servlet.DispatcherServlet - Completed 200 OK
2025-06-05 12:23:29 [http-nio-8080-exec-2] DEBUG o.s.web.client.RestTemplate - Response 200 OK
2025-06-05 12:23:29 [http-nio-8080-exec-5] DEBUG o.s.web.servlet.DispatcherServlet - Completed 200 OK
2025-06-05 12:23:29 [http-nio-8080-exec-2] DEBUG o.s.web.client.RestTemplate - Reading to [com.fasterxml.jackson.databind.JsonNode]
2025-06-05 12:23:29 [http-nio-8080-exec-6] INFO  c.a.f.service.NutritionixService - Calculated calories: 201.0
2025-06-05 12:23:29 [http-nio-8080-exec-2] INFO  c.a.f.service.NutritionixService - Nutritionix Response: {"exercises":[{"tag_id":831,"user_input":"plank","duration_min":1,"met":2.8,"nf_calories":3.13,"photo":{"highres":"https://d2xdmhkmkbyw75.cloudfront.net/exercise/831_highres.jpg","thumb":"https://d2xdmhkmkbyw75.cloudfront.net/exercise/831_thumb.jpg","is_user_uploaded":false},"compendium_code":2024,"name":"core exercise","description":null,"benefits":null}]}
2025-06-05 12:23:29 [http-nio-8080-exec-6] DEBUG o.s.w.s.m.m.a.HttpEntityMethodProcessor - Using 'application/json', given [*/*] and supported [application/json, application/*+json]
2025-06-05 12:23:29 [http-nio-8080-exec-1] DEBUG o.s.security.web.FilterChainProxy - Securing POST /workouts/estimate-calories
2025-06-05 12:23:29 [http-nio-8080-exec-2] INFO  c.a.f.service.NutritionixService - Calculated calories: 3.13
2025-06-05 12:23:29 [http-nio-8080-exec-3] DEBUG o.s.web.client.RestTemplate - Response 200 OK
2025-06-05 12:23:29 [http-nio-8080-exec-3] DEBUG o.s.web.client.RestTemplate - Reading to [com.fasterxml.jackson.databind.JsonNode]
2025-06-05 12:23:29 [http-nio-8080-exec-2] DEBUG o.s.w.s.m.m.a.HttpEntityMethodProcessor - Using 'application/json', given [*/*] and supported [application/json, application/*+json]
2025-06-05 12:23:29 [http-nio-8080-exec-4] DEBUG o.s.security.web.FilterChainProxy - Securing POST /workouts/estimate-calories
2025-06-05 12:23:29 [http-nio-8080-exec-10] DEBUG o.s.security.web.FilterChainProxy - Securing POST /workouts/estimate-calories
2025-06-05 12:23:29 [http-nio-8080-exec-6] DEBUG o.s.w.s.m.m.a.HttpEntityMethodProcessor - Writing [{calories=201}]
2025-06-05 12:23:29 [http-nio-8080-exec-1] DEBUG o.s.s.w.c.HttpSessionSecurityContextRepository - Retrieved SecurityContextImpl [Authentication=UsernamePasswordAuthenticationToken [Principal=org.springframework.security.core.userdetails.User [Username=charlenedilig@gmail.com, Password=[PROTECTED], Enabled=true, AccountNonExpired=true, CredentialsNonExpired=true, AccountNonLocked=true, Granted Authorities=[ROLE_USER]], Credentials=[PROTECTED], Authenticated=true, Details=WebAuthenticationDetails [RemoteIpAddress=127.0.0.1, SessionId=D706A416E7764EFB10E508C1CCA4C929], Granted Authorities=[ROLE_USER]]]
2025-06-05 12:23:29 [http-nio-8080-exec-2] DEBUG o.s.w.s.m.m.a.HttpEntityMethodProcessor - Writing [{calories=3}]
2025-06-05 12:23:29 [http-nio-8080-exec-4] DEBUG o.s.s.w.c.HttpSessionSecurityContextRepository - Retrieved SecurityContextImpl [Authentication=UsernamePasswordAuthenticationToken [Principal=org.springframework.security.core.userdetails.User [Username=charlenedilig@gmail.com, Password=[PROTECTED], Enabled=true, AccountNonExpired=true, CredentialsNonExpired=true, AccountNonLocked=true, Granted Authorities=[ROLE_USER]], Credentials=[PROTECTED], Authenticated=true, Details=WebAuthenticationDetails [RemoteIpAddress=127.0.0.1, SessionId=D706A416E7764EFB10E508C1CCA4C929], Granted Authorities=[ROLE_USER]]]
2025-06-05 12:23:29 [http-nio-8080-exec-1] DEBUG o.s.security.web.FilterChainProxy - Secured POST /workouts/estimate-calories
2025-06-05 12:23:29 [http-nio-8080-exec-1] DEBUG o.s.web.servlet.DispatcherServlet - POST "/fitrack/workouts/estimate-calories", parameters={}
2025-06-05 12:23:29 [http-nio-8080-exec-6] DEBUG o.s.o.j.s.OpenEntityManagerInViewInterceptor - Closing JPA EntityManager in OpenEntityManagerInViewInterceptor
2025-06-05 12:23:29 [http-nio-8080-exec-3] INFO  c.a.f.service.NutritionixService - Nutritionix Response: {"exercises":[{"tag_id":1048,"user_input":"hamstring","duration_min":5,"met":3.5,"nf_calories":19.54,"photo":{"highres":"https://d2xdmhkmkbyw75.cloudfront.net/exercise/1048_highres.jpg","thumb":"https://d2xdmhkmkbyw75.cloudfront.net/exercise/1048_thumb.jpg","is_user_uploaded":false},"compendium_code":2054,"name":"hamstring curl","description":null,"benefits":null},{"tag_id":758,"user_input":"stretch","duration_min":15,"met":2.3,"nf_calories":38.52,"photo":{"highres":"https://d2xdmhkmkbyw75.cloudfront.net/exercise/758_highres.jpg","thumb":"https://d2xdmhkmkbyw75.cloudfront.net/exercise/758_thumb.jpg","is_user_uploaded":false},"compendium_code":2101,"name":"stretching","description":null,"benefits":null}]}
2025-06-05 12:23:29 [http-nio-8080-exec-2] DEBUG o.s.o.j.s.OpenEntityManagerInViewInterceptor - Closing JPA EntityManager in OpenEntityManagerInViewInterceptor
2025-06-05 12:23:29 [http-nio-8080-exec-4] DEBUG o.s.security.web.FilterChainProxy - Secured POST /workouts/estimate-calories
2025-06-05 12:23:29 [http-nio-8080-exec-10] DEBUG o.s.s.w.c.HttpSessionSecurityContextRepository - Retrieved SecurityContextImpl [Authentication=UsernamePasswordAuthenticationToken [Principal=org.springframework.security.core.userdetails.User [Username=charlenedilig@gmail.com, Password=[PROTECTED], Enabled=true, AccountNonExpired=true, CredentialsNonExpired=true, AccountNonLocked=true, Granted Authorities=[ROLE_USER]], Credentials=[PROTECTED], Authenticated=true, Details=WebAuthenticationDetails [RemoteIpAddress=127.0.0.1, SessionId=D706A416E7764EFB10E508C1CCA4C929], Granted Authorities=[ROLE_USER]]]
2025-06-05 12:23:29 [http-nio-8080-exec-1] DEBUG o.s.w.s.m.m.a.RequestMappingHandlerMapping - Mapped to com.app.fitrack.controller.WorkoutController#estimateCalories(Map)
2025-06-05 12:23:29 [http-nio-8080-exec-6] DEBUG o.s.web.servlet.DispatcherServlet - Completed 200 OK
2025-06-05 12:23:29 [http-nio-8080-exec-7] DEBUG o.s.web.client.RestTemplate - Response 200 OK
2025-06-05 12:23:29 [http-nio-8080-exec-3] INFO  c.a.f.service.NutritionixService - Calculated calories: 19.54
2025-06-05 12:23:29 [http-nio-8080-exec-2] DEBUG o.s.web.servlet.DispatcherServlet - Completed 200 OK
2025-06-05 12:23:29 [http-nio-8080-exec-4] DEBUG o.s.web.servlet.DispatcherServlet - POST "/fitrack/workouts/estimate-calories", parameters={}
2025-06-05 12:23:29 [http-nio-8080-exec-1] DEBUG o.s.o.j.s.OpenEntityManagerInViewInterceptor - Opening JPA EntityManager in OpenEntityManagerInViewInterceptor
2025-06-05 12:23:29 [http-nio-8080-exec-10] DEBUG o.s.security.web.FilterChainProxy - Secured POST /workouts/estimate-calories
2025-06-05 12:23:29 [http-nio-8080-exec-7] DEBUG o.s.web.client.RestTemplate - Reading to [com.fasterxml.jackson.databind.JsonNode]
2025-06-05 12:23:29 [http-nio-8080-exec-3] DEBUG o.s.w.s.m.m.a.HttpEntityMethodProcessor - Using 'application/json', given [*/*] and supported [application/json, application/*+json]
2025-06-05 12:23:29 [http-nio-8080-exec-10] DEBUG o.s.web.servlet.DispatcherServlet - POST "/fitrack/workouts/estimate-calories", parameters={}
2025-06-05 12:23:29 [http-nio-8080-exec-4] DEBUG o.s.w.s.m.m.a.RequestMappingHandlerMapping - Mapped to com.app.fitrack.controller.WorkoutController#estimateCalories(Map)
2025-06-05 12:23:29 [http-nio-8080-exec-1] DEBUG o.s.w.s.m.m.a.RequestResponseBodyMethodProcessor - Read "application/json;charset=UTF-8" to [{workoutName=Yoga (e.g., Downward Dog), duration=20}]
2025-06-05 12:23:29 [http-nio-8080-exec-3] DEBUG o.s.w.s.m.m.a.HttpEntityMethodProcessor - Writing [{calories=20}]
2025-06-05 12:23:29 [http-nio-8080-exec-4] DEBUG o.s.o.j.s.OpenEntityManagerInViewInterceptor - Opening JPA EntityManager in OpenEntityManagerInViewInterceptor
2025-06-05 12:23:29 [http-nio-8080-exec-7] INFO  c.a.f.service.NutritionixService - Nutritionix Response: {"exercises":[{"tag_id":100,"user_input":"walking","duration_min":30,"met":3.5,"nf_calories":117.25,"photo":{"highres":"https://d2xdmhkmkbyw75.cloudfront.net/exercise/100_highres.jpg","thumb":"https://d2xdmhkmkbyw75.cloudfront.net/exercise/100_thumb.jpg","is_user_uploaded":false},"compendium_code":17190,"name":"walking","description":null,"benefits":null}]}
2025-06-05 12:23:29 [http-nio-8080-exec-10] DEBUG o.s.w.s.m.m.a.RequestMappingHandlerMapping - Mapped to com.app.fitrack.controller.WorkoutController#estimateCalories(Map)
2025-06-05 12:23:29 [http-nio-8080-exec-1] DEBUG o.s.orm.jpa.JpaTransactionManager - Found thread-bound EntityManager [SessionImpl(172416259<open>)] for JPA transaction
2025-06-05 12:23:29 [http-nio-8080-exec-6] DEBUG o.s.security.web.FilterChainProxy - Securing POST /workouts/estimate-calories
2025-06-05 12:23:29 [http-nio-8080-exec-5] DEBUG o.s.security.web.FilterChainProxy - Securing POST /workouts/estimate-calories
2025-06-05 12:23:29 [http-nio-8080-exec-7] INFO  c.a.f.service.NutritionixService - Calculated calories: 117.25
2025-06-05 12:23:29 [http-nio-8080-exec-10] DEBUG o.s.o.j.s.OpenEntityManagerInViewInterceptor - Opening JPA EntityManager in OpenEntityManagerInViewInterceptor
2025-06-05 12:23:29 [http-nio-8080-exec-3] DEBUG o.s.o.j.s.OpenEntityManagerInViewInterceptor - Closing JPA EntityManager in OpenEntityManagerInViewInterceptor
2025-06-05 12:23:29 [http-nio-8080-exec-4] DEBUG o.s.w.s.m.m.a.RequestResponseBodyMethodProcessor - Read "application/json;charset=UTF-8" to [{workoutName=Pilates (e.g., The Hundred), duration=20}]
2025-06-05 12:23:29 [http-nio-8080-exec-1] DEBUG o.s.orm.jpa.JpaTransactionManager - Creating new transaction with name [com.app.fitrack.service.UserService.getAuthenticatedUser]: PROPAGATION_REQUIRED,ISOLATION_DEFAULT
2025-06-05 12:23:29 [http-nio-8080-exec-7] DEBUG o.s.w.s.m.m.a.HttpEntityMethodProcessor - Using 'application/json', given [*/*] and supported [application/json, application/*+json]
2025-06-05 12:23:29 [http-nio-8080-exec-3] DEBUG o.s.web.servlet.DispatcherServlet - Completed 200 OK
2025-06-05 12:23:29 [http-nio-8080-exec-7] DEBUG o.s.w.s.m.m.a.HttpEntityMethodProcessor - Writing [{calories=117}]
2025-06-05 12:23:29 [http-nio-8080-exec-5] DEBUG o.s.s.w.c.HttpSessionSecurityContextRepository - Retrieved SecurityContextImpl [Authentication=UsernamePasswordAuthenticationToken [Principal=org.springframework.security.core.userdetails.User [Username=charlenedilig@gmail.com, Password=[PROTECTED], Enabled=true, AccountNonExpired=true, CredentialsNonExpired=true, AccountNonLocked=true, Granted Authorities=[ROLE_USER]], Credentials=[PROTECTED], Authenticated=true, Details=WebAuthenticationDetails [RemoteIpAddress=127.0.0.1, SessionId=D706A416E7764EFB10E508C1CCA4C929], Granted Authorities=[ROLE_USER]]]
2025-06-05 12:23:29 [http-nio-8080-exec-4] DEBUG o.s.orm.jpa.JpaTransactionManager - Found thread-bound EntityManager [SessionImpl(861378946<open>)] for JPA transaction
2025-06-05 12:23:29 [http-nio-8080-exec-6] DEBUG o.s.s.w.c.HttpSessionSecurityContextRepository - Retrieved SecurityContextImpl [Authentication=UsernamePasswordAuthenticationToken [Principal=org.springframework.security.core.userdetails.User [Username=charlenedilig@gmail.com, Password=[PROTECTED], Enabled=true, AccountNonExpired=true, CredentialsNonExpired=true, AccountNonLocked=true, Granted Authorities=[ROLE_USER]], Credentials=[PROTECTED], Authenticated=true, Details=WebAuthenticationDetails [RemoteIpAddress=127.0.0.1, SessionId=D706A416E7764EFB10E508C1CCA4C929], Granted Authorities=[ROLE_USER]]]
2025-06-05 12:23:29 [http-nio-8080-exec-10] DEBUG o.s.w.s.m.m.a.RequestResponseBodyMethodProcessor - Read "application/json;charset=UTF-8" to [{workoutName=Dancing, duration=30}]
2025-06-05 12:23:29 [http-nio-8080-exec-1] DEBUG o.s.orm.jpa.JpaTransactionManager - Exposing JPA transaction as JDBC [org.springframework.orm.jpa.vendor.HibernateJpaDialect$HibernateConnectionHandle@7062bd37]
2025-06-05 12:23:29 [http-nio-8080-exec-1] TRACE o.s.t.i.TransactionInterceptor - Getting transaction for [com.app.fitrack.service.UserService.getAuthenticatedUser]
2025-06-05 12:23:29 [http-nio-8080-exec-7] DEBUG o.s.o.j.s.OpenEntityManagerInViewInterceptor - Closing JPA EntityManager in OpenEntityManagerInViewInterceptor
2025-06-05 12:23:29 [http-nio-8080-exec-4] DEBUG o.s.orm.jpa.JpaTransactionManager - Creating new transaction with name [com.app.fitrack.service.UserService.getAuthenticatedUser]: PROPAGATION_REQUIRED,ISOLATION_DEFAULT
2025-06-05 12:23:29 [http-nio-8080-exec-5] DEBUG o.s.security.web.FilterChainProxy - Secured POST /workouts/estimate-calories
2025-06-05 12:23:29 [http-nio-8080-exec-2] DEBUG o.s.security.web.FilterChainProxy - Securing POST /workouts/estimate-calories
2025-06-05 12:23:29 [http-nio-8080-exec-6] DEBUG o.s.security.web.FilterChainProxy - Secured POST /workouts/estimate-calories
2025-06-05 12:23:29 [http-nio-8080-exec-10] DEBUG o.s.orm.jpa.JpaTransactionManager - Found thread-bound EntityManager [SessionImpl(1510402386<open>)] for JPA transaction
2025-06-05 12:23:29 [http-nio-8080-exec-1] TRACE o.s.t.i.TransactionInterceptor - No need to create transaction for [org.springframework.data.jpa.repository.support.SimpleJpaRepository.findByEmail]: This method is not transactional.
2025-06-05 12:23:29 [http-nio-8080-exec-7] DEBUG o.s.web.servlet.DispatcherServlet - Completed 200 OK
2025-06-05 12:23:29 [http-nio-8080-exec-5] DEBUG o.s.web.servlet.DispatcherServlet - POST "/fitrack/workouts/estimate-calories", parameters={}
2025-06-05 12:23:29 [http-nio-8080-exec-6] DEBUG o.s.web.servlet.DispatcherServlet - POST "/fitrack/workouts/estimate-calories", parameters={}
2025-06-05 12:23:30 [http-nio-8080-exec-2] DEBUG o.s.s.w.c.HttpSessionSecurityContextRepository - Retrieved SecurityContextImpl [Authentication=UsernamePasswordAuthenticationToken [Principal=org.springframework.security.core.userdetails.User [Username=charlenedilig@gmail.com, Password=[PROTECTED], Enabled=true, AccountNonExpired=true, CredentialsNonExpired=true, AccountNonLocked=true, Granted Authorities=[ROLE_USER]], Credentials=[PROTECTED], Authenticated=true, Details=WebAuthenticationDetails [RemoteIpAddress=127.0.0.1, SessionId=D706A416E7764EFB10E508C1CCA4C929], Granted Authorities=[ROLE_USER]]]
2025-06-05 12:23:29 [http-nio-8080-exec-4] DEBUG o.s.orm.jpa.JpaTransactionManager - Exposing JPA transaction as JDBC [org.springframework.orm.jpa.vendor.HibernateJpaDialect$HibernateConnectionHandle@7655018c]
2025-06-05 12:23:30 [http-nio-8080-exec-4] TRACE o.s.t.i.TransactionInterceptor - Getting transaction for [com.app.fitrack.service.UserService.getAuthenticatedUser]
2025-06-05 12:23:29 [http-nio-8080-exec-10] DEBUG o.s.orm.jpa.JpaTransactionManager - Creating new transaction with name [com.app.fitrack.service.UserService.getAuthenticatedUser]: PROPAGATION_REQUIRED,ISOLATION_DEFAULT
2025-06-05 12:23:30 [http-nio-8080-exec-1] DEBUG org.hibernate.SQL - 
    select
        u1_0.id,
        u1_0.age,
        u1_0.email,
        u1_0.email_change_code,
        u1_0.email_change_code_expiry,
        u1_0.firstname,
        u1_0.gender,
        u1_0.height,
        u1_0.lastname,
        u1_0.password,
        u1_0.pending_email,
        u1_0.profile_picture,
        u1_0.verified,
        u1_0.weight 
    from
        users u1_0 
    where
        u1_0.email=?
2025-06-05 12:23:30 [http-nio-8080-exec-5] DEBUG o.s.w.s.m.m.a.RequestMappingHandlerMapping - Mapped to com.app.fitrack.controller.WorkoutController#estimateCalories(Map)
2025-06-05 12:23:30 [http-nio-8080-exec-6] DEBUG o.s.w.s.m.m.a.RequestMappingHandlerMapping - Mapped to com.app.fitrack.controller.WorkoutController#estimateCalories(Map)
2025-06-05 12:23:30 [http-nio-8080-exec-2] DEBUG o.s.security.web.FilterChainProxy - Secured POST /workouts/estimate-calories
2025-06-05 12:23:30 [http-nio-8080-exec-4] TRACE o.s.t.i.TransactionInterceptor - No need to create transaction for [org.springframework.data.jpa.repository.support.SimpleJpaRepository.findByEmail]: This method is not transactional.
2025-06-05 12:23:30 [http-nio-8080-exec-2] DEBUG o.s.web.servlet.DispatcherServlet - POST "/fitrack/workouts/estimate-calories", parameters={}
2025-06-05 12:23:30 [http-nio-8080-exec-10] DEBUG o.s.orm.jpa.JpaTransactionManager - Exposing JPA transaction as JDBC [org.springframework.orm.jpa.vendor.HibernateJpaDialect$HibernateConnectionHandle@190c831a]
2025-06-05 12:23:30 [http-nio-8080-exec-3] DEBUG o.s.security.web.FilterChainProxy - Securing POST /workouts/estimate-calories
2025-06-05 12:23:30 [http-nio-8080-exec-5] DEBUG o.s.o.j.s.OpenEntityManagerInViewInterceptor - Opening JPA EntityManager in OpenEntityManagerInViewInterceptor
2025-06-05 12:23:30 [http-nio-8080-exec-6] DEBUG o.s.o.j.s.OpenEntityManagerInViewInterceptor - Opening JPA EntityManager in OpenEntityManagerInViewInterceptor
2025-06-05 12:23:30 [http-nio-8080-exec-10] TRACE o.s.t.i.TransactionInterceptor - Getting transaction for [com.app.fitrack.service.UserService.getAuthenticatedUser]
2025-06-05 12:23:30 [http-nio-8080-exec-2] DEBUG o.s.w.s.m.m.a.RequestMappingHandlerMapping - Mapped to com.app.fitrack.controller.WorkoutController#estimateCalories(Map)
2025-06-05 12:23:30 [http-nio-8080-exec-4] DEBUG org.hibernate.SQL - 
    select
        u1_0.id,
        u1_0.age,
        u1_0.email,
        u1_0.email_change_code,
        u1_0.email_change_code_expiry,
        u1_0.firstname,
        u1_0.gender,
        u1_0.height,
        u1_0.lastname,
        u1_0.password,
        u1_0.pending_email,
        u1_0.profile_picture,
        u1_0.verified,
        u1_0.weight 
    from
        users u1_0 
    where
        u1_0.email=?
2025-06-05 12:23:30 [http-nio-8080-exec-1] TRACE o.s.t.i.TransactionInterceptor - Completing transaction for [com.app.fitrack.service.UserService.getAuthenticatedUser]
2025-06-05 12:23:30 [http-nio-8080-exec-10] TRACE o.s.t.i.TransactionInterceptor - No need to create transaction for [org.springframework.data.jpa.repository.support.SimpleJpaRepository.findByEmail]: This method is not transactional.
2025-06-05 12:23:30 [http-nio-8080-exec-2] DEBUG o.s.o.j.s.OpenEntityManagerInViewInterceptor - Opening JPA EntityManager in OpenEntityManagerInViewInterceptor
2025-06-05 12:23:30 [http-nio-8080-exec-3] DEBUG o.s.s.w.c.HttpSessionSecurityContextRepository - Retrieved SecurityContextImpl [Authentication=UsernamePasswordAuthenticationToken [Principal=org.springframework.security.core.userdetails.User [Username=charlenedilig@gmail.com, Password=[PROTECTED], Enabled=true, AccountNonExpired=true, CredentialsNonExpired=true, AccountNonLocked=true, Granted Authorities=[ROLE_USER]], Credentials=[PROTECTED], Authenticated=true, Details=WebAuthenticationDetails [RemoteIpAddress=127.0.0.1, SessionId=D706A416E7764EFB10E508C1CCA4C929], Granted Authorities=[ROLE_USER]]]
2025-06-05 12:23:30 [http-nio-8080-exec-5] DEBUG o.s.w.s.m.m.a.RequestResponseBodyMethodProcessor - Read "application/json;charset=UTF-8" to [{workoutName=Hiking, duration=45}]
2025-06-05 12:23:30 [http-nio-8080-exec-6] DEBUG o.s.w.s.m.m.a.RequestResponseBodyMethodProcessor - Read "application/json;charset=UTF-8" to [{workoutName=Quad Stretch, duration=5}]
2025-06-05 12:23:30 [http-nio-8080-exec-1] DEBUG o.s.orm.jpa.JpaTransactionManager - Initiating transaction commit
2025-06-05 12:23:30 [http-nio-8080-exec-9] DEBUG o.s.web.client.RestTemplate - Response 200 OK
2025-06-05 12:23:30 [http-nio-8080-exec-10] DEBUG org.hibernate.SQL - 
    select
        u1_0.id,
        u1_0.age,
        u1_0.email,
        u1_0.email_change_code,
        u1_0.email_change_code_expiry,
        u1_0.firstname,
        u1_0.gender,
        u1_0.height,
        u1_0.lastname,
        u1_0.password,
        u1_0.pending_email,
        u1_0.profile_picture,
        u1_0.verified,
        u1_0.weight 
    from
        users u1_0 
    where
        u1_0.email=?
2025-06-05 12:23:30 [http-nio-8080-exec-4] TRACE o.s.t.i.TransactionInterceptor - Completing transaction for [com.app.fitrack.service.UserService.getAuthenticatedUser]
2025-06-05 12:23:30 [http-nio-8080-exec-5] DEBUG o.s.orm.jpa.JpaTransactionManager - Found thread-bound EntityManager [SessionImpl(1693181730<open>)] for JPA transaction
2025-06-05 12:23:30 [http-nio-8080-exec-3] DEBUG o.s.security.web.FilterChainProxy - Secured POST /workouts/estimate-calories
2025-06-05 12:23:30 [http-nio-8080-exec-6] DEBUG o.s.orm.jpa.JpaTransactionManager - Found thread-bound EntityManager [SessionImpl(962546111<open>)] for JPA transaction
2025-06-05 12:23:30 [http-nio-8080-exec-1] DEBUG o.s.orm.jpa.JpaTransactionManager - Committing JPA transaction on EntityManager [SessionImpl(172416259<open>)]
2025-06-05 12:23:30 [http-nio-8080-exec-2] DEBUG o.s.w.s.m.m.a.RequestResponseBodyMethodProcessor - Read "application/json;charset=UTF-8" to [{workoutName=Basketball, duration=30}]
2025-06-05 12:23:30 [http-nio-8080-exec-9] DEBUG o.s.web.client.RestTemplate - Reading to [com.fasterxml.jackson.databind.JsonNode]
2025-06-05 12:23:30 [http-nio-8080-exec-4] DEBUG o.s.orm.jpa.JpaTransactionManager - Initiating transaction commit
2025-06-05 12:23:30 [http-nio-8080-exec-5] DEBUG o.s.orm.jpa.JpaTransactionManager - Creating new transaction with name [com.app.fitrack.service.UserService.getAuthenticatedUser]: PROPAGATION_REQUIRED,ISOLATION_DEFAULT
2025-06-05 12:23:30 [http-nio-8080-exec-3] DEBUG o.s.web.servlet.DispatcherServlet - POST "/fitrack/workouts/estimate-calories", parameters={}
2025-06-05 12:23:30 [http-nio-8080-exec-6] DEBUG o.s.orm.jpa.JpaTransactionManager - Creating new transaction with name [com.app.fitrack.service.UserService.getAuthenticatedUser]: PROPAGATION_REQUIRED,ISOLATION_DEFAULT
2025-06-05 12:23:30 [http-nio-8080-exec-2] DEBUG o.s.orm.jpa.JpaTransactionManager - Found thread-bound EntityManager [SessionImpl(352650908<open>)] for JPA transaction
2025-06-05 12:23:30 [http-nio-8080-exec-10] TRACE o.s.t.i.TransactionInterceptor - Completing transaction for [com.app.fitrack.service.UserService.getAuthenticatedUser]
2025-06-05 12:23:30 [http-nio-8080-exec-4] DEBUG o.s.orm.jpa.JpaTransactionManager - Committing JPA transaction on EntityManager [SessionImpl(861378946<open>)]
2025-06-05 12:23:30 [http-nio-8080-exec-1] DEBUG o.s.orm.jpa.JpaTransactionManager - Not closing pre-bound JPA EntityManager after transaction
2025-06-05 12:23:30 [http-nio-8080-exec-9] INFO  c.a.f.service.NutritionixService - Nutritionix Response: {"exercises":[{"tag_id":5,"user_input":"cycling","duration_min":30,"met":10,"nf_calories":335,"photo":{"highres":"https://d2xdmhkmkbyw75.cloudfront.net/exercise/5_highres.jpg","thumb":"https://d2xdmhkmkbyw75.cloudfront.net/exercise/5_thumb.jpg","is_user_uploaded":false},"compendium_code":1040,"name":"road cycling","description":null,"benefits":null}]}
2025-06-05 12:23:30 [http-nio-8080-exec-5] DEBUG o.s.orm.jpa.JpaTransactionManager - Exposing JPA transaction as JDBC [org.springframework.orm.jpa.vendor.HibernateJpaDialect$HibernateConnectionHandle@514049a7]
2025-06-05 12:23:30 [http-nio-8080-exec-5] TRACE o.s.t.i.TransactionInterceptor - Getting transaction for [com.app.fitrack.service.UserService.getAuthenticatedUser]
2025-06-05 12:23:30 [http-nio-8080-exec-3] DEBUG o.s.w.s.m.m.a.RequestMappingHandlerMapping - Mapped to com.app.fitrack.controller.WorkoutController#estimateCalories(Map)
2025-06-05 12:23:30 [http-nio-8080-exec-2] DEBUG o.s.orm.jpa.JpaTransactionManager - Creating new transaction with name [com.app.fitrack.service.UserService.getAuthenticatedUser]: PROPAGATION_REQUIRED,ISOLATION_DEFAULT
2025-06-05 12:23:30 [http-nio-8080-exec-6] DEBUG o.s.orm.jpa.JpaTransactionManager - Exposing JPA transaction as JDBC [org.springframework.orm.jpa.vendor.HibernateJpaDialect$HibernateConnectionHandle@66d48a96]
2025-06-05 12:23:30 [http-nio-8080-exec-10] DEBUG o.s.orm.jpa.JpaTransactionManager - Initiating transaction commit
2025-06-05 12:23:30 [http-nio-8080-exec-1] INFO  c.a.f.service.NutritionixService - Sending request to Nutritionix for exercise calorie estimation:
2025-06-05 12:23:30 [http-nio-8080-exec-9] INFO  c.a.f.service.NutritionixService - Calculated calories: 335.0
2025-06-05 12:23:30 [http-nio-8080-exec-4] DEBUG o.s.orm.jpa.JpaTransactionManager - Not closing pre-bound JPA EntityManager after transaction
2025-06-05 12:23:30 [http-nio-8080-exec-5] TRACE o.s.t.i.TransactionInterceptor - No need to create transaction for [org.springframework.data.jpa.repository.support.SimpleJpaRepository.findByEmail]: This method is not transactional.
2025-06-05 12:23:30 [http-nio-8080-exec-8] DEBUG o.s.web.client.RestTemplate - Response 200 OK
2025-06-05 12:23:30 [http-nio-8080-exec-3] DEBUG o.s.o.j.s.OpenEntityManagerInViewInterceptor - Opening JPA EntityManager in OpenEntityManagerInViewInterceptor
2025-06-05 12:23:30 [http-nio-8080-exec-8] DEBUG o.s.web.client.RestTemplate - Reading to [com.fasterxml.jackson.databind.JsonNode]
2025-06-05 12:23:30 [http-nio-8080-exec-6] TRACE o.s.t.i.TransactionInterceptor - Getting transaction for [com.app.fitrack.service.UserService.getAuthenticatedUser]
2025-06-05 12:23:30 [http-nio-8080-exec-10] DEBUG o.s.orm.jpa.JpaTransactionManager - Committing JPA transaction on EntityManager [SessionImpl(1510402386<open>)]
2025-06-05 12:23:30 [http-nio-8080-exec-2] DEBUG o.s.orm.jpa.JpaTransactionManager - Exposing JPA transaction as JDBC [org.springframework.orm.jpa.vendor.HibernateJpaDialect$HibernateConnectionHandle@217cf671]
2025-06-05 12:23:30 [http-nio-8080-exec-1] INFO  c.a.f.service.NutritionixService - URL: https://trackapi.nutritionix.com/v2/natural/exercise
2025-06-05 12:23:30 [http-nio-8080-exec-4] INFO  c.a.f.service.NutritionixService - Sending request to Nutritionix for exercise calorie estimation:
2025-06-05 12:23:30 [http-nio-8080-exec-9] DEBUG o.s.w.s.m.m.a.HttpEntityMethodProcessor - Using 'application/json', given [*/*] and supported [application/json, application/*+json]
2025-06-05 12:23:30 [http-nio-8080-exec-5] DEBUG org.hibernate.SQL - 
    select
        u1_0.id,
        u1_0.age,
        u1_0.email,
        u1_0.email_change_code,
        u1_0.email_change_code_expiry,
        u1_0.firstname,
        u1_0.gender,
        u1_0.height,
        u1_0.lastname,
        u1_0.password,
        u1_0.pending_email,
        u1_0.profile_picture,
        u1_0.verified,
        u1_0.weight 
    from
        users u1_0 
    where
        u1_0.email=?
2025-06-05 12:23:30 [http-nio-8080-exec-6] TRACE o.s.t.i.TransactionInterceptor - No need to create transaction for [org.springframework.data.jpa.repository.support.SimpleJpaRepository.findByEmail]: This method is not transactional.
2025-06-05 12:23:30 [http-nio-8080-exec-2] TRACE o.s.t.i.TransactionInterceptor - Getting transaction for [com.app.fitrack.service.UserService.getAuthenticatedUser]
2025-06-05 12:23:30 [http-nio-8080-exec-1] INFO  c.a.f.service.NutritionixService - Request Body: {weight_kg=67.0, gender=female, height_cm=149.0, query=20 minutes of Yoga (e.g., Downward Dog), age=21}
2025-06-05 12:23:30 [http-nio-8080-exec-4] INFO  c.a.f.service.NutritionixService - URL: https://trackapi.nutritionix.com/v2/natural/exercise
2025-06-05 12:23:30 [http-nio-8080-exec-8] INFO  c.a.f.service.NutritionixService - Nutritionix Response: {"exercises":[{"tag_id":894,"user_input":"jumping jacks","duration_min":10,"met":8,"nf_calories":89.33,"photo":{"highres":"https://d2xdmhkmkbyw75.cloudfront.net/exercise/894_highres.jpg","thumb":"https://d2xdmhkmkbyw75.cloudfront.net/exercise/894_thumb.jpg","is_user_uploaded":false},"compendium_code":2020,"name":"jumping jacks","description":null,"benefits":null}]}
2025-06-05 12:23:30 [http-nio-8080-exec-9] DEBUG o.s.w.s.m.m.a.HttpEntityMethodProcessor - Writing [{calories=335}]
2025-06-05 12:23:30 [http-nio-8080-exec-3] DEBUG o.s.w.s.m.m.a.RequestResponseBodyMethodProcessor - Read "application/json;charset=UTF-8" to [{workoutName=Kettlebell Swings, duration=15}]
2025-06-05 12:23:30 [http-nio-8080-exec-10] DEBUG o.s.orm.jpa.JpaTransactionManager - Not closing pre-bound JPA EntityManager after transaction
2025-06-05 12:23:30 [http-nio-8080-exec-6] DEBUG org.hibernate.SQL - 
    select
        u1_0.id,
        u1_0.age,
        u1_0.email,
        u1_0.email_change_code,
        u1_0.email_change_code_expiry,
        u1_0.firstname,
        u1_0.gender,
        u1_0.height,
        u1_0.lastname,
        u1_0.password,
        u1_0.pending_email,
        u1_0.profile_picture,
        u1_0.verified,
        u1_0.weight 
    from
        users u1_0 
    where
        u1_0.email=?
2025-06-05 12:23:30 [http-nio-8080-exec-2] TRACE o.s.t.i.TransactionInterceptor - No need to create transaction for [org.springframework.data.jpa.repository.support.SimpleJpaRepository.findByEmail]: This method is not transactional.
2025-06-05 12:23:30 [http-nio-8080-exec-1] DEBUG o.s.web.client.RestTemplate - HTTP POST https://trackapi.nutritionix.com/v2/natural/exercise
2025-06-05 12:23:30 [http-nio-8080-exec-4] INFO  c.a.f.service.NutritionixService - Request Body: {weight_kg=67.0, gender=female, height_cm=149.0, query=20 minutes of Pilates (e.g., The Hundred), age=21}
2025-06-05 12:23:30 [http-nio-8080-exec-8] INFO  c.a.f.service.NutritionixService - Calculated calories: 89.33
2025-06-05 12:23:30 [http-nio-8080-exec-5] TRACE o.s.t.i.TransactionInterceptor - Completing transaction for [com.app.fitrack.service.UserService.getAuthenticatedUser]
2025-06-05 12:23:30 [http-nio-8080-exec-10] INFO  c.a.f.service.NutritionixService - Sending request to Nutritionix for exercise calorie estimation:
2025-06-05 12:23:30 [http-nio-8080-exec-10] INFO  c.a.f.service.NutritionixService - URL: https://trackapi.nutritionix.com/v2/natural/exercise
2025-06-05 12:23:30 [http-nio-8080-exec-3] DEBUG o.s.orm.jpa.JpaTransactionManager - Found thread-bound EntityManager [SessionImpl(2118534779<open>)] for JPA transaction
2025-06-05 12:23:30 [http-nio-8080-exec-9] DEBUG o.s.o.j.s.OpenEntityManagerInViewInterceptor - Closing JPA EntityManager in OpenEntityManagerInViewInterceptor
2025-06-05 12:23:30 [http-nio-8080-exec-2] DEBUG org.hibernate.SQL - 
    select
        u1_0.id,
        u1_0.age,
        u1_0.email,
        u1_0.email_change_code,
        u1_0.email_change_code_expiry,
        u1_0.firstname,
        u1_0.gender,
        u1_0.height,
        u1_0.lastname,
        u1_0.password,
        u1_0.pending_email,
        u1_0.profile_picture,
        u1_0.verified,
        u1_0.weight 
    from
        users u1_0 
    where
        u1_0.email=?
2025-06-05 12:23:30 [http-nio-8080-exec-1] DEBUG o.s.web.client.RestTemplate - Accept=[application/json, application/*+json]
2025-06-05 12:23:30 [http-nio-8080-exec-4] DEBUG o.s.web.client.RestTemplate - HTTP POST https://trackapi.nutritionix.com/v2/natural/exercise
2025-06-05 12:23:30 [http-nio-8080-exec-5] DEBUG o.s.orm.jpa.JpaTransactionManager - Initiating transaction commit
2025-06-05 12:23:30 [http-nio-8080-exec-8] DEBUG o.s.w.s.m.m.a.HttpEntityMethodProcessor - Using 'application/json', given [*/*] and supported [application/json, application/*+json]
2025-06-05 12:23:30 [http-nio-8080-exec-10] INFO  c.a.f.service.NutritionixService - Request Body: {weight_kg=67.0, gender=female, height_cm=149.0, query=30 minutes of Dancing, age=21}
2025-06-05 12:23:30 [http-nio-8080-exec-3] DEBUG o.s.orm.jpa.JpaTransactionManager - Creating new transaction with name [com.app.fitrack.service.UserService.getAuthenticatedUser]: PROPAGATION_REQUIRED,ISOLATION_DEFAULT
2025-06-05 12:23:30 [http-nio-8080-exec-6] TRACE o.s.t.i.TransactionInterceptor - Completing transaction for [com.app.fitrack.service.UserService.getAuthenticatedUser]
2025-06-05 12:23:30 [http-nio-8080-exec-9] DEBUG o.s.web.servlet.DispatcherServlet - Completed 200 OK
2025-06-05 12:23:30 [http-nio-8080-exec-1] DEBUG o.s.web.client.RestTemplate - Writing [{weight_kg=67.0, gender=female, height_cm=149.0, query=20 minutes of Yoga (e.g., Downward Dog), age=21}] as "application/json"
2025-06-05 12:23:30 [http-nio-8080-exec-5] DEBUG o.s.orm.jpa.JpaTransactionManager - Committing JPA transaction on EntityManager [SessionImpl(1693181730<open>)]
2025-06-05 12:23:30 [http-nio-8080-exec-4] DEBUG o.s.web.client.RestTemplate - Accept=[application/json, application/*+json]
2025-06-05 12:23:30 [http-nio-8080-exec-8] DEBUG o.s.w.s.m.m.a.HttpEntityMethodProcessor - Writing [{calories=89}]
2025-06-05 12:23:30 [http-nio-8080-exec-10] DEBUG o.s.web.client.RestTemplate - HTTP POST https://trackapi.nutritionix.com/v2/natural/exercise
2025-06-05 12:23:30 [http-nio-8080-exec-6] DEBUG o.s.orm.jpa.JpaTransactionManager - Initiating transaction commit
2025-06-05 12:23:30 [http-nio-8080-exec-3] DEBUG o.s.orm.jpa.JpaTransactionManager - Exposing JPA transaction as JDBC [org.springframework.orm.jpa.vendor.HibernateJpaDialect$HibernateConnectionHandle@1fa1326a]
2025-06-05 12:23:30 [http-nio-8080-exec-2] TRACE o.s.t.i.TransactionInterceptor - Completing transaction for [com.app.fitrack.service.UserService.getAuthenticatedUser]
2025-06-05 12:23:30 [http-nio-8080-exec-2] DEBUG o.s.orm.jpa.JpaTransactionManager - Initiating transaction commit
2025-06-05 12:23:30 [http-nio-8080-exec-4] DEBUG o.s.web.client.RestTemplate - Writing [{weight_kg=67.0, gender=female, height_cm=149.0, query=20 minutes of Pilates (e.g., The Hundred), age=21}] as "application/json"
2025-06-05 12:23:30 [http-nio-8080-exec-6] DEBUG o.s.orm.jpa.JpaTransactionManager - Committing JPA transaction on EntityManager [SessionImpl(962546111<open>)]
2025-06-05 12:23:30 [http-nio-8080-exec-5] DEBUG o.s.orm.jpa.JpaTransactionManager - Not closing pre-bound JPA EntityManager after transaction
2025-06-05 12:23:30 [http-nio-8080-exec-10] DEBUG o.s.web.client.RestTemplate - Accept=[application/json, application/*+json]
2025-06-05 12:23:30 [http-nio-8080-exec-3] TRACE o.s.t.i.TransactionInterceptor - Getting transaction for [com.app.fitrack.service.UserService.getAuthenticatedUser]
2025-06-05 12:23:30 [http-nio-8080-exec-8] DEBUG o.s.o.j.s.OpenEntityManagerInViewInterceptor - Closing JPA EntityManager in OpenEntityManagerInViewInterceptor
2025-06-05 12:23:30 [http-nio-8080-exec-2] DEBUG o.s.orm.jpa.JpaTransactionManager - Committing JPA transaction on EntityManager [SessionImpl(352650908<open>)]
2025-06-05 12:23:30 [http-nio-8080-exec-5] INFO  c.a.f.service.NutritionixService - Sending request to Nutritionix for exercise calorie estimation:
2025-06-05 12:23:30 [http-nio-8080-exec-5] INFO  c.a.f.service.NutritionixService - URL: https://trackapi.nutritionix.com/v2/natural/exercise
2025-06-05 12:23:30 [http-nio-8080-exec-7] DEBUG o.s.security.web.FilterChainProxy - Securing POST /workouts/estimate-calories
2025-06-05 12:23:30 [http-nio-8080-exec-10] DEBUG o.s.web.client.RestTemplate - Writing [{weight_kg=67.0, gender=female, height_cm=149.0, query=30 minutes of Dancing, age=21}] as "application/json"
2025-06-05 12:23:30 [http-nio-8080-exec-3] TRACE o.s.t.i.TransactionInterceptor - No need to create transaction for [org.springframework.data.jpa.repository.support.SimpleJpaRepository.findByEmail]: This method is not transactional.
2025-06-05 12:23:30 [http-nio-8080-exec-3] DEBUG org.hibernate.SQL - 
    select
        u1_0.id,
        u1_0.age,
        u1_0.email,
        u1_0.email_change_code,
        u1_0.email_change_code_expiry,
        u1_0.firstname,
        u1_0.gender,
        u1_0.height,
        u1_0.lastname,
        u1_0.password,
        u1_0.pending_email,
        u1_0.profile_picture,
        u1_0.verified,
        u1_0.weight 
    from
        users u1_0 
    where
        u1_0.email=?
2025-06-05 12:23:30 [http-nio-8080-exec-5] INFO  c.a.f.service.NutritionixService - Request Body: {weight_kg=67.0, gender=female, height_cm=149.0, query=45 minutes of Hiking, age=21}
2025-06-05 12:23:30 [http-nio-8080-exec-8] DEBUG o.s.web.servlet.DispatcherServlet - Completed 200 OK
2025-06-05 12:23:30 [http-nio-8080-exec-7] DEBUG o.s.s.w.c.HttpSessionSecurityContextRepository - Retrieved SecurityContextImpl [Authentication=UsernamePasswordAuthenticationToken [Principal=org.springframework.security.core.userdetails.User [Username=charlenedilig@gmail.com, Password=[PROTECTED], Enabled=true, AccountNonExpired=true, CredentialsNonExpired=true, AccountNonLocked=true, Granted Authorities=[ROLE_USER]], Credentials=[PROTECTED], Authenticated=true, Details=WebAuthenticationDetails [RemoteIpAddress=127.0.0.1, SessionId=D706A416E7764EFB10E508C1CCA4C929], Granted Authorities=[ROLE_USER]]]
2025-06-05 12:23:30 [http-nio-8080-exec-6] DEBUG o.s.orm.jpa.JpaTransactionManager - Not closing pre-bound JPA EntityManager after transaction
2025-06-05 12:23:30 [http-nio-8080-exec-2] DEBUG o.s.orm.jpa.JpaTransactionManager - Not closing pre-bound JPA EntityManager after transaction
2025-06-05 12:23:30 [http-nio-8080-exec-5] DEBUG o.s.web.client.RestTemplate - HTTP POST https://trackapi.nutritionix.com/v2/natural/exercise
2025-06-05 12:23:30 [http-nio-8080-exec-6] INFO  c.a.f.service.NutritionixService - Sending request to Nutritionix for exercise calorie estimation:
2025-06-05 12:23:30 [http-nio-8080-exec-2] INFO  c.a.f.service.NutritionixService - Sending request to Nutritionix for exercise calorie estimation:
2025-06-05 12:23:30 [http-nio-8080-exec-7] DEBUG o.s.security.web.FilterChainProxy - Secured POST /workouts/estimate-calories
2025-06-05 12:23:30 [http-nio-8080-exec-6] INFO  c.a.f.service.NutritionixService - URL: https://trackapi.nutritionix.com/v2/natural/exercise
2025-06-05 12:23:30 [http-nio-8080-exec-5] DEBUG o.s.web.client.RestTemplate - Accept=[application/json, application/*+json]
2025-06-05 12:23:30 [http-nio-8080-exec-2] INFO  c.a.f.service.NutritionixService - URL: https://trackapi.nutritionix.com/v2/natural/exercise
2025-06-05 12:23:30 [http-nio-8080-exec-6] INFO  c.a.f.service.NutritionixService - Request Body: {weight_kg=67.0, gender=female, height_cm=149.0, query=5 minutes of Quad Stretch, age=21}
2025-06-05 12:23:30 [http-nio-8080-exec-3] TRACE o.s.t.i.TransactionInterceptor - Completing transaction for [com.app.fitrack.service.UserService.getAuthenticatedUser]
2025-06-05 12:23:30 [http-nio-8080-exec-3] DEBUG o.s.orm.jpa.JpaTransactionManager - Initiating transaction commit
2025-06-05 12:23:30 [http-nio-8080-exec-7] DEBUG o.s.web.servlet.DispatcherServlet - POST "/fitrack/workouts/estimate-calories", parameters={}
2025-06-05 12:23:30 [http-nio-8080-exec-2] INFO  c.a.f.service.NutritionixService - Request Body: {weight_kg=67.0, gender=female, height_cm=149.0, query=30 minutes of Basketball, age=21}
2025-06-05 12:23:30 [http-nio-8080-exec-5] DEBUG o.s.web.client.RestTemplate - Writing [{weight_kg=67.0, gender=female, height_cm=149.0, query=45 minutes of Hiking, age=21}] as "application/json"
2025-06-05 12:23:30 [http-nio-8080-exec-6] DEBUG o.s.web.client.RestTemplate - HTTP POST https://trackapi.nutritionix.com/v2/natural/exercise
2025-06-05 12:23:30 [http-nio-8080-exec-3] DEBUG o.s.orm.jpa.JpaTransactionManager - Committing JPA transaction on EntityManager [SessionImpl(2118534779<open>)]
2025-06-05 12:23:30 [http-nio-8080-exec-7] DEBUG o.s.w.s.m.m.a.RequestMappingHandlerMapping - Mapped to com.app.fitrack.controller.WorkoutController#estimateCalories(Map)
2025-06-05 12:23:30 [http-nio-8080-exec-9] DEBUG o.s.security.web.FilterChainProxy - Securing POST /workouts/estimate-calories
2025-06-05 12:23:30 [http-nio-8080-exec-2] DEBUG o.s.web.client.RestTemplate - HTTP POST https://trackapi.nutritionix.com/v2/natural/exercise
2025-06-05 12:23:30 [http-nio-8080-exec-6] DEBUG o.s.web.client.RestTemplate - Accept=[application/json, application/*+json]
2025-06-05 12:23:30 [http-nio-8080-exec-2] DEBUG o.s.web.client.RestTemplate - Accept=[application/json, application/*+json]
2025-06-05 12:23:30 [http-nio-8080-exec-7] DEBUG o.s.o.j.s.OpenEntityManagerInViewInterceptor - Opening JPA EntityManager in OpenEntityManagerInViewInterceptor
2025-06-05 12:23:30 [http-nio-8080-exec-6] DEBUG o.s.web.client.RestTemplate - Writing [{weight_kg=67.0, gender=female, height_cm=149.0, query=5 minutes of Quad Stretch, age=21}] as "application/json"
2025-06-05 12:23:30 [http-nio-8080-exec-3] DEBUG o.s.orm.jpa.JpaTransactionManager - Not closing pre-bound JPA EntityManager after transaction
2025-06-05 12:23:30 [http-nio-8080-exec-2] DEBUG o.s.web.client.RestTemplate - Writing [{weight_kg=67.0, gender=female, height_cm=149.0, query=30 minutes of Basketball, age=21}] as "application/json"
2025-06-05 12:23:30 [http-nio-8080-exec-9] DEBUG o.s.s.w.c.HttpSessionSecurityContextRepository - Retrieved SecurityContextImpl [Authentication=UsernamePasswordAuthenticationToken [Principal=org.springframework.security.core.userdetails.User [Username=charlenedilig@gmail.com, Password=[PROTECTED], Enabled=true, AccountNonExpired=true, CredentialsNonExpired=true, AccountNonLocked=true, Granted Authorities=[ROLE_USER]], Credentials=[PROTECTED], Authenticated=true, Details=WebAuthenticationDetails [RemoteIpAddress=127.0.0.1, SessionId=D706A416E7764EFB10E508C1CCA4C929], Granted Authorities=[ROLE_USER]]]
2025-06-05 12:23:30 [http-nio-8080-exec-3] INFO  c.a.f.service.NutritionixService - Sending request to Nutritionix for exercise calorie estimation:
2025-06-05 12:23:30 [http-nio-8080-exec-3] INFO  c.a.f.service.NutritionixService - URL: https://trackapi.nutritionix.com/v2/natural/exercise
2025-06-05 12:23:30 [http-nio-8080-exec-3] INFO  c.a.f.service.NutritionixService - Request Body: {weight_kg=67.0, gender=female, height_cm=149.0, query=15 minutes of Kettlebell Swings, age=21}
2025-06-05 12:23:30 [http-nio-8080-exec-7] DEBUG o.s.w.s.m.m.a.RequestResponseBodyMethodProcessor - Read "application/json;charset=UTF-8" to [{workoutName=Heel-to-Toe Walk, duration=5}]
2025-06-05 12:23:30 [http-nio-8080-exec-3] DEBUG o.s.web.client.RestTemplate - HTTP POST https://trackapi.nutritionix.com/v2/natural/exercise
2025-06-05 12:23:30 [http-nio-8080-exec-7] DEBUG o.s.orm.jpa.JpaTransactionManager - Found thread-bound EntityManager [SessionImpl(1904320104<open>)] for JPA transaction
2025-06-05 12:23:30 [http-nio-8080-exec-3] DEBUG o.s.web.client.RestTemplate - Accept=[application/json, application/*+json]
2025-06-05 12:23:30 [http-nio-8080-exec-9] DEBUG o.s.security.web.FilterChainProxy - Secured POST /workouts/estimate-calories
2025-06-05 12:23:30 [http-nio-8080-exec-9] DEBUG o.s.web.servlet.DispatcherServlet - POST "/fitrack/workouts/estimate-calories", parameters={}
2025-06-05 12:23:30 [http-nio-8080-exec-7] DEBUG o.s.orm.jpa.JpaTransactionManager - Creating new transaction with name [com.app.fitrack.service.UserService.getAuthenticatedUser]: PROPAGATION_REQUIRED,ISOLATION_DEFAULT
2025-06-05 12:23:30 [http-nio-8080-exec-3] DEBUG o.s.web.client.RestTemplate - Writing [{weight_kg=67.0, gender=female, height_cm=149.0, query=15 minutes of Kettlebell Swings, age=21}] as "application/json"
2025-06-05 12:23:30 [http-nio-8080-exec-9] DEBUG o.s.w.s.m.m.a.RequestMappingHandlerMapping - Mapped to com.app.fitrack.controller.WorkoutController#estimateCalories(Map)
2025-06-05 12:23:30 [http-nio-8080-exec-7] DEBUG o.s.orm.jpa.JpaTransactionManager - Exposing JPA transaction as JDBC [org.springframework.orm.jpa.vendor.HibernateJpaDialect$HibernateConnectionHandle@500ca86]
2025-06-05 12:23:30 [http-nio-8080-exec-9] DEBUG o.s.o.j.s.OpenEntityManagerInViewInterceptor - Opening JPA EntityManager in OpenEntityManagerInViewInterceptor
2025-06-05 12:23:30 [http-nio-8080-exec-7] TRACE o.s.t.i.TransactionInterceptor - Getting transaction for [com.app.fitrack.service.UserService.getAuthenticatedUser]
2025-06-05 12:23:30 [http-nio-8080-exec-7] TRACE o.s.t.i.TransactionInterceptor - No need to create transaction for [org.springframework.data.jpa.repository.support.SimpleJpaRepository.findByEmail]: This method is not transactional.
2025-06-05 12:23:30 [http-nio-8080-exec-9] DEBUG o.s.w.s.m.m.a.RequestResponseBodyMethodProcessor - Read "application/json;charset=UTF-8" to [{workoutName=Farmer's Walks, duration=10}]
2025-06-05 12:23:30 [http-nio-8080-exec-9] DEBUG o.s.orm.jpa.JpaTransactionManager - Found thread-bound EntityManager [SessionImpl(623837773<open>)] for JPA transaction
2025-06-05 12:23:30 [http-nio-8080-exec-7] DEBUG org.hibernate.SQL - 
    select
        u1_0.id,
        u1_0.age,
        u1_0.email,
        u1_0.email_change_code,
        u1_0.email_change_code_expiry,
        u1_0.firstname,
        u1_0.gender,
        u1_0.height,
        u1_0.lastname,
        u1_0.password,
        u1_0.pending_email,
        u1_0.profile_picture,
        u1_0.verified,
        u1_0.weight 
    from
        users u1_0 
    where
        u1_0.email=?
2025-06-05 12:23:30 [http-nio-8080-exec-9] DEBUG o.s.orm.jpa.JpaTransactionManager - Creating new transaction with name [com.app.fitrack.service.UserService.getAuthenticatedUser]: PROPAGATION_REQUIRED,ISOLATION_DEFAULT
2025-06-05 12:23:30 [http-nio-8080-exec-9] DEBUG o.s.orm.jpa.JpaTransactionManager - Exposing JPA transaction as JDBC [org.springframework.orm.jpa.vendor.HibernateJpaDialect$HibernateConnectionHandle@1de338d1]
2025-06-05 12:23:30 [http-nio-8080-exec-9] TRACE o.s.t.i.TransactionInterceptor - Getting transaction for [com.app.fitrack.service.UserService.getAuthenticatedUser]
2025-06-05 12:23:30 [http-nio-8080-exec-9] TRACE o.s.t.i.TransactionInterceptor - No need to create transaction for [org.springframework.data.jpa.repository.support.SimpleJpaRepository.findByEmail]: This method is not transactional.
2025-06-05 12:23:30 [http-nio-8080-exec-7] TRACE o.s.t.i.TransactionInterceptor - Completing transaction for [com.app.fitrack.service.UserService.getAuthenticatedUser]
2025-06-05 12:23:30 [http-nio-8080-exec-9] DEBUG org.hibernate.SQL - 
    select
        u1_0.id,
        u1_0.age,
        u1_0.email,
        u1_0.email_change_code,
        u1_0.email_change_code_expiry,
        u1_0.firstname,
        u1_0.gender,
        u1_0.height,
        u1_0.lastname,
        u1_0.password,
        u1_0.pending_email,
        u1_0.profile_picture,
        u1_0.verified,
        u1_0.weight 
    from
        users u1_0 
    where
        u1_0.email=?
2025-06-05 12:23:30 [http-nio-8080-exec-7] DEBUG o.s.orm.jpa.JpaTransactionManager - Initiating transaction commit
2025-06-05 12:23:30 [http-nio-8080-exec-7] DEBUG o.s.orm.jpa.JpaTransactionManager - Committing JPA transaction on EntityManager [SessionImpl(1904320104<open>)]
2025-06-05 12:23:30 [http-nio-8080-exec-7] DEBUG o.s.orm.jpa.JpaTransactionManager - Not closing pre-bound JPA EntityManager after transaction
2025-06-05 12:23:30 [http-nio-8080-exec-7] INFO  c.a.f.service.NutritionixService - Sending request to Nutritionix for exercise calorie estimation:
2025-06-05 12:23:30 [http-nio-8080-exec-9] TRACE o.s.t.i.TransactionInterceptor - Completing transaction for [com.app.fitrack.service.UserService.getAuthenticatedUser]
2025-06-05 12:23:30 [http-nio-8080-exec-7] INFO  c.a.f.service.NutritionixService - URL: https://trackapi.nutritionix.com/v2/natural/exercise
2025-06-05 12:23:30 [http-nio-8080-exec-9] DEBUG o.s.orm.jpa.JpaTransactionManager - Initiating transaction commit
2025-06-05 12:23:30 [http-nio-8080-exec-7] INFO  c.a.f.service.NutritionixService - Request Body: {weight_kg=67.0, gender=female, height_cm=149.0, query=5 minutes of Heel-to-Toe Walk, age=21}
2025-06-05 12:23:30 [http-nio-8080-exec-9] DEBUG o.s.orm.jpa.JpaTransactionManager - Committing JPA transaction on EntityManager [SessionImpl(623837773<open>)]
2025-06-05 12:23:30 [http-nio-8080-exec-7] DEBUG o.s.web.client.RestTemplate - HTTP POST https://trackapi.nutritionix.com/v2/natural/exercise
2025-06-05 12:23:30 [http-nio-8080-exec-7] DEBUG o.s.web.client.RestTemplate - Accept=[application/json, application/*+json]
2025-06-05 12:23:30 [http-nio-8080-exec-9] DEBUG o.s.orm.jpa.JpaTransactionManager - Not closing pre-bound JPA EntityManager after transaction
2025-06-05 12:23:30 [http-nio-8080-exec-7] DEBUG o.s.web.client.RestTemplate - Writing [{weight_kg=67.0, gender=female, height_cm=149.0, query=5 minutes of Heel-to-Toe Walk, age=21}] as "application/json"
2025-06-05 12:23:30 [http-nio-8080-exec-9] INFO  c.a.f.service.NutritionixService - Sending request to Nutritionix for exercise calorie estimation:
2025-06-05 12:23:30 [http-nio-8080-exec-9] INFO  c.a.f.service.NutritionixService - URL: https://trackapi.nutritionix.com/v2/natural/exercise
2025-06-05 12:23:30 [http-nio-8080-exec-9] INFO  c.a.f.service.NutritionixService - Request Body: {weight_kg=67.0, gender=female, height_cm=149.0, query=10 minutes of Farmer's Walks, age=21}
2025-06-05 12:23:30 [http-nio-8080-exec-9] DEBUG o.s.web.client.RestTemplate - HTTP POST https://trackapi.nutritionix.com/v2/natural/exercise
2025-06-05 12:23:30 [http-nio-8080-exec-9] DEBUG o.s.web.client.RestTemplate - Accept=[application/json, application/*+json]
2025-06-05 12:23:30 [http-nio-8080-exec-9] DEBUG o.s.web.client.RestTemplate - Writing [{weight_kg=67.0, gender=female, height_cm=149.0, query=10 minutes of Farmer's Walks, age=21}] as "application/json"
2025-06-05 12:23:30 [http-nio-8080-exec-1] DEBUG o.s.web.client.RestTemplate - Response 200 OK
2025-06-05 12:23:30 [http-nio-8080-exec-1] DEBUG o.s.web.client.RestTemplate - Reading to [com.fasterxml.jackson.databind.JsonNode]
2025-06-05 12:23:30 [http-nio-8080-exec-1] INFO  c.a.f.service.NutritionixService - Nutritionix Response: {"exercises":[{"tag_id":765,"user_input":"yoga","duration_min":20,"met":3.3,"nf_calories":73.7,"photo":{"highres":"https://d2xdmhkmkbyw75.cloudfront.net/exercise/765_highres.jpg","thumb":"https://d2xdmhkmkbyw75.cloudfront.net/exercise/765_thumb.jpg","is_user_uploaded":false},"compendium_code":2180,"name":"yoga","description":null,"benefits":null}]}
2025-06-05 12:23:30 [http-nio-8080-exec-1] INFO  c.a.f.service.NutritionixService - Calculated calories: 73.7
2025-06-05 12:23:30 [http-nio-8080-exec-1] DEBUG o.s.w.s.m.m.a.HttpEntityMethodProcessor - Using 'application/json', given [*/*] and supported [application/json, application/*+json]
2025-06-05 12:23:30 [http-nio-8080-exec-1] DEBUG o.s.w.s.m.m.a.HttpEntityMethodProcessor - Writing [{calories=74}]
2025-06-05 12:23:30 [http-nio-8080-exec-1] DEBUG o.s.o.j.s.OpenEntityManagerInViewInterceptor - Closing JPA EntityManager in OpenEntityManagerInViewInterceptor
2025-06-05 12:23:30 [http-nio-8080-exec-1] DEBUG o.s.web.servlet.DispatcherServlet - Completed 200 OK
2025-06-05 12:23:30 [http-nio-8080-exec-8] DEBUG o.s.security.web.FilterChainProxy - Securing POST /workouts/estimate-calories
2025-06-05 12:23:30 [http-nio-8080-exec-2] DEBUG o.s.web.client.RestTemplate - Response 200 OK
2025-06-05 12:23:30 [http-nio-8080-exec-2] DEBUG o.s.web.client.RestTemplate - Reading to [com.fasterxml.jackson.databind.JsonNode]
2025-06-05 12:23:30 [http-nio-8080-exec-8] DEBUG o.s.s.w.c.HttpSessionSecurityContextRepository - Retrieved SecurityContextImpl [Authentication=UsernamePasswordAuthenticationToken [Principal=org.springframework.security.core.userdetails.User [Username=charlenedilig@gmail.com, Password=[PROTECTED], Enabled=true, AccountNonExpired=true, CredentialsNonExpired=true, AccountNonLocked=true, Granted Authorities=[ROLE_USER]], Credentials=[PROTECTED], Authenticated=true, Details=WebAuthenticationDetails [RemoteIpAddress=127.0.0.1, SessionId=D706A416E7764EFB10E508C1CCA4C929], Granted Authorities=[ROLE_USER]]]
2025-06-05 12:23:30 [http-nio-8080-exec-8] DEBUG o.s.security.web.FilterChainProxy - Secured POST /workouts/estimate-calories
2025-06-05 12:23:30 [http-nio-8080-exec-8] DEBUG o.s.web.servlet.DispatcherServlet - POST "/fitrack/workouts/estimate-calories", parameters={}
2025-06-05 12:23:30 [http-nio-8080-exec-8] DEBUG o.s.w.s.m.m.a.RequestMappingHandlerMapping - Mapped to com.app.fitrack.controller.WorkoutController#estimateCalories(Map)
2025-06-05 12:23:30 [http-nio-8080-exec-8] DEBUG o.s.o.j.s.OpenEntityManagerInViewInterceptor - Opening JPA EntityManager in OpenEntityManagerInViewInterceptor
2025-06-05 12:23:30 [http-nio-8080-exec-8] DEBUG o.s.w.s.m.m.a.RequestResponseBodyMethodProcessor - Read "application/json;charset=UTF-8" to [{workoutName=Tai Chi movements, duration=20}]
2025-06-05 12:23:30 [http-nio-8080-exec-8] DEBUG o.s.orm.jpa.JpaTransactionManager - Found thread-bound EntityManager [SessionImpl(634759389<open>)] for JPA transaction
2025-06-05 12:23:30 [http-nio-8080-exec-8] DEBUG o.s.orm.jpa.JpaTransactionManager - Creating new transaction with name [com.app.fitrack.service.UserService.getAuthenticatedUser]: PROPAGATION_REQUIRED,ISOLATION_DEFAULT
2025-06-05 12:23:30 [http-nio-8080-exec-8] DEBUG o.s.orm.jpa.JpaTransactionManager - Exposing JPA transaction as JDBC [org.springframework.orm.jpa.vendor.HibernateJpaDialect$HibernateConnectionHandle@6573a823]
2025-06-05 12:23:30 [http-nio-8080-exec-8] TRACE o.s.t.i.TransactionInterceptor - Getting transaction for [com.app.fitrack.service.UserService.getAuthenticatedUser]
2025-06-05 12:23:30 [http-nio-8080-exec-8] TRACE o.s.t.i.TransactionInterceptor - No need to create transaction for [org.springframework.data.jpa.repository.support.SimpleJpaRepository.findByEmail]: This method is not transactional.
2025-06-05 12:23:30 [http-nio-8080-exec-8] DEBUG org.hibernate.SQL - 
    select
        u1_0.id,
        u1_0.age,
        u1_0.email,
        u1_0.email_change_code,
        u1_0.email_change_code_expiry,
        u1_0.firstname,
        u1_0.gender,
        u1_0.height,
        u1_0.lastname,
        u1_0.password,
        u1_0.pending_email,
        u1_0.profile_picture,
        u1_0.verified,
        u1_0.weight 
    from
        users u1_0 
    where
        u1_0.email=?
2025-06-05 12:23:30 [http-nio-8080-exec-8] TRACE o.s.t.i.TransactionInterceptor - Completing transaction for [com.app.fitrack.service.UserService.getAuthenticatedUser]
2025-06-05 12:23:30 [http-nio-8080-exec-8] DEBUG o.s.orm.jpa.JpaTransactionManager - Initiating transaction commit
2025-06-05 12:23:30 [http-nio-8080-exec-8] DEBUG o.s.orm.jpa.JpaTransactionManager - Committing JPA transaction on EntityManager [SessionImpl(634759389<open>)]
2025-06-05 12:23:30 [http-nio-8080-exec-8] DEBUG o.s.orm.jpa.JpaTransactionManager - Not closing pre-bound JPA EntityManager after transaction
2025-06-05 12:23:30 [http-nio-8080-exec-8] INFO  c.a.f.service.NutritionixService - Sending request to Nutritionix for exercise calorie estimation:
2025-06-05 12:23:30 [http-nio-8080-exec-8] INFO  c.a.f.service.NutritionixService - URL: https://trackapi.nutritionix.com/v2/natural/exercise
2025-06-05 12:23:30 [http-nio-8080-exec-8] INFO  c.a.f.service.NutritionixService - Request Body: {weight_kg=67.0, gender=female, height_cm=149.0, query=20 minutes of Tai Chi movements, age=21}
2025-06-05 12:23:30 [http-nio-8080-exec-8] DEBUG o.s.web.client.RestTemplate - HTTP POST https://trackapi.nutritionix.com/v2/natural/exercise
2025-06-05 12:23:30 [http-nio-8080-exec-8] DEBUG o.s.web.client.RestTemplate - Accept=[application/json, application/*+json]
2025-06-05 12:23:30 [http-nio-8080-exec-8] DEBUG o.s.web.client.RestTemplate - Writing [{weight_kg=67.0, gender=female, height_cm=149.0, query=20 minutes of Tai Chi movements, age=21}] as "application/json"
2025-06-05 12:23:30 [http-nio-8080-exec-2] INFO  c.a.f.service.NutritionixService - Nutritionix Response: {"exercises":[{"tag_id":242,"user_input":"basketball","duration_min":30,"met":6.5,"nf_calories":217.75,"photo":{"highres":"https://d2xdmhkmkbyw75.cloudfront.net/exercise/242_highres.jpg","thumb":"https://d2xdmhkmkbyw75.cloudfront.net/exercise/242_thumb.jpg","is_user_uploaded":false},"compendium_code":15055,"name":"basketball","description":null,"benefits":null}]}
2025-06-05 12:23:30 [http-nio-8080-exec-10] DEBUG o.s.web.client.RestTemplate - Response 200 OK
2025-06-05 12:23:30 [http-nio-8080-exec-2] INFO  c.a.f.service.NutritionixService - Calculated calories: 217.75
2025-06-05 12:23:30 [http-nio-8080-exec-10] DEBUG o.s.web.client.RestTemplate - Reading to [com.fasterxml.jackson.databind.JsonNode]
2025-06-05 12:23:30 [http-nio-8080-exec-3] DEBUG o.s.web.client.RestTemplate - Response 200 OK
2025-06-05 12:23:30 [http-nio-8080-exec-2] DEBUG o.s.w.s.m.m.a.HttpEntityMethodProcessor - Using 'application/json', given [*/*] and supported [application/json, application/*+json]
2025-06-05 12:23:30 [http-nio-8080-exec-3] DEBUG o.s.web.client.RestTemplate - Reading to [com.fasterxml.jackson.databind.JsonNode]
2025-06-05 12:23:30 [http-nio-8080-exec-5] DEBUG o.s.web.client.RestTemplate - Response 200 OK
2025-06-05 12:23:30 [http-nio-8080-exec-10] INFO  c.a.f.service.NutritionixService - Nutritionix Response: {"exercises":[{"tag_id":750,"user_input":"dancing","duration_min":30,"met":7.8,"nf_calories":261.3,"photo":{"highres":"https://d2xdmhkmkbyw75.cloudfront.net/exercise/750_highres.jpg","thumb":"https://d2xdmhkmkbyw75.cloudfront.net/exercise/750_thumb.jpg","is_user_uploaded":false},"compendium_code":3031,"name":"dancing","description":null,"benefits":null}]}
2025-06-05 12:23:30 [http-nio-8080-exec-2] DEBUG o.s.w.s.m.m.a.HttpEntityMethodProcessor - Writing [{calories=218}]
2025-06-05 12:23:30 [http-nio-8080-exec-5] DEBUG o.s.web.client.RestTemplate - Reading to [com.fasterxml.jackson.databind.JsonNode]
2025-06-05 12:23:30 [http-nio-8080-exec-4] DEBUG o.s.web.client.RestTemplate - Response 200 OK
2025-06-05 12:23:30 [http-nio-8080-exec-10] INFO  c.a.f.service.NutritionixService - Calculated calories: 261.3
2025-06-05 12:23:30 [http-nio-8080-exec-3] INFO  c.a.f.service.NutritionixService - Nutritionix Response: {"exercises":[{"tag_id":847,"user_input":"kettlebell","duration_min":15,"met":3.5,"nf_calories":58.63,"photo":{"highres":"https://d2xdmhkmkbyw75.cloudfront.net/exercise/847_highres.jpg","thumb":"https://d2xdmhkmkbyw75.cloudfront.net/exercise/847_thumb.jpg","is_user_uploaded":false},"compendium_code":2054,"name":"kettlebells","description":null,"benefits":null},{"tag_id":969,"user_input":"swings","duration_min":15,"met":4,"nf_calories":67,"photo":{"highres":"https://d2xdmhkmkbyw75.cloudfront.net/exercise/969_highres.jpg","thumb":"https://d2xdmhkmkbyw75.cloudfront.net/exercise/969_thumb.jpg","is_user_uploaded":false},"compendium_code":15335,"name":"swinging","description":null,"benefits":null}]}
2025-06-05 12:23:30 [http-nio-8080-exec-9] DEBUG o.s.web.client.RestTemplate - Response 200 OK
2025-06-05 12:23:30 [http-nio-8080-exec-4] DEBUG o.s.web.client.RestTemplate - Reading to [com.fasterxml.jackson.databind.JsonNode]
2025-06-05 12:23:30 [http-nio-8080-exec-5] INFO  c.a.f.service.NutritionixService - Nutritionix Response: {"exercises":[{"tag_id":129,"user_input":"hiking","duration_min":45,"met":7.8,"nf_calories":391.95,"photo":{"highres":"https://d2xdmhkmkbyw75.cloudfront.net/exercise/129_highres.jpg","thumb":"https://d2xdmhkmkbyw75.cloudfront.net/exercise/129_thumb.jpg","is_user_uploaded":false},"compendium_code":17012,"name":"hiking","description":null,"benefits":null}]}
2025-06-05 12:23:30 [http-nio-8080-exec-2] DEBUG o.s.o.j.s.OpenEntityManagerInViewInterceptor - Closing JPA EntityManager in OpenEntityManagerInViewInterceptor
2025-06-05 12:23:30 [http-nio-8080-exec-10] DEBUG o.s.w.s.m.m.a.HttpEntityMethodProcessor - Using 'application/json', given [*/*] and supported [application/json, application/*+json]
2025-06-05 12:23:30 [http-nio-8080-exec-6] DEBUG o.s.web.client.RestTemplate - Response 200 OK
2025-06-05 12:23:30 [http-nio-8080-exec-3] INFO  c.a.f.service.NutritionixService - Calculated calories: 58.63
2025-06-05 12:23:30 [http-nio-8080-exec-9] DEBUG o.s.web.client.RestTemplate - Reading to [com.fasterxml.jackson.databind.JsonNode]
2025-06-05 12:23:30 [http-nio-8080-exec-7] DEBUG o.s.web.client.RestTemplate - Response 200 OK
2025-06-05 12:23:30 [http-nio-8080-exec-5] INFO  c.a.f.service.NutritionixService - Calculated calories: 391.95
2025-06-05 12:23:30 [http-nio-8080-exec-4] INFO  c.a.f.service.NutritionixService - Nutritionix Response: {"exercises":[{"tag_id":764,"user_input":"pilates","duration_min":20,"met":3,"nf_calories":67,"photo":{"highres":"https://d2xdmhkmkbyw75.cloudfront.net/exercise/764_highres.jpg","thumb":"https://d2xdmhkmkbyw75.cloudfront.net/exercise/764_thumb.jpg","is_user_uploaded":false},"compendium_code":2105,"name":"pilates","description":null,"benefits":null}]}
2025-06-05 12:23:30 [http-nio-8080-exec-2] DEBUG o.s.web.servlet.DispatcherServlet - Completed 200 OK
2025-06-05 12:23:30 [http-nio-8080-exec-10] DEBUG o.s.w.s.m.m.a.HttpEntityMethodProcessor - Writing [{calories=261}]
2025-06-05 12:23:30 [http-nio-8080-exec-6] DEBUG o.s.web.client.RestTemplate - Reading to [com.fasterxml.jackson.databind.JsonNode]
2025-06-05 12:23:30 [http-nio-8080-exec-3] DEBUG o.s.w.s.m.m.a.HttpEntityMethodProcessor - Using 'application/json', given [*/*] and supported [application/json, application/*+json]
2025-06-05 12:23:30 [http-nio-8080-exec-7] DEBUG o.s.web.client.RestTemplate - Reading to [com.fasterxml.jackson.databind.JsonNode]
2025-06-05 12:23:30 [http-nio-8080-exec-9] INFO  c.a.f.service.NutritionixService - Nutritionix Response: {"exercises":[{"tag_id":100,"user_input":"walks","duration_min":10,"met":3.5,"nf_calories":39.08,"photo":{"highres":"https://d2xdmhkmkbyw75.cloudfront.net/exercise/100_highres.jpg","thumb":"https://d2xdmhkmkbyw75.cloudfront.net/exercise/100_thumb.jpg","is_user_uploaded":false},"compendium_code":17190,"name":"walking","description":null,"benefits":null}]}
2025-06-05 12:23:30 [http-nio-8080-exec-5] DEBUG o.s.w.s.m.m.a.HttpEntityMethodProcessor - Using 'application/json', given [*/*] and supported [application/json, application/*+json]
2025-06-05 12:23:30 [http-nio-8080-exec-4] INFO  c.a.f.service.NutritionixService - Calculated calories: 67.0
2025-06-05 12:23:30 [http-nio-8080-exec-3] DEBUG o.s.w.s.m.m.a.HttpEntityMethodProcessor - Writing [{calories=59}]
2025-06-05 12:23:30 [http-nio-8080-exec-10] DEBUG o.s.o.j.s.OpenEntityManagerInViewInterceptor - Closing JPA EntityManager in OpenEntityManagerInViewInterceptor
2025-06-05 12:23:30 [http-nio-8080-exec-6] INFO  c.a.f.service.NutritionixService - Nutritionix Response: {"exercises":[{"tag_id":758,"user_input":"stretch","duration_min":5,"met":2.3,"nf_calories":12.84,"photo":{"highres":"https://d2xdmhkmkbyw75.cloudfront.net/exercise/758_highres.jpg","thumb":"https://d2xdmhkmkbyw75.cloudfront.net/exercise/758_thumb.jpg","is_user_uploaded":false},"compendium_code":2101,"name":"stretching","description":null,"benefits":null}]}
2025-06-05 12:23:30 [http-nio-8080-exec-7] INFO  c.a.f.service.NutritionixService - Nutritionix Response: {"exercises":[{"tag_id":100,"user_input":"walk","duration_min":5,"met":3.5,"nf_calories":19.54,"photo":{"highres":"https://d2xdmhkmkbyw75.cloudfront.net/exercise/100_highres.jpg","thumb":"https://d2xdmhkmkbyw75.cloudfront.net/exercise/100_thumb.jpg","is_user_uploaded":false},"compendium_code":17190,"name":"walking","description":null,"benefits":null}]}
2025-06-05 12:23:30 [http-nio-8080-exec-9] INFO  c.a.f.service.NutritionixService - Calculated calories: 39.08
2025-06-05 12:23:30 [http-nio-8080-exec-5] DEBUG o.s.w.s.m.m.a.HttpEntityMethodProcessor - Writing [{calories=392}]
2025-06-05 12:23:30 [http-nio-8080-exec-4] DEBUG o.s.w.s.m.m.a.HttpEntityMethodProcessor - Using 'application/json', given [*/*] and supported [application/json, application/*+json]
2025-06-05 12:23:30 [http-nio-8080-exec-10] DEBUG o.s.web.servlet.DispatcherServlet - Completed 200 OK
2025-06-05 12:23:30 [http-nio-8080-exec-3] DEBUG o.s.o.j.s.OpenEntityManagerInViewInterceptor - Closing JPA EntityManager in OpenEntityManagerInViewInterceptor
2025-06-05 12:23:30 [http-nio-8080-exec-6] INFO  c.a.f.service.NutritionixService - Calculated calories: 12.84
2025-06-05 12:23:30 [http-nio-8080-exec-1] DEBUG o.s.security.web.FilterChainProxy - Securing POST /workouts/estimate-calories
2025-06-05 12:23:30 [http-nio-8080-exec-7] INFO  c.a.f.service.NutritionixService - Calculated calories: 19.54
2025-06-05 12:23:30 [http-nio-8080-exec-9] DEBUG o.s.w.s.m.m.a.HttpEntityMethodProcessor - Using 'application/json', given [*/*] and supported [application/json, application/*+json]
2025-06-05 12:23:30 [http-nio-8080-exec-4] DEBUG o.s.w.s.m.m.a.HttpEntityMethodProcessor - Writing [{calories=67}]
2025-06-05 12:23:30 [http-nio-8080-exec-3] DEBUG o.s.web.servlet.DispatcherServlet - Completed 200 OK
2025-06-05 12:23:30 [http-nio-8080-exec-6] DEBUG o.s.w.s.m.m.a.HttpEntityMethodProcessor - Using 'application/json', given [*/*] and supported [application/json, application/*+json]
2025-06-05 12:23:30 [http-nio-8080-exec-4] DEBUG o.s.o.j.s.OpenEntityManagerInViewInterceptor - Closing JPA EntityManager in OpenEntityManagerInViewInterceptor
2025-06-05 12:23:30 [http-nio-8080-exec-5] DEBUG o.s.o.j.s.OpenEntityManagerInViewInterceptor - Closing JPA EntityManager in OpenEntityManagerInViewInterceptor
2025-06-05 12:23:30 [http-nio-8080-exec-7] DEBUG o.s.w.s.m.m.a.HttpEntityMethodProcessor - Using 'application/json', given [*/*] and supported [application/json, application/*+json]
2025-06-05 12:23:30 [http-nio-8080-exec-9] DEBUG o.s.w.s.m.m.a.HttpEntityMethodProcessor - Writing [{calories=39}]
2025-06-05 12:23:30 [http-nio-8080-exec-1] DEBUG o.s.s.w.c.HttpSessionSecurityContextRepository - Retrieved SecurityContextImpl [Authentication=UsernamePasswordAuthenticationToken [Principal=org.springframework.security.core.userdetails.User [Username=charlenedilig@gmail.com, Password=[PROTECTED], Enabled=true, AccountNonExpired=true, CredentialsNonExpired=true, AccountNonLocked=true, Granted Authorities=[ROLE_USER]], Credentials=[PROTECTED], Authenticated=true, Details=WebAuthenticationDetails [RemoteIpAddress=127.0.0.1, SessionId=D706A416E7764EFB10E508C1CCA4C929], Granted Authorities=[ROLE_USER]]]
2025-06-05 12:23:30 [http-nio-8080-exec-6] DEBUG o.s.w.s.m.m.a.HttpEntityMethodProcessor - Writing [{calories=13}]
2025-06-05 12:23:30 [http-nio-8080-exec-4] DEBUG o.s.web.servlet.DispatcherServlet - Completed 200 OK
2025-06-05 12:23:30 [http-nio-8080-exec-5] DEBUG o.s.web.servlet.DispatcherServlet - Completed 200 OK
2025-06-05 12:23:30 [http-nio-8080-exec-7] DEBUG o.s.w.s.m.m.a.HttpEntityMethodProcessor - Writing [{calories=20}]
2025-06-05 12:23:30 [http-nio-8080-exec-2] DEBUG o.s.security.web.FilterChainProxy - Securing POST /workouts/estimate-calories
2025-06-05 12:23:30 [http-nio-8080-exec-9] DEBUG o.s.o.j.s.OpenEntityManagerInViewInterceptor - Closing JPA EntityManager in OpenEntityManagerInViewInterceptor
2025-06-05 12:23:30 [http-nio-8080-exec-1] DEBUG o.s.security.web.FilterChainProxy - Secured POST /workouts/estimate-calories
2025-06-05 12:23:30 [http-nio-8080-exec-7] DEBUG o.s.o.j.s.OpenEntityManagerInViewInterceptor - Closing JPA EntityManager in OpenEntityManagerInViewInterceptor
2025-06-05 12:23:30 [http-nio-8080-exec-6] DEBUG o.s.o.j.s.OpenEntityManagerInViewInterceptor - Closing JPA EntityManager in OpenEntityManagerInViewInterceptor
2025-06-05 12:23:30 [http-nio-8080-exec-9] DEBUG o.s.web.servlet.DispatcherServlet - Completed 200 OK
2025-06-05 12:23:30 [http-nio-8080-exec-1] DEBUG o.s.web.servlet.DispatcherServlet - POST "/fitrack/workouts/estimate-calories", parameters={}
2025-06-05 12:23:30 [http-nio-8080-exec-7] DEBUG o.s.web.servlet.DispatcherServlet - Completed 200 OK
2025-06-05 12:23:30 [http-nio-8080-exec-2] DEBUG o.s.s.w.c.HttpSessionSecurityContextRepository - Retrieved SecurityContextImpl [Authentication=UsernamePasswordAuthenticationToken [Principal=org.springframework.security.core.userdetails.User [Username=charlenedilig@gmail.com, Password=[PROTECTED], Enabled=true, AccountNonExpired=true, CredentialsNonExpired=true, AccountNonLocked=true, Granted Authorities=[ROLE_USER]], Credentials=[PROTECTED], Authenticated=true, Details=WebAuthenticationDetails [RemoteIpAddress=127.0.0.1, SessionId=D706A416E7764EFB10E508C1CCA4C929], Granted Authorities=[ROLE_USER]]]
2025-06-05 12:23:30 [http-nio-8080-exec-6] DEBUG o.s.web.servlet.DispatcherServlet - Completed 200 OK
2025-06-05 12:23:30 [http-nio-8080-exec-1] DEBUG o.s.w.s.m.m.a.RequestMappingHandlerMapping - Mapped to com.app.fitrack.controller.WorkoutController#estimateCalories(Map)
2025-06-05 12:23:30 [http-nio-8080-exec-2] DEBUG o.s.security.web.FilterChainProxy - Secured POST /workouts/estimate-calories
2025-06-05 12:23:30 [http-nio-8080-exec-1] DEBUG o.s.o.j.s.OpenEntityManagerInViewInterceptor - Opening JPA EntityManager in OpenEntityManagerInViewInterceptor
2025-06-05 12:23:30 [http-nio-8080-exec-2] DEBUG o.s.web.servlet.DispatcherServlet - POST "/fitrack/workouts/estimate-calories", parameters={}
2025-06-05 12:23:30 [http-nio-8080-exec-2] DEBUG o.s.w.s.m.m.a.RequestMappingHandlerMapping - Mapped to com.app.fitrack.controller.WorkoutController#estimateCalories(Map)
2025-06-05 12:23:30 [http-nio-8080-exec-2] DEBUG o.s.o.j.s.OpenEntityManagerInViewInterceptor - Opening JPA EntityManager in OpenEntityManagerInViewInterceptor
2025-06-05 12:23:30 [http-nio-8080-exec-1] DEBUG o.s.w.s.m.m.a.RequestResponseBodyMethodProcessor - Read "application/json;charset=UTF-8" to [{workoutName=Medicine Ball Slams, duration=10}]
2025-06-05 12:23:30 [http-nio-8080-exec-2] DEBUG o.s.w.s.m.m.a.RequestResponseBodyMethodProcessor - Read "application/json;charset=UTF-8" to [{workoutName=Single-Leg Stands, duration=5}]
2025-06-05 12:23:30 [http-nio-8080-exec-1] DEBUG o.s.orm.jpa.JpaTransactionManager - Found thread-bound EntityManager [SessionImpl(1308152536<open>)] for JPA transaction
2025-06-05 12:23:30 [http-nio-8080-exec-2] DEBUG o.s.orm.jpa.JpaTransactionManager - Found thread-bound EntityManager [SessionImpl(705063689<open>)] for JPA transaction
2025-06-05 12:23:30 [http-nio-8080-exec-1] DEBUG o.s.orm.jpa.JpaTransactionManager - Creating new transaction with name [com.app.fitrack.service.UserService.getAuthenticatedUser]: PROPAGATION_REQUIRED,ISOLATION_DEFAULT
2025-06-05 12:23:30 [http-nio-8080-exec-2] DEBUG o.s.orm.jpa.JpaTransactionManager - Creating new transaction with name [com.app.fitrack.service.UserService.getAuthenticatedUser]: PROPAGATION_REQUIRED,ISOLATION_DEFAULT
2025-06-05 12:23:30 [http-nio-8080-exec-1] DEBUG o.s.orm.jpa.JpaTransactionManager - Exposing JPA transaction as JDBC [org.springframework.orm.jpa.vendor.HibernateJpaDialect$HibernateConnectionHandle@3aa0a06f]
2025-06-05 12:23:30 [http-nio-8080-exec-2] DEBUG o.s.orm.jpa.JpaTransactionManager - Exposing JPA transaction as JDBC [org.springframework.orm.jpa.vendor.HibernateJpaDialect$HibernateConnectionHandle@5e4d5fc3]
2025-06-05 12:23:30 [http-nio-8080-exec-1] TRACE o.s.t.i.TransactionInterceptor - Getting transaction for [com.app.fitrack.service.UserService.getAuthenticatedUser]
2025-06-05 12:23:30 [http-nio-8080-exec-2] TRACE o.s.t.i.TransactionInterceptor - Getting transaction for [com.app.fitrack.service.UserService.getAuthenticatedUser]
2025-06-05 12:23:30 [http-nio-8080-exec-1] TRACE o.s.t.i.TransactionInterceptor - No need to create transaction for [org.springframework.data.jpa.repository.support.SimpleJpaRepository.findByEmail]: This method is not transactional.
2025-06-05 12:23:30 [http-nio-8080-exec-2] TRACE o.s.t.i.TransactionInterceptor - No need to create transaction for [org.springframework.data.jpa.repository.support.SimpleJpaRepository.findByEmail]: This method is not transactional.
2025-06-05 12:23:30 [http-nio-8080-exec-1] DEBUG org.hibernate.SQL - 
    select
        u1_0.id,
        u1_0.age,
        u1_0.email,
        u1_0.email_change_code,
        u1_0.email_change_code_expiry,
        u1_0.firstname,
        u1_0.gender,
        u1_0.height,
        u1_0.lastname,
        u1_0.password,
        u1_0.pending_email,
        u1_0.profile_picture,
        u1_0.verified,
        u1_0.weight 
    from
        users u1_0 
    where
        u1_0.email=?
2025-06-05 12:23:30 [http-nio-8080-exec-2] DEBUG org.hibernate.SQL - 
    select
        u1_0.id,
        u1_0.age,
        u1_0.email,
        u1_0.email_change_code,
        u1_0.email_change_code_expiry,
        u1_0.firstname,
        u1_0.gender,
        u1_0.height,
        u1_0.lastname,
        u1_0.password,
        u1_0.pending_email,
        u1_0.profile_picture,
        u1_0.verified,
        u1_0.weight 
    from
        users u1_0 
    where
        u1_0.email=?
2025-06-05 12:23:30 [http-nio-8080-exec-1] TRACE o.s.t.i.TransactionInterceptor - Completing transaction for [com.app.fitrack.service.UserService.getAuthenticatedUser]
2025-06-05 12:23:30 [http-nio-8080-exec-1] DEBUG o.s.orm.jpa.JpaTransactionManager - Initiating transaction commit
2025-06-05 12:23:30 [http-nio-8080-exec-1] DEBUG o.s.orm.jpa.JpaTransactionManager - Committing JPA transaction on EntityManager [SessionImpl(1308152536<open>)]
2025-06-05 12:23:30 [http-nio-8080-exec-2] TRACE o.s.t.i.TransactionInterceptor - Completing transaction for [com.app.fitrack.service.UserService.getAuthenticatedUser]
2025-06-05 12:23:30 [http-nio-8080-exec-2] DEBUG o.s.orm.jpa.JpaTransactionManager - Initiating transaction commit
2025-06-05 12:23:30 [http-nio-8080-exec-1] DEBUG o.s.orm.jpa.JpaTransactionManager - Not closing pre-bound JPA EntityManager after transaction
2025-06-05 12:23:30 [http-nio-8080-exec-2] DEBUG o.s.orm.jpa.JpaTransactionManager - Committing JPA transaction on EntityManager [SessionImpl(705063689<open>)]
2025-06-05 12:23:30 [http-nio-8080-exec-1] INFO  c.a.f.service.NutritionixService - Sending request to Nutritionix for exercise calorie estimation:
2025-06-05 12:23:30 [http-nio-8080-exec-1] INFO  c.a.f.service.NutritionixService - URL: https://trackapi.nutritionix.com/v2/natural/exercise
2025-06-05 12:23:30 [http-nio-8080-exec-1] INFO  c.a.f.service.NutritionixService - Request Body: {weight_kg=67.0, gender=female, height_cm=149.0, query=10 minutes of Medicine Ball Slams, age=21}
2025-06-05 12:23:30 [http-nio-8080-exec-2] DEBUG o.s.orm.jpa.JpaTransactionManager - Not closing pre-bound JPA EntityManager after transaction
2025-06-05 12:23:30 [http-nio-8080-exec-2] INFO  c.a.f.service.NutritionixService - Sending request to Nutritionix for exercise calorie estimation:
2025-06-05 12:23:30 [http-nio-8080-exec-1] DEBUG o.s.web.client.RestTemplate - HTTP POST https://trackapi.nutritionix.com/v2/natural/exercise
2025-06-05 12:23:30 [http-nio-8080-exec-2] INFO  c.a.f.service.NutritionixService - URL: https://trackapi.nutritionix.com/v2/natural/exercise
2025-06-05 12:23:30 [http-nio-8080-exec-2] INFO  c.a.f.service.NutritionixService - Request Body: {weight_kg=67.0, gender=female, height_cm=149.0, query=5 minutes of Single-Leg Stands, age=21}
2025-06-05 12:23:30 [http-nio-8080-exec-1] DEBUG o.s.web.client.RestTemplate - Accept=[application/json, application/*+json]
2025-06-05 12:23:30 [http-nio-8080-exec-2] DEBUG o.s.web.client.RestTemplate - HTTP POST https://trackapi.nutritionix.com/v2/natural/exercise
2025-06-05 12:23:30 [http-nio-8080-exec-1] DEBUG o.s.web.client.RestTemplate - Writing [{weight_kg=67.0, gender=female, height_cm=149.0, query=10 minutes of Medicine Ball Slams, age=21}] as "application/json"
2025-06-05 12:23:30 [http-nio-8080-exec-2] DEBUG o.s.web.client.RestTemplate - Accept=[application/json, application/*+json]
2025-06-05 12:23:30 [http-nio-8080-exec-2] DEBUG o.s.web.client.RestTemplate - Writing [{weight_kg=67.0, gender=female, height_cm=149.0, query=5 minutes of Single-Leg Stands, age=21}] as "application/json"
2025-06-05 12:23:30 [http-nio-8080-exec-8] DEBUG o.s.web.client.RestTemplate - Response 200 OK
2025-06-05 12:23:30 [http-nio-8080-exec-8] DEBUG o.s.web.client.RestTemplate - Reading to [com.fasterxml.jackson.databind.JsonNode]
2025-06-05 12:23:30 [http-nio-8080-exec-8] INFO  c.a.f.service.NutritionixService - Nutritionix Response: {"exercises":[{"tag_id":179,"user_input":"tai chi","duration_min":20,"met":3,"nf_calories":67,"photo":{"highres":"https://d2xdmhkmkbyw75.cloudfront.net/exercise/179_highres.jpg","thumb":"https://d2xdmhkmkbyw75.cloudfront.net/exercise/179_thumb.jpg","is_user_uploaded":false},"compendium_code":15670,"name":"tai chi","description":null,"benefits":null}]}
2025-06-05 12:23:30 [http-nio-8080-exec-8] INFO  c.a.f.service.NutritionixService - Calculated calories: 67.0
2025-06-05 12:23:30 [http-nio-8080-exec-8] DEBUG o.s.w.s.m.m.a.HttpEntityMethodProcessor - Using 'application/json', given [*/*] and supported [application/json, application/*+json]
2025-06-05 12:23:30 [http-nio-8080-exec-8] DEBUG o.s.w.s.m.m.a.HttpEntityMethodProcessor - Writing [{calories=67}]
2025-06-05 12:23:30 [http-nio-8080-exec-8] DEBUG o.s.o.j.s.OpenEntityManagerInViewInterceptor - Closing JPA EntityManager in OpenEntityManagerInViewInterceptor
2025-06-05 12:23:30 [http-nio-8080-exec-8] DEBUG o.s.web.servlet.DispatcherServlet - Completed 200 OK
2025-06-05 12:23:30 [http-nio-8080-exec-2] DEBUG o.s.web.client.RestTemplate - Response 200 OK
2025-06-05 12:23:30 [http-nio-8080-exec-2] DEBUG o.s.web.client.RestTemplate - Reading to [com.fasterxml.jackson.databind.JsonNode]
2025-06-05 12:23:30 [http-nio-8080-exec-2] INFO  c.a.f.service.NutritionixService - Nutritionix Response: {"exercises":[{"tag_id":841,"user_input":"leg","duration_min":5,"met":3.5,"nf_calories":19.54,"photo":{"highres":"https://d2xdmhkmkbyw75.cloudfront.net/exercise/841_highres.jpg","thumb":"https://d2xdmhkmkbyw75.cloudfront.net/exercise/841_thumb.jpg","is_user_uploaded":false},"compendium_code":2054,"name":"leg workout","description":null,"benefits":null},{"tag_id":517,"user_input":"stands","duration_min":30,"met":2.5,"nf_calories":83.75,"photo":{"highres":null,"thumb":null,"is_user_uploaded":false},"compendium_code":9071,"name":"standing","description":null,"benefits":null}]}
2025-06-05 12:23:30 [http-nio-8080-exec-2] INFO  c.a.f.service.NutritionixService - Calculated calories: 19.54
2025-06-05 12:23:30 [http-nio-8080-exec-2] DEBUG o.s.w.s.m.m.a.HttpEntityMethodProcessor - Using 'application/json', given [*/*] and supported [application/json, application/*+json]
2025-06-05 12:23:30 [http-nio-8080-exec-2] DEBUG o.s.w.s.m.m.a.HttpEntityMethodProcessor - Writing [{calories=20}]
2025-06-05 12:23:30 [http-nio-8080-exec-2] DEBUG o.s.o.j.s.OpenEntityManagerInViewInterceptor - Closing JPA EntityManager in OpenEntityManagerInViewInterceptor
2025-06-05 12:23:30 [http-nio-8080-exec-2] DEBUG o.s.web.servlet.DispatcherServlet - Completed 200 OK
2025-06-05 12:23:30 [http-nio-8080-exec-1] DEBUG o.s.web.client.RestTemplate - Response 200 OK
2025-06-05 12:23:30 [http-nio-8080-exec-1] DEBUG o.s.web.client.RestTemplate - Reading to [com.fasterxml.jackson.databind.JsonNode]
2025-06-05 12:23:30 [http-nio-8080-exec-1] INFO  c.a.f.service.NutritionixService - Nutritionix Response: {"exercises":[{"tag_id":174,"user_input":"ball","duration_min":10,"met":2.5,"nf_calories":27.92,"photo":{"highres":"https://d2xdmhkmkbyw75.cloudfront.net/exercise/174_highres.jpg","thumb":"https://d2xdmhkmkbyw75.cloudfront.net/exercise/174_thumb.jpg","is_user_uploaded":false},"compendium_code":15235,"name":"playing catch","description":null,"benefits":null}]}
2025-06-05 12:23:30 [http-nio-8080-exec-1] INFO  c.a.f.service.NutritionixService - Calculated calories: 27.92
2025-06-05 12:23:30 [http-nio-8080-exec-1] DEBUG o.s.w.s.m.m.a.HttpEntityMethodProcessor - Using 'application/json', given [*/*] and supported [application/json, application/*+json]
2025-06-05 12:23:30 [http-nio-8080-exec-1] DEBUG o.s.w.s.m.m.a.HttpEntityMethodProcessor - Writing [{calories=28}]
2025-06-05 12:23:30 [http-nio-8080-exec-1] DEBUG o.s.o.j.s.OpenEntityManagerInViewInterceptor - Closing JPA EntityManager in OpenEntityManagerInViewInterceptor
2025-06-05 12:23:30 [http-nio-8080-exec-1] DEBUG o.s.web.servlet.DispatcherServlet - Completed 200 OK
